Sample	posterior	likelihood	prior	M.1	M.2	SkylineNe.A.1	SkylineNe.A.2	SkylineNe.B.1	SkylineNe.B.2	psi.height	psi.treeLength	Mascot	D.treeLikelihood
0	-5798.716306391212	-5764.098530009242	-34.61777638197062	4.5823533241039875	1.8259866228923938	-0.4698595089439939	-1.708883147170379	1.0469255077983552	-0.0856736835628913	2.932238177287625	11.767479964813905	-21.73470396467797	-5764.098530009242
2	-5798.716306391212	-5764.098530009242	-34.61777638197062	4.5823533241039875	1.8259866228923938	-0.4698595089439939	-1.708883147170379	1.0469255077983552	-0.0856736835628913	2.932238177287625	11.767479964813905	-21.73470396467797	-5764.098530009242
4	-5798.505657339781	-5763.876256896584	-34.62940044319639	4.5823533241039875	1.8259866228923938	-0.4698595089439939	-1.708883147170379	1.0469255077983552	-0.0856736835628913	2.932238177287625	11.77721589745456	-21.746328025903733	-5763.876256896584
6	-5798.505657339781	-5763.876256896584	-34.62940044319639	4.5823533241039875	1.8259866228923938	-0.4698595089439939	-1.708883147170379	1.0469255077983552	-0.0856736835628913	2.932238177287625	11.77721589745456	-21.746328025903733	-5763.876256896584
8	-5798.505657339781	-5763.876256896584	-34.62940044319639	4.5823533241039875	1.8259866228923938	-0.4698595089439939	-1.708883147170379	1.0469255077983552	-0.0856736835628913	2.932238177287625	11.77721589745456	-21.746328025903733	-5763.876256896584
10	-5755.563937630535	-5721.779279965631	-33.78465766490402	4.5823533241039875	1.8259866228923938	-0.4698595089439939	-1.708883147170379	1.0469255077983552	-0.0856736835628913	2.777947946881716	11.157515435045582	-20.901585247611365	-5721.779279965631
12	-5755.463415047737	-5721.666565356003	-33.79684969173406	4.5823533241039875	1.8259866228923938	-0.4698595089439939	-1.708883147170379	1.2391679069090753	-0.0856736835628913	2.777947946881716	11.142659558575442	-20.45782307733805	-5721.666565356003
14	-5657.089724722184	-5624.3455277091625	-32.74419701302133	4.5823533241039875	1.8259866228923938	-0.4698595089439939	-1.708883147170379	1.2391679069090753	-0.0856736835628913	2.777947946881716	10.862838841869385	-19.405170398625316	-5624.3455277091625
16	-5659.573611045592	-5624.3455277091625	-35.228083336429	10.09573202471577	1.8259866228923938	-0.4698595089439939	-1.708883147170379	1.2391679069090753	-0.0856736835628913	2.777947946881716	10.862838841869385	-19.584789678336225	-5624.3455277091625
18	-5660.457572536353	-5624.730638470533	-35.726934065819854	10.09573202471577	1.8259866228923938	-1.424391059320624	-1.708883147170379	1.2391679069090753	-0.0856736835628913	2.777947946881716	10.851306649266625	-19.906701355880678	-5624.730638470533
20	-5660.457572536353	-5624.730638470533	-35.726934065819854	10.09573202471577	1.8259866228923938	-1.424391059320624	-1.708883147170379	1.2391679069090753	-0.0856736835628913	2.777947946881716	10.851306649266625	-19.906701355880678	-5624.730638470533
22	-5659.527191732638	-5623.810540161468	-35.71665157116962	10.09573202471577	1.8259866228923938	-1.424391059320624	-1.708883147170379	1.2391679069090753	-0.0856736835628913	2.777947946881716	10.846022597272842	-19.896418861230444	-5623.810540161468
24	-5616.4904911769945	-5581.608933116763	-34.881558060231264	10.09573202471577	1.8259866228923938	-1.424391059320624	-1.708883147170379	1.2391679069090753	-0.0856736835628913	2.606003665941672	10.17469556299888	-19.061325350292087	-5581.608933116763
26	-5568.066951875556	-5534.134397823265	-33.93255405229035	10.09573202471577	1.8259866228923938	-1.424391059320624	-1.708883147170379	1.2391679069090753	-0.0856736835628913	2.4076729155310677	9.400347072019365	-18.11232134235117	-5534.134397823265
28	-5568.002806643365	-5534.134397823265	-33.86840882009951	10.09573202471577	1.8259866228923938	-1.424391059320624	-1.708883147170379	1.2391679069090753	-0.06036076605745416	2.4076729155310677	9.400347072019365	-18.081391344151406	-5534.134397823265
30	-5568.002806643365	-5534.134397823265	-33.86840882009951	10.09573202471577	1.8259866228923938	-1.424391059320624	-1.708883147170379	1.2391679069090753	-0.06036076605745416	2.4076729155310677	9.400347072019365	-18.081391344151406	-5534.134397823265
32	-5568.002806643365	-5534.134397823265	-33.86840882009951	10.09573202471577	1.8259866228923938	-1.424391059320624	-1.708883147170379	1.2391679069090753	-0.06036076605745416	2.4076729155310677	9.400347072019365	-18.081391344151406	-5534.134397823265
34	-5567.959324106248	-5534.134397823265	-33.824926282982446	10.09573202471577	1.8259866228923938	-1.424391059320624	-1.708883147170379	1.2391679069090753	-0.04273993514636952	2.4076729155310677	9.400347072019365	-18.06065233520379	-5534.134397823265
36	-5567.959324106248	-5534.134397823265	-33.824926282982446	10.09573202471577	1.8259866228923938	-1.424391059320624	-1.708883147170379	1.2391679069090753	-0.04273993514636952	2.4076729155310677	9.400347072019365	-18.06065233520379	-5534.134397823265
38	-5505.304353704609	-5472.087994145872	-33.21635955873713	10.09573202471577	1.8259866228923938	-1.424391059320624	-1.708883147170379	1.2391679069090753	-0.04273993514636952	2.4076729155310677	9.164460965043993	-17.452085610958473	-5472.087994145872
40	-5505.439715297011	-5472.314814525186	-33.12490077182475	10.09573202471577	1.8259866228923938	-1.424391059320624	-1.708883147170379	1.2391679069090753	-0.10819354334758065	1.940376852552888	8.229868839087635	-17.274579242988857	-5472.314814525186
42	-5505.130295794579	-5471.9773264650385	-33.15296932954095	10.09573202471577	1.8259866228923938	-1.424391059320624	-1.708883147170379	1.2391679069090753	-0.10819354334758065	1.940376852552888	8.237636440806854	-17.302647800705056	-5471.9773264650385
44	-5505.130295794579	-5471.9773264650385	-33.15296932954095	10.09573202471577	1.8259866228923938	-1.424391059320624	-1.708883147170379	1.2391679069090753	-0.10819354334758065	1.940376852552888	8.237636440806854	-17.302647800705056	-5471.9773264650385
46	-5505.130295794579	-5471.9773264650385	-33.15296932954095	10.09573202471577	1.8259866228923938	-1.424391059320624	-1.708883147170379	1.2391679069090753	-0.10819354334758065	1.940376852552888	8.237636440806854	-17.302647800705056	-5471.9773264650385
48	-5505.130295794579	-5471.9773264650385	-33.15296932954095	10.09573202471577	1.8259866228923938	-1.424391059320624	-1.708883147170379	1.2391679069090753	-0.10819354334758065	1.940376852552888	8.237636440806854	-17.302647800705056	-5471.9773264650385
50	-5460.727613087459	-5428.418043247014	-32.309569840445405	10.09573202471577	1.8259866228923938	-1.424391059320624	-1.708883147170379	1.2391679069090753	-0.10819354334758065	1.7903087104760442	7.600540201408846	-16.459248311609514	-5428.418043247014
52	-5460.727613087459	-5428.418043247014	-32.309569840445405	10.09573202471577	1.8259866228923938	-1.424391059320624	-1.708883147170379	1.2391679069090753	-0.10819354334758065	1.7903087104760442	7.600540201408846	-16.459248311609514	-5428.418043247014
54	-5394.1201323231735	-5363.25251434669	-30.867617976483213	10.09573202471577	1.8259866228923938	-1.424391059320624	-1.708883147170379	1.2391679069090753	-0.10819354334758065	1.5320661606179438	6.504202530466657	-15.01729644764732	-5363.25251434669
56	-5390.700393915171	-5359.863563513706	-30.836830401464795	10.09573202471577	1.8259866228923938	-1.424391059320624	-1.708883147170379	1.2391679069090753	-0.10819354334758065	1.5320661606179438	6.494206872901557	-14.9865088726289	-5359.863563513706
58	-5391.38376217337	-5359.863563513706	-31.52019865966379	10.09573202471577	3.0324511501563767	-1.424391059320624	-1.708883147170379	1.2391679069090753	-0.10819354334758065	1.5320661606179438	6.494206872901557	-14.728548567618239	-5359.863563513706
60	-5391.38376217337	-5359.863563513706	-31.52019865966379	10.09573202471577	3.0324511501563767	-1.424391059320624	-1.708883147170379	1.2391679069090753	-0.10819354334758065	1.5320661606179438	6.494206872901557	-14.728548567618239	-5359.863563513706
62	-5391.4651776516375	-5359.863563513706	-31.60161413793159	10.09573202471577	3.0324511501563767	-1.424391059320624	-1.708883147170379	1.2391679069090753	-0.1706518177222978	1.5320661606179438	6.494206872901557	-14.72385965672506	-5359.863563513706
64	-5389.248118351714	-5359.863563513706	-29.384554838007908	4.907686262434326	3.0324511501563767	-1.424391059320624	-1.708883147170379	1.2391679069090753	-0.1706518177222978	1.5320661606179438	6.494206872901557	-14.63571677439203	-5359.863563513706
66	-5389.248118351714	-5359.863563513706	-29.384554838007908	4.907686262434326	3.0324511501563767	-1.424391059320624	-1.708883147170379	1.2391679069090753	-0.1706518177222978	1.5320661606179438	6.494206872901557	-14.63571677439203	-5359.863563513706
68	-5389.248118351714	-5359.863563513706	-29.384554838007908	4.907686262434326	3.0324511501563767	-1.424391059320624	-1.708883147170379	1.2391679069090753	-0.1706518177222978	1.5320661606179438	6.494206872901557	-14.63571677439203	-5359.863563513706
70	-5386.765794710412	-5359.863563513706	-26.9022311967053	1.4424140723948338	3.0324511501563767	-1.424391059320624	-1.708883147170379	1.2391679069090753	-0.1706518177222978	1.5320661606179438	6.494206872901557	-14.576109549738769	-5359.863563513706
72	-5385.909398867125	-5359.863563513706	-26.045835353418568	1.4424140723948338	3.0324511501563767	-1.424391059320624	-1.708883147170379	0.6379649571595658	-0.1706518177222978	1.5320661606179438	6.494206872901557	-14.950847897596601	-5359.863563513706
74	-5385.909398867125	-5359.863563513706	-26.045835353418568	1.4424140723948338	3.0324511501563767	-1.424391059320624	-1.708883147170379	0.6379649571595658	-0.1706518177222978	1.5320661606179438	6.494206872901557	-14.950847897596601	-5359.863563513706
76	-5374.91944235464	-5348.381247781495	-26.538194573144573	1.4424140723948338	3.0324511501563767	-1.424391059320624	-1.708883147170379	0.6379649571595658	-0.1706518177222978	1.5320661606179438	6.810408014710114	-15.443207117322606	-5348.381247781495
78	-5324.83170727801	-5299.862859260602	-24.968848017408376	1.4424140723948338	3.0324511501563767	-1.424391059320624	-1.708883147170379	0.6379649571595658	-0.1706518177222978	1.3473306457495964	5.9892135627984935	-13.873860561586412	-5299.862859260602
80	-5289.274795283755	-5264.200688850777	-25.07410643297829	1.4424140723948338	3.0324511501563767	-1.424391059320624	-1.708883147170379	0.6379649571595658	-0.1706518177222978	1.2531779481451304	5.912331818083869	-13.979118977156322	-5264.200688850777
82	-5283.597517692927	-5257.923564470627	-25.67395322230044	1.4424140723948338	3.0324511501563767	-1.424391059320624	-1.708883147170379	0.6379649571595658	-0.1706518177222978	2.0316170501242445	7.469210022042097	-14.578965766478472	-5257.923564470627
84	-5283.597517692927	-5257.923564470627	-25.67395322230044	1.4424140723948338	3.0324511501563767	-1.424391059320624	-1.708883147170379	0.6379649571595658	-0.1706518177222978	2.0316170501242445	7.469210022042097	-14.578965766478472	-5257.923564470627
86	-5285.261195327255	-5257.923564470627	-27.337630856628422	1.4424140723948338	3.0324511501563767	-1.424391059320624	-1.708883147170379	1.4922333736021411	-0.0873389221566028	2.0316170501242445	7.469210022042097	-14.412169048988144	-5257.923564470627
88	-5284.343462998552	-5257.923564470627	-26.419898527925017	1.4424140723948338	1.603531979729043	-1.424391059320624	-1.708883147170379	1.4922333736021411	-0.0873389221566028	2.0316170501242445	7.469210022042097	-14.635461057526722	-5257.923564470627
90	-5259.314485250006	-5233.515209294197	-25.799275955808927	1.4424140723948338	1.603531979729043	-1.424391059320624	-1.708883147170379	1.4922333736021411	-0.0873389221566028	1.8672128437720221	6.8647803901502025	-14.014838485410634	-5233.515209294197
92	-5258.358400326968	-5233.515209294197	-24.843191032770545	0.4618059358726599	1.603531979729043	-1.424391059320624	-1.708883147170379	1.4922333736021411	-0.0873389221566028	1.8672128437720221	6.8647803901502025	-13.966313218742068	-5233.515209294197
94	-5258.4128537566985	-5233.6198130981475	-24.79304065855115	0.4618059358726599	1.603531979729043	-1.424391059320624	-1.708883147170379	1.4922333736021411	-0.0873389221566028	1.8672128437720221	6.830603891432782	-13.916162844522674	-5233.6198130981475
96	-5258.502850907615	-5233.735961881679	-24.766889025935825	0.4618059358726599	1.603531979729043	-1.424391059320624	-1.708883147170379	1.4922333736021411	-0.0873389221566028	1.8672128437720221	6.804005715520024	-13.890011211907346	-5233.735961881679
98	-5258.876862890565	-5233.475883457844	-25.400979432720366	0.4618059358726599	1.603531979729043	-1.424391059320624	-1.708883147170379	1.4922333736021411	-0.0873389221566028	3.1572402887358444	9.384060605447669	-14.524101618691889	-5233.475883457844
100	-5239.403784927503	-5214.768844139058	-24.634940788444183	0.4618059358726599	1.603531979729043	-1.424391059320624	-1.708883147170379	1.4922333736021411	-0.0873389221566028	2.847547487584289	8.444454985432834	-13.758062974415704	-5214.768844139058
102	-5239.403784927503	-5214.768844139058	-24.634940788444183	0.4618059358726599	1.603531979729043	-1.424391059320624	-1.708883147170379	1.4922333736021411	-0.0873389221566028	2.847547487584289	8.444454985432834	-13.758062974415704	-5214.768844139058
104	-5238.870106772409	-5214.768844139058	-24.10126263334997	0.4618059358726599	0.7437437492582776	-1.424391059320624	-1.708883147170379	1.4922333736021411	-0.0873389221566028	2.847547487584289	8.444454985432834	-14.060317365180586	-5214.768844139058
106	-5239.545041695709	-5215.132719034642	-24.41232266106714	0.4618059358726599	0.7437437492582776	-1.424391059320624	-1.708883147170379	1.4922333736021411	-0.0873389221566028	2.847547487584289	8.71924766363665	-14.371377392897756	-5215.132719034642
108	-5241.591868026442	-5215.850542325261	-25.741325701181072	0.4618059358726599	0.7437437492582776	-1.424391059320624	-1.708883147170379	1.4922333736021411	-0.0873389221566028	6.26207403060837	15.254898304142458	-15.700380433011684	-5215.850542325261
110	-5226.46151099267	-5201.602675027449	-24.858835965221584	0.4618059358726599	0.7437437492582776	-1.424391059320624	-1.708883147170379	1.4922333736021411	-0.0873389221566028	5.580598620311475	13.698629868189224	-14.8178906970522	-5201.602675027449
112	-5226.46151099267	-5201.602675027449	-24.858835965221584	0.4618059358726599	0.7437437492582776	-1.424391059320624	-1.708883147170379	1.4922333736021411	-0.0873389221566028	5.580598620311475	13.698629868189224	-14.8178906970522	-5201.602675027449
114	-5224.753751302669	-5201.119125120239	-23.63462618242972	0.4618059358726599	0.49817724684181197	-1.424391059320624	-1.708883147170379	1.4922333736021411	-0.0873389221566028	5.072190442798663	12.450646288011953	-13.795482254808865	-5201.119125120239
116	-5221.272376500219	-5197.6287835289695	-23.643592971249824	0.4618059358726599	0.49817724684181197	-1.424391059320624	-1.708883147170379	1.4922333736021411	-0.0873389221566028	5.072190442798663	12.454070898085075	-13.804449043628969	-5197.6287835289695
118	-5221.273642881001	-5197.6287835289695	-23.644859352031418	0.4618059358726599	0.49817724684181197	-1.424391059320624	-1.708883147170379	1.4922333736021411	-0.049245519490894896	5.072190442798663	12.454070898085075	-13.865161154249169	-5197.6287835289695
120	-5222.506349844045	-5198.075165053991	-24.431184790053457	0.4618059358726599	0.49817724684181197	-1.424391059320624	-1.708883147170379	1.4922333736021411	-0.049245519490894896	5.543934017388778	13.612372817131254	-14.651486592271212	-5198.075165053991
122	-5222.506349844045	-5198.075165053991	-24.431184790053457	0.4618059358726599	0.49817724684181197	-1.424391059320624	-1.708883147170379	1.4922333736021411	-0.049245519490894896	5.543934017388778	13.612372817131254	-14.651486592271212	-5198.075165053991
124	-5223.193848993023	-5198.635233239002	-24.55861575402013	0.4618059358726599	0.49817724684181197	-1.424391059320624	-1.708883147170379	1.4922333736021411	-0.049245519490894896	5.850238744201206	14.20792496585723	-14.778917556237882	-5198.635233239002
126	-5227.424983861605	-5198.635233239002	-28.78975062260311	0.4618059358726599	0.49817724684181197	-2.713091291362515	-1.708883147170379	1.4922333736021411	-0.049245519490894896	5.850238744201206	14.20792496585723	-15.880316067717214	-5198.635233239002
128	-5227.424983861605	-5198.635233239002	-28.78975062260311	0.4618059358726599	0.49817724684181197	-2.713091291362515	-1.708883147170379	1.4922333736021411	-0.049245519490894896	5.850238744201206	14.20792496585723	-15.880316067717214	-5198.635233239002
130	-5227.424983861605	-5198.635233239002	-28.78975062260311	0.4618059358726599	0.49817724684181197	-2.713091291362515	-1.708883147170379	1.4922333736021411	-0.049245519490894896	5.850238744201206	14.20792496585723	-15.880316067717214	-5198.635233239002
132	-5227.424983861605	-5198.635233239002	-28.78975062260311	0.4618059358726599	0.49817724684181197	-2.713091291362515	-1.708883147170379	1.4922333736021411	-0.049245519490894896	5.850238744201206	14.20792496585723	-15.880316067717214	-5198.635233239002
134	-5226.129227879369	-5197.893128117811	-28.236099761557583	0.4618059358726599	0.49817724684181197	-2.713091291362515	-1.708883147170379	1.4922333736021411	-0.049245519490894896	5.475811534694978	13.29858879507055	-15.326665206671693	-5197.893128117811
136	-5226.129227879369	-5197.893128117811	-28.236099761557583	0.4618059358726599	0.49817724684181197	-2.713091291362515	-1.708883147170379	1.4922333736021411	-0.049245519490894896	5.475811534694978	13.29858879507055	-15.326665206671693	-5197.893128117811
138	-5229.403326096076	-5197.893127049018	-31.51019904705759	0.4618059358726599	0.49817724684181197	-2.713091291362515	-1.708883147170379	1.4922333736021411	-0.049245519490894896	12.258691230591346	26.86434818686329	-18.6007644921717	-5197.893127049018
140	-5229.403326096076	-5197.893127049018	-31.51019904705759	0.4618059358726599	0.49817724684181197	-2.713091291362515	-1.708883147170379	1.4922333736021411	-0.049245519490894896	12.258691230591346	26.86434818686329	-18.6007644921717	-5197.893127049018
142	-5229.403326096076	-5197.893127049018	-31.51019904705759	0.4618059358726599	0.49817724684181197	-2.713091291362515	-1.708883147170379	1.4922333736021411	-0.049245519490894896	12.258691230591346	26.86434818686329	-18.6007644921717	-5197.893127049018
144	-5229.961282249032	-5197.893127049018	-32.06815520001301	0.4618059358726599	0.49817724684181197	-2.713091291362515	-0.7820057981304275	1.4922333736021411	-0.049245519490894896	12.258691230591346	26.86434818686329	-17.798392052472316	-5197.893127049018
146	-5228.975482381142	-5196.942425878914	-32.033056502227424	0.4618059358726599	0.49817724684181197	-2.713091291362515	-0.7820057981304275	1.4922333736021411	-0.049245519490894896	12.258691230591346	26.85922874534704	-17.763293354686734	-5196.942425878914
148	-5229.063799441112	-5196.942425878917	-32.12137356219505	0.4618059358726599	0.49817724684181197	-2.713091291362515	-0.7820057981304275	1.4922333736021411	-0.049245519490894896	12.443848834863834	27.229543953892012	-17.851610414654363	-5196.942425878917
150	-5229.063799441112	-5196.942425878917	-32.12137356219505	0.4618059358726599	0.49817724684181197	-2.713091291362515	-0.7820057981304275	1.4922333736021411	-0.049245519490894896	12.443848834863834	27.229543953892012	-17.851610414654363	-5196.942425878917
152	-5229.496543139128	-5196.942425878917	-32.55411726021138	0.4618059358726599	0.49817724684181197	-2.713091291362515	-0.3774152572584287	1.4922333736021411	-0.049245519490894896	12.443848834863834	27.229543953892012	-17.421208435612296	-5196.942425878917
154	-5228.46752594621	-5195.998424672604	-32.46910127360544	0.4618059358726599	0.49817724684181197	-2.713091291362515	-0.3774152572584287	1.4922333736021411	-0.049245519490894896	12.443848834863834	27.2230812979517	-17.33619244900636	-5195.998424672604
156	-5228.46752594621	-5195.998424672604	-32.46910127360544	0.4618059358726599	0.49817724684181197	-2.713091291362515	-0.3774152572584287	1.4922333736021411	-0.049245519490894896	12.443848834863834	27.2230812979517	-17.33619244900636	-5195.998424672604
158	-5227.7170010369055	-5195.280399684128	-32.43660135277799	0.4618059358726599	0.49817724684181197	-2.713091291362515	-0.3774152572584287	1.4922333736021411	-0.049245519490894896	12.443848834863834	27.219058713930522	-17.30369252817891	-5195.280399684128
160	-5224.796496944051	-5195.280399684128	-29.516097259923235	0.4618059358726599	0.49817724684181197	-2.1906757316426835	-0.3774152572584287	1.4922333736021411	-0.049245519490894896	12.443848834863834	27.219058713930522	-16.7478250265156	-5195.280399684128
162	-5225.130081139461	-5195.280399684128	-29.849681455333425	0.9659253271982895	0.49817724684181197	-2.1906757316426835	-0.3774152572584287	1.4922333736021411	-0.049245519490894896	12.443848834863834	27.219058713930522	-16.641329995552688	-5195.280399684128
164	-5224.80677902521	-5195.280399684128	-29.526379341082375	0.33600260780455726	0.49817724684181197	-2.1906757316426835	-0.3774152572584287	1.4922333736021411	-0.049245519490894896	12.443848834863834	27.219058713930522	-16.77985261890775	-5195.280399684128
166	-5223.110119221488	-5193.567976165262	-29.542143056226735	0.33600260780455726	0.49817724684181197	-2.1906757316426835	-0.3774152572584287	1.4922333736021411	-0.049245519490894896	12.443848834863834	27.228338567271585	-16.79561633405211	-5193.567976165262
168	-5220.793598720639	-5191.270179761469	-29.52341895917008	0.33600260780455726	0.49817724684181197	-2.1906757316426835	-0.3774152572584287	1.4922333736021411	-0.049245519490894896	12.443848834863834	27.24575627183512	-16.776892236995455	-5191.270179761469
170	-5220.939807124296	-5191.270179761469	-29.669627362826574	0.7371383748712156	0.49817724684181197	-2.1906757316426835	-0.3774152572584287	1.4922333736021411	-0.049245519490894896	12.443848834863834	27.24575627183512	-16.685681471991874	-5191.270179761469
172	-5220.772308544398	-5191.27017976147	-29.502128782927407	0.7371383748712156	0.49817724684181197	-2.1906757316426835	-0.3774152572584287	1.4922333736021411	-0.049245519490894896	12.081271027265556	26.520600656638564	-16.518182892092707	-5191.27017976147
174	-5220.772308544398	-5191.27017976147	-29.502128782927407	0.7371383748712156	0.49817724684181197	-2.1906757316426835	-0.3774152572584287	1.4922333736021411	-0.049245519490894896	12.081271027265556	26.520600656638564	-16.518182892092707	-5191.27017976147
176	-5220.57049575124	-5191.27017976147	-29.300315989770127	0.7371383748712156	0.49817724684181197	-2.1906757316426835	-0.7627028721734276	1.4922333736021411	-0.049245519490894896	12.081271027265556	26.520600656638564	-16.940773629227127	-5191.27017976147
178	-5219.525552484398	-5191.27017976147	-28.25537272292751	0.7371383748712156	0.49817724684181197	-2.1906757316426835	-0.7627028721734276	0.7333829464063093	-0.049245519490894896	12.081271027265556	26.520600656638564	-17.62211024110009	-5191.27017976147
180	-5219.525552484398	-5191.27017976147	-28.25537272292751	0.7371383748712156	0.49817724684181197	-2.1906757316426835	-0.7627028721734276	0.7333829464063093	-0.049245519490894896	12.081271027265556	26.520600656638564	-17.62211024110009	-5191.27017976147
182	-5216.52311813822	-5191.270179766366	-25.25293837185366	0.7371383748712156	0.49817724684181197	-2.1906757316426835	-0.7627028721734276	0.7333829464063093	-0.049245519490894896	7.5179690515033775	17.39399670511421	-14.619675890026237	-5191.270179766366
184	-5216.52311813822	-5191.270179766366	-25.25293837185366	0.7371383748712156	0.49817724684181197	-2.1906757316426835	-0.7627028721734276	0.7333829464063093	-0.049245519490894896	7.5179690515033775	17.39399670511421	-14.619675890026237	-5191.270179766366
186	-5216.420376847342	-5191.270179766366	-25.150197080975794	0.5813908191147706	0.49817724684181197	-2.1906757316426835	-0.7627028721734276	0.7333829464063093	-0.049245519490894896	7.5179690515033775	17.39399670511421	-14.653731280886205	-5191.270179766366
188	-5216.691257355916	-5190.941172932557	-25.75008442335943	0.5813908191147706	0.49817724684181197	-2.1906757316426835	-0.7627028721734276	0.7333829464063093	-0.049245519490894896	7.932480144942984	18.34619394921622	-15.25361862326984	-5190.941172932557
190	-5217.392362490341	-5191.610624466874	-25.781738023467653	0.5813908191147706	0.49817724684181197	-2.1906757316426835	-0.7627028721734276	0.7333829464063093	-0.049245519490894896	7.932480144942984	18.34965411630239	-15.285272223378065	-5191.610624466874
192	-5210.9707902968785	-5185.812097251233	-25.15869304564524	0.5813908191147706	0.49817724684181197	-2.1906757316426835	-0.7627028721734276	0.7333829464063093	-0.049245519490894896	7.932480144942984	18.280128708150755	-14.662227245555652	-5185.812097251233
194	-5210.715460645744	-5185.562483426112	-25.152977219632557	0.5813908191147706	0.49817724684181197	-2.1906757316426835	-0.7627028721734276	0.7333829464063093	-0.049245519490894896	7.932480144942984	18.279482279285233	-14.656511419542968	-5185.562483426112
196	-5210.715460645744	-5185.562483426112	-25.152977219632557	0.5813908191147706	0.49817724684181197	-2.1906757316426835	-0.7627028721734276	0.7333829464063093	-0.049245519490894896	7.932480144942984	18.279482279285233	-14.656511419542968	-5185.562483426112
198	-5210.564538851332	-5185.562483431705	-25.002055419627457	0.5813908191147706	0.49817724684181197	-2.1906757316426835	-0.7627028721734276	0.7333829464063093	-0.049245519490894896	7.705543910122879	17.825609809645023	-14.50558961953787	-5185.562483431705
200	-5210.605242840691	-5185.67842988717	-24.926812953521242	0.5813908191147706	0.49817724684181197	-2.1906757316426835	-0.7627028721734276	0.7333829464063093	-0.049245519490894896	7.6614025734983935	17.723495506966067	-14.430347153431654	-5185.67842988717
202	-5210.605242840691	-5185.67842988717	-24.926812953521242	0.5813908191147706	0.49817724684181197	-2.1906757316426835	-0.7627028721734276	0.7333829464063093	-0.049245519490894896	7.6614025734983935	17.723495506966067	-14.430347153431654	-5185.67842988717
204	-5210.675363778855	-5185.67842988717	-24.996933891685167	0.5813908191147706	0.49817724684181197	-2.1906757316426835	-0.7627028721734276	0.7333829464063093	-0.10036324316274797	7.6614025734983935	17.723495506966067	-14.459155395101424	-5185.67842988717
206	-5210.675363778855	-5185.67842988717	-24.996933891685167	0.5813908191147706	0.49817724684181197	-2.1906757316426835	-0.7627028721734276	0.7333829464063093	-0.10036324316274797	7.6614025734983935	17.723495506966067	-14.459155395101424	-5185.67842988717
208	-5210.675363778855	-5185.67842988717	-24.996933891685167	0.5813908191147706	0.49817724684181197	-2.1906757316426835	-0.7627028721734276	0.7333829464063093	-0.10036324316274797	7.6614025734983935	17.723495506966067	-14.459155395101424	-5185.67842988717
210	-5210.675363778855	-5185.67842988717	-24.996933891685167	0.5813908191147706	0.49817724684181197	-2.1906757316426835	-0.7627028721734276	0.7333829464063093	-0.10036324316274797	7.6614025734983935	17.723495506966067	-14.459155395101424	-5185.67842988717
212	-5210.981386773426	-5185.67842988717	-25.302956886255423	1.168747287463337	0.49817724684181197	-2.1906757316426835	-0.7627028721734276	0.43929644735788914	-0.10036324316274797	7.6614025734983935	17.723495506966067	-14.576203053493488	-5185.67842988717
214	-5210.91027391681	-5185.67842988717	-25.231844029640012	1.168747287463337	0.49817724684181197	-2.1906757316426835	-0.7627028721734276	0.43929644735788914	-0.05328735027648272	7.6614025734983935	17.723495506966067	-14.529387088818545	-5185.67842988717
216	-5208.055659634509	-5185.6789657476875	-22.376693886821613	1.168747287463337	0.49817724684181197	-2.1906757316426835	-0.7627028721734276	0.43929644735788914	-0.05328735027648272	3.7000396349098263	9.800769629788935	-11.674236946000148	-5185.6789657476875
218	-5208.502096875854	-5185.6789657476875	-22.82313112816565	1.168747287463337	0.49817724684181197	-2.1906757316426835	-1.766096544037377	0.43929644735788914	-0.05328735027648272	3.7000396349098263	9.800769629788935	-13.050093687760791	-5185.6789657476875
220	-5208.502096875854	-5185.6789657476875	-22.82313112816565	1.168747287463337	0.49817724684181197	-2.1906757316426835	-1.766096544037377	0.43929644735788914	-0.05328735027648272	3.7000396349098263	9.800769629788935	-13.050093687760791	-5185.6789657476875
222	-5208.373132292706	-5185.543006665752	-22.83012562695398	1.168747287463337	0.49817724684181197	-2.1906757316426835	-1.766096544037377	0.43929644735788914	-0.05328735027648272	3.7000396349098263	9.8014631671678	-13.057088186549125	-5185.543006665752
224	-5208.373132292706	-5185.543006665752	-22.83012562695398	1.168747287463337	0.49817724684181197	-2.1906757316426835	-1.766096544037377	0.43929644735788914	-0.05328735027648272	3.7000396349098263	9.8014631671678	-13.057088186549125	-5185.543006665752
226	-5207.141055624815	-5185.720419439005	-21.420636185809347	1.168747287463337	0.49817724684181197	-2.1906757316426835	-1.766096544037377	0.43929644735788914	-0.05328735027648272	1.8885752153957927	6.178534328139733	-11.64759874540449	-5185.720419439005
228	-5207.141055624815	-5185.720419439005	-21.420636185809347	1.168747287463337	0.49817724684181197	-2.1906757316426835	-1.766096544037377	0.43929644735788914	-0.05328735027648272	1.8885752153957927	6.178534328139733	-11.64759874540449	-5185.720419439005
230	-5207.141055624815	-5185.720419439005	-21.420636185809347	1.168747287463337	0.49817724684181197	-2.1906757316426835	-1.766096544037377	0.43929644735788914	-0.05328735027648272	1.8885752153957927	6.178534328139733	-11.64759874540449	-5185.720419439005
232	-5207.215061691336	-5185.798440315312	-21.41662137602387	1.168747287463337	0.49817724684181197	-2.1906757316426835	-1.766096544037377	0.43929644735788914	-0.05328735027648272	1.8885752153957927	6.178135930091073	-11.643583935619015	-5185.798440315312
234	-5207.215061691336	-5185.798440315312	-21.41662137602387	1.168747287463337	0.49817724684181197	-2.1906757316426835	-1.766096544037377	0.43929644735788914	-0.05328735027648272	1.8885752153957927	6.178135930091073	-11.643583935619015	-5185.798440315312
236	-5207.875002115261	-5185.798440315312	-22.07656179994876	1.168747287463337	1.0010704185826473	-2.1906757316426835	-1.766096544037377	0.43929644735788914	-0.05328735027648272	1.8885752153957927	6.178135930091073	-11.848419258873841	-5185.798440315312
238	-5207.875002115261	-5185.798440315312	-22.07656179994876	1.168747287463337	1.0010704185826473	-2.1906757316426835	-1.766096544037377	0.43929644735788914	-0.05328735027648272	1.8885752153957927	6.178135930091073	-11.848419258873841	-5185.798440315312
240	-5207.875002115261	-5185.798440315312	-22.07656179994876	1.168747287463337	1.0010704185826473	-2.1906757316426835	-1.766096544037377	0.43929644735788914	-0.05328735027648272	1.8885752153957927	6.178135930091073	-11.848419258873841	-5185.798440315312
242	-5207.875002115261	-5185.798440315312	-22.07656179994876	1.168747287463337	1.0010704185826473	-2.1906757316426835	-1.766096544037377	0.43929644735788914	-0.05328735027648272	1.8885752153957927	6.178135930091073	-11.848419258873841	-5185.798440315312
244	-5207.9645238182375	-5185.681727821555	-22.282795996682577	1.168747287463337	1.0010704185826473	-2.1906757316426835	-1.766096544037377	0.43929644735788914	-0.05328735027648272	2.1468476776721808	6.694680854643849	-12.054653455607657	-5185.681727821555
246	-5207.9645238182375	-5185.681727821555	-22.282795996682577	1.168747287463337	1.0010704185826473	-2.1906757316426835	-1.766096544037377	0.43929644735788914	-0.05328735027648272	2.1468476776721808	6.694680854643849	-12.054653455607657	-5185.681727821555
248	-5207.9645238182375	-5185.681727821555	-22.282795996682577	1.168747287463337	1.0010704185826473	-2.1906757316426835	-1.766096544037377	0.43929644735788914	-0.05328735027648272	2.1468476776721808	6.694680854643849	-12.054653455607657	-5185.681727821555
250	-5208.966361712709	-5185.681727821555	-23.284633891153753	1.168747287463337	2.4738031350478216	-2.1906757316426835	-1.766096544037377	0.43929644735788914	-0.05328735027648272	2.1468476776721808	6.694680854643849	-11.741607473884708	-5185.681727821555
252	-5208.226362399911	-5184.883798027841	-23.342564372069738	1.168747287463337	2.4738031350478216	-2.1906757316426835	-1.766096544037377	0.43929644735788914	-0.05328735027648272	2.1468476776721808	6.7299101130798284	-11.799537954800693	-5184.883798027841
254	-5208.280922641756	-5184.883798027841	-23.397124613914137	1.168747287463337	2.4738031350478216	-2.1906757316426835	-1.766096544037377	0.43929644735788914	-0.12085982340644474	2.1468476776721808	6.7299101130798284	-11.818530071652736	-5184.883798027841
256	-5206.104000017072	-5184.118524498824	-21.98547551824909	1.168747287463337	0.6980871582861568	-2.1906757316426835	-1.766096544037377	0.43929644735788914	-0.12085982340644474	2.1468476776721808	6.743758945969285	-12.017658339148197	-5184.118524498824
258	-5206.104000017072	-5184.118524498824	-21.98547551824909	1.168747287463337	0.6980871582861568	-2.1906757316426835	-1.766096544037377	0.43929644735788914	-0.12085982340644474	2.1468476776721808	6.743758945969285	-12.017658339148197	-5184.118524498824
260	-5206.104000017072	-5184.118524498824	-21.98547551824909	1.168747287463337	0.6980871582861568	-2.1906757316426835	-1.766096544037377	0.43929644735788914	-0.12085982340644474	2.1468476776721808	6.743758945969285	-12.017658339148197	-5184.118524498824
262	-5206.265641722733	-5184.276605129687	-21.989036593045647	1.168747287463337	0.6980871582861568	-2.1906757316426835	-1.766096544037377	0.43929644735788914	-0.12085982340644474	2.1468476776721808	6.744176540230505	-12.02121941394476	-5184.276605129687
264	-5206.265641722733	-5184.276605129687	-21.989036593045647	1.168747287463337	0.6980871582861568	-2.1906757316426835	-1.766096544037377	0.43929644735788914	-0.12085982340644474	2.1468476776721808	6.744176540230505	-12.02121941394476	-5184.276605129687
266	-5206.265641722733	-5184.276605129687	-21.989036593045647	1.168747287463337	0.6980871582861568	-2.1906757316426835	-1.766096544037377	0.43929644735788914	-0.12085982340644474	2.1468476776721808	6.744176540230505	-12.02121941394476	-5184.276605129687
268	-5206.540090961815	-5184.445601261356	-22.094489700458595	1.168747287463337	0.6980871582861568	-2.1906757316426835	-1.766096544037377	0.43929644735788914	-0.3676475323463322	2.1468476776721808	6.744620472685358	-11.957980752005566	-5184.445601261356
270	-5207.29911644253	-5184.445601261356	-22.85351518117382	1.168747287463337	1.261625445695821	-2.1906757316426835	-1.766096544037377	0.43929644735788914	-0.3676475323463322	2.1468476776721808	6.744620472685358	-12.16277714311734	-5184.445601261356
272	-5207.29911644253	-5184.445601261356	-22.85351518117382	1.168747287463337	1.261625445695821	-2.1906757316426835	-1.766096544037377	0.43929644735788914	-0.3676475323463322	2.1468476776721808	6.744620472685358	-12.16277714311734	-5184.445601261356
274	-5207.2357558079	-5184.445601261356	-22.790154546543576	1.168747287463337	1.261625445695821	-2.1906757316426835	-0.7225132674980229	0.43929644735788914	-0.3676475323463322	2.1468476776721808	6.744620472685358	-11.111799741199226	-5184.445601261356
276	-5207.116774514516	-5184.32180095313	-22.79497356138596	1.168747287463337	1.261625445695821	-2.1906757316426835	-0.7225132674980229	0.43929644735788914	-0.3676475323463322	2.1468476776721808	6.745249609534644	-11.116618756041609	-5184.32180095313
278	-5207.116774514516	-5184.32180095313	-22.79497356138596	1.168747287463337	1.261625445695821	-2.1906757316426835	-0.7225132674980229	0.43929644735788914	-0.3676475323463322	2.1468476776721808	6.745249609534644	-11.116618756041609	-5184.32180095313
280	-5207.116774514516	-5184.32180095313	-22.79497356138596	1.168747287463337	1.261625445695821	-2.1906757316426835	-0.7225132674980229	0.43929644735788914	-0.3676475323463322	2.1468476776721808	6.745249609534644	-11.116618756041609	-5184.32180095313
282	-5207.116774514516	-5184.32180095313	-22.79497356138596	1.168747287463337	1.261625445695821	-2.1906757316426835	-0.7225132674980229	0.43929644735788914	-0.3676475323463322	2.1468476776721808	6.745249609534644	-11.116618756041609	-5184.32180095313
284	-5207.116774514516	-5184.32180095313	-22.79497356138596	1.168747287463337	1.261625445695821	-2.1906757316426835	-0.7225132674980229	0.43929644735788914	-0.3676475323463322	2.1468476776721808	6.745249609534644	-11.116618756041609	-5184.32180095313
286	-5207.116774514516	-5184.32180095313	-22.79497356138596	1.168747287463337	1.261625445695821	-2.1906757316426835	-0.7225132674980229	0.43929644735788914	-0.3676475323463322	2.1468476776721808	6.745249609534644	-11.116618756041609	-5184.32180095313
288	-5207.116774514516	-5184.32180095313	-22.79497356138596	1.168747287463337	1.261625445695821	-2.1906757316426835	-0.7225132674980229	0.43929644735788914	-0.3676475323463322	2.1468476776721808	6.745249609534644	-11.116618756041609	-5184.32180095313
290	-5207.116774514516	-5184.32180095313	-22.79497356138596	1.168747287463337	1.261625445695821	-2.1906757316426835	-0.7225132674980229	0.43929644735788914	-0.3676475323463322	2.1468476776721808	6.745249609534644	-11.116618756041609	-5184.32180095313
292	-5208.9139678913225	-5185.386404169164	-23.52756372215876	1.168747287463337	1.261625445695821	-2.1906757316426835	-0.7225132674980229	0.43929644735788914	-0.3676475323463322	2.2858866858415787	7.18210073098059	-11.849208916814407	-5185.386404169164
294	-5208.647726178786	-5185.125723956322	-23.522002222463676	1.168747287463337	1.261625445695821	-2.1906757316426835	-0.7225132674980229	0.43929644735788914	-0.3676475323463322	2.2858866858415787	7.18138227536841	-11.843647417119328	-5185.125723956322
296	-5208.647726178786	-5185.125723956322	-23.522002222463676	1.168747287463337	1.261625445695821	-2.1906757316426835	-0.7225132674980229	0.43929644735788914	-0.3676475323463322	2.2858866858415787	7.18138227536841	-11.843647417119328	-5185.125723956322
298	-5208.647726178786	-5185.125723956322	-23.522002222463676	1.168747287463337	1.261625445695821	-2.1906757316426835	-0.7225132674980229	0.43929644735788914	-0.3676475323463322	2.2858866858415787	7.18138227536841	-11.843647417119328	-5185.125723956322
300	-5208.678173907622	-5185.100713466833	-23.577460440789054	1.168747287463337	1.261625445695821	-2.1906757316426835	-0.7225132674980229	0.43929644735788914	-0.3676475323463322	2.2858866858415787	7.21199537774306	-11.899105635444704	-5185.100713466833
302	-5208.678173907622	-5185.100713466833	-23.577460440789054	1.168747287463337	1.261625445695821	-2.1906757316426835	-0.7225132674980229	0.43929644735788914	-0.3676475323463322	2.2858866858415787	7.21199537774306	-11.899105635444704	-5185.100713466833
304	-5208.678173907622	-5185.100713466833	-23.577460440789054	1.168747287463337	1.261625445695821	-2.1906757316426835	-0.7225132674980229	0.43929644735788914	-0.3676475323463322	2.2858866858415787	7.21199537774306	-11.899105635444704	-5185.100713466833
306	-5208.678173907622	-5185.100713466833	-23.577460440789054	1.168747287463337	1.261625445695821	-2.1906757316426835	-0.7225132674980229	0.43929644735788914	-0.3676475323463322	2.2858866858415787	7.21199537774306	-11.899105635444704	-5185.100713466833
308	-5209.795913279314	-5186.247070876189	-23.548842403124667	1.168747287463337	1.261625445695821	-2.1906757316426835	-0.7225132674980229	0.43929644735788914	-0.3676475323463322	2.2858866858415787	7.203692585771112	-11.870487597780313	-5186.247070876189
310	-5209.795913279314	-5186.247070876189	-23.548842403124667	1.168747287463337	1.261625445695821	-2.1906757316426835	-0.7225132674980229	0.43929644735788914	-0.3676475323463322	2.2858866858415787	7.203692585771112	-11.870487597780313	-5186.247070876189
312	-5209.7227856976915	-5186.247070876189	-23.47571482150222	1.168747287463337	1.261625445695821	-2.1906757316426835	-0.7225132674980229	0.43929644735788914	-0.17984481985823872	2.2858866858415787	7.203692585771112	-11.931271354963314	-5186.247070876189
314	-5209.7227856976915	-5186.247070876189	-23.47571482150222	1.168747287463337	1.261625445695821	-2.1906757316426835	-0.7225132674980229	0.43929644735788914	-0.17984481985823872	2.2858866858415787	7.203692585771112	-11.931271354963314	-5186.247070876189
316	-5209.7227856976915	-5186.247070876189	-23.47571482150222	1.168747287463337	1.261625445695821	-2.1906757316426835	-0.7225132674980229	0.43929644735788914	-0.17984481985823872	2.2858866858415787	7.203692585771112	-11.931271354963314	-5186.247070876189
318	-5207.88705340976	-5185.189945256316	-22.697108153443953	1.168747287463337	1.261625445695821	-2.1906757316426835	-0.7225132674980229	0.43929644735788914	-0.17984481985823872	2.127564006269796	6.704758006006159	-11.152664686905046	-5185.189945256316
320	-5207.88705340976	-5185.189945256316	-22.697108153443953	1.168747287463337	1.261625445695821	-2.1906757316426835	-0.7225132674980229	0.43929644735788914	-0.17984481985823872	2.127564006269796	6.704758006006159	-11.152664686905046	-5185.189945256316
322	-5207.816604800463	-5185.129765424463	-22.686839376000137	1.168747287463337	1.261625445695821	-2.1906757316426835	-0.7225132674980229	0.43929644735788914	-0.17984481985823872	2.127564006269796	6.703369910330563	-11.14239590946123	-5185.129765424463
324	-5207.816604800463	-5185.129765424463	-22.686839376000137	1.168747287463337	1.261625445695821	-2.1906757316426835	-0.7225132674980229	0.43929644735788914	-0.17984481985823872	2.127564006269796	6.703369910330563	-11.14239590946123	-5185.129765424463
326	-5208.34027316842	-5185.129765424463	-23.210507743957738	1.168747287463337	1.261625445695821	-2.1906757316426835	-0.7225132674980229	0.681838591616365	-0.17984481985823872	2.127564006269796	6.703369910330563	-11.350521832820508	-5185.129765424463
328	-5208.076848727322	-5185.129765424463	-22.947083302858577	1.168747287463337	1.261625445695821	-2.1906757316426835	-1.6407877503049997	0.681838591616365	-0.17984481985823872	2.127564006269796	6.703369910330563	-12.013659506273195	-5185.129765424463
330	-5205.106045368842	-5185.129765424463	-19.97627994437926	1.168747287463337	1.261625445695821	-0.7863497115384689	-1.6407877503049997	0.681838591616365	-0.17984481985823872	2.127564006269796	6.703369910330563	-10.919369508943882	-5185.129765424463
332	-5205.106045368842	-5185.129765424463	-19.97627994437926	1.168747287463337	1.261625445695821	-0.7863497115384689	-1.6407877503049997	0.681838591616365	-0.17984481985823872	2.127564006269796	6.703369910330563	-10.919369508943882	-5185.129765424463
334	-5205.106045368842	-5185.129765424463	-19.97627994437926	1.168747287463337	1.261625445695821	-0.7863497115384689	-1.6407877503049997	0.681838591616365	-0.17984481985823872	2.127564006269796	6.703369910330563	-10.919369508943882	-5185.129765424463
336	-5205.106045368842	-5185.129765424463	-19.97627994437926	1.168747287463337	1.261625445695821	-0.7863497115384689	-1.6407877503049997	0.681838591616365	-0.17984481985823872	2.127564006269796	6.703369910330563	-10.919369508943882	-5185.129765424463
338	-5203.558593686933	-5185.129765424463	-18.428828262469917	0.5764010250395404	1.261625445695821	-0.7863497115384689	-0.6980533182495768	0.681838591616365	-0.17984481985823872	2.127564006269796	6.703369910330563	-10.300319615174608	-5185.129765424463
340	-5203.558593686933	-5185.129765424463	-18.428828262469917	0.5764010250395404	1.261625445695821	-0.7863497115384689	-0.6980533182495768	0.681838591616365	-0.17984481985823872	2.127564006269796	6.703369910330563	-10.300319615174608	-5185.129765424463
342	-5205.407734733487	-5185.129765424463	-20.277969309024407	0.5764010250395404	1.261625445695821	-0.7863497115384689	-0.6980533182495768	1.2026231180005234	-0.17984481985823872	2.127564006269796	6.703369910330563	-11.074401763464667	-5185.129765424463
344	-5205.839297110868	-5185.059363695399	-20.77993341546867	0.5764010250395404	1.261625445695821	-0.7863497115384689	-0.6980533182495768	1.2026231180005234	-0.17984481985823872	3.0329312432555744	8.51410438430212	-11.57636586990893	-5185.059363695399
346	-5207.591297114567	-5186.208618436114	-21.382678678452912	0.5764010250395404	1.261625445695821	-0.7863497115384689	-0.6980533182495768	1.2026231180005234	-0.17984481985823872	3.267155013563932	9.171621970341942	-12.179111132893167	-5186.208618436114
348	-5206.847679471458	-5185.517576833298	-21.330102638159175	0.5764010250395404	1.261625445695821	-0.7863497115384689	-0.6980533182495768	1.2026231180005234	-0.17984481985823872	3.267155013563932	9.166012121618511	-12.126535092599433	-5185.517576833298
350	-5206.847679471458	-5185.517576833298	-21.330102638159175	0.5764010250395404	1.261625445695821	-0.7863497115384689	-0.6980533182495768	1.2026231180005234	-0.17984481985823872	3.267155013563932	9.166012121618511	-12.126535092599433	-5185.517576833298
352	-5205.473069680737	-5184.863421034196	-20.60964864654153	0.5764010250395404	1.261625445695821	-0.7863497115384689	-0.6980533182495768	1.2026231180005234	-0.17984481985823872	2.986247476173702	8.378338442232076	-11.406081100981787	-5184.863421034196
354	-5205.473069680737	-5184.863421034196	-20.60964864654153	0.5764010250395404	1.261625445695821	-0.7863497115384689	-0.6980533182495768	1.2026231180005234	-0.17984481985823872	2.986247476173702	8.378338442232076	-11.406081100981787	-5184.863421034196
356	-5205.473069680737	-5184.863421034196	-20.60964864654153	0.5764010250395404	1.261625445695821	-0.7863497115384689	-0.6980533182495768	1.2026231180005234	-0.17984481985823872	2.986247476173702	8.378338442232076	-11.406081100981787	-5184.863421034196
358	-5205.473069680737	-5184.863421034196	-20.60964864654153	0.5764010250395404	1.261625445695821	-0.7863497115384689	-0.6980533182495768	1.2026231180005234	-0.17984481985823872	2.986247476173702	8.378338442232076	-11.406081100981787	-5184.863421034196
360	-5205.042292105907	-5185.009932075625	-20.03236003028172	0.5764010250395404	1.261625445695821	-0.7863497115384689	-0.6980533182495768	1.2026231180005234	-0.17984481985823872	1.9452650523660426	6.296373594616758	-10.828792484721978	-5185.009932075625
362	-5204.947126087932	-5185.009932075625	-19.937194012306122	0.464939970778669	1.261625445695821	-0.7863497115384689	-0.6980533182495768	1.2026231180005234	-0.17984481985823872	1.9452650523660426	6.296373594616758	-10.807034863992241	-5185.009932075625
364	-5208.979734833133	-5189.039684948456	-19.940049884676846	0.464939970778669	1.261625445695821	-0.7863497115384689	-0.6980533182495768	1.2026231180005234	-0.17984481985823872	1.9452650523660426	6.296373594616756	-10.809890736362961	-5189.039684948456
366	-5208.979734833133	-5189.039684948456	-19.940049884676846	0.464939970778669	1.261625445695821	-0.7863497115384689	-0.6980533182495768	1.2026231180005234	-0.17984481985823872	1.9452650523660426	6.296373594616756	-10.809890736362961	-5189.039684948456
368	-5209.109168546158	-5189.039684948456	-20.06948359770213	0.6108228269948767	1.261625445695821	-0.7863497115384689	-0.6980533182495768	1.2026231180005234	-0.17984481985823872	1.9452650523660426	6.296373594616756	-10.838187572545072	-5189.039684948456
370	-5209.6881265646425	-5188.458407960142	-21.22971860450088	0.6108228269948767	1.261625445695821	-0.7863497115384689	-0.6980533182495768	1.2026231180005234	-0.17984481985823872	3.346125195736213	9.251770786419598	-11.998422579343822	-5188.458407960142
372	-5209.348706623104	-5188.125396473904	-21.22331014919898	0.6108228269948767	1.261625445695821	-0.7863497115384689	-0.6980533182495768	1.2026231180005234	-0.17984481985823872	3.346125195736213	9.250807932127753	-11.992014124041923	-5188.125396473904
374	-5209.071424915874	-5187.88112172404	-21.190303191833806	0.6108228269948767	1.261625445695821	-0.7863497115384689	-0.6980533182495768	1.2026231180005234	-0.17984481985823872	3.346125195736213	9.247563662590498	-11.959007166676749	-5187.88112172404
376	-5208.763999332205	-5187.639204062381	-21.124795269823522	0.6108228269948767	1.261625445695821	-0.7863497115384689	-0.6980533182495768	1.2026231180005234	-0.17984481985823872	3.346125195736213	9.241483820008149	-11.893499244666467	-5187.639204062381
378	-5209.576372888331	-5187.639204062381	-21.937168825949648	1.3688860749487721	1.261625445695821	-0.7863497115384689	-0.6980533182495768	1.2026231180005234	-0.17984481985823872	3.346125195736213	9.241483820008149	-11.97112901154304	-5187.639204062381
380	-5209.404723908443	-5187.6423657503765	-21.7623581580661	1.3688860749487721	1.261625445695821	-0.7863497115384689	-0.6980533182495768	1.2026231180005234	-0.17984481985823872	3.006345024798589	8.561923478132904	-11.79631834365949	-5187.6423657503765
382	-5209.509753278433	-5187.745466262127	-21.764287016306135	1.3688860749487721	1.261625445695821	-0.7863497115384689	-0.6980533182495768	1.2026231180005234	-0.17984481985823872	3.006345024798589	8.56221162380414	-11.798247201899525	-5187.745466262127
384	-5209.509753278433	-5187.745466262127	-21.764287016306135	1.3688860749487721	1.261625445695821	-0.7863497115384689	-0.6980533182495768	1.2026231180005234	-0.17984481985823872	3.006345024798589	8.56221162380414	-11.798247201899525	-5187.745466262127
386	-5208.594850885207	-5186.833559436629	-21.761291448578227	1.3688860749487721	1.261625445695821	-0.7863497115384689	-0.6980533182495768	1.2026231180005234	-0.17984481985823872	3.006345024798589	8.562211623804139	-11.795251634171615	-5186.833559436629
388	-5208.594850885207	-5186.833559436629	-21.761291448578227	1.3688860749487721	1.261625445695821	-0.7863497115384689	-0.6980533182495768	1.2026231180005234	-0.17984481985823872	3.006345024798589	8.562211623804139	-11.795251634171615	-5186.833559436629
390	-5208.594850885207	-5186.833559436629	-21.761291448578227	1.3688860749487721	1.261625445695821	-0.7863497115384689	-0.6980533182495768	1.2026231180005234	-0.17984481985823872	3.006345024798589	8.562211623804139	-11.795251634171615	-5186.833559436629
392	-5208.787282010999	-5186.97904687015	-21.80823514084826	1.3688860749487721	1.261625445695821	-0.7863497115384689	-0.6980533182495768	1.2026231180005234	-0.17984481985823872	3.006345024798589	8.605403053124483	-11.842195326441654	-5186.97904687015
394	-5208.787282010999	-5186.97904687015	-21.80823514084826	1.3688860749487721	1.261625445695821	-0.7863497115384689	-0.6980533182495768	1.2026231180005234	-0.17984481985823872	3.006345024798589	8.605403053124483	-11.842195326441654	-5186.97904687015
396	-5208.787282010999	-5186.97904687015	-21.80823514084826	1.3688860749487721	1.261625445695821	-0.7863497115384689	-0.6980533182495768	1.2026231180005234	-0.17984481985823872	3.006345024798589	8.605403053124483	-11.842195326441654	-5186.97904687015
398	-5207.4271343593755	-5185.658739223678	-21.76839513569788	1.3688860749487721	1.261625445695821	-0.7863497115384689	-0.6980533182495768	1.2026231180005234	-0.17984481985823872	3.006345024798589	8.565056947974192	-11.802355321291271	-5185.658739223678
400	-5205.337838615529	-5185.658739223678	-19.67909939185099	1.3688860749487721	1.261625445695821	-0.7863497115384689	-0.6980533182495768	0.5258748159627348	-0.17984481985823872	3.006345024798589	8.565056947974192	-11.004527295799194	-5185.658739223678
402	-5205.337838615529	-5185.658739223678	-19.67909939185099	1.3688860749487721	1.261625445695821	-0.7863497115384689	-0.6980533182495768	0.5258748159627348	-0.17984481985823872	3.006345024798589	8.565056947974192	-11.004527295799194	-5185.658739223678
404	-5205.337838615529	-5185.658739223678	-19.67909939185099	1.3688860749487721	1.261625445695821	-0.7863497115384689	-0.6980533182495768	0.5258748159627348	-0.17984481985823872	3.006345024798589	8.565056947974192	-11.004527295799194	-5185.658739223678
406	-5205.337838615529	-5185.658739223678	-19.67909939185099	1.3688860749487721	1.261625445695821	-0.7863497115384689	-0.6980533182495768	0.5258748159627348	-0.17984481985823872	3.006345024798589	8.565056947974192	-11.004527295799194	-5185.658739223678
408	-5205.2934072975595	-5186.530166544214	-18.76324075334596	1.3688860749487721	1.261625445695821	-0.7863497115384689	-0.6980533182495768	0.5258748159627348	-0.17984481985823872	1.5874107976157252	5.727188493608464	-10.088668657294166	-5186.530166544214
410	-5205.2934072975595	-5186.530166544214	-18.76324075334596	1.3688860749487721	1.261625445695821	-0.7863497115384689	-0.6980533182495768	0.5258748159627348	-0.17984481985823872	1.5874107976157252	5.727188493608464	-10.088668657294166	-5186.530166544214
412	-5206.1406022785195	-5187.214202128505	-18.926400150013748	1.3688860749487721	1.261625445695821	-0.7863497115384689	-0.6980533182495768	0.5258748159627348	-0.17984481985823872	2.7297828072275276	7.808543214600322	-10.251828053961953	-5187.214202128505
414	-5204.602979721924	-5185.428423954125	-19.174555767799358	1.3688860749487721	1.261625445695821	-0.7863497115384689	-0.6980533182495768	0.5258748159627348	-0.17984481985823872	3.0978108385139276	8.547012953446146	-10.499983671747565	-5185.428423954125
416	-5204.852185157242	-5185.698500077087	-19.153685080155196	1.3688860749487721	1.261625445695821	-0.7863497115384689	-0.6980533182495768	0.5258748159627348	-0.17984481985823872	3.0978108385139276	8.532733786625013	-10.479112984103402	-5185.698500077087
418	-5203.899295451517	-5184.0395503814825	-19.85974507003462	1.3688860749487721	1.261625445695821	-0.7863497115384689	-0.6980533182495768	0.5258748159627348	-0.17984481985823872	3.3514276830524583	9.231306143383012	-11.185172973982827	-5184.0395503814825
420	-5201.182612798558	-5181.296801406895	-19.885811391663374	1.3688860749487721	1.261625445695821	-0.7863497115384689	-0.6980533182495768	0.5258748159627348	-0.3481299571914397	3.3514276830524583	9.231306143383012	-11.078317226055082	-5181.296801406895
422	-5201.282816302374	-5181.401304963127	-19.881511339247073	1.3688860749487721	1.261625445695821	-0.7863497115384689	-0.6980533182495768	0.5258748159627348	-0.3481299571914397	3.3514276830524583	9.230651997388383	-11.074017173638783	-5181.401304963127
424	-5198.6799415902	-5178.771609144623	-19.908332445577255	1.3688860749487721	1.261625445695821	-0.7863497115384689	-0.6980533182495768	0.5258748159627348	-0.3481299571914397	3.3514276830524583	9.236309575246022	-11.100838279968963	-5178.771609144623
426	-5198.727179769899	-5178.820828963132	-19.906350806766934	1.3688860749487721	1.261625445695821	-0.7863497115384689	-0.6980533182495768	0.5258748159627348	-0.3481299571914397	3.3514276830524583	9.236008367846978	-11.098856641158642	-5178.820828963132
428	-5198.727179769899	-5178.820828963132	-19.906350806766934	1.3688860749487721	1.261625445695821	-0.7863497115384689	-0.6980533182495768	0.5258748159627348	-0.3481299571914397	3.3514276830524583	9.236008367846978	-11.098856641158642	-5178.820828963132
430	-5198.6091581946075	-5178.697802414731	-19.911355779876043	1.3688860749487721	1.261625445695821	-0.7863497115384689	-0.6980533182495768	0.5258748159627348	-0.3481299571914397	3.3514276830524583	9.236769446009523	-11.103861614267753	-5178.697802414731
432	-5198.6091581946075	-5178.697802414731	-19.911355779876043	1.3688860749487721	1.261625445695821	-0.7863497115384689	-0.6980533182495768	0.5258748159627348	-0.3481299571914397	3.3514276830524583	9.236769446009523	-11.103861614267753	-5178.697802414731
434	-5198.6091581946075	-5178.697802414731	-19.911355779876043	1.3688860749487721	1.261625445695821	-0.7863497115384689	-0.6980533182495768	0.5258748159627348	-0.3481299571914397	3.3514276830524583	9.236769446009523	-11.103861614267753	-5178.697802414731
436	-5198.330036614022	-5178.903662683976	-19.426373930046044	1.3688860749487721	1.261625445695821	-0.7863497115384689	-0.6980533182495768	0.5258748159627348	-0.3481299571914397	3.183551475266091	8.774090858423007	-10.618879764437752	-5178.903662683976
438	-5196.542214048913	-5178.903662683976	-17.63855136493654	0.5621593496386534	0.402898635056853	-0.7863497115384689	-0.6980533182495768	0.5258748159627348	-0.3481299571914397	3.183551475266091	8.774090858423007	-10.35972284752723	-5178.903662683976
440	-5196.542214048913	-5178.903662683976	-17.63855136493654	0.5621593496386534	0.402898635056853	-0.7863497115384689	-0.6980533182495768	0.5258748159627348	-0.3481299571914397	3.183551475266091	8.774090858423007	-10.35972284752723	-5178.903662683976
442	-5196.542214048913	-5178.903662683976	-17.63855136493654	0.5621593496386534	0.402898635056853	-0.7863497115384689	-0.6980533182495768	0.5258748159627348	-0.3481299571914397	3.183551475266091	8.774090858423007	-10.35972284752723	-5178.903662683976
444	-5196.542214048913	-5178.903662683976	-17.63855136493654	0.5621593496386534	0.402898635056853	-0.7863497115384689	-0.6980533182495768	0.5258748159627348	-0.3481299571914397	3.183551475266091	8.774090858423007	-10.35972284752723	-5178.903662683976
446	-5196.542214048913	-5178.903662683976	-17.63855136493654	0.5621593496386534	0.402898635056853	-0.7863497115384689	-0.6980533182495768	0.5258748159627348	-0.3481299571914397	3.183551475266091	8.774090858423007	-10.35972284752723	-5178.903662683976
448	-5196.542214048913	-5178.903662683976	-17.63855136493654	0.5621593496386534	0.402898635056853	-0.7863497115384689	-0.6980533182495768	0.5258748159627348	-0.3481299571914397	3.183551475266091	8.774090858423007	-10.35972284752723	-5178.903662683976
450	-5196.542214048913	-5178.903662683976	-17.63855136493654	0.5621593496386534	0.402898635056853	-0.7863497115384689	-0.6980533182495768	0.5258748159627348	-0.3481299571914397	3.183551475266091	8.774090858423007	-10.35972284752723	-5178.903662683976
452	-5196.542214048913	-5178.903662683976	-17.63855136493654	0.5621593496386534	0.402898635056853	-0.7863497115384689	-0.6980533182495768	0.5258748159627348	-0.3481299571914397	3.183551475266091	8.774090858423007	-10.35972284752723	-5178.903662683976
454	-5196.667411230381	-5178.903662683976	-17.763748546404695	0.5621593496386534	0.7371402302966013	-0.3442221674712635	-0.6980533182495768	0.5258748159627348	-0.3481299571914397	3.183551475266091	8.774090858423007	-10.438754112766082	-5178.903662683976
456	-5187.88072813929	-5169.7883109494205	-18.092417189869785	0.5621593496386534	0.7371402302966013	-0.3442221674712635	-0.6980533182495768	0.5258748159627348	-0.3481299571914397	3.183551475266091	8.878976090171896	-10.767422756231172	-5169.7883109494205
458	-5186.782020904619	-5168.68798111032	-18.09403979429879	0.5621593496386534	0.7371402302966013	-0.3442221674712635	-0.6980533182495768	0.5258748159627348	-0.3481299571914397	3.183551475266091	8.891636480320074	-10.769045360660176	-5168.68798111032
460	-5186.782020904619	-5168.68798111032	-18.09403979429879	0.5621593496386534	0.7371402302966013	-0.3442221674712635	-0.6980533182495768	0.5258748159627348	-0.3481299571914397	3.183551475266091	8.891636480320074	-10.769045360660176	-5168.68798111032
462	-5186.504353992043	-5168.68798111032	-17.816372881723748	0.5621593496386534	0.39507654399511744	-0.3442221674712635	-0.6980533182495768	0.5258748159627348	-0.3481299571914397	3.183551475266091	8.891636480320074	-10.730363266551583	-5168.68798111032
464	-5186.504353992043	-5168.68798111032	-17.816372881723748	0.5621593496386534	0.39507654399511744	-0.3442221674712635	-0.6980533182495768	0.5258748159627348	-0.3481299571914397	3.183551475266091	8.891636480320074	-10.730363266551583	-5168.68798111032
466	-5186.504353992043	-5168.68798111032	-17.816372881723748	0.5621593496386534	0.39507654399511744	-0.3442221674712635	-0.6980533182495768	0.5258748159627348	-0.3481299571914397	3.183551475266091	8.891636480320074	-10.730363266551583	-5168.68798111032
468	-5186.504353992043	-5168.68798111032	-17.816372881723748	0.5621593496386534	0.39507654399511744	-0.3442221674712635	-0.6980533182495768	0.5258748159627348	-0.3481299571914397	3.183551475266091	8.891636480320074	-10.730363266551583	-5168.68798111032
470	-5185.90783995086	-5167.983944371224	-17.923895579635257	0.5621593496386534	0.21450464165364902	-0.3442221674712635	-0.6980533182495768	0.5258748159627348	-0.3481299571914397	3.183551475266091	8.90297040732269	-10.694940466019279	-5167.983944371224
472	-5188.044310245338	-5169.802229160676	-18.242081084662193	0.5621593496386534	0.21450464165364902	-0.3442221674712635	-0.6980533182495768	0.5258748159627348	-0.3481299571914397	3.336326465430216	9.33021376336	-11.013125971046215	-5169.802229160676
474	-5188.044310245338	-5169.802229160676	-18.242081084662193	0.5621593496386534	0.21450464165364902	-0.3442221674712635	-0.6980533182495768	0.5258748159627348	-0.3481299571914397	3.336326465430216	9.33021376336	-11.013125971046215	-5169.802229160676
476	-5188.044310245338	-5169.802229160676	-18.242081084662193	0.5621593496386534	0.21450464165364902	-0.3442221674712635	-0.6980533182495768	0.5258748159627348	-0.3481299571914397	3.336326465430216	9.33021376336	-11.013125971046215	-5169.802229160676
478	-5188.044310245338	-5169.802229160676	-18.242081084662193	0.5621593496386534	0.21450464165364902	-0.3442221674712635	-0.6980533182495768	0.5258748159627348	-0.3481299571914397	3.336326465430216	9.33021376336	-11.013125971046215	-5169.802229160676
480	-5188.216970156954	-5169.802229160676	-18.414740996277814	0.5621593496386534	0.21450464165364902	-0.3442221674712635	-0.6980533182495768	0.5258748159627348	-0.6917043667314807	3.336326465430216	9.33021376336	-10.826478521344816	-5169.802229160676
482	-5188.235685774225	-5170.878985141791	-17.356700632433785	0.5621593496386534	0.21450464165364902	-0.3442221674712635	-0.6980533182495768	0.5258748159627348	-0.6917043667314807	2.860098741036023	7.998417695236507	-9.76843815750079	-5170.878985141791
484	-5188.235685774225	-5170.878985141791	-17.356700632433785	0.5621593496386534	0.21450464165364902	-0.3442221674712635	-0.6980533182495768	0.5258748159627348	-0.6917043667314807	2.860098741036023	7.998417695236507	-9.76843815750079	-5170.878985141791
486	-5188.235685774225	-5170.878985141791	-17.356700632433785	0.5621593496386534	0.21450464165364902	-0.3442221674712635	-0.6980533182495768	0.5258748159627348	-0.6917043667314807	2.860098741036023	7.998417695236507	-9.76843815750079	-5170.878985141791
488	-5188.435324506291	-5171.081776437911	-17.35354806838005	0.5621593496386534	0.21450464165364902	-0.3442221674712635	-0.6980533182495768	0.5258748159627348	-0.6917043667314807	2.860098741036023	7.99779395469419	-9.765285593447054	-5171.081776437911
490	-5188.650143511473	-5171.293505772954	-17.35663773851938	0.5621593496386534	0.21450464165364902	-0.3442221674712635	-0.6980533182495768	0.5258748159627348	-0.6917043667314807	2.860098741036023	7.998283760347703	-9.768375263586387	-5171.293505772954
492	-5188.000161238823	-5171.293505772954	-16.706655465869154	0.5621593496386534	0.21450464165364902	-0.3442221674712635	-0.6980533182495768	0.2124563283477168	-0.6917043667314807	2.860098741036023	7.998283760347703	-9.566592558042691	-5171.293505772954
494	-5188.000161238823	-5171.293505772954	-16.706655465869154	0.5621593496386534	0.21450464165364902	-0.3442221674712635	-0.6980533182495768	0.2124563283477168	-0.6917043667314807	2.860098741036023	7.998283760347703	-9.566592558042691	-5171.293505772954
496	-5187.929700520073	-5171.293505772954	-16.63619474711934	0.5621593496386534	0.3472440676451099	-0.3442221674712635	-0.6980533182495768	0.2124563283477168	-0.6917043667314807	2.860098741036023	7.998283760347703	-9.639954686737369	-5171.293505772954
498	-5187.929700520073	-5171.293505772954	-16.63619474711934	0.5621593496386534	0.3472440676451099	-0.3442221674712635	-0.6980533182495768	0.2124563283477168	-0.6917043667314807	2.860098741036023	7.998283760347703	-9.639954686737369	-5171.293505772954
500	-5190.408537717599	-5171.290840715741	-19.1176970018574	0.5621593496386534	0.3472440676451099	-0.3442221674712635	-0.6980533182495768	0.2124563283477168	-0.6917043667314807	6.516940638717788	15.311967555711233	-12.121456941475428	-5171.290840715741
502	-5190.408537717599	-5171.290840715741	-19.1176970018574	0.5621593496386534	0.3472440676451099	-0.3442221674712635	-0.6980533182495768	0.2124563283477168	-0.6917043667314807	6.516940638717788	15.311967555711233	-12.121456941475428	-5171.290840715741
504	-5191.480466768801	-5171.290840715741	-20.189626053060326	0.5621593496386534	0.3472440676451099	-0.3442221674712635	-0.6980533182495768	0.2124563283477168	-1.3737723861724853	6.516940638717788	15.311967555711233	-12.344078506557196	-5171.290840715741
506	-5191.747712156026	-5171.290840715741	-20.456871440284505	0.5621593496386534	0.3472440676451099	-0.3442221674712635	-0.6980533182495768	0.3986556726961281	-1.3737723861724853	6.516940638717788	15.311967555711233	-12.241739722274296	-5171.290840715741
508	-5189.695400810898	-5168.158601916467	-21.536798894430454	0.5621593496386534	0.3472440676451099	-0.3442221674712635	-0.6980533182495768	0.3986556726961281	-1.3737723861724853	7.13479107175222	16.763646542734616	-13.321667176420245	-5168.158601916467
510	-5188.011293423057	-5166.4763623390645	-21.534931083992767	0.5621593496386534	0.3472440676451099	-0.3442221674712635	-0.6980533182495768	0.3986556726961281	-1.3737723861724853	7.13479107175222	16.75483354433904	-13.319799365982556	-5166.4763623390645
512	-5188.231937109896	-5166.741361862588	-21.49057524730781	0.5621593496386534	0.3472440676451099	-0.3442221674712635	-0.6980533182495768	0.3986556726961281	-1.3737723861724853	7.13479107175222	16.748971425165067	-13.2754435292976	-5166.741361862588
514	-5188.231937109896	-5166.741361862588	-21.49057524730781	0.5621593496386534	0.3472440676451099	-0.3442221674712635	-0.6980533182495768	0.3986556726961281	-1.3737723861724853	7.13479107175222	16.748971425165067	-13.2754435292976	-5166.741361862588
516	-5188.231937109896	-5166.741361862588	-21.49057524730781	0.5621593496386534	0.3472440676451099	-0.3442221674712635	-0.6980533182495768	0.3986556726961281	-1.3737723861724853	7.13479107175222	16.748971425165067	-13.2754435292976	-5166.741361862588
518	-5188.231937109896	-5166.741361862588	-21.49057524730781	0.5621593496386534	0.3472440676451099	-0.3442221674712635	-0.6980533182495768	0.3986556726961281	-1.3737723861724853	7.13479107175222	16.748971425165067	-13.2754435292976	-5166.741361862588
520	-5188.231937109896	-5166.741361862588	-21.49057524730781	0.5621593496386534	0.3472440676451099	-0.3442221674712635	-0.6980533182495768	0.3986556726961281	-1.3737723861724853	7.13479107175222	16.748971425165067	-13.2754435292976	-5166.741361862588
522	-5188.231937109896	-5166.741361862588	-21.49057524730781	0.5621593496386534	0.3472440676451099	-0.3442221674712635	-0.6980533182495768	0.3986556726961281	-1.3737723861724853	7.13479107175222	16.748971425165067	-13.2754435292976	-5166.741361862588
524	-5188.231937109896	-5166.741361862588	-21.49057524730781	0.5621593496386534	0.3472440676451099	-0.3442221674712635	-0.6980533182495768	0.3986556726961281	-1.3737723861724853	7.13479107175222	16.748971425165067	-13.2754435292976	-5166.741361862588
526	-5188.231937109896	-5166.741361862588	-21.49057524730781	0.5621593496386534	0.3472440676451099	-0.3442221674712635	-0.6980533182495768	0.3986556726961281	-1.3737723861724853	7.13479107175222	16.748971425165067	-13.2754435292976	-5166.741361862588
528	-5188.231937109896	-5166.741361862588	-21.49057524730781	0.5621593496386534	0.3472440676451099	-0.3442221674712635	-0.6980533182495768	0.3986556726961281	-1.3737723861724853	7.13479107175222	16.748971425165067	-13.2754435292976	-5166.741361862588
530	-5188.231937109896	-5166.741361862588	-21.49057524730781	0.5621593496386534	0.3472440676451099	-0.3442221674712635	-0.6980533182495768	0.3986556726961281	-1.3737723861724853	7.13479107175222	16.748971425165067	-13.2754435292976	-5166.741361862588
532	-5188.231937109896	-5166.741361862588	-21.49057524730781	0.5621593496386534	0.3472440676451099	-0.3442221674712635	-0.6980533182495768	0.3986556726961281	-1.3737723861724853	7.13479107175222	16.748971425165067	-13.2754435292976	-5166.741361862588
534	-5188.231937109896	-5166.741361862588	-21.49057524730781	0.5621593496386534	0.3472440676451099	-0.3442221674712635	-0.6980533182495768	0.3986556726961281	-1.3737723861724853	7.13479107175222	16.748971425165067	-13.2754435292976	-5166.741361862588
536	-5188.231937109896	-5166.741361862588	-21.49057524730781	0.5621593496386534	0.3472440676451099	-0.3442221674712635	-0.6980533182495768	0.3986556726961281	-1.3737723861724853	7.13479107175222	16.748971425165067	-13.2754435292976	-5166.741361862588
538	-5188.301537881274	-5166.8122556261005	-21.489282255174146	0.5621593496386534	0.3472440676451099	-0.3442221674712635	-0.6980533182495768	0.3986556726961281	-1.3737723861724853	7.13479107175222	16.74865904131391	-13.274150537163937	-5166.8122556261005
540	-5188.742413303748	-5167.28742871294	-21.45498459080831	0.5621593496386534	0.3472440676451099	-0.3442221674712635	-0.6980533182495768	0.3986556726961281	-1.3737723861724853	7.13479107175222	16.744089752584156	-13.2398528727981	-5167.28742871294
542	-5188.742413303748	-5167.28742871294	-21.45498459080831	0.5621593496386534	0.3472440676451099	-0.3442221674712635	-0.6980533182495768	0.3986556726961281	-1.3737723861724853	7.13479107175222	16.744089752584156	-13.2398528727981	-5167.28742871294
544	-5188.684400107827	-5167.228326713829	-21.45607339399823	0.5621593496386534	0.3472440676451099	-0.3442221674712635	-0.6980533182495768	0.3986556726961281	-1.3737723861724853	7.13479107175222	16.744352669550562	-13.24094167598802	-5167.228326713829
546	-5188.530016164475	-5167.228326713829	-21.301689450645117	0.5621593496386534	0.3472440676451099	-0.3442221674712635	-0.6980533182495768	0.27709729356143986	-1.3737723861724853	7.13479107175222	16.744352669550562	-13.335694712471756	-5167.228326713829
548	-5189.23847188693	-5168.041779311697	-21.196692575233357	0.5621593496386534	0.3472440676451099	-0.1594644222958279	-0.6980533182495768	0.27709729356143986	-1.3737723861724853	7.13479107175222	16.713261153825954	-13.194787078568446	-5168.041779311697
550	-5189.7658080072515	-5167.9686140723325	-21.79719393491915	0.5621593496386534	0.3472440676451099	-0.1594644222958279	-0.6980533182495768	0.27709729356143986	-1.3737723861724853	7.13479107175222	17.014809390466073	-13.795288438254238	-5167.9686140723325
552	-5189.652544399133	-5167.85328145418	-21.79926294495231	0.5621593496386534	0.3472440676451099	-0.1594644222958279	-0.6980533182495768	0.27709729356143986	-1.3737723861724853	7.13479107175222	17.015330916086217	-13.7973574482874	-5167.85328145418
554	-5189.652544399133	-5167.85328145418	-21.79926294495231	0.5621593496386534	0.3472440676451099	-0.1594644222958279	-0.6980533182495768	0.27709729356143986	-1.3737723861724853	7.13479107175222	17.015330916086217	-13.7973574482874	-5167.85328145418
556	-5189.652544399133	-5167.85328145418	-21.79926294495231	0.5621593496386534	0.3472440676451099	-0.1594644222958279	-0.6980533182495768	0.27709729356143986	-1.3737723861724853	7.13479107175222	17.015330916086217	-13.7973574482874	-5167.85328145418
558	-5189.652544399133	-5167.85328145418	-21.79926294495231	0.5621593496386534	0.3472440676451099	-0.1594644222958279	-0.6980533182495768	0.27709729356143986	-1.3737723861724853	7.13479107175222	17.015330916086217	-13.7973574482874	-5167.85328145418
560	-5188.689719144508	-5167.7791381246	-20.910581019908175	0.5621593496386534	0.3472440676451099	-0.1594644222958279	-0.6980533182495768	0.27709729356143986	-1.3737723861724853	6.6358061868806715	15.82533209862548	-12.908675523243264	-5167.7791381246
562	-5188.712475792111	-5167.7791381246	-20.93333766751102	0.5621593496386534	0.3472440676451099	-0.09385732375925522	-0.6980533182495768	0.27709729356143986	-1.3737723861724853	6.6358061868806715	15.82533209862548	-12.90225462276682	-5167.7791381246
564	-5188.712475792111	-5167.7791381246	-20.93333766751102	0.5621593496386534	0.3472440676451099	-0.09385732375925522	-0.6980533182495768	0.27709729356143986	-1.3737723861724853	6.6358061868806715	15.82533209862548	-12.90225462276682	-5167.7791381246
566	-5187.095678623474	-5166.122563528006	-20.973115095467303	0.5621593496386534	0.3472440676451099	-0.09385732375925522	-0.6980533182495768	0.27709729356143986	-1.3737723861724853	6.6358061868806715	15.84633238223557	-12.942032050723103	-5166.122563528006
568	-5187.095678623474	-5166.122563528006	-20.973115095467303	0.5621593496386534	0.3472440676451099	-0.09385732375925522	-0.6980533182495768	0.27709729356143986	-1.3737723861724853	6.6358061868806715	15.84633238223557	-12.942032050723103	-5166.122563528006
570	-5188.33591377037	-5166.122563528006	-22.2133502423643	0.5621593496386534	1.0531556253347139	-0.09385732375925522	-0.6980533182495768	0.27709729356143986	-1.3737723861724853	6.6358061868806715	15.84633238223557	-13.630801253728997	-5166.122563528006
572	-5188.33591377037	-5166.122563528006	-22.2133502423643	0.5621593496386534	1.0531556253347139	-0.09385732375925522	-0.6980533182495768	0.27709729356143986	-1.3737723861724853	6.6358061868806715	15.84633238223557	-13.630801253728997	-5166.122563528006
574	-5188.33591377037	-5166.122563528006	-22.2133502423643	0.5621593496386534	1.0531556253347139	-0.09385732375925522	-0.6980533182495768	0.27709729356143986	-1.3737723861724853	6.6358061868806715	15.84633238223557	-13.630801253728997	-5166.122563528006
576	-5188.33591377037	-5166.122563528006	-22.2133502423643	0.5621593496386534	1.0531556253347139	-0.09385732375925522	-0.6980533182495768	0.27709729356143986	-1.3737723861724853	6.6358061868806715	15.84633238223557	-13.630801253728997	-5166.122563528006
578	-5189.540033079765	-5166.504898592575	-23.03513448718931	0.5621593496386534	1.0531556253347139	-0.09385732375925522	-0.6980533182495768	0.27709729356143986	-1.3737723861724853	7.0754195121287	16.896130805419286	-14.452585498554006	-5166.504898592575
580	-5189.540033079765	-5166.504898592575	-23.03513448718931	0.5621593496386534	1.0531556253347139	-0.09385732375925522	-0.6980533182495768	0.27709729356143986	-1.3737723861724853	7.0754195121287	16.896130805419286	-14.452585498554006	-5166.504898592575
582	-5189.402281909051	-5166.504898592575	-22.89738331647661	0.5621593496386534	1.0531556253347139	-0.09385732375925522	-0.6980533182495768	0.10449789695983042	-1.3737723861724853	7.0754195121287	16.896130805419286	-14.617809712392676	-5166.504898592575
584	-5189.402281909051	-5166.504898592575	-22.89738331647661	0.5621593496386534	1.0531556253347139	-0.09385732375925522	-0.6980533182495768	0.10449789695983042	-1.3737723861724853	7.0754195121287	16.896130805419286	-14.617809712392676	-5166.504898592575
586	-5188.235175647769	-5166.288028436372	-21.947147211396906	0.5621593496386534	0.5426170917094542	-0.09385732375925522	-0.6980533182495768	0.10449789695983042	-1.3737723861724853	7.0754195121287	16.895580367371025	-14.145181901412842	-5166.288028436372
588	-5188.235175647769	-5166.288028436372	-21.947147211396906	0.5621593496386534	0.5426170917094542	-0.09385732375925522	-0.6980533182495768	0.10449789695983042	-1.3737723861724853	7.0754195121287	16.895580367371025	-14.145181901412842	-5166.288028436372
590	-5188.235175647769	-5166.288028436372	-21.947147211396906	0.5621593496386534	0.5426170917094542	-0.09385732375925522	-0.6980533182495768	0.10449789695983042	-1.3737723861724853	7.0754195121287	16.895580367371025	-14.145181901412842	-5166.288028436372
592	-5188.235175647769	-5166.288028436372	-21.947147211396906	0.5621593496386534	0.5426170917094542	-0.09385732375925522	-0.6980533182495768	0.10449789695983042	-1.3737723861724853	7.0754195121287	16.895580367371025	-14.145181901412842	-5166.288028436372
594	-5188.235175647769	-5166.288028436372	-21.947147211396906	0.5621593496386534	0.5426170917094542	-0.09385732375925522	-0.6980533182495768	0.10449789695983042	-1.3737723861724853	7.0754195121287	16.895580367371025	-14.145181901412842	-5166.288028436372
596	-5188.235175647769	-5166.288028436372	-21.947147211396906	0.5621593496386534	0.5426170917094542	-0.09385732375925522	-0.6980533182495768	0.10449789695983042	-1.3737723861724853	7.0754195121287	16.895580367371025	-14.145181901412842	-5166.288028436372
598	-5187.134546914032	-5165.681536753939	-21.45301016009307	0.5621593496386534	0.5426170917094542	-0.05627705007252859	-0.6980533182495768	0.10449789695983042	-1.3737723861724853	6.811746943481411	16.265949704960857	-13.63045390621964	-5165.681536753939
600	-5187.134546914032	-5165.681536753939	-21.45301016009307	0.5621593496386534	0.5426170917094542	-0.05627705007252859	-0.6980533182495768	0.10449789695983042	-1.3737723861724853	6.811746943481411	16.265949704960857	-13.63045390621964	-5165.681536753939
602	-5187.134546914032	-5165.681536753939	-21.45301016009307	0.5621593496386534	0.5426170917094542	-0.05627705007252859	-0.6980533182495768	0.10449789695983042	-1.3737723861724853	6.811746943481411	16.265949704960857	-13.63045390621964	-5165.681536753939
604	-5187.134546914032	-5165.681536753939	-21.45301016009307	0.5621593496386534	0.5426170917094542	-0.05627705007252859	-0.6980533182495768	0.10449789695983042	-1.3737723861724853	6.811746943481411	16.265949704960857	-13.63045390621964	-5165.681536753939
606	-5187.134546914032	-5165.681536753939	-21.45301016009307	0.5621593496386534	0.5426170917094542	-0.05627705007252859	-0.6980533182495768	0.10449789695983042	-1.3737723861724853	6.811746943481411	16.265949704960857	-13.63045390621964	-5165.681536753939
608	-5187.251811151409	-5165.681536753939	-21.570274397469614	0.5621593496386534	0.5426170917094542	-0.05627705007252859	-0.6980533182495768	0.24898004832264445	-1.3737723861724853	6.811746943481411	16.265949704960857	-13.49816129976544	-5165.681536753939
610	-5187.251811151409	-5165.681536753939	-21.570274397469614	0.5621593496386534	0.5426170917094542	-0.05627705007252859	-0.6980533182495768	0.24898004832264445	-1.3737723861724853	6.811746943481411	16.265949704960857	-13.49816129976544	-5165.681536753939
612	-5187.142776767184	-5165.5651886988535	-21.577588068330744	0.5621593496386534	0.5426170917094542	-0.05627705007252859	-0.6980533182495768	0.24898004832264445	-1.3737723861724853	6.811746943481411	16.2693244947894	-13.505474970626569	-5165.5651886988535
614	-5185.838559170541	-5165.5651886988535	-20.27337047168708	0.5621593496386534	0.5426170917094542	-0.05627705007252859	-0.6980533182495768	0.24898004832264445	-0.6747241803192399	6.811746943481411	16.2693244947894	-13.091305354807393	-5165.5651886988535
616	-5185.824585829614	-5165.5651886988535	-20.259397130760156	0.5621593496386534	0.5426170917094542	-0.1325052172512528	-0.6980533182495768	0.24898004832264445	-0.6747241803192399	6.811746943481411	16.2693244947894	-13.116152812689725	-5165.5651886988535
618	-5185.824585829614	-5165.5651886988535	-20.259397130760156	0.5621593496386534	0.5426170917094542	-0.1325052172512528	-0.6980533182495768	0.24898004832264445	-0.6747241803192399	6.811746943481411	16.2693244947894	-13.116152812689725	-5165.5651886988535
620	-5184.345097889755	-5164.093902042301	-20.251195847454184	0.5621593496386534	0.5426170917094542	-0.1325052172512528	-0.6980533182495768	0.24898004832264445	-0.6747241803192399	6.811746943481411	16.259527836887955	-13.107951529383751	-5164.093902042301
622	-5183.958246756796	-5164.093902042301	-19.864344714494866	0.5621593496386534	0.5426170917094542	-0.1325052172512528	-0.6980533182495768	0.24898004832264445	-0.31195648745090093	6.811746943481411	16.259527836887955	-12.990390248847069	-5164.093902042301
624	-5183.958246756796	-5164.093902042301	-19.864344714494866	0.5621593496386534	0.5426170917094542	-0.1325052172512528	-0.6980533182495768	0.24898004832264445	-0.31195648745090093	6.811746943481411	16.259527836887955	-12.990390248847069	-5164.093902042301
626	-5183.90741842179	-5164.093902042301	-19.813516379488888	0.5621593496386534	0.5426170917094542	-0.1325052172512528	-0.6980533182495768	0.1278966561648441	-0.31195648745090093	6.811746943481411	16.259527836887955	-13.022968173351881	-5164.093902042301
628	-5184.033657233431	-5164.221958388353	-19.81169884507768	0.5621593496386534	0.5426170917094542	-0.1325052172512528	-0.6980533182495768	0.1278966561648441	-0.31195648745090093	6.811746943481411	16.259046373634312	-13.021150638940671	-5164.221958388353
630	-5184.254072478483	-5164.221958388353	-20.032114090130065	1.153854367135522	0.5426170917094542	-0.1325052172512528	-0.6980533182495768	0.1278966561648441	-0.31195648745090093	6.811746943481411	16.259046373634312	-12.678118728386188	-5164.221958388353
632	-5185.791671142427	-5164.221958388353	-21.569712754073848	1.153854367135522	0.5426170917094542	-0.1325052172512528	-1.6941810483202935	0.1278966561648441	-0.31195648745090093	6.811746943481411	16.259046373634312	-13.156224018928787	-5164.221958388353
634	-5185.574611285111	-5163.985550228384	-21.589061056726898	1.153854367135522	0.5426170917094542	-0.1325052172512528	-1.6941810483202935	0.1278966561648441	-0.31195648745090093	6.811746943481411	16.26492008492241	-13.175572321581837	-5163.985550228384
636	-5185.513393652434	-5163.985550228384	-21.527843424049678	1.153854367135522	0.5426170917094542	-0.2743294934562699	-1.6941810483202935	0.1278966561648441	-0.31195648745090093	6.811746943481411	16.26492008492241	-13.29693165146173	-5163.985550228384
638	-5185.513393652434	-5163.985550228384	-21.527843424049678	1.153854367135522	0.5426170917094542	-0.2743294934562699	-1.6941810483202935	0.1278966561648441	-0.31195648745090093	6.811746943481411	16.26492008492241	-13.29693165146173	-5163.985550228384
640	-5186.959222301915	-5165.33174233683	-21.627479965085442	1.153854367135522	0.5426170917094542	-0.10814951134257808	-1.6941810483202935	0.1278966561648441	-0.31195648745090093	6.811746943481411	16.274086779748792	-13.178589570366604	-5165.33174233683
642	-5186.959222301915	-5165.33174233683	-21.627479965085442	1.153854367135522	0.5426170917094542	-0.10814951134257808	-1.6941810483202935	0.1278966561648441	-0.31195648745090093	6.811746943481411	16.274086779748792	-13.178589570366604	-5165.33174233683
644	-5187.009314113948	-5165.388467447665	-21.620846666282574	1.153854367135522	0.5426170917094542	-0.10814951134257808	-1.6941810483202935	0.1278966561648441	-0.31195648745090093	6.811746943481411	16.271947892039712	-13.171956271563733	-5165.388467447665
646	-5187.009314113948	-5165.388467447665	-21.620846666282574	1.153854367135522	0.5426170917094542	-0.10814951134257808	-1.6941810483202935	0.1278966561648441	-0.31195648745090093	6.811746943481411	16.271947892039712	-13.171956271563733	-5165.388467447665
648	-5185.447603015011	-5165.388467447665	-20.059135567346118	1.153854367135522	0.5426170917094542	-0.10814951134257808	-0.6990211957856429	0.1278966561648441	-0.31195648745090093	6.811746943481411	16.271947892039712	-12.693428517032936	-5165.388467447665
650	-5185.447603015011	-5165.388467447665	-20.059135567346118	1.153854367135522	0.5426170917094542	-0.10814951134257808	-0.6990211957856429	0.1278966561648441	-0.31195648745090093	6.811746943481411	16.271947892039712	-12.693428517032936	-5165.388467447665
652	-5183.931238690432	-5165.388490071913	-18.54274861851906	0.5414167920317672	0.5426170917094542	-0.10814951134257808	-0.6990211957856429	0.1278966561648441	-0.31195648745090093	4.778974112899748	12.206402230876385	-11.755723812270247	-5165.388490071913
654	-5183.861600136149	-5165.388490071913	-18.473110064235797	0.5414167920317672	0.5426170917094542	-0.10814951134257808	-0.436769086381683	0.1278966561648441	-0.31195648745090093	4.778974112899748	12.206402230876385	-11.806654519175835	-5165.388490071913
656	-5183.861600136149	-5165.388490071913	-18.473110064235797	0.5414167920317672	0.5426170917094542	-0.10814951134257808	-0.436769086381683	0.1278966561648441	-0.31195648745090093	4.778974112899748	12.206402230876385	-11.806654519175835	-5165.388490071913
658	-5182.987833324627	-5165.394340438231	-17.593492886396362	0.5414167920317672	0.5426170917094542	-0.10814951134257808	-0.436769086381683	0.3622989554549885	-0.31195648745090093	2.784281737540276	8.217017480157441	-10.739011044933804	-5165.394340438231
660	-5183.094928628682	-5165.394340438231	-17.70058819045143	0.5414167920317672	0.5426170917094542	-0.10814951134257808	-0.22172080788699336	0.3622989554549885	-0.31195648745090093	2.784281737540276	8.217017480157441	-10.893652541838923	-5165.394340438231
662	-5183.788353156102	-5166.1081907842145	-17.680162371887874	0.5414167920317672	0.5426170917094542	-0.10814951134257808	-0.22172080788699336	0.3622989554549885	-0.31195648745090093	2.784281737540276	8.213299719444358	-10.87322672327537	-5166.1081907842145
664	-5183.788353156102	-5166.1081907842145	-17.680162371887874	0.5414167920317672	0.5426170917094542	-0.10814951134257808	-0.22172080788699336	0.3622989554549885	-0.31195648745090093	2.784281737540276	8.213299719444358	-10.87322672327537	-5166.1081907842145
666	-5183.788353156102	-5166.1081907842145	-17.680162371887874	0.5414167920317672	0.5426170917094542	-0.10814951134257808	-0.22172080788699336	0.3622989554549885	-0.31195648745090093	2.784281737540276	8.213299719444358	-10.87322672327537	-5166.1081907842145
668	-5183.909165990968	-5166.388568596901	-17.52059739406708	0.5414167920317672	0.5426170917094542	-0.10814951134257808	-0.22172080788699336	0.3622989554549885	-0.31195648745090093	2.7065956594874296	7.984135035973835	-10.713661745454573	-5166.388568596901
670	-5182.983819844384	-5165.457120112996	-17.526699731387914	0.5414167920317672	0.5426170917094542	-0.10814951134257808	-0.22172080788699336	0.3622989554549885	-0.31195648745090093	2.7065956594874296	8.000481126782478	-10.719764082775407	-5165.457120112996
672	-5183.265240787938	-5165.457120112996	-17.808120674942334	0.5414167920317672	0.8406319971245032	-0.10814951134257808	-0.22172080788699336	0.3622989554549885	-0.31195648745090093	2.7065956594874296	8.000481126782478	-10.735241489526635	-5165.457120112996
674	-5183.265240787938	-5165.457120112996	-17.808120674942334	0.5414167920317672	0.8406319971245032	-0.10814951134257808	-0.22172080788699336	0.3622989554549885	-0.31195648745090093	2.7065956594874296	8.000481126782478	-10.735241489526635	-5165.457120112996
676	-5183.265240787938	-5165.457120112996	-17.808120674942334	0.5414167920317672	0.8406319971245032	-0.10814951134257808	-0.22172080788699336	0.3622989554549885	-0.31195648745090093	2.7065956594874296	8.000481126782478	-10.735241489526635	-5165.457120112996
678	-5186.8889727169635	-5168.084623534687	-18.804349182276823	0.5414167920317672	0.8406319971245032	-0.10814951134257808	-0.22172080788699336	0.5681896422860128	-0.31195648745090093	3.003862933267804	8.879179503894468	-11.475662124921131	-5168.084623534687
680	-5187.008594966631	-5168.206613904552	-18.80198106207902	0.5414167920317672	0.8406319971245032	-0.10814951134257808	-0.22172080788699336	0.5681896422860128	-0.31195648745090093	3.003862933267804	8.878520063451639	-11.473294004723328	-5168.206613904552
682	-5187.76930094204	-5168.990177253133	-18.77912368890692	0.5414167920317672	0.8406319971245032	-0.10814951134257808	-0.22172080788699336	0.5681896422860128	-0.31195648745090093	3.003862933267804	8.874486310284324	-11.45043663155123	-5168.990177253133
684	-5187.391806418812	-5168.990177253133	-18.40162916567921	0.5414167920317672	0.8406319971245032	-0.10814951134257808	-0.22172080788699336	0.32032444939754123	-0.31195648745090093	3.003862933267804	8.874486310284324	-11.370496979977617	-5168.990177253133
686	-5187.391806418812	-5168.990177253133	-18.40162916567921	0.5414167920317672	0.8406319971245032	-0.10814951134257808	-0.22172080788699336	0.32032444939754123	-0.31195648745090093	3.003862933267804	8.874486310284324	-11.370496979977617	-5168.990177253133
688	-5186.8945927423565	-5168.990177253133	-17.904415489223933	0.5414167920317672	0.3367487843901526	-0.10814951134257808	-0.22172080788699336	0.32032444939754123	-0.31195648745090093	3.003862933267804	8.874486310284324	-11.210841837530053	-5168.990177253133
690	-5184.482308030315	-5166.861296892354	-17.621011137960462	0.5414167920317672	0.3367487843901526	-0.10814951134257808	-0.22172080788699336	0.32032444939754123	-0.31195648745090093	2.8622198615215364	8.456021976496825	-10.927437486266582	-5166.861296892354
692	-5184.482308030315	-5166.861296892354	-17.621011137960462	0.5414167920317672	0.3367487843901526	-0.10814951134257808	-0.22172080788699336	0.32032444939754123	-0.31195648745090093	2.8622198615215364	8.456021976496825	-10.927437486266582	-5166.861296892354
694	-5184.482308030315	-5166.861296892354	-17.621011137960462	0.5414167920317672	0.3367487843901526	-0.10814951134257808	-0.22172080788699336	0.32032444939754123	-0.31195648745090093	2.8622198615215364	8.456021976496825	-10.927437486266582	-5166.861296892354
696	-5184.482308030315	-5166.861296892354	-17.621011137960462	0.5414167920317672	0.3367487843901526	-0.10814951134257808	-0.22172080788699336	0.32032444939754123	-0.31195648745090093	2.8622198615215364	8.456021976496825	-10.927437486266582	-5166.861296892354
698	-5184.205341301606	-5166.965055711073	-17.240285590532743	0.5414167920317672	0.3367487843901526	-0.10814951134257808	-0.22172080788699336	0.32032444939754123	-0.31195648745090093	2.6668246441733157	7.878754564509615	-10.546711938838861	-5166.965055711073
700	-5182.517446752813	-5165.267377021467	-17.250069731345977	0.5414167920317672	0.3367487843901526	-0.10814951134257808	-0.22172080788699336	0.32032444939754123	-0.31195648745090093	2.6668246441733157	7.86505985340205	-10.556496079652097	-5165.267377021467
702	-5183.180856618791	-5165.267377021467	-17.913479597324333	0.5414167920317672	1.1208410457214464	-0.10814951134257808	-0.22172080788699336	0.32032444939754123	-0.31195648745090093	2.6668246441733157	7.86505985340205	-10.603228438730923	-5165.267377021467
704	-5185.22882819626	-5165.257484347181	-19.971343849078988	0.5414167920317672	1.1208410457214464	-0.10814951134257808	-0.22172080788699336	0.32032444939754123	-0.31195648745090093	6.122830871043536	14.77707230714249	-12.661092690485576	-5165.257484347181
706	-5185.22882819626	-5165.257484347181	-19.971343849078988	0.5414167920317672	1.1208410457214464	-0.10814951134257808	-0.22172080788699336	0.32032444939754123	-0.31195648745090093	6.122830871043536	14.77707230714249	-12.661092690485576	-5165.257484347181
708	-5185.22882819626	-5165.257484347181	-19.971343849078988	0.5414167920317672	1.1208410457214464	-0.10814951134257808	-0.22172080788699336	0.32032444939754123	-0.31195648745090093	6.122830871043536	14.77707230714249	-12.661092690485576	-5165.257484347181
710	-5185.3914566139565	-5165.257483950484	-20.133972663472782	0.5414167920317672	1.1208410457214464	-0.10814951134257808	-0.22172080788699336	0.32032444939754123	-0.31195648745090093	6.396291733398568	15.323994031852555	-12.823721504879373	-5165.257483950484
712	-5185.320438477858	-5165.257483950484	-20.062954527374323	0.5414167920317672	1.1208410457214464	-0.10814951134257808	-0.22172080788699336	0.23173617721361567	-0.31195648745090093	6.396291733398568	15.323994031852555	-12.82924515205301	-5165.257483950484
714	-5185.243727539159	-5165.24779025889	-19.995937280269278	0.5414167920317672	1.1208410457214464	-0.10814951134257808	-0.22172080788699336	0.23173617721361567	-0.1889624269527478	6.396291733398568	15.323443448801124	-12.821535103979203	-5165.24779025889
716	-5185.190776305756	-5165.24779025889	-19.94298604686662	0.5414167920317672	1.1208410457214464	-0.10814951134257808	-0.22172080788699336	0.12399868499746626	-0.1889624269527478	6.396291733398568	15.323443448801124	-12.827268190527992	-5165.24779025889
718	-5185.190776305756	-5165.24779025889	-19.94298604686662	0.5414167920317672	1.1208410457214464	-0.10814951134257808	-0.22172080788699336	0.12399868499746626	-0.1889624269527478	6.396291733398568	15.323443448801124	-12.827268190527992	-5165.24779025889
720	-5185.190776305756	-5165.24779025889	-19.94298604686662	0.5414167920317672	1.1208410457214464	-0.10814951134257808	-0.22172080788699336	0.12399868499746626	-0.1889624269527478	6.396291733398568	15.323443448801124	-12.827268190527992	-5165.24779025889
722	-5185.190776305756	-5165.24779025889	-19.94298604686662	0.5414167920317672	1.1208410457214464	-0.10814951134257808	-0.22172080788699336	0.12399868499746626	-0.1889624269527478	6.396291733398568	15.323443448801124	-12.827268190527992	-5165.24779025889
724	-5185.190776305756	-5165.24779025889	-19.94298604686662	0.5414167920317672	1.1208410457214464	-0.10814951134257808	-0.22172080788699336	0.12399868499746626	-0.1889624269527478	6.396291733398568	15.323443448801124	-12.827268190527992	-5165.24779025889
726	-5183.46730191737	-5165.248570068304	-18.218731849065776	0.5414167920317672	1.1208410457214464	-0.10814951134257808	-0.22172080788699336	0.12399868499746626	-0.1889624269527478	3.5360451914521644	9.602950364908317	-11.10301399272715	-5165.248570068304
728	-5184.7659578617095	-5165.247792309725	-19.518165551984623	0.5414167920317672	1.1208410457214464	-0.10814951134257808	-0.22172080788699336	0.12399868499746626	-0.1889624269527478	5.691566583235857	13.913993148475697	-12.402447695645995	-5165.247792309725
730	-5183.896546766602	-5164.397998742468	-19.498548024133616	0.5414167920317672	1.1208410457214464	-0.20177981509193224	-0.22172080788699336	0.12399868499746626	-0.1889624269527478	5.691566583235857	13.903760050361933	-12.374571177410102	-5164.397998742468
732	-5183.794583466136	-5164.293484687609	-19.501098778526746	0.5414167920317672	1.1208410457214464	-0.20177981509193224	-0.22172080788699336	0.12399868499746626	-0.1889624269527478	5.691566583235857	13.909991409655252	-12.377121931803234	-5164.293484687609
734	-5181.581245819483	-5161.862329490492	-19.718916328991202	0.5414167920317672	1.1208410457214464	-0.20177981509193224	-0.22172080788699336	0.12399868499746626	-0.1889624269527478	5.691566583235857	13.953288222600811	-12.594939482267689	-5161.862329490492
736	-5181.581245819483	-5161.862329490492	-19.718916328991202	0.5414167920317672	1.1208410457214464	-0.20177981509193224	-0.22172080788699336	0.12399868499746626	-0.1889624269527478	5.691566583235857	13.953288222600811	-12.594939482267689	-5161.862329490492
738	-5181.581245819483	-5161.862329490492	-19.718916328991202	0.5414167920317672	1.1208410457214464	-0.20177981509193224	-0.22172080788699336	0.12399868499746626	-0.1889624269527478	5.691566583235857	13.953288222600811	-12.594939482267689	-5161.862329490492
740	-5181.581245819483	-5161.862329490492	-19.718916328991202	0.5414167920317672	1.1208410457214464	-0.20177981509193224	-0.22172080788699336	0.12399868499746626	-0.1889624269527478	5.691566583235857	13.953288222600811	-12.594939482267689	-5161.862329490492
742	-5181.581245819483	-5161.862329490492	-19.718916328991202	0.5414167920317672	1.1208410457214464	-0.20177981509193224	-0.22172080788699336	0.12399868499746626	-0.1889624269527478	5.691566583235857	13.953288222600811	-12.594939482267689	-5161.862329490492
744	-5181.39644468448	-5161.67517542587	-19.72126925861	0.5414167920317672	1.1208410457214464	-0.20177981509193224	-0.22172080788699336	0.12399868499746626	-0.1889624269527478	5.691566583235857	13.953888135394276	-12.597292411886489	-5161.67517542587
746	-5183.255246610373	-5165.634918022	-17.620328588372892	0.5414167920317672	1.1208410457214464	-0.20177981509193224	-0.22172080788699336	0.12399868499746626	-0.1889624269527478	2.306696491876044	7.184147952674649	-10.49635174164938	-5165.634918022
748	-5183.255246610373	-5165.634918022	-17.620328588372892	0.5414167920317672	1.1208410457214464	-0.20177981509193224	-0.22172080788699336	0.12399868499746626	-0.1889624269527478	2.306696491876044	7.184147952674649	-10.49635174164938	-5165.634918022
750	-5178.6529037658465	-5161.105336418923	-17.547567346923913	0.5414167920317672	1.1208410457214464	-0.20177981509193224	-0.22172080788699336	0.12399868499746626	-0.1889624269527478	2.306696491876044	7.137616286916657	-10.423590500200401	-5161.105336418923
752	-5177.899452282838	-5160.370580870467	-17.528871412371036	0.5414167920317672	1.1208410457214464	-0.20177981509193224	-0.22172080788699336	0.12399868499746626	-0.1889624269527478	2.306696491876044	7.133896578030799	-10.404894565647524	-5160.370580870467
754	-5179.930386276576	-5161.657599931092	-18.272786345484562	1.0043046833714215	1.1208410457214464	-0.20177981509193224	-0.22172080788699336	0.12399868499746626	-0.1889624269527478	2.469206579928943	7.636489860302267	-10.719170490713209	-5161.657599931092
756	-5179.930386276576	-5161.657599931092	-18.272786345484562	1.0043046833714215	1.1208410457214464	-0.20177981509193224	-0.22172080788699336	0.12399868499746626	-0.1889624269527478	2.469206579928943	7.636489860302267	-10.719170490713209	-5161.657599931092
758	-5179.820043983738	-5161.545294025017	-18.274749958721564	1.0043046833714215	1.1208410457214464	-0.20177981509193224	-0.22172080788699336	0.12399868499746626	-0.1889624269527478	2.469206579928943	7.636975323408618	-10.721134103950211	-5161.545294025017
760	-5178.0669231771035	-5160.281099434766	-17.785823742337957	1.0043046833714215	1.1208410457214464	-0.20177981509193224	-0.22172080788699336	0.12399868499746626	-0.1889624269527478	2.2953665445104154	7.099307850989206	-10.232207887566606	-5160.281099434766
762	-5178.03157886941	-5160.281099434766	-17.750479434643772	1.0043046833714215	1.1208410457214464	-0.20177981509193224	-0.22172080788699336	0.08524804007153357	-0.1889624269527478	2.2953665445104154	7.099307850989206	-10.21229444132867	-5160.281099434766
764	-5177.759306057327	-5159.987788299056	-17.771517758271138	1.0043046833714215	1.1208410457214464	-0.20177981509193224	-0.22172080788699336	0.08524804007153357	-0.1889624269527478	2.2953665445104154	7.108238880420718	-10.233332764956035	-5159.987788299056
766	-5177.759306057327	-5159.987788299056	-17.771517758271138	1.0043046833714215	1.1208410457214464	-0.20177981509193224	-0.22172080788699336	0.08524804007153357	-0.1889624269527478	2.2953665445104154	7.108238880420718	-10.233332764956035	-5159.987788299056
768	-5177.681080064117	-5160.0554634637965	-17.625616600320235	1.0043046833714215	1.1208410457214464	-0.20177981509193224	-0.22172080788699336	0.08524804007153357	-0.1889624269527478	2.0414704515278106	6.600446694455508	-10.087431607005133	-5160.0554634637965
770	-5177.681080064117	-5160.0554634637965	-17.625616600320235	1.0043046833714215	1.1208410457214464	-0.20177981509193224	-0.22172080788699336	0.08524804007153357	-0.1889624269527478	2.0414704515278106	6.600446694455508	-10.087431607005133	-5160.0554634637965
772	-5177.681080064117	-5160.0554634637965	-17.625616600320235	1.0043046833714215	1.1208410457214464	-0.20177981509193224	-0.22172080788699336	0.08524804007153357	-0.1889624269527478	2.0414704515278106	6.600446694455508	-10.087431607005133	-5160.0554634637965
774	-5177.681080064117	-5160.0554634637965	-17.625616600320235	1.0043046833714215	1.1208410457214464	-0.20177981509193224	-0.22172080788699336	0.08524804007153357	-0.1889624269527478	2.0414704515278106	6.600446694455508	-10.087431607005133	-5160.0554634637965
776	-5177.681080064117	-5160.0554634637965	-17.625616600320235	1.0043046833714215	1.1208410457214464	-0.20177981509193224	-0.22172080788699336	0.08524804007153357	-0.1889624269527478	2.0414704515278106	6.600446694455508	-10.087431607005133	-5160.0554634637965
778	-5179.535075090919	-5161.941754356774	-17.593320734145344	1.0043046833714215	1.1208410457214464	-0.20177981509193224	-0.22172080788699336	0.08524804007153357	-0.1889624269527478	2.0414704515278106	6.595422666403776	-10.055135740830245	-5161.941754356774
780	-5180.048596918362	-5161.941754356774	-18.106842561587236	1.6951491550186477	1.1208410457214464	-0.20177981509193224	-0.22172080788699336	0.08524804007153357	-0.1889624269527478	2.0414704515278106	6.595422666403776	-9.905920530553125	-5161.941754356774
782	-5182.552466521148	-5163.846474447579	-18.70599207356885	1.6951491550186477	1.1208410457214464	-0.20177981509193224	-0.22172080788699336	0.08524804007153357	-0.1889624269527478	2.2255081955244536	7.189997379606645	-10.50507004253474	-5163.846474447579
784	-5182.571656903696	-5163.846474447579	-18.72518245611706	1.6951491550186477	1.1208410457214464	-0.5240139565959816	-0.22172080788699336	0.08524804007153357	-0.1889624269527478	2.2255081955244536	7.189997379606645	-10.361830906337161	-5163.846474447579
786	-5182.575211029359	-5163.846474447579	-18.72873658178031	1.6951491550186477	1.1208410457214464	-0.5240139565959816	-0.22172080788699336	0.08524804007153357	-0.4056558031017784	2.2255081955244536	7.189997379606645	-10.282487430492086	-5163.846474447579
788	-5182.575211029359	-5163.846474447579	-18.72873658178031	1.6951491550186477	1.1208410457214464	-0.5240139565959816	-0.22172080788699336	0.08524804007153357	-0.4056558031017784	2.2255081955244536	7.189997379606645	-10.282487430492086	-5163.846474447579
790	-5183.066039856763	-5163.846474447579	-19.219565409184717	1.6951491550186477	1.1208410457214464	-0.9658233154321609	-0.22172080788699336	0.08524804007153357	-0.4056558031017784	2.2255081955244536	7.189997379606645	-10.213050535944687	-5163.846474447579
792	-5182.9419909619955	-5163.846474447579	-19.095516514416868	1.6951491550186477	1.1208410457214464	-0.9658233154321609	-0.4317989263761329	0.08524804007153357	-0.4056558031017784	2.2255081955244536	7.189997379606645	-10.22325488799101	-5163.846474447579
794	-5182.9419909619955	-5163.846474447579	-19.095516514416868	1.6951491550186477	1.1208410457214464	-0.9658233154321609	-0.4317989263761329	0.08524804007153357	-0.4056558031017784	2.2255081955244536	7.189997379606645	-10.22325488799101	-5163.846474447579
796	-5181.704072564715	-5162.517487121172	-19.186585443542725	1.6951491550186477	1.1208410457214464	-0.9658233154321609	-0.4317989263761329	0.14984477857908438	-0.4056558031017784	2.2255081955244536	7.194281585523823	-10.272933545948455	-5162.517487121172
798	-5181.704072564715	-5162.517487121172	-19.186585443542725	1.6951491550186477	1.1208410457214464	-0.9658233154321609	-0.4317989263761329	0.14984477857908438	-0.4056558031017784	2.2255081955244536	7.194281585523823	-10.272933545948455	-5162.517487121172
800	-5181.704072564715	-5162.517487121172	-19.186585443542725	1.6951491550186477	1.1208410457214464	-0.9658233154321609	-0.4317989263761329	0.14984477857908438	-0.4056558031017784	2.2255081955244536	7.194281585523823	-10.272933545948455	-5162.517487121172
802	-5184.237479493613	-5164.995050891446	-19.242428602166555	1.6951491550186477	1.1208410457214464	-0.9658233154321609	-0.4317989263761329	0.14984477857908438	-0.4056558031017784	2.2255081955244536	7.203749682298692	-10.328776704572283	-5164.995050891446
804	-5184.237479493613	-5164.995050891446	-19.242428602166555	1.6951491550186477	1.1208410457214464	-0.9658233154321609	-0.4317989263761329	0.14984477857908438	-0.4056558031017784	2.2255081955244536	7.203749682298692	-10.328776704572283	-5164.995050891446
806	-5181.053270132226	-5162.916765013242	-18.136505118984076	1.6951491550186477	1.1208410457214464	-0.9658233154321609	-0.4317989263761329	0.14984477857908438	-0.4056558031017784	1.9702799103661701	6.377600993284607	-9.222853221389803	-5162.916765013242
808	-5181.053184844282	-5162.916765013242	-18.136419831040435	1.6951491550186477	1.1208410457214464	-0.9658233154321609	-0.4317989263761329	0.14984477857908438	-0.21204196924832353	1.9702799103661701	6.377600993284607	-9.311577372443505	-5162.916765013242
810	-5183.495604208562	-5162.916765013242	-20.578839195319862	1.6951491550186477	3.00774575372023	-0.9658233154321609	-0.4317989263761329	0.14984477857908438	-0.21204196924832353	1.9702799103661701	6.377600993284607	-10.167081566171882	-5162.916765013242
812	-5183.495604208562	-5162.916765013242	-20.578839195319862	1.6951491550186477	3.00774575372023	-0.9658233154321609	-0.4317989263761329	0.14984477857908438	-0.21204196924832353	1.9702799103661701	6.377600993284607	-10.167081566171882	-5162.916765013242
814	-5183.495604208562	-5162.916765013242	-20.578839195319862	1.6951491550186477	3.00774575372023	-0.9658233154321609	-0.4317989263761329	0.14984477857908438	-0.21204196924832353	1.9702799103661701	6.377600993284607	-10.167081566171882	-5162.916765013242
816	-5183.509457809906	-5163.062851602216	-20.446606207690063	1.6951491550186477	3.00774575372023	-0.9658233154321609	-0.4317989263761329	0.14984477857908438	-0.21204196924832353	1.8051940014096652	6.047429175371597	-10.034848578542082	-5163.062851602216
818	-5183.509457809906	-5163.062851602216	-20.446606207690063	1.6951491550186477	3.00774575372023	-0.9658233154321609	-0.4317989263761329	0.14984477857908438	-0.21204196924832353	1.8051940014096652	6.047429175371597	-10.034848578542082	-5163.062851602216
820	-5188.306187436728	-5163.062851602216	-25.243335834511118	1.6951491550186477	3.00774575372023	-2.4248001869413836	-0.4317989263761329	0.14984477857908438	-0.21204196924832353	1.8051940014096652	6.047429175371597	-10.514721582129827	-5163.062851602216
822	-5188.251985453299	-5163.116020410157	-25.135965043141848	1.6951491550186477	3.00774575372023	-2.4248001869413836	-0.4317989263761329	0.14984477857908438	-0.21204196924832353	1.8051940014096652	5.99127574601971	-10.407350790760557	-5163.116020410157
824	-5188.32855633865	-5163.079398639789	-25.249157698860113	1.6951491550186477	3.00774575372023	-2.4248001869413836	-0.4317989263761329	0.14984477857908438	-0.21204196924832353	1.8051940014096652	6.050493942835637	-10.520543446478825	-5163.079398639789
826	-5183.635559757566	-5163.079398639789	-20.556161117776096	1.6951491550186477	3.00774575372023	-1.0287107103348916	-0.4317989263761329	0.14984477857908438	-0.21204196924832353	1.8051940014096652	6.050493942835637	-10.046127149304358	-5163.079398639789
828	-5182.639376494569	-5162.04585813603	-20.59351835853896	1.6951491550186477	3.00774575372023	-1.0287107103348916	-0.4317989263761329	0.14984477857908438	-0.21204196924832353	1.8051940014096652	6.053474189538097	-10.083484390067227	-5162.04585813603
830	-5182.508818269789	-5161.964586912994	-20.544231356795944	1.6951491550186477	3.00774575372023	-1.0287107103348916	-0.4317989263761329	0.14984477857908438	-0.21204196924832353	1.8051940014096652	6.022686354112693	-10.034197388324207	-5161.964586912994
832	-5184.624706396671	-5161.964586912994	-22.66011948367743	1.6951491550186477	6.154776976537213	-1.0287107103348916	-0.4317989263761329	0.14984477857908438	-0.21204196924832353	1.8051940014096652	6.022686354112693	-10.38919879100047	-5161.964586912994
834	-5184.624706396671	-5161.964586912994	-22.66011948367743	1.6951491550186477	6.154776976537213	-1.0287107103348916	-0.4317989263761329	0.14984477857908438	-0.21204196924832353	1.8051940014096652	6.022686354112693	-10.38919879100047	-5161.964586912994
836	-5184.377566802899	-5161.715147936897	-22.66241886600299	1.6951491550186477	6.154776976537213	-1.0287107103348916	-0.4317989263761329	0.14984477857908438	-0.21204196924832353	1.8051940014096652	6.023397089679749	-10.39149817332603	-5161.715147936897
838	-5184.480110290209	-5161.502254959776	-22.977855330433478	1.6951491550186477	6.154776976537213	-1.0287107103348916	-0.4317989263761329	0.14984477857908438	-0.21204196924832353	2.153327778297098	6.719664643454614	-10.706934637756518	-5161.502254959776
840	-5184.480110290209	-5161.502254959776	-22.977855330433478	1.6951491550186477	6.154776976537213	-1.0287107103348916	-0.4317989263761329	0.14984477857908438	-0.21204196924832353	2.153327778297098	6.719664643454614	-10.706934637756518	-5161.502254959776
842	-5184.480110290209	-5161.502254959776	-22.977855330433478	1.6951491550186477	6.154776976537213	-1.0287107103348916	-0.4317989263761329	0.14984477857908438	-0.21204196924832353	2.153327778297098	6.719664643454614	-10.706934637756518	-5161.502254959776
844	-5184.480110290209	-5161.502254959776	-22.977855330433478	1.6951491550186477	6.154776976537213	-1.0287107103348916	-0.4317989263761329	0.14984477857908438	-0.21204196924832353	2.153327778297098	6.719664643454614	-10.706934637756518	-5161.502254959776
846	-5186.675782709816	-5162.789264463315	-23.886518246501065	2.82787597841431	6.154776976537213	-1.0287107103348916	-0.4317989263761329	0.14984477857908438	-0.21204196924832353	2.153327778297098	6.716027787374335	-10.702806329218298	-5162.789264463315
848	-5186.675782709816	-5162.789264463315	-23.886518246501065	2.82787597841431	6.154776976537213	-1.0287107103348916	-0.4317989263761329	0.14984477857908438	-0.21204196924832353	2.153327778297098	6.716027787374335	-10.702806329218298	-5162.789264463315
850	-5187.290297971703	-5163.447520613864	-23.842777357838767	2.82787597841431	6.154776976537213	-1.0287107103348916	-0.4317989263761329	0.14984477857908438	-0.21204196924832353	2.153327778297098	6.70233063289373	-10.659065440555999	-5163.447520613864
852	-5187.768494103848	-5163.817698462846	-23.950795641001715	2.82787597841431	6.154776976537213	-1.0287107103348916	-0.4317989263761329	0.14984477857908438	-0.21204196924832353	2.153327778297098	6.767862699719876	-10.76708372371895	-5163.817698462846
854	-5187.207182627297	-5163.22606940838	-23.981113218917258	2.82787597841431	6.154776976537213	-1.0287107103348916	-0.4317989263761329	0.14984477857908438	-0.21204196924832353	2.153327778297098	6.779510337319698	-10.797401301634492	-5163.22606940838
856	-5187.708393883704	-5163.117804033907	-24.59058984979706	2.82787597841431	6.154776976537213	-1.0287107103348916	-0.4317989263761329	0.14984477857908438	-0.21204196924832353	2.2940177610403776	7.222456925376855	-11.406877932514291	-5163.117804033907
858	-5187.687958043293	-5163.117804033907	-24.57015400938624	2.82787597841431	6.154776976537213	-1.0287107103348916	-0.4317989263761329	0.07655777103828622	-0.21204196924832353	2.2940177610403776	7.222456925376855	-11.418574378863802	-5163.117804033907
860	-5187.687958043293	-5163.117804033907	-24.57015400938624	2.82787597841431	6.154776976537213	-1.0287107103348916	-0.4317989263761329	0.07655777103828622	-0.21204196924832353	2.2940177610403776	7.222456925376855	-11.418574378863802	-5163.117804033907
862	-5187.687958043293	-5163.117804033907	-24.57015400938624	2.82787597841431	6.154776976537213	-1.0287107103348916	-0.4317989263761329	0.07655777103828622	-0.21204196924832353	2.2940177610403776	7.222456925376855	-11.418574378863802	-5163.117804033907
864	-5187.633704882324	-5163.117804033907	-24.515900848417218	2.82787597841431	6.154776976537213	-1.0287107103348916	-0.6516206882732767	0.07655777103828622	-0.21204196924832353	2.2940177610403776	7.222456925376855	-11.471374614439979	-5163.117804033907
866	-5187.633704882324	-5163.117804033907	-24.515900848417218	2.82787597841431	6.154776976537213	-1.0287107103348916	-0.6516206882732767	0.07655777103828622	-0.21204196924832353	2.2940177610403776	7.222456925376855	-11.471374614439979	-5163.117804033907
868	-5185.553882612285	-5163.117804033907	-22.436078578377717	2.82787597841431	3.106554755395986	-1.0287107103348916	-0.6516206882732767	0.07655777103828622	-0.21204196924832353	2.2940177610403776	7.222456925376855	-11.083998954693579	-5163.117804033907
870	-5185.553882612285	-5163.117804033907	-22.436078578377717	2.82787597841431	3.106554755395986	-1.0287107103348916	-0.6516206882732767	0.07655777103828622	-0.21204196924832353	2.2940177610403776	7.222456925376855	-11.083998954693579	-5163.117804033907
872	-5185.728233385125	-5163.089904365677	-22.63832901944819	2.82787597841431	3.106554755395986	-1.0287107103348916	-0.6516206882732767	0.07655777103828622	-0.21204196924832353	2.546250687529174	7.726922778354448	-11.28624939576405	-5163.089904365677
874	-5185.728233385125	-5163.089904365677	-22.63832901944819	2.82787597841431	3.106554755395986	-1.0287107103348916	-0.6516206882732767	0.07655777103828622	-0.21204196924832353	2.546250687529174	7.726922778354448	-11.28624939576405	-5163.089904365677
876	-5185.728233385125	-5163.089904365677	-22.63832901944819	2.82787597841431	3.106554755395986	-1.0287107103348916	-0.6516206882732767	0.07655777103828622	-0.21204196924832353	2.546250687529174	7.726922778354448	-11.28624939576405	-5163.089904365677
878	-5185.728233385125	-5163.089904365677	-22.63832901944819	2.82787597841431	3.106554755395986	-1.0287107103348916	-0.6516206882732767	0.07655777103828622	-0.21204196924832353	2.546250687529174	7.726922778354448	-11.28624939576405	-5163.089904365677
880	-5185.728233385125	-5163.089904365677	-22.63832901944819	2.82787597841431	3.106554755395986	-1.0287107103348916	-0.6516206882732767	0.07655777103828622	-0.21204196924832353	2.546250687529174	7.726922778354448	-11.28624939576405	-5163.089904365677
882	-5184.575411648197	-5162.427607937556	-22.147803710641178	2.82787597841431	3.106554755395986	-1.0287107103348916	-0.6516206882732767	0.07655777103828622	-0.21204196924832353	2.418577894773332	7.355081604854199	-10.795724086957037	-5162.427607937556
884	-5184.575411648197	-5162.427607937556	-22.147803710641178	2.82787597841431	3.106554755395986	-1.0287107103348916	-0.6516206882732767	0.07655777103828622	-0.21204196924832353	2.418577894773332	7.355081604854199	-10.795724086957037	-5162.427607937556
886	-5183.415051030142	-5162.427607937556	-20.987443092586695	2.82787597841431	2.1287847970162157	-1.0287107103348916	-0.6516206882732767	0.07655777103828622	-0.21204196924832353	2.418577894773332	7.355081604854199	-10.370324956275269	-5162.427607937556
888	-5183.415051030142	-5162.427607937556	-20.987443092586695	2.82787597841431	2.1287847970162157	-1.0287107103348916	-0.6516206882732767	0.07655777103828622	-0.21204196924832353	2.418577894773332	7.355081604854199	-10.370324956275269	-5162.427607937556
890	-5183.415051030142	-5162.427607937556	-20.987443092586695	2.82787597841431	2.1287847970162157	-1.0287107103348916	-0.6516206882732767	0.07655777103828622	-0.21204196924832353	2.418577894773332	7.355081604854199	-10.370324956275269	-5162.427607937556
892	-5182.139836068476	-5160.511777324533	-21.6280587439431	2.82787597841431	2.1287847970162157	-1.0287107103348916	-1.525896724885377	0.07655777103828622	-0.21204196924832353	2.418577894773332	7.360982736140967	-10.958442083468594	-5160.511777324533
894	-5182.139836068476	-5160.511777324533	-21.6280587439431	2.82787597841431	2.1287847970162157	-1.0287107103348916	-1.525896724885377	0.07655777103828622	-0.21204196924832353	2.418577894773332	7.360982736140967	-10.958442083468594	-5160.511777324533
896	-5182.139836068476	-5160.511777324533	-21.6280587439431	2.82787597841431	2.1287847970162157	-1.0287107103348916	-1.525896724885377	0.07655777103828622	-0.21204196924832353	2.418577894773332	7.360982736140967	-10.958442083468594	-5160.511777324533
898	-5183.149846395625	-5160.511777324533	-22.638069071091817	2.82787597841431	3.0320125473728474	-1.0287107103348916	-1.525896724885377	0.07655777103828622	-0.21204196924832353	2.418577894773332	7.360982736140967	-11.285014154557464	-5160.511777324533
900	-5183.149846395625	-5160.511777324533	-22.638069071091817	2.82787597841431	3.0320125473728474	-1.0287107103348916	-1.525896724885377	0.07655777103828622	-0.21204196924832353	2.418577894773332	7.360982736140967	-11.285014154557464	-5160.511777324533
902	-5182.495426017292	-5159.808588350935	-22.686837666356997	2.82787597841431	3.0320125473728474	-1.0287107103348916	-1.525896724885377	0.07655777103828622	-0.21204196924832353	2.418577894773332	7.374548938732916	-11.33378274982264	-5159.808588350935
904	-5182.595108397119	-5159.90953175736	-22.685576639758704	2.82787597841431	3.0320125473728474	-1.0287107103348916	-1.525896724885377	0.07655777103828622	-0.21204196924832353	2.418577894773332	7.374242706242187	-11.332521723224351	-5159.90953175736
906	-5182.595108397119	-5159.90953175736	-22.685576639758704	2.82787597841431	3.0320125473728474	-1.0287107103348916	-1.525896724885377	0.07655777103828622	-0.21204196924832353	2.418577894773332	7.374242706242187	-11.332521723224351	-5159.90953175736
908	-5182.275642091193	-5159.538401924748	-22.737240166445144	2.82787597841431	3.0320125473728474	-1.0287107103348916	-1.525896724885377	0.07655777103828622	-0.21204196924832353	2.418577894773332	7.392969629229331	-11.384185249910791	-5159.538401924748
910	-5182.275642091193	-5159.538401924748	-22.737240166445144	2.82787597841431	3.0320125473728474	-1.0287107103348916	-1.525896724885377	0.07655777103828622	-0.21204196924832353	2.418577894773332	7.392969629229331	-11.384185249910791	-5159.538401924748
912	-5182.275642091193	-5159.538401924748	-22.737240166445144	2.82787597841431	3.0320125473728474	-1.0287107103348916	-1.525896724885377	0.07655777103828622	-0.21204196924832353	2.418577894773332	7.392969629229331	-11.384185249910791	-5159.538401924748
914	-5182.275642091193	-5159.538401924748	-22.737240166445144	2.82787597841431	3.0320125473728474	-1.0287107103348916	-1.525896724885377	0.07655777103828622	-0.21204196924832353	2.418577894773332	7.392969629229331	-11.384185249910791	-5159.538401924748
916	-5182.543099610868	-5159.809216718492	-22.733882892375288	2.82787597841431	3.0320125473728474	-1.0287107103348916	-1.525896724885377	0.07655777103828622	-0.21204196924832353	2.418577894773332	7.392155915733017	-11.380827975840933	-5159.809216718492
918	-5182.077168489552	-5159.296159085152	-22.781009404400198	2.82787597841431	3.0320125473728474	-1.0287107103348916	-1.525896724885377	0.07655777103828622	-0.21204196924832353	2.418577894773332	7.405315265752559	-11.427954487865842	-5159.296159085152
920	-5181.3036397660735	-5158.548229264746	-22.75541050132803	2.82787597841431	3.0320125473728474	-1.0287107103348916	-1.525896724885377	0.07655777103828622	-0.21204196924832353	2.418577894773332	7.401863040237158	-11.402355584793675	-5158.548229264746
922	-5182.512997457433	-5158.548229264746	-23.96476819268728	2.82787597841431	3.0320125473728474	-1.0287107103348916	-2.356787766974668	0.07655777103828622	-0.21204196924832353	2.418577894773332	7.401863040237158	-11.853415908498738	-5158.548229264746
924	-5182.512997457433	-5158.548229264746	-23.96476819268728	2.82787597841431	3.0320125473728474	-1.0287107103348916	-2.356787766974668	0.07655777103828622	-0.21204196924832353	2.418577894773332	7.401863040237158	-11.853415908498738	-5158.548229264746
926	-5181.5560929321255	-5158.548229264746	-23.00786366737938	1.6410705671841181	3.0320125473728474	-1.0287107103348916	-2.356787766974668	0.07655777103828622	-0.21204196924832353	2.418577894773332	7.401863040237158	-11.85831027829727	-5158.548229264746
928	-5181.861569050908	-5158.528953008219	-23.33261604268839	1.6410705671841181	3.0320125473728474	-1.0287107103348916	-2.356787766974668	0.07655777103828622	-0.21204196924832353	2.7356306171942277	8.03596848507895	-12.183062653606285	-5158.528953008219
930	-5181.251695645615	-5158.420503458313	-22.831192187301703	1.0152536676460906	3.0320125473728474	-1.0287107103348916	-2.356787766974668	0.07655777103828622	-0.21204196924832353	2.7356306171942277	8.064625255553969	-12.284419748360598	-5158.420503458313
932	-5181.251695645615	-5158.420503458313	-22.831192187301703	1.0152536676460906	3.0320125473728474	-1.0287107103348916	-2.356787766974668	0.07655777103828622	-0.21204196924832353	2.7356306171942277	8.064625255553969	-12.284419748360598	-5158.420503458313
934	-5181.7936990500175	-5158.420503458313	-23.37319559170473	1.0152536676460906	3.0320125473728474	-1.0287107103348916	-2.356787766974668	0.07655777103828622	-0.48683383368451916	2.7356306171942277	8.064625255553969	-12.709363007674302	-5158.420503458313
936	-5181.7936990500175	-5158.420503458313	-23.37319559170473	1.0152536676460906	3.0320125473728474	-1.0287107103348916	-2.356787766974668	0.07655777103828622	-0.48683383368451916	2.7356306171942277	8.064625255553969	-12.709363007674302	-5158.420503458313
938	-5180.810630158242	-5158.420503458313	-22.390126699929183	1.0152536676460906	3.0320125473728474	-1.0287107103348916	-0.6911015527484369	0.07655777103828622	-1.262579351076711	2.7356306171942277	8.064625255553969	-11.813259412664975	-5158.420503458313
940	-5180.810630158242	-5158.420503458313	-22.390126699929183	1.0152536676460906	3.0320125473728474	-1.0287107103348916	-0.6911015527484369	0.07655777103828622	-1.262579351076711	2.7356306171942277	8.064625255553969	-11.813259412664975	-5158.420503458313
942	-5181.525430500595	-5158.420503458313	-23.10492704228148	1.0152536676460906	3.0320125473728474	-1.2749950464621747	-0.6911015527484369	0.07655777103828622	-1.262579351076711	2.7356306171942277	8.064625255553969	-12.130900599187095	-5158.420503458313
944	-5180.3491798410605	-5158.420503458313	-21.928676382747767	1.0152536676460906	3.0320125473728474	-1.2749950464621747	-0.6911015527484369	0.07655777103828622	-0.6162982363304937	2.7356306171942277	8.064625255553969	-11.611269332093093	-5158.420503458313
946	-5179.846652722007	-5158.013620287476	-21.833032434530566	1.0152536676460906	3.0320125473728474	-1.2749950464621747	-0.6911015527484369	0.07655777103828622	-0.6162982363304937	2.7356306171942277	8.020838913311229	-11.51562538387589	-5158.013620287476
948	-5179.846652722007	-5158.013620287476	-21.833032434530566	1.0152536676460906	3.0320125473728474	-1.2749950464621747	-0.6911015527484369	0.07655777103828622	-0.6162982363304937	2.7356306171942277	8.020838913311229	-11.51562538387589	-5158.013620287476
950	-5179.846652722007	-5158.013620287476	-21.833032434530566	1.0152536676460906	3.0320125473728474	-1.2749950464621747	-0.6911015527484369	0.07655777103828622	-0.6162982363304937	2.7356306171942277	8.020838913311229	-11.51562538387589	-5158.013620287476
952	-5179.846652722007	-5158.013620287476	-21.833032434530566	1.0152536676460906	3.0320125473728474	-1.2749950464621747	-0.6911015527484369	0.07655777103828622	-0.6162982363304937	2.7356306171942277	8.020838913311229	-11.51562538387589	-5158.013620287476
954	-5179.9889427042945	-5158.153376860871	-21.83556584342365	1.0152536676460906	3.0320125473728474	-1.2749950464621747	-0.6911015527484369	0.07655777103828622	-0.6162982363304937	2.7356306171942277	8.021205618518527	-11.518158792768979	-5158.153376860871
956	-5180.002588272005	-5158.153376860871	-21.84921141113407	1.0152536676460906	3.0320125473728474	-1.2749950464621747	-0.6911015527484369	0.11300275719934208	-0.6162982363304937	2.7356306171942277	8.021205618518527	-11.502434848956947	-5158.153376860871
958	-5179.797055868735	-5157.951462291761	-21.845593576973236	1.0152536676460906	3.0320125473728474	-1.2749950464621747	-0.6911015527484369	0.11300275719934208	-0.6162982363304937	2.7356306171942277	8.020675172949648	-11.498817014796112	-5157.951462291761
960	-5179.871193283637	-5157.951462291761	-21.919730991875287	1.0152536676460906	3.0320125473728474	-1.2749950464621747	-0.6911015527484369	0.2353581453398279	-0.6162982363304937	2.7356306171942277	8.020675172949648	-11.454923186338497	-5157.951462291761
962	-5181.223998552323	-5157.951462291761	-23.272536260561353	2.684452882639036	3.0320125473728474	-1.2749950464621747	-0.6911015527484369	0.2353581453398279	-0.6162982363304937	2.7356306171942277	8.020675172949648	-11.347949250537537	-5157.951462291761
964	-5181.223998552323	-5157.951462291761	-23.272536260561353	2.684452882639036	3.0320125473728474	-1.2749950464621747	-0.6911015527484369	0.2353581453398279	-0.6162982363304937	2.7356306171942277	8.020675172949648	-11.347949250537537	-5157.951462291761
966	-5181.223998552323	-5157.951462291761	-23.272536260561353	2.684452882639036	3.0320125473728474	-1.2749950464621747	-0.6911015527484369	0.2353581453398279	-0.6162982363304937	2.7356306171942277	8.020675172949648	-11.347949250537537	-5157.951462291761
968	-5181.002034166774	-5157.967034572125	-23.034999594649037	2.684452882639036	3.0320125473728474	-1.2749950464621747	-0.6911015527484369	0.2353581453398279	-0.6162982363304937	2.476576529026992	7.502566996615178	-11.11041258462522	-5157.967034572125
970	-5179.670704129981	-5157.967034572125	-21.703669557855388	1.0773672867661475	3.0320125473728474	-1.2749950464621747	-0.6911015527484369	0.2353581453398279	-0.6162982363304937	2.476576529026992	7.502566996615178	-11.17681782926929	-5157.967034572125
972	-5179.670704129981	-5157.967034572125	-21.703669557855388	1.0773672867661475	3.0320125473728474	-1.2749950464621747	-0.6911015527484369	0.2353581453398279	-0.6162982363304937	2.476576529026992	7.502566996615178	-11.17681782926929	-5157.967034572125
974	-5179.542038588833	-5157.8361625056195	-21.705876083213216	1.0773672867661475	3.0320125473728474	-1.2749950464621747	-0.6911015527484369	0.2353581453398279	-0.6162982363304937	2.476576529026992	7.502963427234734	-11.179024354627119	-5157.8361625056195
976	-5178.449643279789	-5157.8361625056195	-20.613480774169556	1.0773672867661475	3.0320125473728474	-0.6937536270673151	-0.6911015527484369	0.2353581453398279	-0.6162982363304937	2.476576529026992	7.502963427234734	-10.829250471551992	-5157.8361625056195
978	-5178.449643279789	-5157.8361625056195	-20.613480774169556	1.0773672867661475	3.0320125473728474	-0.6937536270673151	-0.6911015527484369	0.2353581453398279	-0.6162982363304937	2.476576529026992	7.502963427234734	-10.829250471551992	-5157.8361625056195
980	-5178.087659583229	-5157.421628435168	-20.6660311480612	1.0773672867661475	3.0320125473728474	-0.6937536270673151	-0.6911015527484369	0.2353581453398279	-0.6162982363304937	2.476576529026992	7.517338763012438	-10.881800845443637	-5157.421628435168
982	-5177.843998127868	-5157.388252072478	-20.45574605538948	1.0773672867661475	3.0320125473728474	-0.6937536270673151	-0.6911015527484369	0.2353581453398279	-0.6162982363304937	2.4296637383623065	7.374940845721635	-10.671515752771917	-5157.388252072478
984	-5177.534779043576	-5157.084063008177	-20.45071603539934	1.0773672867661475	3.0320125473728474	-0.6937536270673151	-0.6911015527484369	0.2353581453398279	-0.6162982363304937	2.4296637383623065	7.374142998572546	-10.666485732781776	-5157.084063008177
986	-5177.534779043576	-5157.084063008177	-20.45071603539934	1.0773672867661475	3.0320125473728474	-0.6937536270673151	-0.6911015527484369	0.2353581453398279	-0.6162982363304937	2.4296637383623065	7.374142998572546	-10.666485732781776	-5157.084063008177
988	-5177.534779043576	-5157.084063008177	-20.45071603539934	1.0773672867661475	3.0320125473728474	-0.6937536270673151	-0.6911015527484369	0.2353581453398279	-0.6162982363304937	2.4296637383623065	7.374142998572546	-10.666485732781776	-5157.084063008177
990	-5177.816031009366	-5157.157261295613	-20.65876971375283	1.0773672867661475	3.0320125473728474	-0.6937536270673151	-0.6911015527484369	0.4007199337717142	-0.6162982363304937	2.4296637383623065	7.363678937561771	-10.667444223824035	-5157.157261295613
992	-5177.816031009366	-5157.157261295613	-20.65876971375283	1.0773672867661475	3.0320125473728474	-0.6937536270673151	-0.6911015527484369	0.4007199337717142	-0.6162982363304937	2.4296637383623065	7.363678937561771	-10.667444223824035	-5157.157261295613
994	-5178.829205177699	-5157.157261295613	-21.67194388208517	2.191658002842752	3.0320125473728474	-0.6937536270673151	-0.6911015527484369	0.4007199337717142	-0.6162982363304937	2.4296637383623065	7.363678937561771	-10.665412713746596	-5157.157261295613
996	-5177.857951262728	-5156.177546527178	-21.680404735550884	2.191658002842752	3.0320125473728474	-0.6937536270673151	-0.6911015527484369	0.4007199337717142	-0.6162982363304937	2.4296637383623065	7.3933894418477095	-10.67387356721231	-5156.177546527178
998	-5177.487775118765	-5155.813125599655	-21.674649519109774	2.191658002842752	3.0320125473728474	-0.6937536270673151	-0.6911015527484369	0.4007199337717142	-0.6162982363304937	2.4296637383623065	7.392418879551999	-10.6681183507712	-5155.813125599655
1000	-5176.429382972805	-5154.697219854967	-21.732163117837413	2.191658002842752	3.0320125473728474	-0.6937536270673151	-0.6911015527484369	0.4007199337717142	-0.6162982363304937	2.4296637383623065	7.396982937237513	-10.72563194949884	-5154.697219854967
1002	-5176.604885573212	-5154.89621528456	-21.708670288652588	2.191658002842752	3.0320125473728474	-0.6937536270673151	-0.6911015527484369	0.4007199337717142	-0.6162982363304937	2.4296637383623065	7.389574859479864	-10.702139120314014	-5154.89621528456
1004	-5176.782126009622	-5154.89621528456	-21.88591072506154	2.191658002842752	3.0320125473728474	-0.6937536270673151	-1.0137523050101866	0.4007199337717142	-0.6162982363304937	2.4296637383623065	7.389574859479864	-10.82818349652947	-5154.89621528456
1006	-5177.386685191098	-5155.050356142214	-22.336329048884167	2.191658002842752	3.0320125473728474	-0.6937536270673151	-1.0137523050101866	0.4007199337717142	-0.6162982363304937	2.5339298850921192	7.7066897278479445	-11.278601820352097	-5155.050356142214
1008	-5177.386685191098	-5155.050356142214	-22.336329048884167	2.191658002842752	3.0320125473728474	-0.6937536270673151	-1.0137523050101866	0.4007199337717142	-0.6162982363304937	2.5339298850921192	7.7066897278479445	-11.278601820352097	-5155.050356142214
1010	-5177.386685191098	-5155.050356142214	-22.336329048884167	2.191658002842752	3.0320125473728474	-0.6937536270673151	-1.0137523050101866	0.4007199337717142	-0.6162982363304937	2.5339298850921192	7.7066897278479445	-11.278601820352097	-5155.050356142214
1012	-5177.1868027441205	-5155.050356142214	-22.136446601906723	2.191658002842752	3.0320125473728474	-0.6937536270673151	-1.0137523050101866	0.4007199337717142	-0.23548354197693835	2.5339298850921192	7.7066897278479445	-11.393504921256344	-5155.050356142214
1014	-5177.1868027441205	-5155.050356142214	-22.136446601906723	2.191658002842752	3.0320125473728474	-0.6937536270673151	-1.0137523050101866	0.4007199337717142	-0.23548354197693835	2.5339298850921192	7.7066897278479445	-11.393504921256344	-5155.050356142214
1016	-5177.005170362767	-5155.050356142214	-21.954814220552922	2.191658002842752	3.0320125473728474	-0.6937536270673151	-1.0137523050101866	0.2588359000506516	-0.23548354197693835	2.5339298850921192	7.7066897278479445	-11.33886433688013	-5155.050356142214
1018	-5177.005170362767	-5155.050356142214	-21.954814220552922	2.191658002842752	3.0320125473728474	-0.6937536270673151	-1.0137523050101866	0.2588359000506516	-0.23548354197693835	2.5339298850921192	7.7066897278479445	-11.33886433688013	-5155.050356142214
1020	-5177.005170362767	-5155.050356142214	-21.954814220552922	2.191658002842752	3.0320125473728474	-0.6937536270673151	-1.0137523050101866	0.2588359000506516	-0.23548354197693835	2.5339298850921192	7.7066897278479445	-11.33886433688013	-5155.050356142214
1022	-5177.005170362767	-5155.050356142214	-21.954814220552922	2.191658002842752	3.0320125473728474	-0.6937536270673151	-1.0137523050101866	0.2588359000506516	-0.23548354197693835	2.5339298850921192	7.7066897278479445	-11.33886433688013	-5155.050356142214
1024	-5177.005170362767	-5155.050356142214	-21.954814220552922	2.191658002842752	3.0320125473728474	-0.6937536270673151	-1.0137523050101866	0.2588359000506516	-0.23548354197693835	2.5339298850921192	7.7066897278479445	-11.33886433688013	-5155.050356142214
1026	-5177.353679438319	-5155.403985574679	-21.949693863640178	2.191658002842752	3.0320125473728474	-0.6937536270673151	-1.0137523050101866	0.2588359000506516	-0.23548354197693835	2.5339298850921192	7.705515363411588	-11.333743979967384	-5155.403985574679
1028	-5178.525141953886	-5155.688014309652	-22.83712764423356	3.4021652656902854	3.0320125473728474	-0.6937536270673151	-1.0137523050101866	0.2588359000506516	-0.23548354197693835	2.5339298850921192	7.704603702604496	-11.339675916718756	-5155.688014309652
1030	-5178.82830547245	-5155.956886744092	-22.871418728357675	3.4021652656902854	3.0320125473728474	-0.6937536270673151	-1.0137523050101866	0.2588359000506516	-0.23548354197693835	2.5339298850921192	7.72019488580116	-11.37396700084287	-5155.956886744092
1032	-5178.480225736013	-5155.650172271975	-22.830053464038137	3.4021652656902854	3.0320125473728474	-0.6937536270673151	-1.0137523050101866	0.2588359000506516	-0.23548354197693835	2.5339298850921192	7.701387834396755	-11.332601736523332	-5155.650172271975
1034	-5178.976750344882	-5156.104053811861	-22.87269653302053	3.4021652656902854	3.0320125473728474	-0.6937536270673151	-1.0137523050101866	0.2588359000506516	-0.23548354197693835	2.5339298850921192	7.730232078729895	-11.375244805505725	-5156.104053811861
1036	-5178.976750344882	-5156.104053811861	-22.87269653302053	3.4021652656902854	3.0320125473728474	-0.6937536270673151	-1.0137523050101866	0.2588359000506516	-0.23548354197693835	2.5339298850921192	7.730232078729895	-11.375244805505725	-5156.104053811861
1038	-5176.847073081836	-5154.005988882536	-22.841084199300113	3.4021652656902854	3.0320125473728474	-0.6937536270673151	-1.0137523050101866	0.2588359000506516	-0.23548354197693835	2.5339298850921192	7.724290495235989	-11.343632471785305	-5154.005988882536
1040	-5176.847073081836	-5154.005988882536	-22.841084199300113	3.4021652656902854	3.0320125473728474	-0.6937536270673151	-1.0137523050101866	0.2588359000506516	-0.23548354197693835	2.5339298850921192	7.724290495235989	-11.343632471785305	-5154.005988882536
1042	-5177.5586328681375	-5153.985592944028	-23.57303992410883	3.4021652656902854	3.0320125473728474	-0.6937536270673151	-1.0137523050101866	0.2588359000506516	-0.23548354197693835	3.515560061085761	9.687550847223273	-12.075588196594023	-5153.985592944028
1044	-5176.842932720856	-5154.646220135911	-22.1967125849449	3.4021652656902854	3.0320125473728474	-0.6937536270673151	-1.0137523050101866	0.2588359000506516	-0.23548354197693835	1.669698283069595	5.995827291190942	-10.699260857430094	-5154.646220135911
1046	-5175.02087772202	-5154.646220135911	-20.37465758610847	3.4021652656902854	1.6062809854508941	-0.6937536270673151	-1.0137523050101866	0.2588359000506516	-0.23548354197693835	1.669698283069595	5.995827291190942	-10.015401913948306	-5154.646220135911
1048	-5175.02087772202	-5154.646220135911	-20.37465758610847	3.4021652656902854	1.6062809854508941	-0.6937536270673151	-1.0137523050101866	0.2588359000506516	-0.23548354197693835	1.669698283069595	5.995827291190942	-10.015401913948306	-5154.646220135911
1050	-5175.02087772202	-5154.646220135911	-20.37465758610847	3.4021652656902854	1.6062809854508941	-0.6937536270673151	-1.0137523050101866	0.2588359000506516	-0.23548354197693835	1.669698283069595	5.995827291190942	-10.015401913948306	-5154.646220135911
1052	-5175.02087772202	-5154.646220135911	-20.37465758610847	3.4021652656902854	1.6062809854508941	-0.6937536270673151	-1.0137523050101866	0.2588359000506516	-0.23548354197693835	1.669698283069595	5.995827291190942	-10.015401913948306	-5154.646220135911
1054	-5173.13720757105	-5154.646220135911	-18.49098743513902	3.4021652656902854	0.5418155935425131	-0.6937536270673151	-1.0137523050101866	0.2588359000506516	-0.23548354197693835	1.669698283069595	5.995827291190942	-9.14300367412054	-5154.646220135911
1056	-5173.1333791441075	-5154.012456154482	-19.120922989625942	3.4021652656902854	0.5418155935425131	-0.6937536270673151	-1.0137523050101866	0.2588359000506516	-0.23548354197693835	2.4556533387400554	7.567737402531861	-9.77293922860746	-5154.012456154482
1058	-5172.817373572595	-5153.689431249181	-19.12794232341336	3.4021652656902854	0.5418155935425131	-0.6937536270673151	-1.0137523050101866	0.2588359000506516	-0.23548354197693835	2.4556533387400554	7.5688803893166305	-9.779958562394878	-5153.689431249181
1060	-5173.416182318488	-5153.9230731567295	-19.493109161758372	3.4021652656902854	0.5418155935425131	-0.6937536270673151	-1.0137523050101866	0.2588359000506516	-0.6544696617419574	2.4556533387400554	7.560014432801383	-9.850237731522471	-5153.9230731567295
1062	-5173.416182318488	-5153.9230731567295	-19.493109161758372	3.4021652656902854	0.5418155935425131	-0.6937536270673151	-1.0137523050101866	0.2588359000506516	-0.6544696617419574	2.4556533387400554	7.560014432801383	-9.850237731522471	-5153.9230731567295
1064	-5173.416182318488	-5153.9230731567295	-19.493109161758372	3.4021652656902854	0.5418155935425131	-0.6937536270673151	-1.0137523050101866	0.2588359000506516	-0.6544696617419574	2.4556533387400554	7.560014432801383	-9.850237731522471	-5153.9230731567295
1066	-5173.898641416962	-5154.340805263656	-19.557836153305846	3.4021652656902854	0.5418155935425131	-0.6937536270673151	-1.0137523050101866	0.2588359000506516	-0.6544696617419574	2.4556533387400554	7.581143212720841	-9.914964723069945	-5154.340805263656
1068	-5173.784471715554	-5154.191852981313	-19.592618734241263	3.4021652656902854	0.5418155935425131	-0.6937536270673151	-1.0137523050101866	0.2588359000506516	-0.6544696617419574	2.4556533387400554	7.59330815593108	-9.949747304005362	-5154.191852981313
1070	-5173.784471715554	-5154.191852981313	-19.592618734241263	3.4021652656902854	0.5418155935425131	-0.6937536270673151	-1.0137523050101866	0.2588359000506516	-0.6544696617419574	2.4556533387400554	7.59330815593108	-9.949747304005362	-5154.191852981313
1072	-5175.215497994292	-5154.191852981313	-21.023645012978598	3.4021652656902854	1.4898525993755434	-0.6937536270673151	-1.0137523050101866	0.2588359000506516	-0.6544696617419574	2.4556533387400554	7.59330815593108	-10.477575115385848	-5154.191852981313
1074	-5175.215497994292	-5154.191852981313	-21.023645012978598	3.4021652656902854	1.4898525993755434	-0.6937536270673151	-1.0137523050101866	0.2588359000506516	-0.6544696617419574	2.4556533387400554	7.59330815593108	-10.477575115385848	-5154.191852981313
1076	-5175.215497994292	-5154.191852981313	-21.023645012978598	3.4021652656902854	1.4898525993755434	-0.6937536270673151	-1.0137523050101866	0.2588359000506516	-0.6544696617419574	2.4556533387400554	7.59330815593108	-10.477575115385848	-5154.191852981313
1078	-5175.5260306542805	-5155.552246582047	-19.973784072233993	3.4021652656902854	1.4898525993755434	-0.6937536270673151	-1.0137523050101866	0.2588359000506516	-0.6544696617419574	2.22309297059563	6.87419096120381	-9.427714174641244	-5155.552246582047
1080	-5175.289946409032	-5155.412450215563	-19.87749619346936	3.4021652656902854	1.4898525993755434	-0.6937536270673151	-1.0137523050101866	0.2588359000506516	-0.6544696617419574	2.22309297059563	6.813996821693606	-9.331426295876609	-5155.412450215563
1082	-5173.450307901285	-5155.966415989829	-17.483891911455743	1.157611361457191	1.4898525993755434	-0.6937536270673151	-1.0137523050101866	0.2588359000506516	-0.6544696617419574	1.6471477797681855	5.662106440038718	-8.754757399300885	-5155.966415989829
1084	-5173.065734125563	-5155.09412750596	-17.971606619602202	1.157611361457191	1.4898525993755434	-1.1492679316615972	-1.0137523050101866	0.2588359000506516	-0.6544696617419574	1.6471477797681855	5.66637150188985	-8.86472810001824	-5155.09412750596
1086	-5173.065734125563	-5155.09412750596	-17.971606619602202	1.157611361457191	1.4898525993755434	-1.1492679316615972	-1.0137523050101866	0.2588359000506516	-0.6544696617419574	1.6471477797681855	5.66637150188985	-8.86472810001824	-5155.09412750596
1088	-5173.065734125563	-5155.09412750596	-17.971606619602202	1.157611361457191	1.4898525993755434	-1.1492679316615972	-1.0137523050101866	0.2588359000506516	-0.6544696617419574	1.6471477797681855	5.66637150188985	-8.86472810001824	-5155.09412750596
1090	-5173.065734125563	-5155.09412750596	-17.971606619602202	1.157611361457191	1.4898525993755434	-1.1492679316615972	-1.0137523050101866	0.2588359000506516	-0.6544696617419574	1.6471477797681855	5.66637150188985	-8.86472810001824	-5155.09412750596
1092	-5173.065734125563	-5155.09412750596	-17.971606619602202	1.157611361457191	1.4898525993755434	-1.1492679316615972	-1.0137523050101866	0.2588359000506516	-0.6544696617419574	1.6471477797681855	5.66637150188985	-8.86472810001824	-5155.09412750596
1094	-5173.065734125563	-5155.09412750596	-17.971606619602202	1.157611361457191	1.4898525993755434	-1.1492679316615972	-1.0137523050101866	0.2588359000506516	-0.6544696617419574	1.6471477797681855	5.66637150188985	-8.86472810001824	-5155.09412750596
1096	-5173.065734125563	-5155.09412750596	-17.971606619602202	1.157611361457191	1.4898525993755434	-1.1492679316615972	-1.0137523050101866	0.2588359000506516	-0.6544696617419574	1.6471477797681855	5.66637150188985	-8.86472810001824	-5155.09412750596
1098	-5172.910203068327	-5154.647251031092	-18.262952037234673	1.157611361457191	1.4898525993755434	-1.1492679316615972	-1.0137523050101866	0.2588359000506516	-0.6544696617419574	1.9497678000665672	6.271611542486614	-9.15607351765071	-5154.647251031092
1100	-5172.81051116246	-5154.540286166171	-18.270224996288164	1.157611361457191	1.4898525993755434	-1.1492679316615972	-1.0137523050101866	0.2588359000506516	-0.6544696617419574	1.9497678000665672	6.264549285820312	-9.1633464767042	-5154.540286166171
1102	-5172.67199518582	-5154.540286166171	-18.13170901964924	1.157611361457191	1.4898525993755434	-1.1492679316615972	-1.0137523050101866	0.2588359000506516	-0.2635306592525673	1.9497678000665672	6.264549285820312	-9.30546061352679	-5154.540286166171
1104	-5172.665342177753	-5154.587138265141	-18.078203912611286	1.157611361457191	1.4898525993755434	-1.1492679316615972	-1.0137523050101866	0.2588359000506516	-0.2635306592525673	1.8861027090318951	6.137219103750967	-9.251955506488835	-5154.587138265141
1106	-5172.9466536481095	-5155.110016881138	-17.836636766971395	1.157611361457191	1.4898525993755434	-1.1492679316615972	-1.0137523050101866	0.2588359000506516	-0.2635306592525673	1.6010016402355796	5.567016966158336	-9.010388360848944	-5155.110016881138
1108	-5172.692870172583	-5154.879839907566	-17.813030265017456	1.157611361457191	1.4898525993755434	-1.1492679316615972	-1.0137523050101866	0.14168889205943055	-0.2635306592525673	1.6010016402355796	5.6018252421444705	-9.064573968162403	-5154.879839907566
1110	-5171.887906045514	-5153.161282015008	-18.72662403050642	1.157611361457191	1.4898525993755434	-1.1492679316615972	-1.0137523050101866	0.14168889205943055	-0.2635306592525673	1.752411628500139	6.131601272885078	-9.978167733651368	-5153.161282015008
1112	-5171.887906045514	-5153.161282015008	-18.72662403050642	1.157611361457191	1.4898525993755434	-1.1492679316615972	-1.0137523050101866	0.14168889205943055	-0.2635306592525673	1.752411628500139	6.131601272885078	-9.978167733651368	-5153.161282015008
1114	-5171.65157357414	-5153.030598882538	-18.62097469160194	1.157611361457191	1.4898525993755434	-1.1492679316615972	-1.0137523050101866	0.14168889205943055	-0.2635306592525673	1.7348287489468064	6.0700796503982	-9.872518394746885	-5153.030598882538
1116	-5171.272612118505	-5153.030598882538	-18.242013235967658	0.7995376439864891	1.4898525993755434	-1.1492679316615972	-1.0137523050101866	0.14168889205943055	-0.2635306592525673	1.7348287489468064	6.0700796503982	-9.849322058268507	-5153.030598882538
1118	-5171.272612118505	-5153.030598882538	-18.242013235967658	0.7995376439864891	1.4898525993755434	-1.1492679316615972	-1.0137523050101866	0.14168889205943055	-0.2635306592525673	1.7348287489468064	6.0700796503982	-9.849322058268507	-5153.030598882538
1120	-5172.530272705644	-5152.597423030284	-19.932849675360682	0.7995376439864891	1.4898525993755434	-1.1492679316615972	-1.0137523050101866	0.14168889205943055	-0.2635306592525673	3.5742764177499944	9.748974988004576	-11.540158497661531	-5152.597423030284
1122	-5172.530272705644	-5152.597423030284	-19.932849675360682	0.7995376439864891	1.4898525993755434	-1.1492679316615972	-1.0137523050101866	0.14168889205943055	-0.2635306592525673	3.5742764177499944	9.748974988004576	-11.540158497661531	-5152.597423030284
1124	-5172.95450090539	-5153.062837913069	-19.891662992320782	0.7995376439864891	1.4898525993755434	-1.1492679316615972	-1.0137523050101866	0.14168889205943055	-0.2635306592525673	3.5742764177499944	9.745603671498019	-11.49897181462163	-5153.062837913069
1126	-5173.249860128887	-5153.36530203027	-19.884558098616765	0.7995376439864891	1.4898525993755434	-1.1492679316615972	-1.0137523050101866	0.14168889205943055	-0.2635306592525673	3.5742764177499944	9.744609503297864	-11.491866920917612	-5153.36530203027
1128	-5173.249860128887	-5153.36530203027	-19.884558098616765	0.7995376439864891	1.4898525993755434	-1.1492679316615972	-1.0137523050101866	0.14168889205943055	-0.2635306592525673	3.5742764177499944	9.744609503297864	-11.491866920917612	-5153.36530203027
1130	-5173.249860128887	-5153.36530203027	-19.884558098616765	0.7995376439864891	1.4898525993755434	-1.1492679316615972	-1.0137523050101866	0.14168889205943055	-0.2635306592525673	3.5742764177499944	9.744609503297864	-11.491866920917612	-5153.36530203027
1132	-5172.872915019516	-5152.970018793937	-19.902896225578413	0.7995376439864891	1.4898525993755434	-1.1492679316615972	-1.0137523050101866	0.14168889205943055	-0.2635306592525673	3.5742764177499944	9.751116793058056	-11.51020504787926	-5152.970018793937
1134	-5172.872915019516	-5152.970018793937	-19.902896225578413	0.7995376439864891	1.4898525993755434	-1.1492679316615972	-1.0137523050101866	0.14168889205943055	-0.2635306592525673	3.5742764177499944	9.751116793058056	-11.51020504787926	-5152.970018793937
1136	-5172.963793390456	-5152.970018793937	-19.993774596519238	0.7995376439864891	1.4898525993755434	-1.1492679316615972	-1.0137523050101866	0.31726303499731173	-0.2635306592525673	3.5742764177499944	9.751116793058056	-11.474234157941286	-5152.970018793937
1138	-5171.696397639782	-5152.315240155454	-19.3811574843277	0.7995376439864891	1.4898525993755434	-0.6134444223369945	-1.0137523050101866	0.31726303499731173	-0.2635306592525673	3.5742764177499944	9.75638807915099	-11.26292744754264	-5152.315240155454
1140	-5172.037434355801	-5152.315240155454	-19.722194200346646	0.7995376439864891	1.4898525993755434	-0.6134444223369945	-1.0137523050101866	0.31726303499731173	-0.6280745251606803	3.5742764177499944	9.75638807915099	-11.325793269879064	-5152.315240155454
1142	-5172.294187072529	-5152.315240155454	-19.978946917074822	0.7995376439864891	1.4898525993755434	-0.6134444223369945	-1.0137523050101866	0.5293182543821153	-0.6280745251606803	3.5742764177499944	9.75638807915099	-11.269837524337863	-5152.315240155454
1144	-5172.10791343235	-5152.1528631173505	-19.95505031499909	0.7995376439864891	1.4898525993755434	-0.6134444223369945	-1.0137523050101866	0.5293182543821153	-0.6280745251606803	3.5742764177499944	9.749236510711722	-11.245940922262132	-5152.1528631173505
1146	-5172.10791343235	-5152.1528631173505	-19.95505031499909	0.7995376439864891	1.4898525993755434	-0.6134444223369945	-1.0137523050101866	0.5293182543821153	-0.6280745251606803	3.5742764177499944	9.749236510711722	-11.245940922262132	-5152.1528631173505
1148	-5172.10791343235	-5152.1528631173505	-19.95505031499909	0.7995376439864891	1.4898525993755434	-0.6134444223369945	-1.0137523050101866	0.5293182543821153	-0.6280745251606803	3.5742764177499944	9.749236510711722	-11.245940922262132	-5152.1528631173505
1150	-5172.359275361626	-5152.399348626236	-19.959926735389626	0.7995376439864891	1.4898525993755434	-0.6134444223369945	-1.0137523050101866	0.5293182543821153	-0.6280745251606803	3.5742764177499944	9.749970081027957	-11.250817342652667	-5152.399348626236
1152	-5171.639333979617	-5151.614672667009	-20.02466131260835	0.7995376439864891	1.4898525993755434	-0.6134444223369945	-1.0137523050101866	0.5293182543821153	-0.6280745251606803	3.5742764177499944	9.75658289448742	-11.315551919871393	-5151.614672667009
1154	-5171.639333979617	-5151.614672667009	-20.02466131260835	0.7995376439864891	1.4898525993755434	-0.6134444223369945	-1.0137523050101866	0.5293182543821153	-0.6280745251606803	3.5742764177499944	9.75658289448742	-11.315551919871393	-5151.614672667009
1156	-5171.314867454069	-5151.614672667009	-19.70019478706026	0.7995376439864891	1.4898525993755434	-0.6134444223369945	-1.0137523050101866	0.2332852345754033	-0.6280745251606803	3.5742764177499944	9.75658289448742	-11.402772006421511	-5151.614672667009
1158	-5171.314867454069	-5151.614672667009	-19.70019478706026	0.7995376439864891	1.4898525993755434	-0.6134444223369945	-1.0137523050101866	0.2332852345754033	-0.6280745251606803	3.5742764177499944	9.75658289448742	-11.402772006421511	-5151.614672667009
1160	-5171.314867454069	-5151.614672667009	-19.70019478706026	0.7995376439864891	1.4898525993755434	-0.6134444223369945	-1.0137523050101866	0.2332852345754033	-0.6280745251606803	3.5742764177499944	9.75658289448742	-11.402772006421511	-5151.614672667009
1162	-5170.714166413602	-5151.042790006511	-19.67137640709126	0.7995376439864891	1.4898525993755434	-0.6134444223369945	-1.0137523050101866	0.2332852345754033	-0.6280745251606803	3.5742764177499944	9.751676591252894	-11.373953626452511	-5151.042790006511
1164	-5170.283036187999	-5150.593931312851	-19.689104875147343	0.7995376439864891	1.4898525993755434	-0.6134444223369945	-1.0137523050101866	0.2332852345754033	-0.6280745251606803	3.5742764177499944	9.752855780287076	-11.391682094508596	-5150.593931312851
1166	-5170.102255558837	-5150.392796545672	-19.709459013164295	0.7995376439864891	1.4898525993755434	-0.6134444223369945	-1.0137523050101866	0.2332852345754033	-0.6280745251606803	3.5742764177499944	9.761701845347092	-11.412036232525548	-5150.392796545672
1168	-5169.865259759226	-5150.254414745912	-19.610845013314297	0.7995376439864891	1.4898525993755434	-0.6134444223369945	-1.0137523050101866	0.2332852345754033	-0.6280745251606803	3.5742764177499944	9.713180575974778	-11.31342223267555	-5150.254414745912
1170	-5169.087397795287	-5150.254414745912	-18.832983049374853	0.7995376439864891	1.0089302178698016	-0.6134444223369945	-1.0137523050101866	0.2332852345754033	-0.6280745251606803	3.5742764177499944	9.713180575974778	-11.00477910702268	-5150.254414745912
1172	-5167.875370849267	-5150.5358291347575	-17.339541714509252	0.7995376439864891	1.0089302178698016	-0.6134444223369945	-1.0137523050101866	0.2332852345754033	-0.6280745251606803	1.8143532429077345	6.193334226290259	-9.511337772157079	-5150.5358291347575
1174	-5167.875370849267	-5150.5358291347575	-17.339541714509252	0.7995376439864891	1.0089302178698016	-0.6134444223369945	-1.0137523050101866	0.2332852345754033	-0.6280745251606803	1.8143532429077345	6.193334226290259	-9.511337772157079	-5150.5358291347575
1176	-5167.875370849267	-5150.5358291347575	-17.339541714509252	0.7995376439864891	1.0089302178698016	-0.6134444223369945	-1.0137523050101866	0.2332852345754033	-0.6280745251606803	1.8143532429077345	6.193334226290259	-9.511337772157079	-5150.5358291347575
1178	-5167.875370849267	-5150.5358291347575	-17.339541714509252	0.7995376439864891	1.0089302178698016	-0.6134444223369945	-1.0137523050101866	0.2332852345754033	-0.6280745251606803	1.8143532429077345	6.193334226290259	-9.511337772157079	-5150.5358291347575
1180	-5167.875370849267	-5150.5358291347575	-17.339541714509252	0.7995376439864891	1.0089302178698016	-0.6134444223369945	-1.0137523050101866	0.2332852345754033	-0.6280745251606803	1.8143532429077345	6.193334226290259	-9.511337772157079	-5150.5358291347575
1182	-5167.875370849267	-5150.5358291347575	-17.339541714509252	0.7995376439864891	1.0089302178698016	-0.6134444223369945	-1.0137523050101866	0.2332852345754033	-0.6280745251606803	1.8143532429077345	6.193334226290259	-9.511337772157079	-5150.5358291347575
1184	-5167.875370849267	-5150.5358291347575	-17.339541714509252	0.7995376439864891	1.0089302178698016	-0.6134444223369945	-1.0137523050101866	0.2332852345754033	-0.6280745251606803	1.8143532429077345	6.193334226290259	-9.511337772157079	-5150.5358291347575
1186	-5168.030661590588	-5150.758880495567	-17.271781095021797	0.7995376439864891	1.0089302178698016	-0.6134444223369945	-1.0137523050101866	0.2332852345754033	-0.6280745251606803	1.8143532429077345	6.159526589713694	-9.443577152669624	-5150.758880495567
1188	-5168.030661590588	-5150.758880495567	-17.271781095021797	0.7995376439864891	1.0089302178698016	-0.6134444223369945	-1.0137523050101866	0.2332852345754033	-0.6280745251606803	1.8143532429077345	6.159526589713694	-9.443577152669624	-5150.758880495567
1190	-5168.030661590588	-5150.758880495567	-17.271781095021797	0.7995376439864891	1.0089302178698016	-0.6134444223369945	-1.0137523050101866	0.2332852345754033	-0.6280745251606803	1.8143532429077345	6.159526589713694	-9.443577152669624	-5150.758880495567
1192	-5167.947485141402	-5150.758880495567	-17.18860464583494	0.7995376439864891	1.0089302178698016	-0.6134444223369945	-1.0137523050101866	0.14320282365845188	-0.6280745251606803	1.8143532429077345	6.159526589713694	-9.450894122911906	-5150.758880495567
1194	-5169.020722289603	-5150.758880495567	-18.261841794036698	1.9916460799511668	1.0089302178698016	-0.6134444223369945	-1.0137523050101866	0.14320282365845188	-0.6280745251606803	1.8143532429077345	6.159526589713694	-9.399139870964921	-5150.758880495567
1196	-5168.0653861844485	-5150.758880495567	-17.306505688881778	1.9916460799511668	0.4121002979954809	-0.6134444223369945	-1.0137523050101866	0.14320282365845188	-0.6280745251606803	1.8143532429077345	6.159526589713694	-8.946291437969851	-5150.758880495567
1198	-5167.635343511562	-5150.338337460487	-17.297006051074305	1.9916460799511668	0.4121002979954809	-0.6134444223369945	-1.0137523050101866	0.14320282365845188	-0.6280745251606803	1.8143532429077345	6.158165183341098	-8.936791800162377	-5150.338337460487
1200	-5168.187392585288	-5150.338337460487	-17.84905512480044	1.9916460799511668	0.4121002979954809	-1.1001629529484758	-1.0137523050101866	0.14320282365845188	-0.6280745251606803	1.8143532429077345	6.158165183341098	-9.14820844244313	-5150.338337460487
1202	-5168.947352838487	-5151.74698463419	-17.200368204296563	1.9916460799511668	0.4121002979954809	-1.1001629529484758	-1.0137523050101866	0.14320282365845188	-0.6280745251606803	1.7077102441253231	5.786791854095917	-8.499521521939254	-5151.74698463419
1204	-5168.947352838487	-5151.74698463419	-17.200368204296563	1.9916460799511668	0.4121002979954809	-1.1001629529484758	-1.0137523050101866	0.14320282365845188	-0.6280745251606803	1.7077102441253231	5.786791854095917	-8.499521521939254	-5151.74698463419
1206	-5168.947352838487	-5151.74698463419	-17.200368204296563	1.9916460799511668	0.4121002979954809	-1.1001629529484758	-1.0137523050101866	0.14320282365845188	-0.6280745251606803	1.7077102441253231	5.786791854095917	-8.499521521939254	-5151.74698463419
1208	-5168.094288250665	-5150.383713379652	-17.71057487101244	1.9916460799511668	0.4121002979954809	-1.1001629529484758	-1.0137523050101866	0.14320282365845188	-0.6280745251606803	1.7949915974021982	6.0825557437221605	-9.00972818865513	-5150.383713379652
1210	-5168.184378711067	-5150.437431642452	-17.746947068615498	1.9916460799511668	0.4121002979954809	-1.1001629529484758	-1.0137523050101866	0.14320282365845188	-0.6280745251606803	1.7949915974021982	6.085608225124306	-9.046100386258187	-5150.437431642452
1212	-5168.708785430397	-5150.948442071082	-17.760343359315033	1.9916460799511668	0.4121002979954809	-1.1001629529484758	-1.0137523050101866	0.14320282365845188	-0.6280745251606803	1.7949915974021982	6.08725576136017	-9.059496676957723	-5150.948442071082
1214	-5168.708785430397	-5150.948442071082	-17.760343359315033	1.9916460799511668	0.4121002979954809	-1.1001629529484758	-1.0137523050101866	0.14320282365845188	-0.6280745251606803	1.7949915974021982	6.08725576136017	-9.059496676957723	-5150.948442071082
1216	-5168.115605006094	-5150.948442071082	-17.16716293501134	1.9916460799511668	0.4121002979954809	-0.4079747884796039	-1.0137523050101866	0.14320282365845188	-0.6280745251606803	1.7949915974021982	6.08725576136017	-8.808524000428273	-5150.948442071082
1218	-5168.091785848881	-5150.948442071082	-17.143343777798542	1.9916460799511668	0.4121002979954809	-0.4079747884796039	-1.0137523050101866	0.1195858144273753	-0.6280745251606803	1.7949915974021982	6.08725576136017	-8.805744366765495	-5150.948442071082
1220	-5167.696302245465	-5150.524273545678	-17.172028699787177	1.9916460799511668	0.4121002979954809	-0.4079747884796039	-1.0137523050101866	0.1195858144273753	-0.6280745251606803	1.7949915974021982	6.109778812001147	-8.834429288754132	-5150.524273545678
1222	-5167.696302245465	-5150.524273545678	-17.172028699787177	1.9916460799511668	0.4121002979954809	-0.4079747884796039	-1.0137523050101866	0.1195858144273753	-0.6280745251606803	1.7949915974021982	6.109778812001147	-8.834429288754132	-5150.524273545678
1224	-5167.641487886862	-5150.524273545678	-17.117214341184376	1.9916460799511668	0.4121002979954809	-0.4079747884796039	-1.0137523050101866	0.057171539678161146	-0.6280745251606803	1.7949915974021982	6.109778812001147	-8.829847928190775	-5150.524273545678
1226	-5167.641487886862	-5150.524273545678	-17.117214341184376	1.9916460799511668	0.4121002979954809	-0.4079747884796039	-1.0137523050101866	0.057171539678161146	-0.6280745251606803	1.7949915974021982	6.109778812001147	-8.829847928190775	-5150.524273545678
1228	-5167.641487886862	-5150.524273545678	-17.117214341184376	1.9916460799511668	0.4121002979954809	-0.4079747884796039	-1.0137523050101866	0.057171539678161146	-0.6280745251606803	1.7949915974021982	6.109778812001147	-8.829847928190775	-5150.524273545678
1230	-5167.304979028324	-5150.22353903997	-17.081439988354198	1.9916460799511668	0.4121002979954809	-0.4079747884796039	-1.0137523050101866	0.057171539678161146	-0.6280745251606803	1.7949915974021982	6.104498122961067	-8.794073575360597	-5150.22353903997
1232	-5167.181774071972	-5150.098246995048	-17.083527076924117	1.9916460799511668	0.4121002979954809	-0.4079747884796039	-1.0137523050101866	0.057171539678161146	-0.6280745251606803	1.7949915974021982	6.104900409578965	-8.796160663930516	-5150.098246995048
1234	-5167.181774071972	-5150.098246995048	-17.083527076924117	1.9916460799511668	0.4121002979954809	-0.4079747884796039	-1.0137523050101866	0.057171539678161146	-0.6280745251606803	1.7949915974021982	6.104900409578965	-8.796160663930516	-5150.098246995048
1236	-5167.181774071972	-5150.098246995048	-17.083527076924117	1.9916460799511668	0.4121002979954809	-0.4079747884796039	-1.0137523050101866	0.057171539678161146	-0.6280745251606803	1.7949915974021982	6.104900409578965	-8.796160663930516	-5150.098246995048
1238	-5167.215895147002	-5150.098246995048	-17.117648151953965	1.9916460799511668	0.4121002979954809	-0.4079747884796039	-1.0137523050101866	0.09681944208524239	-0.6280745251606803	1.7949915974021982	6.104900409578965	-8.799274482065895	-5150.098246995048
1240	-5166.6649857695975	-5150.098246995048	-16.566738774549886	1.1892772264520708	0.4121002979954809	-0.4079747884796039	-1.0137523050101866	0.09681944208524239	-0.6280745251606803	1.7949915974021982	6.104900409578965	-8.986290408376078	-5150.098246995048
1242	-5166.6649857695975	-5150.098246995048	-16.566738774549886	1.1892772264520708	0.4121002979954809	-0.4079747884796039	-1.0137523050101866	0.09681944208524239	-0.6280745251606803	1.7949915974021982	6.104900409578965	-8.986290408376078	-5150.098246995048
1244	-5166.769241375131	-5150.194262004966	-16.57497937016532	1.1892772264520708	0.4121002979954809	-0.4079747884796039	-1.0137523050101866	0.09681944208524239	-0.6280745251606803	1.7949915974021982	6.113072353632684	-8.994531003991511	-5150.194262004966
1246	-5166.359384272409	-5149.792567434756	-16.566816837653352	1.1892772264520708	0.4121002979954809	-0.4079747884796039	-1.0137523050101866	0.09681944208524239	-0.6280745251606803	1.7949915974021982	6.111770293014802	-8.986368471479544	-5149.792567434756
1248	-5166.359384272409	-5149.792567434756	-16.566816837653352	1.1892772264520708	0.4121002979954809	-0.4079747884796039	-1.0137523050101866	0.09681944208524239	-0.6280745251606803	1.7949915974021982	6.111770293014802	-8.986368471479544	-5149.792567434756
1250	-5166.008086527021	-5149.435675065786	-16.57241146123532	1.1892772264520708	0.4121002979954809	-0.4079747884796039	-1.0137523050101866	0.09681944208524239	-0.6280745251606803	1.7949915974021982	6.112973473015705	-8.991963095061509	-5149.435675065786
1252	-5166.008086527021	-5149.435675065786	-16.57241146123532	1.1892772264520708	0.4121002979954809	-0.4079747884796039	-1.0137523050101866	0.09681944208524239	-0.6280745251606803	1.7949915974021982	6.112973473015705	-8.991963095061509	-5149.435675065786
1254	-5166.008086527021	-5149.435675065786	-16.57241146123532	1.1892772264520708	0.4121002979954809	-0.4079747884796039	-1.0137523050101866	0.09681944208524239	-0.6280745251606803	1.7949915974021982	6.112973473015705	-8.991963095061509	-5149.435675065786
1256	-5166.008086527021	-5149.435675065786	-16.57241146123532	1.1892772264520708	0.4121002979954809	-0.4079747884796039	-1.0137523050101866	0.09681944208524239	-0.6280745251606803	1.7949915974021982	6.112973473015705	-8.991963095061509	-5149.435675065786
1258	-5165.936191147946	-5149.374304826499	-16.561886321447986	1.1892772264520708	0.4121002979954809	-0.4079747884796039	-1.0137523050101866	0.09681944208524239	-0.6280745251606803	1.7949915974021982	6.101905792125835	-8.981437955274176	-5149.374304826499
1260	-5165.907122532613	-5149.195453968775	-16.7116685638384	1.1892772264520708	0.4121002979954809	-0.4079747884796039	-1.0137523050101866	0.09681944208524239	-0.6280745251606803	2.007773387838179	6.527469372997797	-9.131220197664595	-5149.195453968775
1262	-5165.907122532613	-5149.195453968775	-16.7116685638384	1.1892772264520708	0.4121002979954809	-0.4079747884796039	-1.0137523050101866	0.09681944208524239	-0.6280745251606803	2.007773387838179	6.527469372997797	-9.131220197664595	-5149.195453968775
1264	-5165.907122532613	-5149.195453968775	-16.7116685638384	1.1892772264520708	0.4121002979954809	-0.4079747884796039	-1.0137523050101866	0.09681944208524239	-0.6280745251606803	2.007773387838179	6.527469372997797	-9.131220197664595	-5149.195453968775
1266	-5165.907122532613	-5149.195453968775	-16.7116685638384	1.1892772264520708	0.4121002979954809	-0.4079747884796039	-1.0137523050101866	0.09681944208524239	-0.6280745251606803	2.007773387838179	6.527469372997797	-9.131220197664595	-5149.195453968775
1268	-5165.859630844756	-5149.195453968775	-16.664176875981322	1.1892772264520708	0.4121002979954809	-0.4079747884796039	-1.0137523050101866	0.04565622110419443	-0.6280745251606803	2.007773387838179	6.527469372997797	-9.123152339371059	-5149.195453968775
1270	-5165.849935202581	-5149.160081427877	-16.68985377470355	1.1892772264520708	0.4121002979954809	-0.4079747884796039	-1.0137523050101866	0.04565622110419443	-0.6280745251606803	2.007773387838179	6.538940794471096	-9.148829238093287	-5149.160081427877
1272	-5165.849935202581	-5149.160081427877	-16.68985377470355	1.1892772264520708	0.4121002979954809	-0.4079747884796039	-1.0137523050101866	0.04565622110419443	-0.6280745251606803	2.007773387838179	6.538940794471096	-9.148829238093287	-5149.160081427877
1274	-5165.849935202581	-5149.160081427877	-16.68985377470355	1.1892772264520708	0.4121002979954809	-0.4079747884796039	-1.0137523050101866	0.04565622110419443	-0.6280745251606803	2.007773387838179	6.538940794471096	-9.148829238093287	-5149.160081427877
1276	-5165.849935202581	-5149.160081427877	-16.68985377470355	1.1892772264520708	0.4121002979954809	-0.4079747884796039	-1.0137523050101866	0.04565622110419443	-0.6280745251606803	2.007773387838179	6.538940794471096	-9.148829238093287	-5149.160081427877
1278	-5165.849935202581	-5149.160081427877	-16.68985377470355	1.1892772264520708	0.4121002979954809	-0.4079747884796039	-1.0137523050101866	0.04565622110419443	-0.6280745251606803	2.007773387838179	6.538940794471096	-9.148829238093287	-5149.160081427877
1280	-5166.330744548755	-5149.160081427877	-17.170663120878217	1.1892772264520708	0.7603824023014898	-0.4079747884796039	-1.0137523050101866	0.04565622110419443	-0.6280745251606803	2.007773387838179	6.538940794471096	-9.372494957424129	-5149.160081427877
1282	-5166.180624153629	-5149.377005996167	-16.80361815746202	1.1892772264520708	0.477125132905857	-0.4079747884796039	-1.0137523050101866	0.04565622110419443	-0.6280745251606803	2.007773387838179	6.542987959884934	-9.235229936136328	-5149.377005996167
1284	-5166.180624153629	-5149.377005996167	-16.80361815746202	1.1892772264520708	0.477125132905857	-0.4079747884796039	-1.0137523050101866	0.04565622110419443	-0.6280745251606803	2.007773387838179	6.542987959884934	-9.235229936136328	-5149.377005996167
1286	-5166.040703397244	-5149.414891765242	-16.625811632002637	1.1892772264520708	0.2622837316728366	-0.4079747884796039	-1.0137523050101866	0.04565622110419443	-0.6280745251606803	2.007773387838179	6.531597981371479	-9.033996465227839	-5149.414891765242
1288	-5166.617986866802	-5150.001280779068	-16.61670608773397	1.1892772264520708	0.2622837316728366	-0.4079747884796039	-1.0137523050101866	0.04565622110419443	-0.6280745251606803	2.007773387838179	6.529656716684386	-9.024890920959171	-5150.001280779068
1290	-5166.617986866802	-5150.001280779068	-16.61670608773397	1.1892772264520708	0.2622837316728366	-0.4079747884796039	-1.0137523050101866	0.04565622110419443	-0.6280745251606803	2.007773387838179	6.529656716684386	-9.024890920959171	-5150.001280779068
1292	-5166.617986866802	-5150.001280779068	-16.61670608773397	1.1892772264520708	0.2622837316728366	-0.4079747884796039	-1.0137523050101866	0.04565622110419443	-0.6280745251606803	2.007773387838179	6.529656716684386	-9.024890920959171	-5150.001280779068
1294	-5166.74808553726	-5150.174835087034	-16.57325045022598	1.1892772264520708	0.2622837316728366	-0.4079747884796039	-1.0137523050101866	0.04565622110419443	-0.6280745251606803	2.007773387838179	6.504400156315669	-8.981435283451182	-5150.174835087034
1296	-5166.437584967254	-5149.91373293978	-16.523852027474167	1.1892772264520708	0.2622837316728366	-0.4079747884796039	-1.0137523050101866	0.04565622110419443	-0.6280745251606803	2.007773387838179	6.498966139217377	-8.932036860699368	-5149.91373293978
1298	-5166.343690651447	-5149.731883445202	-16.611807206245548	1.1892772264520708	0.2622837316728366	-0.4079747884796039	-1.0137523050101866	0.04565622110419443	-0.6280745251606803	2.007773387838179	6.551601321773741	-9.019992039470749	-5149.731883445202
1300	-5166.343690651447	-5149.731883445202	-16.611807206245548	1.1892772264520708	0.2622837316728366	-0.4079747884796039	-1.0137523050101866	0.04565622110419443	-0.6280745251606803	2.007773387838179	6.551601321773741	-9.019992039470749	-5149.731883445202
1302	-5166.343690651447	-5149.731883445202	-16.611807206245548	1.1892772264520708	0.2622837316728366	-0.4079747884796039	-1.0137523050101866	0.04565622110419443	-0.6280745251606803	2.007773387838179	6.551601321773741	-9.019992039470749	-5149.731883445202
1304	-5166.358275388278	-5149.794118238487	-16.564157149792198	1.1892772264520708	0.2622837316728366	-0.4079747884796039	-1.0137523050101866	0.04565622110419443	-0.6280745251606803	2.007773387838179	6.546298754954455	-8.9723419830174	-5149.794118238487
1306	-5166.358275388278	-5149.794118238487	-16.564157149792198	1.1892772264520708	0.2622837316728366	-0.4079747884796039	-1.0137523050101866	0.04565622110419443	-0.6280745251606803	2.007773387838179	6.546298754954455	-8.9723419830174	-5149.794118238487
1308	-5167.2560672133395	-5149.794118238487	-17.461948974852724	1.1892772264520708	0.4750339689481079	-0.4079747884796039	-1.0137523050101866	0.04565622110419443	-1.2805994524243915	2.007773387838179	6.546298754954455	-9.242172756716204	-5149.794118238487
1310	-5167.2560672133395	-5149.794118238487	-17.461948974852724	1.1892772264520708	0.4750339689481079	-0.4079747884796039	-1.0137523050101866	0.04565622110419443	-1.2805994524243915	2.007773387838179	6.546298754954455	-9.242172756716204	-5149.794118238487
1312	-5167.160981326709	-5149.732763852341	-17.428217474367383	1.1892772264520708	0.4750339689481079	-0.4079747884796039	-1.0137523050101866	0.04565622110419443	-1.2805994524243915	2.007773387838179	6.53555839564392	-9.208441256230861	-5149.732763852341
1314	-5167.160981326709	-5149.732763852341	-17.428217474367383	1.1892772264520708	0.4750339689481079	-0.4079747884796039	-1.0137523050101866	0.04565622110419443	-1.2805994524243915	2.007773387838179	6.53555839564392	-9.208441256230861	-5149.732763852341
1316	-5167.3854005741005	-5149.732763852341	-17.65263672175929	1.1892772264520708	0.4750339689481079	-0.7798308031827867	-1.0137523050101866	0.04565622110419443	-1.2805994524243915	2.007773387838179	6.53555839564392	-9.368137742102292	-5149.732763852341
1318	-5167.3854005741005	-5149.732763852341	-17.65263672175929	1.1892772264520708	0.4750339689481079	-0.7798308031827867	-1.0137523050101866	0.04565622110419443	-1.2805994524243915	2.007773387838179	6.53555839564392	-9.368137742102292	-5149.732763852341
1320	-5167.218393433305	-5149.732763852341	-17.4856295809637	1.1892772264520708	0.29580585792731845	-0.7798308031827867	-1.0137523050101866	0.04565622110419443	-1.2805994524243915	2.007773387838179	6.53555839564392	-9.210030893560626	-5149.732763852341
1322	-5167.184895566919	-5149.782382111976	-17.40251345494311	1.1892772264520708	0.29580585792731845	-0.7798308031827867	-1.0137523050101866	0.04565622110419443	-1.2805994524243915	2.007773387838179	6.499284554790369	-9.126914767540038	-5149.782382111976
1324	-5167.184895566919	-5149.782382111976	-17.40251345494311	1.1892772264520708	0.29580585792731845	-0.7798308031827867	-1.0137523050101866	0.04565622110419443	-1.2805994524243915	2.007773387838179	6.499284554790369	-9.126914767540038	-5149.782382111976
1326	-5167.097446078742	-5149.782382111976	-17.31506396676602	0.6989035476635956	0.29580585792731845	-0.7798308031827867	-1.0137523050101866	0.10902274207138425	-1.2805994524243915	2.007773387838179	6.499284554790369	-9.430960480332685	-5149.782382111976
1328	-5166.571833394031	-5149.2689297561255	-17.30290363790601	0.6989035476635956	0.29580585792731845	-0.7798308031827867	-1.0137523050101866	0.10902274207138425	-1.2805994524243915	2.007773387838179	6.497632899636431	-9.418800151472675	-5149.2689297561255
1330	-5166.571833394031	-5149.2689297561255	-17.30290363790601	0.6989035476635956	0.29580585792731845	-0.7798308031827867	-1.0137523050101866	0.10902274207138425	-1.2805994524243915	2.007773387838179	6.497632899636431	-9.418800151472675	-5149.2689297561255
1332	-5166.883303803367	-5149.2689297561255	-17.614374047241924	0.6989035476635956	0.6584365360056337	-0.7798308031827867	-1.0137523050101866	0.10902274207138425	-1.2805994524243915	2.007773387838179	6.497632899636431	-9.584616190413207	-5149.2689297561255
1334	-5166.883303803367	-5149.2689297561255	-17.614374047241924	0.6989035476635956	0.6584365360056337	-0.7798308031827867	-1.0137523050101866	0.10902274207138425	-1.2805994524243915	2.007773387838179	6.497632899636431	-9.584616190413207	-5149.2689297561255
1336	-5166.883303803367	-5149.2689297561255	-17.614374047241924	0.6989035476635956	0.6584365360056337	-0.7798308031827867	-1.0137523050101866	0.10902274207138425	-1.2805994524243915	2.007773387838179	6.497632899636431	-9.584616190413207	-5149.2689297561255
1338	-5167.448391701926	-5149.971288247384	-17.477103454541847	0.6989035476635956	0.6584365360056337	-0.7798308031827867	-1.0137523050101866	0.10902274207138425	-1.2805994524243915	2.007773387838179	6.446002257255471	-9.447345597713129	-5149.971288247384
1340	-5167.448391701926	-5149.971288247384	-17.477103454541847	0.6989035476635956	0.6584365360056337	-0.7798308031827867	-1.0137523050101866	0.10902274207138425	-1.2805994524243915	2.007773387838179	6.446002257255471	-9.447345597713129	-5149.971288247384
1342	-5167.448391701926	-5149.971288247384	-17.477103454541847	0.6989035476635956	0.6584365360056337	-0.7798308031827867	-1.0137523050101866	0.10902274207138425	-1.2805994524243915	2.007773387838179	6.446002257255471	-9.447345597713129	-5149.971288247384
1344	-5167.448391701926	-5149.971288247384	-17.477103454541847	0.6989035476635956	0.6584365360056337	-0.7798308031827867	-1.0137523050101866	0.10902274207138425	-1.2805994524243915	2.007773387838179	6.446002257255471	-9.447345597713129	-5149.971288247384
1346	-5167.448391701926	-5149.971288247384	-17.477103454541847	0.6989035476635956	0.6584365360056337	-0.7798308031827867	-1.0137523050101866	0.10902274207138425	-1.2805994524243915	2.007773387838179	6.446002257255471	-9.447345597713129	-5149.971288247384
1348	-5166.97258148645	-5149.5378734156775	-17.43470807077218	0.6989035476635956	0.6584365360056337	-0.7798308031827867	-0.4929205247310067	0.10902274207138425	-1.2805994524243915	2.007773387838179	6.470024991517001	-9.391151094511414	-5149.5378734156775
1350	-5166.97258148645	-5149.5378734156775	-17.43470807077218	0.6989035476635956	0.6584365360056337	-0.7798308031827867	-0.4929205247310067	0.10902274207138425	-1.2805994524243915	2.007773387838179	6.470024991517001	-9.391151094511414	-5149.5378734156775
1352	-5166.97258148645	-5149.5378734156775	-17.43470807077218	0.6989035476635956	0.6584365360056337	-0.7798308031827867	-0.4929205247310067	0.10902274207138425	-1.2805994524243915	2.007773387838179	6.470024991517001	-9.391151094511414	-5149.5378734156775
1354	-5166.97258148645	-5149.5378734156775	-17.43470807077218	0.6989035476635956	0.6584365360056337	-0.7798308031827867	-0.4929205247310067	0.10902274207138425	-1.2805994524243915	2.007773387838179	6.470024991517001	-9.391151094511414	-5149.5378734156775
1356	-5166.59886730423	-5149.5378734156775	-17.06099388855241	0.6989035476635956	0.6584365360056337	-0.7798308031827867	-0.4929205247310067	0.10902274207138425	-1.0156578461429255	2.007773387838179	6.470024991517001	-9.350508621256232	-5149.5378734156775
1358	-5166.762818608684	-5149.5378734156775	-17.224945193006686	1.0731852730580158	0.6584365360056337	-0.7798308031827867	-0.4929205247310067	0.10902274207138425	-1.0156578461429255	2.007773387838179	6.470024991517001	-9.147260754929524	-5149.5378734156775
1360	-5166.762818608684	-5149.5378734156775	-17.224945193006686	1.0731852730580158	0.6584365360056337	-0.7798308031827867	-0.4929205247310067	0.10902274207138425	-1.0156578461429255	2.007773387838179	6.470024991517001	-9.147260754929524	-5149.5378734156775
1362	-5166.896495552329	-5149.70758628362	-17.188909268708734	1.0731852730580158	0.6584365360056337	-0.7798308031827867	-0.4929205247310067	0.10902274207138425	-1.0156578461429255	2.007773387838179	6.454045487757876	-9.11122483063157	-5149.70758628362
1364	-5166.896495552329	-5149.70758628362	-17.188909268708734	1.0731852730580158	0.6584365360056337	-0.7798308031827867	-0.4929205247310067	0.10902274207138425	-1.0156578461429255	2.007773387838179	6.454045487757876	-9.11122483063157	-5149.70758628362
1366	-5168.01210762375	-5150.952286672584	-17.059820951166504	1.0731852730580158	0.6584365360056337	-0.7798308031827867	-0.4929205247310067	0.10902274207138425	-1.0156578461429255	2.007773387838179	6.401286586413091	-8.98213651308934	-5150.952286672584
1368	-5169.055642497759	-5150.952286672584	-18.103355825175825	1.0731852730580158	1.372942207921085	-0.7798308031827867	-0.4929205247310067	0.10902274207138425	-1.0156578461429255	2.007773387838179	6.401286586413091	-9.32791248070121	-5150.952286672584
1370	-5168.919715188397	-5150.804865489393	-18.11484969900405	1.0731852730580158	1.372942207921085	-0.7798308031827867	-0.4929205247310067	0.10902274207138425	-1.0156578461429255	2.007773387838179	6.413370226654443	-9.339406354529434	-5150.804865489393
1372	-5168.919715188397	-5150.804865489393	-18.11484969900405	1.0731852730580158	1.372942207921085	-0.7798308031827867	-0.4929205247310067	0.10902274207138425	-1.0156578461429255	2.007773387838179	6.413370226654443	-9.339406354529434	-5150.804865489393
1374	-5169.599927901067	-5151.427046814941	-18.17288108612617	1.0731852730580158	1.372942207921085	-0.7798308031827867	-0.4929205247310067	0.10902274207138425	-1.0156578461429255	2.007773387838179	6.420790348154473	-9.397437741651554	-5151.427046814941
1376	-5169.599927901067	-5151.427046814941	-18.17288108612617	1.0731852730580158	1.372942207921085	-0.7798308031827867	-0.4929205247310067	0.10902274207138425	-1.0156578461429255	2.007773387838179	6.420790348154473	-9.397437741651554	-5151.427046814941
1378	-5169.599927901067	-5151.427046814941	-18.17288108612617	1.0731852730580158	1.372942207921085	-0.7798308031827867	-0.4929205247310067	0.10902274207138425	-1.0156578461429255	2.007773387838179	6.420790348154473	-9.397437741651554	-5151.427046814941
1380	-5169.599927901067	-5151.427046814941	-18.17288108612617	1.0731852730580158	1.372942207921085	-0.7798308031827867	-0.4929205247310067	0.10902274207138425	-1.0156578461429255	2.007773387838179	6.420790348154473	-9.397437741651554	-5151.427046814941
1382	-5169.599927901067	-5151.427046814941	-18.17288108612617	1.0731852730580158	1.372942207921085	-0.7798308031827867	-0.4929205247310067	0.10902274207138425	-1.0156578461429255	2.007773387838179	6.420790348154473	-9.397437741651554	-5151.427046814941
1384	-5169.395150879356	-5151.427046814941	-17.968104064415705	1.0731852730580158	1.372942207921085	-0.4087338374745556	-0.4929205247310067	0.10902274207138425	-1.0156578461429255	2.007773387838179	6.420790348154473	-9.450812140574138	-5151.427046814941
1386	-5169.884114858334	-5151.930137033847	-17.9539778244869	1.0731852730580158	1.372942207921085	-0.4087338374745556	-0.4929205247310067	0.10902274207138425	-1.0156578461429255	2.007773387838179	6.409038958910733	-9.43668590064533	-5151.930137033847
1388	-5169.60360335481	-5151.930137033847	-17.673466320962767	0.5918785915068777	1.372942207921085	-0.4087338374745556	-0.4929205247310067	0.10902274207138425	-1.0156578461429255	2.007773387838179	6.409038958910733	-9.61622777213379	-5151.930137033847
1390	-5170.159436057193	-5151.930137033847	-18.229299023345316	1.4155985170607053	1.372942207921085	-0.4087338374745556	-0.4929205247310067	0.10902274207138425	-1.0156578461429255	2.007773387838179	6.409038958910733	-9.377183828956284	-5151.930137033847
1392	-5170.1273526671275	-5151.865488490559	-18.261864176568185	1.4155985170607053	1.372942207921085	-0.4087338374745556	-0.4929205247310067	0.10902274207138425	-1.0156578461429255	2.007773387838179	6.4132640425373	-9.409748982179153	-5151.865488490559
1394	-5170.1273526671275	-5151.865488490559	-18.261864176568185	1.4155985170607053	1.372942207921085	-0.4087338374745556	-0.4929205247310067	0.10902274207138425	-1.0156578461429255	2.007773387838179	6.4132640425373	-9.409748982179153	-5151.865488490559
1396	-5169.622869722602	-5151.338931442378	-18.283938280224138	1.4155985170607053	1.372942207921085	-0.4087338374745556	-0.4929205247310067	0.10902274207138425	-1.0156578461429255	2.007773387838179	6.42847445660307	-9.431823085835108	-5151.338931442378
1398	-5170.461836376439	-5151.338931442378	-19.122904934060678	2.414239271448912	1.372942207921085	-0.4087338374745556	-0.4929205247310067	0.10902274207138425	-1.0156578461429255	2.007773387838179	6.42847445660307	-9.408935182826951	-5151.338931442378
1400	-5170.443790677736	-5151.478392122886	-18.965398554849187	2.414239271448912	1.372942207921085	-0.4087338374745556	-0.4929205247310067	0.10902274207138425	-1.0156578461429255	1.817742261843652	6.048412204614017	-9.251428803615461	-5151.478392122886
1402	-5169.591236435161	-5151.478392122886	-18.112844312274685	1.3903275889336553	1.372942207921085	-0.4087338374745556	-0.4929205247310067	0.10902274207138425	-1.0156578461429255	1.817742261843652	6.048412204614017	-9.284840381543688	-5151.478392122886
1404	-5169.591236435161	-5151.478392122886	-18.112844312274685	1.3903275889336553	1.372942207921085	-0.4087338374745556	-0.4929205247310067	0.10902274207138425	-1.0156578461429255	1.817742261843652	6.048412204614017	-9.284840381543688	-5151.478392122886
1406	-5168.18932983816	-5151.478392122886	-16.710937715274184	1.3903275889336553	0.43901853017703946	-0.4087338374745556	-0.4929205247310067	0.10902274207138425	-1.0156578461429255	1.817742261843652	6.048412204614017	-8.73449367681715	-5151.478392122886
1408	-5168.43327846202	-5151.7417605113615	-16.691517950658884	1.3903275889336553	0.43901853017703946	-0.4087338374745556	-0.4929205247310067	0.10902274207138425	-1.0156578461429255	1.817742261843652	6.037848480687892	-8.715073912201847	-5151.7417605113615
1410	-5169.89410141928	-5153.507534434532	-16.386566984747333	1.3903275889336553	0.43901853017703946	-0.4087338374745556	-0.4929205247310067	0.10902274207138425	-1.0156578461429255	1.4066847438002201	5.227081765419724	-8.410122946290297	-5153.507534434532
1412	-5169.393507788368	-5153.040409086302	-16.353098702066283	1.3903275889336553	0.43901853017703946	-0.4087338374745556	-0.4929205247310067	0.10902274207138425	-1.0156578461429255	1.4066847438002201	5.22253415740489	-8.376654663609246	-5153.040409086302
1414	-5169.634979950317	-5153.040409086302	-16.59457086401488	1.3903275889336553	0.43901853017703946	-0.8144460445137485	-0.4929205247310067	0.10902274207138425	-1.0156578461429255	1.4066847438002201	5.22253415740489	-8.321851690013963	-5153.040409086302
1416	-5169.634979950317	-5153.040409086302	-16.59457086401488	1.3903275889336553	0.43901853017703946	-0.8144460445137485	-0.4929205247310067	0.10902274207138425	-1.0156578461429255	1.4066847438002201	5.22253415740489	-8.321851690013963	-5153.040409086302
1418	-5169.634979950317	-5153.040409086302	-16.59457086401488	1.3903275889336553	0.43901853017703946	-0.8144460445137485	-0.4929205247310067	0.10902274207138425	-1.0156578461429255	1.4066847438002201	5.22253415740489	-8.321851690013963	-5153.040409086302
1420	-5169.634979950317	-5153.040409086302	-16.59457086401488	1.3903275889336553	0.43901853017703946	-0.8144460445137485	-0.4929205247310067	0.10902274207138425	-1.0156578461429255	1.4066847438002201	5.22253415740489	-8.321851690013963	-5153.040409086302
1422	-5169.634979950317	-5153.040409086302	-16.59457086401488	1.3903275889336553	0.43901853017703946	-0.8144460445137485	-0.4929205247310067	0.10902274207138425	-1.0156578461429255	1.4066847438002201	5.22253415740489	-8.321851690013963	-5153.040409086302
1424	-5169.634979950317	-5153.040409086302	-16.59457086401488	1.3903275889336553	0.43901853017703946	-0.8144460445137485	-0.4929205247310067	0.10902274207138425	-1.0156578461429255	1.4066847438002201	5.22253415740489	-8.321851690013963	-5153.040409086302
1426	-5168.885055456312	-5152.278272399809	-16.60678305650316	1.3903275889336553	0.43901853017703946	-0.8144460445137485	-0.4929205247310067	0.10902274207138425	-1.0156578461429255	1.4066847438002201	5.22512092936336	-8.334063882502244	-5152.278272399809
1428	-5168.885055456312	-5152.278272399809	-16.60678305650316	1.3903275889336553	0.43901853017703946	-0.8144460445137485	-0.4929205247310067	0.10902274207138425	-1.0156578461429255	1.4066847438002201	5.22512092936336	-8.334063882502244	-5152.278272399809
1430	-5168.885055456312	-5152.278272399809	-16.60678305650316	1.3903275889336553	0.43901853017703946	-0.8144460445137485	-0.4929205247310067	0.10902274207138425	-1.0156578461429255	1.4066847438002201	5.22512092936336	-8.334063882502244	-5152.278272399809
1432	-5171.013273741866	-5152.278272399809	-18.735001342057128	1.3903275889336553	0.43901853017703946	-1.649863634584151	-0.4929205247310067	0.2616276168031995	-1.0156578461429255	1.4066847438002201	5.22512092936336	-8.603791601657708	-5152.278272399809
1434	-5171.013273741866	-5152.278272399809	-18.735001342057128	1.3903275889336553	0.43901853017703946	-1.649863634584151	-0.4929205247310067	0.2616276168031995	-1.0156578461429255	1.4066847438002201	5.22512092936336	-8.603791601657708	-5152.278272399809
1436	-5171.013273741866	-5152.278272399809	-18.735001342057128	1.3903275889336553	0.43901853017703946	-1.649863634584151	-0.4929205247310067	0.2616276168031995	-1.0156578461429255	1.4066847438002201	5.22512092936336	-8.603791601657708	-5152.278272399809
1438	-5172.259784903275	-5152.278272399809	-19.981512503466284	1.3903275889336553	0.8742183667392924	-1.649863634584151	-0.4929205247310067	0.6322166828988109	-1.0156578461429255	1.4066847438002201	5.22512092936336	-8.783678886694092	-5152.278272399809
1440	-5172.259784903275	-5152.278272399809	-19.981512503466284	1.3903275889336553	0.8742183667392924	-1.649863634584151	-0.4929205247310067	0.6322166828988109	-1.0156578461429255	1.4066847438002201	5.22512092936336	-8.783678886694092	-5152.278272399809
1442	-5172.259784903275	-5152.278272399809	-19.981512503466284	1.3903275889336553	0.8742183667392924	-1.649863634584151	-0.4929205247310067	0.6322166828988109	-1.0156578461429255	1.4066847438002201	5.22512092936336	-8.783678886694092	-5152.278272399809
1444	-5172.259784903275	-5152.278272399809	-19.981512503466284	1.3903275889336553	0.8742183667392924	-1.649863634584151	-0.4929205247310067	0.6322166828988109	-1.0156578461429255	1.4066847438002201	5.22512092936336	-8.783678886694092	-5152.278272399809
1446	-5171.52452582674	-5152.278272399809	-19.246253426931	0.6683458661430018	0.8742183667392924	-1.649863634584151	-0.4929205247310067	0.6322166828988109	-1.0156578461429255	1.4066847438002201	5.22512092936336	-8.754022647158338	-5152.278272399809
1448	-5171.52452582674	-5152.278272399809	-19.246253426931	0.6683458661430018	0.8742183667392924	-1.649863634584151	-0.4929205247310067	0.6322166828988109	-1.0156578461429255	1.4066847438002201	5.22512092936336	-8.754022647158338	-5152.278272399809
1450	-5170.012525273523	-5152.278272399809	-17.734252873714347	0.6683458661430018	0.8742183667392924	-0.8266314249770955	-0.4929205247310067	0.6322166828988109	-1.0156578461429255	1.4066847438002201	5.22512092936336	-8.874964541170273	-5152.278272399809
1452	-5169.3538571440995	-5152.278272399809	-17.075584744290765	0.6683458661430018	0.8742183667392924	-0.8266314249770955	-0.4929205247310067	0.29886491062321224	-1.0156578461429255	1.4066847438002201	5.22512092936336	-8.865245454117808	-5152.278272399809
1454	-5169.850671033238	-5152.765833467569	-17.084837565668785	0.6683458661430018	0.8742183667392924	-0.8266314249770955	-0.4929205247310067	0.29886491062321224	-1.0156578461429255	1.4066847438002201	5.226725138310133	-8.874498275495828	-5152.765833467569
1456	-5169.850671033238	-5152.765833467569	-17.084837565668785	0.6683458661430018	0.8742183667392924	-0.8266314249770955	-0.4929205247310067	0.29886491062321224	-1.0156578461429255	1.4066847438002201	5.226725138310133	-8.874498275495828	-5152.765833467569
1458	-5169.850671033238	-5152.765833467569	-17.084837565668785	0.6683458661430018	0.8742183667392924	-0.8266314249770955	-0.4929205247310067	0.29886491062321224	-1.0156578461429255	1.4066847438002201	5.226725138310133	-8.874498275495828	-5152.765833467569
1460	-5169.500176999507	-5152.765833467569	-16.734343531938237	0.6683458661430018	0.37954504639329906	-0.8266314249770955	-0.4929205247310067	0.29886491062321224	-1.0156578461429255	1.4066847438002201	5.226725138310133	-8.898126924689665	-5152.765833467569
1462	-5169.115353368467	-5152.765833467569	-16.3495199008987	0.6683458661430018	0.37954504639329906	-0.8266314249770955	-0.4929205247310067	0.29886491062321224	-0.4941952226471213	1.4066847438002201	5.226725138310133	-9.062816145186769	-5152.765833467569
1464	-5168.324008952273	-5151.062154655488	-17.26185429678602	0.6683458661430018	0.37954504639329906	-0.8266314249770955	-0.4929205247310067	0.29886491062321224	-0.4941952226471213	2.979412389428448	8.372180429566589	-9.975150541074093	-5151.062154655488
1466	-5168.324008952273	-5151.062154655488	-17.26185429678602	0.6683458661430018	0.37954504639329906	-0.8266314249770955	-0.4929205247310067	0.29886491062321224	-0.4941952226471213	2.979412389428448	8.372180429566589	-9.975150541074093	-5151.062154655488
1468	-5168.6824287838335	-5150.888299983883	-17.79412879995021	0.6683458661430018	0.37954504639329906	-0.8266314249770955	-0.4929205247310067	0.615617498794787	-0.4941952226471213	2.979412389428448	8.364262436797464	-10.061222758382252	-5150.888299983883
1470	-5169.745676303231	-5150.888299983883	-18.857376319347967	0.6683458661430018	0.37954504639329906	-0.8266314249770955	-0.4929205247310067	1.0102390377986314	-0.4941952226471213	2.979412389428448	8.364262436797464	-10.287852189780697	-5150.888299983883
1472	-5169.571989967376	-5150.888299983883	-18.683689983492528	0.6683458661430018	0.37954504639329906	-0.8266314249770955	-0.9825989372942076	1.0102390377986314	-0.4941952226471213	2.979412389428448	8.364262436797464	-10.157684403947592	-5150.888299983883
1474	-5169.38478070842	-5150.678177166493	-18.706603541927628	0.6683458661430018	0.37954504639329906	-0.8266314249770955	-0.9825989372942076	1.0102390377986314	-0.4941952226471213	2.979412389428448	8.356011128155933	-10.180597962382693	-5150.678177166493
1476	-5169.38478070842	-5150.678177166493	-18.706603541927628	0.6683458661430018	0.37954504639329906	-0.8266314249770955	-0.9825989372942076	1.0102390377986314	-0.4941952226471213	2.979412389428448	8.356011128155933	-10.180597962382693	-5150.678177166493
1478	-5169.38478070842	-5150.678177166493	-18.706603541927628	0.6683458661430018	0.37954504639329906	-0.8266314249770955	-0.9825989372942076	1.0102390377986314	-0.4941952226471213	2.979412389428448	8.356011128155933	-10.180597962382693	-5150.678177166493
1480	-5169.38478070842	-5150.678177166493	-18.706603541927628	0.6683458661430018	0.37954504639329906	-0.8266314249770955	-0.9825989372942076	1.0102390377986314	-0.4941952226471213	2.979412389428448	8.356011128155933	-10.180597962382693	-5150.678177166493
1482	-5169.559937155669	-5150.9018396165375	-18.658097539131234	0.6683458661430018	0.37954504639329906	-0.8266314249770955	-0.9825989372942076	1.0102390377986314	-0.4941952226471213	2.979412389428448	8.361695510708278	-10.132091959586297	-5150.9018396165375
1484	-5169.713095018851	-5151.0495831085955	-18.663511910255323	0.6683458661430018	0.37954504639329906	-0.8266314249770955	-0.9825989372942076	1.0102390377986314	-0.4941952226471213	2.979412389428448	8.354803262031343	-10.137506330710385	-5151.0495831085955
1486	-5169.4831554238	-5150.824726585511	-18.658428838288927	0.6683458661430018	0.37954504639329906	-0.8266314249770955	-0.9825989372942076	1.0102390377986314	-0.4941952226471213	2.979412389428448	8.348563438905472	-10.132423258743987	-5150.824726585511
1488	-5169.4831554238	-5150.824726585511	-18.658428838288927	0.6683458661430018	0.37954504639329906	-0.8266314249770955	-0.9825989372942076	1.0102390377986314	-0.4941952226471213	2.979412389428448	8.348563438905472	-10.132423258743987	-5150.824726585511
1490	-5169.4831554238	-5150.824726585511	-18.658428838288927	0.6683458661430018	0.37954504639329906	-0.8266314249770955	-0.9825989372942076	1.0102390377986314	-0.4941952226471213	2.979412389428448	8.348563438905472	-10.132423258743987	-5150.824726585511
1492	-5169.420309953409	-5150.766789547428	-18.65352040598121	0.6683458661430018	0.37954504639329906	-0.8266314249770955	-0.9825989372942076	1.0102390377986314	-0.4941952226471213	2.979412389428448	8.34088683203513	-10.127514826436274	-5150.766789547428
1494	-5169.420309953409	-5150.766789547428	-18.65352040598121	0.6683458661430018	0.37954504639329906	-0.8266314249770955	-0.9825989372942076	1.0102390377986314	-0.4941952226471213	2.979412389428448	8.34088683203513	-10.127514826436274	-5150.766789547428
1496	-5172.666045806204	-5150.362087564336	-22.303958241867893	0.6683458661430018	0.37954504639329906	-0.8266314249770955	-0.9825989372942076	1.0102390377986314	-0.4941952226471213	8.29232944611733	19.157587416735524	-13.777952662322956	-5150.362087564336
1498	-5172.551564131526	-5150.362087564336	-22.18947656718976	0.6683458661430018	0.37954504639329906	-0.8266314249770955	-0.5383880087418811	1.0102390377986314	-0.4941952226471213	8.29232944611733	19.157587416735524	-13.634091786592547	-5150.362087564336
1500	-5172.651818200105	-5150.440099365357	-22.211718834747177	0.6683458661430018	0.37954504639329906	-0.8266314249770955	-0.5383880087418811	1.0102390377986314	-0.4941952226471213	8.29232944611733	19.160241359578396	-13.656334054149964	-5150.440099365357
1502	-5172.651818200105	-5150.440099365357	-22.211718834747177	0.6683458661430018	0.37954504639329906	-0.8266314249770955	-0.5383880087418811	1.0102390377986314	-0.4941952226471213	8.29232944611733	19.160241359578396	-13.656334054149964	-5150.440099365357
1504	-5172.651818200105	-5150.440099365357	-22.211718834747177	0.6683458661430018	0.37954504639329906	-0.8266314249770955	-0.5383880087418811	1.0102390377986314	-0.4941952226471213	8.29232944611733	19.160241359578396	-13.656334054149964	-5150.440099365357
1506	-5172.651818200105	-5150.440099365357	-22.211718834747177	0.6683458661430018	0.37954504639329906	-0.8266314249770955	-0.5383880087418811	1.0102390377986314	-0.4941952226471213	8.29232944611733	19.160241359578396	-13.656334054149964	-5150.440099365357
1508	-5170.359691923583	-5150.440211423969	-19.919480499613677	0.6683458661430018	0.37954504639329906	-0.8266314249770955	-0.5383880087418811	1.0102390377986314	-0.4941952226471213	4.229102952164752	11.03378837167324	-11.36409571901646	-5150.440211423969
1510	-5170.739868678787	-5150.859324512009	-19.880544166778662	0.6683458661430018	0.37954504639329906	-0.8266314249770955	-0.5383880087418811	1.0102390377986314	-0.4941952226471213	4.229102952164752	11.019958110545172	-11.325159386181443	-5150.859324512009
1512	-5170.939597108121	-5151.062696682944	-19.876900425177368	0.6683458661430018	0.37954504639329906	-0.8266314249770955	-0.5383880087418811	1.0102390377986314	-0.4941952226471213	4.229102952164752	11.019097071525024	-11.32151564458015	-5151.062696682944
1514	-5170.939597108121	-5151.062696682944	-19.876900425177368	0.6683458661430018	0.37954504639329906	-0.8266314249770955	-0.5383880087418811	1.0102390377986314	-0.4941952226471213	4.229102952164752	11.019097071525024	-11.32151564458015	-5151.062696682944
1516	-5172.086909625278	-5151.062696682944	-21.02421294233372	0.6683458661430018	0.37954504639329906	-0.8266314249770955	-1.2005933740582826	1.0102390377986314	-1.0725981106443376	4.229102952164752	11.019097071525024	-11.403002454092137	-5151.062696682944
1518	-5171.68798647131	-5150.672382812945	-21.015603658365265	0.6683458661430018	0.37954504639329906	-0.8266314249770955	-1.2005933740582826	1.0102390377986314	-1.0725981106443376	4.229102952164752	11.017837986458023	-11.394393170123681	-5150.672382812945
1520	-5171.076895442692	-5150.537869072237	-20.539026370454835	0.6683458661430018	0.37954504639329906	-0.8266314249770955	-1.2005933740582826	1.0102390377986314	-1.0725981106443376	4.034403289427534	10.510598185412594	-10.917815882213254	-5150.537869072237
1522	-5171.429161265531	-5150.537869072237	-20.89129219329298	0.6683458661430018	0.7482051589050107	-0.8266314249770955	-1.2005933740582826	1.0102390377986314	-1.0725981106443376	4.034403289427534	10.510598185412594	-11.01857440810547	-5150.537869072237
1524	-5171.429161265531	-5150.537869072237	-20.89129219329298	0.6683458661430018	0.7482051589050107	-0.8266314249770955	-1.2005933740582826	1.0102390377986314	-1.0725981106443376	4.034403289427534	10.510598185412594	-11.01857440810547	-5150.537869072237
1526	-5171.429161265531	-5150.537869072237	-20.89129219329298	0.6683458661430018	0.7482051589050107	-0.8266314249770955	-1.2005933740582826	1.0102390377986314	-1.0725981106443376	4.034403289427534	10.510598185412594	-11.01857440810547	-5150.537869072237
1528	-5171.359701948513	-5150.472197047635	-20.887504900878273	0.6683458661430018	0.7482051589050107	-0.8266314249770955	-1.2005933740582826	1.0102390377986314	-1.0725981106443376	4.034403289427534	10.527748349368283	-11.014787115690764	-5150.472197047635
1530	-5171.359701948513	-5150.472197047635	-20.887504900878273	0.6683458661430018	0.7482051589050107	-0.8266314249770955	-1.2005933740582826	1.0102390377986314	-1.0725981106443376	4.034403289427534	10.527748349368283	-11.014787115690764	-5150.472197047635
1532	-5170.228598216087	-5150.472197047635	-19.756401168452392	0.6683458661430018	0.7482051589050107	-0.8266314249770955	-1.2005933740582826	0.3799102470018426	-1.0725981106443376	4.034403289427534	10.527748349368283	-11.436023971073556	-5150.472197047635
1534	-5169.783469030177	-5150.01795776411	-19.765511266066504	0.6683458661430018	0.7482051589050107	-0.8266314249770955	-1.2005933740582826	0.3799102470018426	-1.0725981106443376	4.034403289427534	10.529403665973872	-11.445134068687667	-5150.01795776411
1536	-5171.084451072523	-5151.440997613384	-19.64345345913881	0.6683458661430018	0.7482051589050107	-0.8266314249770955	-1.2005933740582826	0.3799102470018426	-1.0725981106443376	4.034403289427534	10.499642562804805	-11.323076261759974	-5151.440997613384
1538	-5171.084451072523	-5151.440997613384	-19.64345345913881	0.6683458661430018	0.7482051589050107	-0.8266314249770955	-1.2005933740582826	0.3799102470018426	-1.0725981106443376	4.034403289427534	10.499642562804805	-11.323076261759974	-5151.440997613384
1540	-5171.084451072523	-5151.440997613384	-19.64345345913881	0.6683458661430018	0.7482051589050107	-0.8266314249770955	-1.2005933740582826	0.3799102470018426	-1.0725981106443376	4.034403289427534	10.499642562804805	-11.323076261759974	-5151.440997613384
1542	-5170.945568995811	-5151.440997613384	-19.504571382427795	0.6683458661430018	0.7482051589050107	-0.8266314249770955	-1.2005933740582826	0.13693111824992413	-1.0725981106443376	4.034403289427534	10.499642562804805	-11.570394804106098	-5151.440997613384
1544	-5170.945568995811	-5151.440997613384	-19.504571382427795	0.6683458661430018	0.7482051589050107	-0.8266314249770955	-1.2005933740582826	0.13693111824992413	-1.0725981106443376	4.034403289427534	10.499642562804805	-11.570394804106098	-5151.440997613384
1546	-5170.726095672697	-5151.440997613384	-19.285098059313242	0.6683458661430018	0.7482051589050107	-0.8266314249770955	-0.9192372417631108	0.25712611662609064	-1.0725981106443376	4.034403289427534	10.499642562804805	-11.240272695147329	-5151.440997613384
1548	-5170.167930343946	-5150.274594798126	-19.893335545819944	0.6683458661430018	0.7482051589050107	-0.8266314249770955	-0.9192372417631108	0.25712611662609064	-1.0725981106443376	4.034403289427534	10.742823294779601	-11.84851018165403	-5150.274594798126
1550	-5168.903185711155	-5149.190875231796	-19.712310479358656	0.6683458661430018	0.7482051589050107	-0.8266314249770955	-0.9192372417631108	0.25712611662609064	-1.0725981106443376	4.034403289427534	10.656956398995087	-11.667485115192743	-5149.190875231796
1552	-5169.950191072602	-5149.190875231796	-20.759315840805954	0.6683458661430018	1.354259938186548	-0.8266314249770955	-0.9192372417631108	0.25712611662609064	-1.0725981106443376	4.034403289427534	10.656956398995087	-12.117248083455836	-5149.190875231796
1554	-5170.41005539755	-5149.608046085846	-20.802009311704552	0.6683458661430018	1.354259938186548	-0.8266314249770955	-0.9192372417631108	0.25712611662609064	-1.0725981106443376	4.034403289427534	10.66971690390248	-12.159941554354436	-5149.608046085846
1556	-5170.20436673973	-5149.502095146432	-20.70227159329814	0.6683458661430018	1.354259938186548	-0.8266314249770955	-0.9192372417631108	0.25712611662609064	-1.0725981106443376	4.034403289427534	10.628012893229092	-12.060203835948021	-5149.502095146432
1558	-5169.608839088908	-5148.917455107899	-20.69138398100978	0.6683458661430018	1.354259938186548	-0.8266314249770955	-0.9192372417631108	0.25712611662609064	-1.0725981106443376	4.034403289427534	10.624158373479489	-12.049316223659659	-5148.917455107899
1560	-5169.399753735658	-5148.743568089539	-20.656185646119333	0.6683458661430018	1.354259938186548	-0.8266314249770955	-0.9192372417631108	0.25712611662609064	-1.0725981106443376	4.034403289427534	10.613176292036924	-12.014117888769213	-5148.743568089539
1562	-5169.746066410111	-5148.743568089539	-21.002498320571746	1.287848910383223	1.354259938186548	-0.8266314249770955	-0.9192372417631108	0.25712611662609064	-1.0725981106443376	4.034403289427534	10.613176292036924	-11.753694163174767	-5148.743568089539
1564	-5169.746066410111	-5148.743568089539	-21.002498320571746	1.287848910383223	1.354259938186548	-0.8266314249770955	-0.9192372417631108	0.25712611662609064	-1.0725981106443376	4.034403289427534	10.613176292036924	-11.753694163174767	-5148.743568089539
1566	-5169.746066410111	-5148.743568089539	-21.002498320571746	1.287848910383223	1.354259938186548	-0.8266314249770955	-0.9192372417631108	0.25712611662609064	-1.0725981106443376	4.034403289427534	10.613176292036924	-11.753694163174767	-5148.743568089539
1568	-5169.746066410111	-5148.743568089539	-21.002498320571746	1.287848910383223	1.354259938186548	-0.8266314249770955	-0.9192372417631108	0.25712611662609064	-1.0725981106443376	4.034403289427534	10.613176292036924	-11.753694163174767	-5148.743568089539
1570	-5169.746066410111	-5148.743568089539	-21.002498320571746	1.287848910383223	1.354259938186548	-0.8266314249770955	-0.9192372417631108	0.25712611662609064	-1.0725981106443376	4.034403289427534	10.613176292036924	-11.753694163174767	-5148.743568089539
1572	-5169.30426595453	-5148.743568089539	-20.560697864991617	1.287848910383223	1.354259938186548	-0.40248241414191993	-0.9192372417631108	0.25712611662609064	-1.0725981106443376	4.034403289427534	10.613176292036924	-11.443327559844116	-5148.743568089539
1574	-5167.710677149304	-5148.840395371475	-18.870281777828914	1.287848910383223	1.354259938186548	-0.40248241414191993	-0.9192372417631108	0.25712611662609064	-1.0725981106443376	2.064695973929264	6.673761661040384	-9.752911472681411	-5148.840395371475
1576	-5167.710677149304	-5148.840395371475	-18.870281777828914	1.287848910383223	1.354259938186548	-0.40248241414191993	-0.9192372417631108	0.25712611662609064	-1.0725981106443376	2.064695973929264	6.673761661040384	-9.752911472681411	-5148.840395371475
1578	-5167.787016033367	-5148.867433140711	-18.919582892655495	1.287848910383223	1.354259938186548	-0.40248241414191993	-0.9192372417631108	0.25712611662609064	-1.0725981106443376	2.064695973929264	6.700004363471852	-9.802212587507993	-5148.867433140711
1580	-5167.787016033367	-5148.867433140711	-18.919582892655495	1.287848910383223	1.354259938186548	-0.40248241414191993	-0.9192372417631108	0.25712611662609064	-1.0725981106443376	2.064695973929264	6.700004363471852	-9.802212587507993	-5148.867433140711
1582	-5168.052340389396	-5149.100234925494	-18.9521054639018	1.287848910383223	1.354259938186548	-0.40248241414191993	-0.9192372417631108	0.25712611662609064	-1.0725981106443376	2.064695973929264	6.716006472076769	-9.834735158754297	-5149.100234925494
1584	-5168.052340389396	-5149.100234925494	-18.9521054639018	1.287848910383223	1.354259938186548	-0.40248241414191993	-0.9192372417631108	0.25712611662609064	-1.0725981106443376	2.064695973929264	6.716006472076769	-9.834735158754297	-5149.100234925494
1586	-5168.018738844224	-5149.221065990161	-18.79767285406232	1.287848910383223	1.354259938186548	-0.40248241414191993	-0.9192372417631108	0.25712611662609064	-1.0725981106443376	1.8846597754016312	6.355934075021503	-9.680302548914817	-5149.221065990161
1588	-5168.249189023647	-5149.221065990161	-19.028123033485564	1.287848910383223	1.354259938186548	-0.40248241414191993	-0.9192372417631108	0.39713294459351695	-1.0725981106443376	1.8846597754016312	6.355934075021503	-9.668980933352591	-5149.221065990161
1590	-5168.408334921767	-5149.394161907189	-19.01417301457792	1.287848910383223	1.354259938186548	-0.40248241414191993	-0.9192372417631108	0.39713294459351695	-1.0725981106443376	1.8846597754016312	6.348842897355745	-9.655030914444948	-5149.394161907189
1592	-5168.5104327758245	-5149.457805766368	-19.052627009455982	1.287848910383223	1.354259938186548	-0.40248241414191993	-0.9192372417631108	0.39713294459351695	-1.0725981106443376	1.8846597754016312	6.354147573076503	-9.693484909323004	-5149.457805766368
1594	-5168.5104327758245	-5149.457805766368	-19.052627009455982	1.287848910383223	1.354259938186548	-0.40248241414191993	-0.9192372417631108	0.39713294459351695	-1.0725981106443376	1.8846597754016312	6.354147573076503	-9.693484909323004	-5149.457805766368
1596	-5168.5104327758245	-5149.457805766368	-19.052627009455982	1.287848910383223	1.354259938186548	-0.40248241414191993	-0.9192372417631108	0.39713294459351695	-1.0725981106443376	1.8846597754016312	6.354147573076503	-9.693484909323004	-5149.457805766368
1598	-5168.5104327758245	-5149.457805766368	-19.052627009455982	1.287848910383223	1.354259938186548	-0.40248241414191993	-0.9192372417631108	0.39713294459351695	-1.0725981106443376	1.8846597754016312	6.354147573076503	-9.693484909323004	-5149.457805766368
1600	-5168.5104327758245	-5149.457805766368	-19.052627009455982	1.287848910383223	1.354259938186548	-0.40248241414191993	-0.9192372417631108	0.39713294459351695	-1.0725981106443376	1.8846597754016312	6.354147573076503	-9.693484909323004	-5149.457805766368
1602	-5168.5104327758245	-5149.457805766368	-19.052627009455982	1.287848910383223	1.354259938186548	-0.40248241414191993	-0.9192372417631108	0.39713294459351695	-1.0725981106443376	1.8846597754016312	6.354147573076503	-9.693484909323004	-5149.457805766368
1604	-5168.5104327758245	-5149.457805766368	-19.052627009455982	1.287848910383223	1.354259938186548	-0.40248241414191993	-0.9192372417631108	0.39713294459351695	-1.0725981106443376	1.8846597754016312	6.354147573076503	-9.693484909323004	-5149.457805766368
1606	-5168.850501117793	-5149.805051808953	-19.045449308839807	1.287848910383223	1.354259938186548	-0.40248241414191993	-0.9192372417631108	0.39713294459351695	-1.0725981106443376	1.8846597754016312	6.352815439594238	-9.686307208706829	-5149.805051808953
1608	-5168.850501117793	-5149.805051808953	-19.045449308839807	1.287848910383223	1.354259938186548	-0.40248241414191993	-0.9192372417631108	0.39713294459351695	-1.0725981106443376	1.8846597754016312	6.352815439594238	-9.686307208706829	-5149.805051808953
1610	-5168.850501117793	-5149.805051808953	-19.045449308839807	1.287848910383223	1.354259938186548	-0.40248241414191993	-0.9192372417631108	0.39713294459351695	-1.0725981106443376	1.8846597754016312	6.352815439594238	-9.686307208706829	-5149.805051808953
1612	-5168.978508044226	-5149.805051808953	-19.173456235273342	1.287848910383223	1.354259938186548	-0.741235246309732	-0.9192372417631108	0.39713294459351695	-1.0725981106443376	1.8846597754016312	6.352815439594238	-9.73827075754341	-5149.805051808953
1614	-5168.897824477205	-5149.768292629857	-19.129531847348098	1.287848910383223	1.354259938186548	-0.741235246309732	-0.9192372417631108	0.39713294459351695	-1.0725981106443376	1.8846597754016312	6.346654885380913	-9.694346369618161	-5149.768292629857
1616	-5168.935406251736	-5149.862379324566	-19.073026927169984	1.287848910383223	1.354259938186548	-0.741235246309732	-0.9192372417631108	0.39713294459351695	-1.0725981106443376	1.8846597754016312	6.332215775268734	-9.63784144944005	-5149.862379324566
1618	-5168.935406251736	-5149.862379324566	-19.073026927169984	1.287848910383223	1.354259938186548	-0.741235246309732	-0.9192372417631108	0.39713294459351695	-1.0725981106443376	1.8846597754016312	6.332215775268734	-9.63784144944005	-5149.862379324566
1620	-5169.206879903847	-5150.154932218247	-19.051947685600183	1.287848910383223	1.354259938186548	-0.741235246309732	-0.9192372417631108	0.39713294459351695	-1.0725981106443376	1.8846597754016312	6.324202658896617	-9.616762207870252	-5150.154932218247
1622	-5169.206879903847	-5150.154932218247	-19.051947685600183	1.287848910383223	1.354259938186548	-0.741235246309732	-0.9192372417631108	0.39713294459351695	-1.0725981106443376	1.8846597754016312	6.324202658896617	-9.616762207870252	-5150.154932218247
1624	-5168.664877843004	-5150.154932218247	-18.509945624757304	0.7017569577759613	1.354259938186548	-0.741235246309732	-0.9192372417631108	0.39713294459351695	-1.0725981106443376	1.8846597754016312	6.324202658896617	-9.651181821376964	-5150.154932218247
1626	-5168.664877843004	-5150.154932218247	-18.509945624757304	0.7017569577759613	1.354259938186548	-0.741235246309732	-0.9192372417631108	0.39713294459351695	-1.0725981106443376	1.8846597754016312	6.324202658896617	-9.651181821376964	-5150.154932218247
1628	-5168.778376268831	-5150.31442325574	-18.46395301309188	0.7017569577759613	1.354259938186548	-0.741235246309732	-0.9192372417631108	0.39713294459351695	-1.0725981106443376	1.8846597754016312	6.3136250049190785	-9.605189209711542	-5150.31442325574
1630	-5169.95827136806	-5151.515983483825	-18.442287884235043	0.7017569577759613	1.354259938186548	-0.741235246309732	-0.9192372417631108	0.39713294459351695	-1.0725981106443376	1.8846597754016312	6.302041791649428	-9.583524080854703	-5151.515983483825
1632	-5169.95827136806	-5151.515983483825	-18.442287884235043	0.7017569577759613	1.354259938186548	-0.741235246309732	-0.9192372417631108	0.39713294459351695	-1.0725981106443376	1.8846597754016312	6.302041791649428	-9.583524080854703	-5151.515983483825
1634	-5169.95827136806	-5151.515983483825	-18.442287884235043	0.7017569577759613	1.354259938186548	-0.741235246309732	-0.9192372417631108	0.39713294459351695	-1.0725981106443376	1.8846597754016312	6.302041791649428	-9.583524080854703	-5151.515983483825
1636	-5169.918784180404	-5151.515262318155	-18.40352186224936	0.7017569577759613	1.354259938186548	-0.741235246309732	-0.9192372417631108	0.39713294459351695	-1.0725981106443376	1.8846597754016312	6.298277427326925	-9.54475805886902	-5151.515262318155
1638	-5169.918784180404	-5151.515262318155	-18.40352186224936	0.7017569577759613	1.354259938186548	-0.741235246309732	-0.9192372417631108	0.39713294459351695	-1.0725981106443376	1.8846597754016312	6.298277427326925	-9.54475805886902	-5151.515262318155
1640	-5169.918784180404	-5151.515262318155	-18.40352186224936	0.7017569577759613	1.354259938186548	-0.741235246309732	-0.9192372417631108	0.39713294459351695	-1.0725981106443376	1.8846597754016312	6.298277427326925	-9.54475805886902	-5151.515262318155
1642	-5169.845680496786	-5151.383085344312	-18.46259515247373	0.7017569577759613	1.354259938186548	-0.741235246309732	-0.9192372417631108	0.39713294459351695	-1.0725981106443376	1.8846597754016312	6.311858035764834	-9.60383134909339	-5151.383085344312
1644	-5169.845680496786	-5151.383085344312	-18.46259515247373	0.7017569577759613	1.354259938186548	-0.741235246309732	-0.9192372417631108	0.39713294459351695	-1.0725981106443376	1.8846597754016312	6.311858035764834	-9.60383134909339	-5151.383085344312
1646	-5169.845680496786	-5151.383085344312	-18.46259515247373	0.7017569577759613	1.354259938186548	-0.741235246309732	-0.9192372417631108	0.39713294459351695	-1.0725981106443376	1.8846597754016312	6.311858035764834	-9.60383134909339	-5151.383085344312
1648	-5171.285525424143	-5151.148846007917	-20.13667941622571	0.7017569577759613	1.354259938186548	-0.741235246309732	-0.9192372417631108	0.39713294459351695	-1.0725981106443376	3.585695557531365	9.7139296000243	-11.277915612845373	-5151.148846007917
1650	-5171.260433783306	-5151.259914984868	-20.000518798438357	0.7017569577759613	1.354259938186548	-0.741235246309732	-0.9192372417631108	0.39713294459351695	-1.0725981106443376	3.585695557531365	9.66115147079443	-11.141754995058019	-5151.259914984868
1652	-5171.508764169417	-5151.254124616218	-20.254639553198594	0.7017569577759613	1.354259938186548	-0.741235246309732	-0.9192372417631108	0.39713294459351695	-1.0725981106443376	3.8095046186860313	10.11209303774812	-11.395875749818252	-5151.254124616218
1654	-5171.508764169417	-5151.254124616218	-20.254639553198594	0.7017569577759613	1.354259938186548	-0.741235246309732	-0.9192372417631108	0.39713294459351695	-1.0725981106443376	3.8095046186860313	10.11209303774812	-11.395875749818252	-5151.254124616218
1656	-5171.276097313661	-5151.254124616218	-20.021972697442784	0.7017569577759613	1.354259938186548	-0.2987628004937624	-0.9192372417631108	0.39713294459351695	-1.0725981106443376	3.8095046186860313	10.11209303774812	-11.21664222282737	-5151.254124616218
1658	-5171.276097313661	-5151.254124616218	-20.021972697442784	0.7017569577759613	1.354259938186548	-0.2987628004937624	-0.9192372417631108	0.39713294459351695	-1.0725981106443376	3.8095046186860313	10.11209303774812	-11.21664222282737	-5151.254124616218
1660	-5171.076750823311	-5151.254124616218	-19.82262620709318	0.7017569577759613	1.354259938186548	-0.2987628004937624	-0.5605202491203457	0.39713294459351695	-1.0725981106443376	3.8095046186860313	10.11209303774812	-11.175531517656271	-5151.254124616218
1662	-5170.894258726287	-5151.254124616218	-19.64013411006884	0.7017569577759613	1.354259938186548	-0.2987628004937624	-0.5605202491203457	0.2697910828619342	-1.0725981106443376	3.8095046186860313	10.11209303774812	-11.21455340822086	-5151.254124616218
1664	-5171.422916597374	-5151.726795388531	-19.696121208842392	0.7017569577759613	1.354259938186548	-0.2987628004937624	-0.5605202491203457	0.2697910828619342	-1.0725981106443376	3.8095046186860313	10.120100699425018	-11.270540506994411	-5151.726795388531
1666	-5170.16198113172	-5151.726795388531	-18.43518574318879	0.7017569577759613	0.4735688427125044	-0.2987628004937624	-0.5605202491203457	0.2697910828619342	-1.0725981106443376	3.8095046186860313	10.120100699425018	-10.826953279073088	-5151.726795388531
1668	-5170.6743471155	-5152.230709451862	-18.443637663638004	0.7017569577759613	0.4735688427125044	-0.2987628004937624	-0.5605202491203457	0.2697910828619342	-1.0725981106443376	3.8095046186860313	10.121794338605554	-10.835405199522304	-5152.230709451862
1670	-5170.569746771073	-5152.020918848348	-18.548827922725714	0.7017569577759613	0.4735688427125044	-0.2987628004937624	-0.5605202491203457	0.2697910828619342	-1.0725981106443376	3.8095046186860313	10.182384931649352	-10.940595458610014	-5152.020918848348
1672	-5170.569746771073	-5152.020918848348	-18.548827922725714	0.7017569577759613	0.4735688427125044	-0.2987628004937624	-0.5605202491203457	0.2697910828619342	-1.0725981106443376	3.8095046186860313	10.182384931649352	-10.940595458610014	-5152.020918848348
1674	-5170.835705663581	-5152.241105137699	-18.5946005258823	0.7017569577759613	0.4735688427125044	-0.2987628004937624	-0.5605202491203457	0.2697910828619342	-1.0725981106443376	3.8095046186860313	10.209792515326374	-10.986368061766598	-5152.241105137699
1676	-5170.9772213704155	-5152.241105137699	-18.73611623271584	0.7017569577759613	0.4735688427125044	-0.6450845137220377	-0.5605202491203457	0.2697910828619342	-1.0725981106443376	3.8095046186860313	10.209792515326374	-10.995129282689517	-5152.241105137699
1678	-5172.371217042061	-5153.165360095088	-19.205856946973938	0.7017569577759613	0.4735688427125044	-0.6450845137220377	-0.5605202491203457	0.2697910828619342	-1.0725981106443376	3.987899017856007	10.687904496734074	-11.464869996947613	-5153.165360095088
1680	-5171.7603029873635	-5153.63913854714	-18.121164440223446	0.7017569577759613	0.4735688427125044	-0.6450845137220377	-0.5605202491203457	0.2697910828619342	-1.0725981106443376	3.573124013247003	9.576272628162638	-10.38017749019712	-5153.63913854714
1682	-5172.737533156662	-5153.382348006105	-19.355185150557094	0.7017569577759613	0.4735688427125044	-0.6450845137220377	-0.5605202491203457	0.2697910828619342	-1.0725981106443376	4.047283271882584	10.845621172599552	-11.61419820053077	-5153.382348006105
1684	-5172.737533156662	-5153.382348006105	-19.355185150557094	0.7017569577759613	0.4735688427125044	-0.6450845137220377	-0.5605202491203457	0.2697910828619342	-1.0725981106443376	4.047283271882584	10.845621172599552	-11.61419820053077	-5153.382348006105
1686	-5172.640138464172	-5153.382348006105	-19.257790458067213	0.7017569577759613	0.4735688427125044	-0.5364845664896819	-0.5605202491203457	0.2697910828619342	-1.0725981106443376	4.047283271882584	10.845621172599552	-11.584249378326126	-5153.382348006105
1688	-5172.798132940287	-5153.517201751591	-19.28093118869688	0.7017569577759613	0.4735688427125044	-0.5364845664896819	-0.5605202491203457	0.2697910828619342	-1.0725981106443376	4.047283271882584	10.85479669809862	-11.607390108955794	-5153.517201751591
1690	-5170.422955090366	-5152.379591874019	-18.043363216346854	0.7017569577759613	0.4735688427125044	-0.5364845664896819	-0.5605202491203457	0.10199225869342228	-1.0725981106443376	3.64516384831208	9.776314096809358	-10.612187645935684	-5152.379591874019
1692	-5170.786648828994	-5152.379591874019	-18.40705695497499	1.176514666072378	0.4735688427125044	-0.5364845664896819	-0.5605202491203457	0.10199225869342228	-1.0725981106443376	3.64516384831208	9.776314096809358	-10.508662088785412	-5152.379591874019
1694	-5170.786648828994	-5152.379591874019	-18.40705695497499	1.176514666072378	0.4735688427125044	-0.5364845664896819	-0.5605202491203457	0.10199225869342228	-1.0725981106443376	3.64516384831208	9.776314096809358	-10.508662088785412	-5152.379591874019
1696	-5171.181312429494	-5152.703722521666	-18.477589907827603	1.176514666072378	0.4735688427125044	-0.5364845664896819	-0.5605202491203457	0.10199225869342228	-1.0725981106443376	3.64516384831208	9.81530938877017	-10.579195041638025	-5152.703722521666
1698	-5171.181312429494	-5152.703722521666	-18.477589907827603	1.176514666072378	0.4735688427125044	-0.5364845664896819	-0.5605202491203457	0.10199225869342228	-1.0725981106443376	3.64516384831208	9.81530938877017	-10.579195041638025	-5152.703722521666
1700	-5169.605409659537	-5151.1275045903385	-18.477905069198876	1.176514666072378	0.4735688427125044	-0.5364845664896819	-0.5605202491203457	0.10199225869342228	-1.0725981106443376	3.64516384831208	9.826477877159931	-10.579510203009297	-5151.1275045903385
1702	-5169.558268125594	-5151.057458415286	-18.500809710307678	1.176514666072378	0.4735688427125044	-0.5364845664896819	-0.5605202491203457	0.10199225869342228	-1.0725981106443376	3.64516384831208	9.835664398883818	-10.602414844118101	-5151.057458415286
1704	-5169.680439658347	-5153.032077214513	-16.648362443832898	1.176514666072378	0.4735688427125044	-0.5364845664896819	-0.5605202491203457	0.10199225869342228	-1.0725981106443376	1.4180729880738512	5.3938519908332605	-8.74996757764332	-5153.032077214513
1706	-5168.390259247702	-5151.088213797913	-17.30204544978782	1.176514666072378	0.4735688427125044	-0.5364845664896819	-0.5605202491203457	0.10199225869342228	-0.7549092526546874	2.6747647129160685	7.907235440517694	-9.726341751393411	-5151.088213797913
1708	-5168.694723165623	-5151.0914366715615	-17.60328649406165	1.176514666072378	0.4735688427125044	-0.5364845664896819	-0.5605202491203457	0.10199225869342228	-0.7549092526546874	2.7657261634027464	8.176138945015111	-10.027582795667243	-5151.0914366715615
1710	-5168.92913417006	-5151.298761690321	-17.63037247973923	1.176514666072378	0.4735688427125044	-0.5364845664896819	-0.5605202491203457	0.10199225869342228	-0.7549092526546874	2.7657261634027464	8.187494734662591	-10.054668781344823	-5151.298761690321
1712	-5168.92913417006	-5151.298761690321	-17.63037247973923	1.176514666072378	0.4735688427125044	-0.5364845664896819	-0.5605202491203457	0.10199225869342228	-0.7549092526546874	2.7657261634027464	8.187494734662591	-10.054668781344823	-5151.298761690321
1714	-5169.056234236306	-5151.298761690321	-17.757472545985323	1.176514666072378	0.4735688427125044	-0.5364845664896819	-0.5605202491203457	0.22382693079979096	-0.7549092526546874	2.7657261634027464	8.187494734662591	-10.0500986522058	-5151.298761690321
1716	-5169.056234236306	-5151.298761690321	-17.757472545985323	1.176514666072378	0.4735688427125044	-0.5364845664896819	-0.5605202491203457	0.22382693079979096	-0.7549092526546874	2.7657261634027464	8.187494734662591	-10.0500986522058	-5151.298761690321
1718	-5169.056234236306	-5151.298761690321	-17.757472545985323	1.176514666072378	0.4735688427125044	-0.5364845664896819	-0.5605202491203457	0.22382693079979096	-0.7549092526546874	2.7657261634027464	8.187494734662591	-10.0500986522058	-5151.298761690321
1720	-5169.056234236306	-5151.298761690321	-17.757472545985323	1.176514666072378	0.4735688427125044	-0.5364845664896819	-0.5605202491203457	0.22382693079979096	-0.7549092526546874	2.7657261634027464	8.187494734662591	-10.0500986522058	-5151.298761690321
1722	-5169.056234236306	-5151.298761690321	-17.757472545985323	1.176514666072378	0.4735688427125044	-0.5364845664896819	-0.5605202491203457	0.22382693079979096	-0.7549092526546874	2.7657261634027464	8.187494734662591	-10.0500986522058	-5151.298761690321
1724	-5169.056234236306	-5151.298761690321	-17.757472545985323	1.176514666072378	0.4735688427125044	-0.5364845664896819	-0.5605202491203457	0.22382693079979096	-0.7549092526546874	2.7657261634027464	8.187494734662591	-10.0500986522058	-5151.298761690321
1726	-5169.056234236306	-5151.298761690321	-17.757472545985323	1.176514666072378	0.4735688427125044	-0.5364845664896819	-0.5605202491203457	0.22382693079979096	-0.7549092526546874	2.7657261634027464	8.187494734662591	-10.0500986522058	-5151.298761690321
1728	-5168.939616639862	-5151.204651634172	-17.734965005690153	1.176514666072378	0.4735688427125044	-0.5364845664896819	-0.5605202491203457	0.22382693079979096	-0.7549092526546874	2.7657261634027464	8.176759368213144	-10.027591111910631	-5151.204651634172
1730	-5169.123334462783	-5151.3567821489405	-17.766552313842254	1.176514666072378	0.4735688427125044	-0.5364845664896819	-0.5605202491203457	0.22382693079979096	-0.7549092526546874	2.7657261634027464	8.19180557319414	-10.05917842006273	-5151.3567821489405
1732	-5169.123334462783	-5151.3567821489405	-17.766552313842254	1.176514666072378	0.4735688427125044	-0.5364845664896819	-0.5605202491203457	0.22382693079979096	-0.7549092526546874	2.7657261634027464	8.19180557319414	-10.05917842006273	-5151.3567821489405
1734	-5168.773308089035	-5151.056605858975	-17.716702230059788	1.176514666072378	0.4735688427125044	-0.5364845664896819	-0.5605202491203457	0.22382693079979096	-0.7549092526546874	2.7657261634027464	8.170626198163706	-10.009328336280266	-5151.056605858975
1736	-5168.773308089035	-5151.056605858975	-17.716702230059788	1.176514666072378	0.4735688427125044	-0.5364845664896819	-0.5605202491203457	0.22382693079979096	-0.7549092526546874	2.7657261634027464	8.170626198163706	-10.009328336280266	-5151.056605858975
1738	-5168.151648861504	-5150.512679379397	-17.638969482107477	1.176514666072378	0.4735688427125044	-0.5364845664896819	-0.5605202491203457	0.22382693079979096	-0.7549092526546874	2.7657261634027464	8.122447611832492	-9.931595588327955	-5150.512679379397
1740	-5168.151648861504	-5150.512679379397	-17.638969482107477	1.176514666072378	0.4735688427125044	-0.5364845664896819	-0.5605202491203457	0.22382693079979096	-0.7549092526546874	2.7657261634027464	8.122447611832492	-9.931595588327955	-5150.512679379397
1742	-5168.151648861504	-5150.512679379397	-17.638969482107477	1.176514666072378	0.4735688427125044	-0.5364845664896819	-0.5605202491203457	0.22382693079979096	-0.7549092526546874	2.7657261634027464	8.122447611832492	-9.931595588327955	-5150.512679379397
1744	-5168.151648861504	-5150.512679379397	-17.638969482107477	1.176514666072378	0.4735688427125044	-0.5364845664896819	-0.5605202491203457	0.22382693079979096	-0.7549092526546874	2.7657261634027464	8.122447611832492	-9.931595588327955	-5150.512679379397
1746	-5168.169173147752	-5150.512679379397	-17.65649376835513	1.176514666072378	0.4735688427125044	-0.5734367400831429	-0.5605202491203457	0.22382693079979096	-0.7549092526546874	2.7657261634027464	8.122447611832492	-9.928818311328191	-5150.512679379397
1748	-5168.169173147752	-5150.512679379397	-17.65649376835513	1.176514666072378	0.4735688427125044	-0.5734367400831429	-0.5605202491203457	0.22382693079979096	-0.7549092526546874	2.7657261634027464	8.122447611832492	-9.928818311328191	-5150.512679379397
1750	-5170.815454563314	-5152.560168137062	-18.255286426252667	1.176514666072378	0.4735688427125044	-0.5734367400831429	-0.5605202491203457	0.22382693079979096	-0.7549092526546874	2.9518915816308238	8.669182453734571	-10.52761096922573	-5152.560168137062
1752	-5170.815454563314	-5152.560168137062	-18.255286426252667	1.176514666072378	0.4735688427125044	-0.5734367400831429	-0.5605202491203457	0.22382693079979096	-0.7549092526546874	2.9518915816308238	8.669182453734571	-10.52761096922573	-5152.560168137062
1754	-5171.086838438017	-5152.874412017763	-18.212426420254662	1.176514666072378	0.4735688427125044	-0.5734367400831429	-0.5605202491203457	0.22382693079979096	-0.7549092526546874	2.9518915816308238	8.657784127177486	-10.484750963227725	-5152.874412017763
1756	-5168.957540594829	-5151.251282232532	-17.706258362297596	1.176514666072378	0.4735688427125044	-0.5734367400831429	-0.5605202491203457	0.22382693079979096	-0.7549092526546874	2.793194908804047	8.192332908174219	-9.978582905270658	-5151.251282232532
1758	-5168.957540594829	-5151.251282232532	-17.706258362297596	1.176514666072378	0.4735688427125044	-0.5734367400831429	-0.5605202491203457	0.22382693079979096	-0.7549092526546874	2.793194908804047	8.192332908174219	-9.978582905270658	-5151.251282232532
1760	-5168.854646957752	-5151.251282232532	-17.603364725220523	1.176514666072378	0.20333574607707694	-0.5734367400831429	-0.5605202491203457	0.22382693079979096	-0.7549092526546874	2.793194908804047	8.192332908174219	-9.731814727790862	-5151.251282232532
1762	-5168.854646957752	-5151.251282232532	-17.603364725220523	1.176514666072378	0.20333574607707694	-0.5734367400831429	-0.5605202491203457	0.22382693079979096	-0.7549092526546874	2.793194908804047	8.192332908174219	-9.731814727790862	-5151.251282232532
1764	-5169.152062940398	-5152.029564134081	-17.122498806316376	1.176514666072378	0.20333574607707694	-0.5734367400831429	-0.5605202491203457	0.22382693079979096	-0.7549092526546874	2.6386224501960123	7.738977850365456	-9.250948808886713	-5152.029564134081
1766	-5169.542820158275	-5152.452132012415	-17.090688145860643	1.176514666072378	0.20333574607707694	-0.5734367400831429	-0.5605202491203457	0.22382693079979096	-0.7549092526546874	2.6386224501960123	7.734858572167957	-9.21913814843098	-5152.452132012415
1768	-5170.075399479039	-5152.452132012415	-17.623267466624714	1.176514666072378	0.20333574607707694	-1.0667373151416661	-0.5605202491203457	0.22382693079979096	-0.7549092526546874	2.6386224501960123	7.734858572167957	-9.219123625779597	-5152.452132012415
1770	-5170.155183120668	-5152.452132012415	-17.703051108252893	1.176514666072378	0.4769295067395671	-1.0667373151416661	-0.5605202491203457	0.22382693079979096	-0.7549092526546874	2.6386224501960123	7.734858572167957	-9.440970979306535	-5152.452132012415
1772	-5169.703645071957	-5152.163259980334	-17.540385091622923	1.176514666072378	0.4769295067395671	-1.0667373151416661	-0.5605202491203457	0.22382693079979096	-0.7549092526546874	2.408694226113829	7.2776956913475175	-9.278304962676565	-5152.163259980334
1774	-5170.2819821670755	-5152.895906793051	-17.386075374024518	1.176514666072378	0.4769295067395671	-1.0667373151416661	-0.5605202491203457	0.22382693079979096	-0.7549092526546874	2.3678186240914276	7.154193011142392	-9.12399524507816	-5152.895906793051
1776	-5170.039513907151	-5152.895906793051	-17.143607114100124	0.68303754159016	0.4769295067395671	-1.0667373151416661	-0.5605202491203457	0.22382693079979096	-0.7549092526546874	2.3678186240914276	7.154193011142392	-9.365842326542985	-5152.895906793051
1778	-5170.039513907151	-5152.895906793051	-17.143607114100124	0.68303754159016	0.4769295067395671	-1.0667373151416661	-0.5605202491203457	0.22382693079979096	-0.7549092526546874	2.3678186240914276	7.154193011142392	-9.365842326542985	-5152.895906793051
1780	-5170.026361629854	-5152.862546687844	-17.163814942010937	0.68303754159016	0.4769295067395671	-1.0667373151416661	-0.5605202491203457	0.22382693079979096	-0.7549092526546874	2.3678186240914276	7.16040787115566	-9.3860501544538	-5152.862546687844
1782	-5170.026361629854	-5152.862546687844	-17.163814942010937	0.68303754159016	0.4769295067395671	-1.0667373151416661	-0.5605202491203457	0.22382693079979096	-0.7549092526546874	2.3678186240914276	7.16040787115566	-9.3860501544538	-5152.862546687844
1784	-5170.026361629854	-5152.862546687844	-17.163814942010937	0.68303754159016	0.4769295067395671	-1.0667373151416661	-0.5605202491203457	0.22382693079979096	-0.7549092526546874	2.3678186240914276	7.16040787115566	-9.3860501544538	-5152.862546687844
1786	-5170.517295154019	-5152.399224737794	-18.118070416225176	0.68303754159016	0.4769295067395671	-1.0667373151416661	-0.5605202491203457	0.22382693079979096	-0.7549092526546874	2.6296599368188076	7.953319473998227	-10.340305628668037	-5152.399224737794
1788	-5170.798510034921	-5152.249999199274	-18.548510835647168	0.68303754159016	0.4769295067395671	-1.0667373151416661	-0.5605202491203457	0.22382693079979096	-0.7549092526546874	2.6296599368188076	8.04575684215722	-10.77074604809003	-5152.249999199274
1790	-5170.802284522226	-5152.284611517799	-18.51767300442651	0.68303754159016	0.4769295067395671	-1.0667373151416661	-0.5605202491203457	0.22382693079979096	-0.7549092526546874	2.6296599368188076	8.040728604907628	-10.739908216869372	-5152.284611517799
1792	-5170.4905564022865	-5152.017745373831	-18.472811028456047	0.68303754159016	0.4769295067395671	-1.0667373151416661	-0.5605202491203457	0.22382693079979096	-0.7549092526546874	2.6296599368188076	8.027318756970429	-10.695046240898908	-5152.017745373831
1794	-5166.179667105669	-5148.357260220199	-17.822406885470116	0.68303754159016	0.4769295067395671	-1.0667373151416661	-0.5605202491203457	0.22382693079979096	-0.7549092526546874	2.4517620839709187	7.497884289758273	-10.044642097912977	-5148.357260220199
1796	-5166.179667105669	-5148.357260220199	-17.822406885470116	0.68303754159016	0.4769295067395671	-1.0667373151416661	-0.5605202491203457	0.22382693079979096	-0.7549092526546874	2.4517620839709187	7.497884289758273	-10.044642097912977	-5148.357260220199
1798	-5166.111603808552	-5148.357260220199	-17.754343588352363	0.68303754159016	0.4769295067395671	-1.0667373151416661	-0.5605202491203457	0.1555160814047185	-0.7549092526546874	2.4517620839709187	7.497884289758273	-10.054060536436042	-5148.357260220199
1800	-5167.128490496071	-5149.227960992253	-17.90052950381746	0.68303754159016	0.4769295067395671	-1.0667373151416661	-0.5605202491203457	0.1555160814047185	-0.7549092526546874	2.4517620839709187	7.578439884643355	-10.200246451901137	-5149.227960992253
1802	-5167.128490496071	-5149.227960992253	-17.90052950381746	0.68303754159016	0.4769295067395671	-1.0667373151416661	-0.5605202491203457	0.1555160814047185	-0.7549092526546874	2.4517620839709187	7.578439884643355	-10.200246451901137	-5149.227960992253
1804	-5167.617937304606	-5149.227960992253	-18.38997631235237	1.4183180923309775	0.4769295067395671	-1.0667373151416661	-0.5605202491203457	0.1555160814047185	-0.7549092526546874	2.4517620839709187	7.578439884643355	-9.970609632996876	-5149.227960992253
1806	-5167.617937304606	-5149.227960992253	-18.38997631235237	1.4183180923309775	0.4769295067395671	-1.0667373151416661	-0.5605202491203457	0.1555160814047185	-0.7549092526546874	2.4517620839709187	7.578439884643355	-9.970609632996876	-5149.227960992253
1808	-5167.186503961765	-5149.227960992253	-17.958542969511274	0.8256810265196184	0.4769295067395671	-1.0667373151416661	-0.5605202491203457	0.1555160814047185	-0.7549092526546874	2.4517620839709187	7.578439884643355	-10.122914930373474	-5149.227960992253
1810	-5165.769540637801	-5148.469722667547	-17.299817970253265	0.8256810265196184	0.4769295067395671	-1.0667373151416661	-0.5605202491203457	0.1555160814047185	-0.7549092526546874	2.281616469354978	7.052516786136913	-9.464189931115465	-5148.469722667547
1812	-5165.769540637801	-5148.469722667547	-17.299817970253265	0.8256810265196184	0.4769295067395671	-1.0667373151416661	-0.5605202491203457	0.1555160814047185	-0.7549092526546874	2.281616469354978	7.052516786136913	-9.464189931115465	-5148.469722667547
1814	-5165.151405150179	-5148.033303263382	-17.118101886797618	0.8256810265196184	0.4769295067395671	-1.0667373151416661	-0.5605202491203457	0.1555160814047185	-0.4417828087553953	2.281616469354978	7.0553348920426355	-9.518528010015155	-5148.033303263382
1816	-5165.373873415098	-5148.033303263382	-17.340570151716804	0.8256810265196184	0.4769295067395671	-1.0667373151416661	-0.5605202491203457	0.33909010529650224	-0.4417828087553953	2.281616469354978	7.0553348920426355	-9.569099579110386	-5148.033303263382
1818	-5166.831092048257	-5149.484889909429	-17.346202138828332	0.8256810265196184	0.4769295067395671	-1.0667373151416661	-0.5605202491203457	0.33909010529650224	-0.4417828087553953	2.281616469354978	7.0486559703059495	-9.574731566221915	-5149.484889909429
1820	-5166.629407907313	-5149.484889909429	-17.144517997884222	0.8256810265196184	0.4769295067395671	-1.0667373151416661	-0.5605202491203457	0.1773961021123521	-0.4417828087553953	2.281616469354978	7.0486559703059495	-9.527993778628739	-5149.484889909429
1822	-5166.629407907313	-5149.484889909429	-17.144517997884222	0.8256810265196184	0.4769295067395671	-1.0667373151416661	-0.5605202491203457	0.1773961021123521	-0.4417828087553953	2.281616469354978	7.0486559703059495	-9.527993778628739	-5149.484889909429
1824	-5166.629407907313	-5149.484889909429	-17.144517997884222	0.8256810265196184	0.4769295067395671	-1.0667373151416661	-0.5605202491203457	0.1773961021123521	-0.4417828087553953	2.281616469354978	7.0486559703059495	-9.527993778628739	-5149.484889909429
1826	-5166.629407907313	-5149.484889909429	-17.144517997884222	0.8256810265196184	0.4769295067395671	-1.0667373151416661	-0.5605202491203457	0.1773961021123521	-0.4417828087553953	2.281616469354978	7.0486559703059495	-9.527993778628739	-5149.484889909429
1828	-5166.261251314894	-5149.092214858033	-17.169036456860958	0.8256810265196184	0.4769295067395671	-1.0667373151416661	-0.5605202491203457	0.1773961021123521	-0.4417828087553953	2.281616469354978	7.053020632453746	-9.552512237605473	-5149.092214858033
1830	-5166.261251314894	-5149.092214858033	-17.169036456860958	0.8256810265196184	0.4769295067395671	-1.0667373151416661	-0.5605202491203457	0.1773961021123521	-0.4417828087553953	2.281616469354978	7.053020632453746	-9.552512237605473	-5149.092214858033
1832	-5166.1525617241405	-5148.958745937522	-17.193815786618785	0.8256810265196184	0.4769295067395671	-1.0667373151416661	-0.5605202491203457	0.1773961021123521	-0.4417828087553953	2.281616469354978	7.060939445075512	-9.577291567363304	-5148.958745937522
1834	-5166.1048547190185	-5148.878551790108	-17.226302928910194	0.8256810265196184	0.4769295067395671	-1.0667373151416661	-0.5605202491203457	0.1773961021123521	-0.4417828087553953	2.281616469354978	7.071274371165005	-9.60977870965471	-5148.878551790108
1836	-5166.1048547190185	-5148.878551790108	-17.226302928910194	0.8256810265196184	0.4769295067395671	-1.0667373151416661	-0.5605202491203457	0.1773961021123521	-0.4417828087553953	2.281616469354978	7.071274371165005	-9.60977870965471	-5148.878551790108
1838	-5166.1048547190185	-5148.878551790108	-17.226302928910194	0.8256810265196184	0.4769295067395671	-1.0667373151416661	-0.5605202491203457	0.1773961021123521	-0.4417828087553953	2.281616469354978	7.071274371165005	-9.60977870965471	-5148.878551790108
1840	-5166.1048547190185	-5148.878551790108	-17.226302928910194	0.8256810265196184	0.4769295067395671	-1.0667373151416661	-0.5605202491203457	0.1773961021123521	-0.4417828087553953	2.281616469354978	7.071274371165005	-9.60977870965471	-5148.878551790108
1842	-5169.08657187875	-5151.119718360037	-17.96685351871312	0.8256810265196184	0.4769295067395671	-1.0667373151416661	-0.5605202491203457	0.1773961021123521	-0.4417828087553953	2.477213024414045	7.704223500711956	-10.350329299457636	-5151.119718360037
1844	-5169.08657187875	-5151.119718360037	-17.96685351871312	0.8256810265196184	0.4769295067395671	-1.0667373151416661	-0.5605202491203457	0.1773961021123521	-0.4417828087553953	2.477213024414045	7.704223500711956	-10.350329299457636	-5151.119718360037
1846	-5169.08657187875	-5151.119718360037	-17.96685351871312	0.8256810265196184	0.4769295067395671	-1.0667373151416661	-0.5605202491203457	0.1773961021123521	-0.4417828087553953	2.477213024414045	7.704223500711956	-10.350329299457636	-5151.119718360037
1848	-5168.314530883316	-5150.462933290731	-17.851597592585854	0.8256810265196184	0.4769295067395671	-1.0667373151416661	-0.5605202491203457	0.1773961021123521	-0.4417828087553953	2.4452889114131575	7.60493833661954	-10.235073373330371	-5150.462933290731
1850	-5167.198340826263	-5149.461993736668	-17.736347089595267	0.8256810265196184	0.4769295067395671	-1.0667373151416661	-0.5605202491203457	0.1773961021123521	-0.4417828087553953	2.4452889114131575	7.533844039321322	-10.119822870339783	-5149.461993736668
1852	-5167.198340826263	-5149.461993736668	-17.736347089595267	0.8256810265196184	0.4769295067395671	-1.0667373151416661	-0.5605202491203457	0.1773961021123521	-0.4417828087553953	2.4452889114131575	7.533844039321322	-10.119822870339783	-5149.461993736668
1854	-5167.339784471094	-5149.452634203082	-17.887150268012135	0.8256810265196184	0.4769295067395671	-1.0667373151416661	-0.5605202491203457	0.1773961021123521	-0.4417828087553953	2.6526432379880314	7.94855269247107	-10.270626048756654	-5149.452634203082
1856	-5167.339784471094	-5149.452634203082	-17.887150268012135	0.8256810265196184	0.4769295067395671	-1.0667373151416661	-0.5605202491203457	0.1773961021123521	-0.4417828087553953	2.6526432379880314	7.94855269247107	-10.270626048756654	-5149.452634203082
1858	-5167.339784471094	-5149.452634203082	-17.887150268012135	0.8256810265196184	0.4769295067395671	-1.0667373151416661	-0.5605202491203457	0.1773961021123521	-0.4417828087553953	2.6526432379880314	7.94855269247107	-10.270626048756654	-5149.452634203082
1860	-5165.99352365366	-5148.729126252465	-17.264397401195577	0.8256810265196184	0.4769295067395671	-1.0667373151416661	-0.5605202491203457	0.1773961021123521	-0.4417828087553953	2.4647620160029975	7.385573181511054	-9.647873181940094	-5148.729126252465
1862	-5165.99352365366	-5148.729126252465	-17.264397401195577	0.8256810265196184	0.4769295067395671	-1.0667373151416661	-0.5605202491203457	0.1773961021123521	-0.4417828087553953	2.4647620160029975	7.385573181511054	-9.647873181940094	-5148.729126252465
1864	-5165.641764921839	-5148.403888866076	-17.237876055763394	0.8256810265196184	0.4769295067395671	-1.0667373151416661	-0.5605202491203457	0.1773961021123521	-0.4417828087553953	2.4647620160029975	7.381394257585995	-9.62135183650791	-5148.403888866076
1866	-5165.797791407526	-5148.403888866076	-17.393902541449947	0.8256810265196184	0.4769295067395671	-1.0667373151416661	-0.35097947230464144	0.1773961021123521	-0.4417828087553953	2.4647620160029975	7.381394257585995	-9.649351536368727	-5148.403888866076
1868	-5166.676478248567	-5149.245181850827	-17.43129639773975	0.8256810265196184	0.4769295067395671	-1.0667373151416661	-0.35097947230464144	0.1773961021123521	-0.4417828087553953	2.4647620160029975	7.389337766791289	-9.68674539265853	-5149.245181850827
1870	-5166.676478248567	-5149.245181850827	-17.43129639773975	0.8256810265196184	0.4769295067395671	-1.0667373151416661	-0.35097947230464144	0.1773961021123521	-0.4417828087553953	2.4647620160029975	7.389337766791289	-9.68674539265853	-5149.245181850827
1872	-5166.690863295049	-5149.221571054032	-17.469292241016362	0.8256810265196184	0.4769295067395671	-1.0667373151416661	-0.35097947230464144	0.1773961021123521	-0.4417828087553953	2.4647620160029975	7.396204523833886	-9.72474123593514	-5149.221571054032
1874	-5166.690863295049	-5149.221571054032	-17.469292241016362	0.8256810265196184	0.4769295067395671	-1.0667373151416661	-0.35097947230464144	0.1773961021123521	-0.4417828087553953	2.4647620160029975	7.396204523833886	-9.72474123593514	-5149.221571054032
1876	-5166.690863295049	-5149.221571054032	-17.469292241016362	0.8256810265196184	0.4769295067395671	-1.0667373151416661	-0.35097947230464144	0.1773961021123521	-0.4417828087553953	2.4647620160029975	7.396204523833886	-9.72474123593514	-5149.221571054032
1878	-5166.690863295049	-5149.221571054032	-17.469292241016362	0.8256810265196184	0.4769295067395671	-1.0667373151416661	-0.35097947230464144	0.1773961021123521	-0.4417828087553953	2.4647620160029975	7.396204523833886	-9.72474123593514	-5149.221571054032
1880	-5166.469547214205	-5149.221571054032	-17.247976160172186	0.8256810265196184	0.4769295067395671	-1.0667373151416661	-0.6971816499578654	0.1773961021123521	-0.4417828087553953	2.4647620160029975	7.396204523833886	-9.6912941050476	-5149.221571054032
1882	-5166.945570253858	-5149.221571054032	-17.72399919982583	0.8256810265196184	0.8943153274464546	-1.0667373151416661	-0.6971816499578654	0.1773961021123521	-0.4417828087553953	2.4647620160029975	7.396204523833886	-9.806475465183036	-5149.221571054032
1884	-5167.445467738556	-5149.221571054032	-18.22389668452324	1.3809534884308223	0.8943153274464546	-1.0667373151416661	-0.6971816499578654	0.1773961021123521	-0.4417828087553953	2.4647620160029975	7.396204523833886	-9.758305496980693	-5149.221571054032
1886	-5167.458724764228	-5149.233335844277	-18.225388919951165	1.3809534884308223	0.8943153274464546	-1.0667373151416661	-0.6971816499578654	0.1773961021123521	-0.4417828087553953	2.4647620160029975	7.396466614752502	-9.759797732408616	-5149.233335844277
1888	-5167.275755558419	-5149.023451923935	-18.252303634484647	1.3809534884308223	0.8943153274464546	-1.0667373151416661	-0.6971816499578654	0.1773961021123521	-0.4417828087553953	2.4647620160029975	7.417681818884271	-9.786712446942097	-5149.023451923935
1890	-5167.275755558419	-5149.023451923935	-18.252303634484647	1.3809534884308223	0.8943153274464546	-1.0667373151416661	-0.6971816499578654	0.1773961021123521	-0.4417828087553953	2.4647620160029975	7.417681818884271	-9.786712446942097	-5149.023451923935
1892	-5168.248593037985	-5149.023451923935	-19.225141114050608	1.3809534884308223	0.8943153274464546	-1.0667373151416661	-1.9522179234516484	0.1773961021123521	-0.4417828087553953	2.4647620160029975	7.417681818884271	-10.435797667496274	-5149.023451923935
1894	-5168.248593037985	-5149.023451923935	-19.225141114050608	1.3809534884308223	0.8943153274464546	-1.0667373151416661	-1.9522179234516484	0.1773961021123521	-0.4417828087553953	2.4647620160029975	7.417681818884271	-10.435797667496274	-5149.023451923935
1896	-5168.248593037985	-5149.023451923935	-19.225141114050608	1.3809534884308223	0.8943153274464546	-1.0667373151416661	-1.9522179234516484	0.1773961021123521	-0.4417828087553953	2.4647620160029975	7.417681818884271	-10.435797667496274	-5149.023451923935
1898	-5168.248593037985	-5149.023451923935	-19.225141114050608	1.3809534884308223	0.8943153274464546	-1.0667373151416661	-1.9522179234516484	0.1773961021123521	-0.4417828087553953	2.4647620160029975	7.417681818884271	-10.435797667496274	-5149.023451923935
1900	-5168.248593037985	-5149.023451923935	-19.225141114050608	1.3809534884308223	0.8943153274464546	-1.0667373151416661	-1.9522179234516484	0.1773961021123521	-0.4417828087553953	2.4647620160029975	7.417681818884271	-10.435797667496274	-5149.023451923935
1902	-5168.329263326826	-5149.143073650226	-19.18618967659951	1.3809534884308223	0.8943153274464546	-1.0667373151416661	-1.9522179234516484	0.1773961021123521	-0.4417828087553953	2.4647620160029975	7.408183264150984	-10.396846230045178	-5149.143073650226
1904	-5168.329263326826	-5149.143073650226	-19.18618967659951	1.3809534884308223	0.8943153274464546	-1.0667373151416661	-1.9522179234516484	0.1773961021123521	-0.4417828087553953	2.4647620160029975	7.408183264150984	-10.396846230045178	-5149.143073650226
1906	-5168.329263326826	-5149.143073650226	-19.18618967659951	1.3809534884308223	0.8943153274464546	-1.0667373151416661	-1.9522179234516484	0.1773961021123521	-0.4417828087553953	2.4647620160029975	7.408183264150984	-10.396846230045178	-5149.143073650226
1908	-5168.2198867569505	-5149.72175750153	-18.498129255420686	0.7841360280182709	0.8943153274464546	-1.0667373151416661	-1.9522179234516484	0.1773961021123521	-0.4417828087553953	2.4647620160029975	7.404836248767539	-10.297257864199503	-5149.72175750153
1910	-5167.844687579071	-5149.307906891666	-18.536780687405777	0.7841360280182709	0.8943153274464546	-1.0667373151416661	-1.9522179234516484	0.1773961021123521	-0.4417828087553953	2.4647620160029975	7.4071164458606615	-10.335909296184592	-5149.307906891666
1912	-5167.844687579071	-5149.307906891666	-18.536780687405777	0.7841360280182709	0.8943153274464546	-1.0667373151416661	-1.9522179234516484	0.1773961021123521	-0.4417828087553953	2.4647620160029975	7.4071164458606615	-10.335909296184592	-5149.307906891666
1914	-5167.844687579071	-5149.307906891666	-18.536780687405777	0.7841360280182709	0.8943153274464546	-1.0667373151416661	-1.9522179234516484	0.1773961021123521	-0.4417828087553953	2.4647620160029975	7.4071164458606615	-10.335909296184592	-5149.307906891666
1916	-5167.844687579071	-5149.307906891666	-18.536780687405777	0.7841360280182709	0.8943153274464546	-1.0667373151416661	-1.9522179234516484	0.1773961021123521	-0.4417828087553953	2.4647620160029975	7.4071164458606615	-10.335909296184592	-5149.307906891666
1918	-5167.191556842381	-5149.307906891666	-17.883649950715245	0.7841360280182709	0.35416540446486927	-1.0667373151416661	-1.9522179234516484	0.1773961021123521	-0.4417828087553953	2.4647620160029975	7.4071164458606615	-10.076598135186535	-5149.307906891666
1920	-5168.407230208527	-5149.307906891666	-19.099323316861398	0.7841360280182709	0.35416540446486927	-1.0667373151416661	-1.9522179234516484	0.1773961021123521	-1.152145261910796	2.4647620160029975	7.4071164458606615	-10.600122643840107	-5149.307906891666
1922	-5168.407230208527	-5149.307906891666	-19.099323316861398	0.7841360280182709	0.35416540446486927	-1.0667373151416661	-1.9522179234516484	0.1773961021123521	-1.152145261910796	2.4647620160029975	7.4071164458606615	-10.600122643840107	-5149.307906891666
1924	-5168.407230208527	-5149.307906891666	-19.099323316861398	0.7841360280182709	0.35416540446486927	-1.0667373151416661	-1.9522179234516484	0.1773961021123521	-1.152145261910796	2.4647620160029975	7.4071164458606615	-10.600122643840107	-5149.307906891666
1926	-5168.407230208527	-5149.307906891666	-19.099323316861398	0.7841360280182709	0.35416540446486927	-1.0667373151416661	-1.9522179234516484	0.1773961021123521	-1.152145261910796	2.4647620160029975	7.4071164458606615	-10.600122643840107	-5149.307906891666
1928	-5168.615450965128	-5149.307906891666	-19.30754407346188	0.7841360280182709	0.6001482119388952	-1.0667373151416661	-1.9522179234516484	0.1773961021123521	-1.152145261910796	2.4647620160029975	7.4071164458606615	-10.689298430679996	-5149.307906891666
1930	-5168.615450965128	-5149.307906891666	-19.30754407346188	0.7841360280182709	0.6001482119388952	-1.0667373151416661	-1.9522179234516484	0.1773961021123521	-1.152145261910796	2.4647620160029975	7.4071164458606615	-10.689298430679996	-5149.307906891666
1932	-5168.422216000036	-5149.307906891666	-19.114309108370364	0.7841360280182709	0.31308533538212213	-1.0667373151416661	-1.9522179234516484	0.1773961021123521	-1.152145261910796	2.4647620160029975	7.4071164458606615	-10.602824565433881	-5149.307906891666
1934	-5166.201949404213	-5147.05196624432	-19.14998315989338	0.7841360280182709	0.31308533538212213	-1.0667373151416661	-1.9522179234516484	0.1773961021123521	-1.152145261910796	2.4647620160029975	7.417851950753161	-10.6384986169569	-5147.05196624432
1936	-5166.268284759379	-5147.134412970372	-19.133871789006484	0.7841360280182709	0.31308533538212213	-1.0667373151416661	-1.9522179234516484	0.1773961021123521	-1.152145261910796	2.4647620160029975	7.403617671117776	-10.622387246070002	-5147.134412970372
1938	-5166.268284759379	-5147.134412970372	-19.133871789006484	0.7841360280182709	0.31308533538212213	-1.0667373151416661	-1.9522179234516484	0.1773961021123521	-1.152145261910796	2.4647620160029975	7.403617671117776	-10.622387246070002	-5147.134412970372
1940	-5166.425927465508	-5147.395872999029	-19.03005446647859	0.7841360280182709	0.31308533538212213	-1.0667373151416661	-1.9522179234516484	0.1773961021123521	-1.152145261910796	2.4647620160029975	7.360272037130772	-10.518569923542106	-5147.395872999029
1942	-5166.5097625636245	-5147.395872999029	-19.113889564595098	0.7841360280182709	0.31308533538212213	-1.0667373151416661	-1.9522179234516484	0.29978602169197266	-1.152145261910796	2.4647620160029975	7.360272037130772	-10.402991773952072	-5147.395872999029
1944	-5166.140469319838	-5147.106190557296	-19.03427876254231	0.7841360280182709	0.31308533538212213	-1.0667373151416661	-1.9522179234516484	0.29978602169197266	-1.152145261910796	2.4647620160029975	7.352542058008483	-10.323380971899285	-5147.106190557296
1946	-5166.140469319838	-5147.106190557296	-19.03427876254231	0.7841360280182709	0.31308533538212213	-1.0667373151416661	-1.9522179234516484	0.29978602169197266	-1.152145261910796	2.4647620160029975	7.352542058008483	-10.323380971899285	-5147.106190557296
1948	-5166.730383750554	-5147.106190557296	-19.62419319325806	0.7841360280182709	0.31308533538212213	-1.0667373151416661	-1.9522179234516484	0.7054881717801411	-1.152145261910796	2.4647620160029975	7.352542058008483	-10.038025690924137	-5147.106190557296
1950	-5166.730383750554	-5147.106190557296	-19.62419319325806	0.7841360280182709	0.31308533538212213	-1.0667373151416661	-1.9522179234516484	0.7054881717801411	-1.152145261910796	2.4647620160029975	7.352542058008483	-10.038025690924137	-5147.106190557296
1952	-5166.730383750554	-5147.106190557296	-19.62419319325806	0.7841360280182709	0.31308533538212213	-1.0667373151416661	-1.9522179234516484	0.7054881717801411	-1.152145261910796	2.4647620160029975	7.352542058008483	-10.038025690924137	-5147.106190557296
1954	-5166.844173381438	-5147.234628043867	-19.60954533757097	0.7841360280182709	0.31308533538212213	-1.0667373151416661	-1.9522179234516484	0.7054881717801411	-1.152145261910796	2.4647620160029975	7.35168875202921	-10.02337783523705	-5147.234628043867
1956	-5166.844173381438	-5147.234628043867	-19.60954533757097	0.7841360280182709	0.31308533538212213	-1.0667373151416661	-1.9522179234516484	0.7054881717801411	-1.152145261910796	2.4647620160029975	7.35168875202921	-10.02337783523705	-5147.234628043867
1958	-5166.677081263411	-5147.234628043867	-19.442453219544053	0.475542265316687	0.31308533538212213	-1.0667373151416661	-1.9522179234516484	0.7054881717801411	-1.152145261910796	2.4647620160029975	7.35168875202921	-10.109731876811175	-5147.234628043867
1960	-5166.677081263411	-5147.234628043867	-19.442453219544053	0.475542265316687	0.31308533538212213	-1.0667373151416661	-1.9522179234516484	0.7054881717801411	-1.152145261910796	2.4647620160029975	7.35168875202921	-10.109731876811175	-5147.234628043867
1962	-5166.601951130377	-5147.161859745749	-19.440091384627564	0.475542265316687	0.31308533538212213	-1.0667373151416661	-1.9522179234516484	0.7054881717801411	-1.152145261910796	2.4647620160029975	7.366288696634216	-10.107370041894688	-5147.161859745749
1964	-5166.601951130377	-5147.161859745749	-19.440091384627564	0.475542265316687	0.31308533538212213	-1.0667373151416661	-1.9522179234516484	0.7054881717801411	-1.152145261910796	2.4647620160029975	7.366288696634216	-10.107370041894688	-5147.161859745749
1966	-5165.642156654387	-5146.181251995348	-19.460904659038224	0.475542265316687	0.31308533538212213	-1.0667373151416661	-1.9522179234516484	0.7054881717801411	-1.152145261910796	2.4647620160029975	7.372932657559849	-10.128183316305348	-5146.181251995348
1968	-5165.642156654387	-5146.181251995348	-19.460904659038224	0.475542265316687	0.31308533538212213	-1.0667373151416661	-1.9522179234516484	0.7054881717801411	-1.152145261910796	2.4647620160029975	7.372932657559849	-10.128183316305348	-5146.181251995348
1970	-5165.642156654387	-5146.181251995348	-19.460904659038224	0.475542265316687	0.31308533538212213	-1.0667373151416661	-1.9522179234516484	0.7054881717801411	-1.152145261910796	2.4647620160029975	7.372932657559849	-10.128183316305348	-5146.181251995348
1972	-5165.607001343363	-5146.076365598484	-19.530635744878577	0.475542265316687	0.31308533538212213	-1.0667373151416661	-1.9522179234516484	0.7054881717801411	-1.152145261910796	2.4647620160029975	7.384982771335254	-10.1979144021457	-5146.076365598484
1974	-5165.607001343363	-5146.076365598484	-19.530635744878577	0.475542265316687	0.31308533538212213	-1.0667373151416661	-1.9522179234516484	0.7054881717801411	-1.152145261910796	2.4647620160029975	7.384982771335254	-10.1979144021457	-5146.076365598484
1976	-5165.607001343363	-5146.076365598484	-19.530635744878577	0.475542265316687	0.31308533538212213	-1.0667373151416661	-1.9522179234516484	0.7054881717801411	-1.152145261910796	2.4647620160029975	7.384982771335254	-10.1979144021457	-5146.076365598484
1978	-5165.607001343363	-5146.076365598484	-19.530635744878577	0.475542265316687	0.31308533538212213	-1.0667373151416661	-1.9522179234516484	0.7054881717801411	-1.152145261910796	2.4647620160029975	7.384982771335254	-10.1979144021457	-5146.076365598484
1980	-5165.78626026599	-5146.070435297015	-19.715824968974246	0.475542265316687	0.31308533538212213	-1.0667373151416661	-1.9522179234516484	0.7054881717801411	-1.152145261910796	2.657393953096306	7.770246645521873	-10.383103626241368	-5146.070435297015
1982	-5165.910815632229	-5146.070435297015	-19.84038033521383	0.7383648723186923	0.31308533538212213	-1.0667373151416661	-1.9522179234516484	0.7054881717801411	-1.152145261910796	2.657393953096306	7.770246645521873	-10.297923078937075	-5146.070435297015
1984	-5164.9635415535795	-5146.070435297015	-18.893106256564135	0.7383648723186923	0.31308533538212213	-1.0667373151416661	-1.9522179234516484	0.7054881717801411	-0.6700383039927044	2.657393953096306	7.770246645521873	-10.130013444494537	-5146.070435297015
1986	-5164.899643979384	-5146.050267119906	-18.84937685947781	0.7383648723186923	0.31308533538212213	-1.0667373151416661	-1.9522179234516484	0.7054881717801411	-0.6700383039927044	2.657393953096306	7.765876316641838	-10.086284047408213	-5146.050267119906
1988	-5164.827128403502	-5145.151191878535	-19.675936524966225	0.7383648723186923	0.31308533538212213	-1.0667373151416661	-1.9522179234516484	0.7054881717801411	-1.1232731107585163	2.657393953096306	7.758342766049116	-10.186696341416443	-5145.151191878535
1990	-5164.827128403502	-5145.151191878535	-19.675936524966225	0.7383648723186923	0.31308533538212213	-1.0667373151416661	-1.9522179234516484	0.7054881717801411	-1.1232731107585163	2.657393953096306	7.758342766049116	-10.186696341416443	-5145.151191878535
1992	-5164.827128403502	-5145.151191878535	-19.675936524966225	0.7383648723186923	0.31308533538212213	-1.0667373151416661	-1.9522179234516484	0.7054881717801411	-1.1232731107585163	2.657393953096306	7.758342766049116	-10.186696341416443	-5145.151191878535
1994	-5164.363272479238	-5145.151191878535	-19.21208060070268	0.7383648723186923	0.31308533538212213	-1.0667373151416661	-1.9522179234516484	0.4050116019979834	-1.1232731107585163	2.657393953096306	7.758342766049116	-10.394036831170862	-5145.151191878535
1996	-5164.363272479238	-5145.151191878535	-19.21208060070268	0.7383648723186923	0.31308533538212213	-1.0667373151416661	-1.9522179234516484	0.4050116019979834	-1.1232731107585163	2.657393953096306	7.758342766049116	-10.394036831170862	-5145.151191878535
1998	-5164.677514371024	-5145.472352855295	-19.205161515729014	0.7383648723186923	0.31308533538212213	-1.0667373151416661	-1.9522179234516484	0.4050116019979834	-1.1232731107585163	2.657393953096306	7.741912951329169	-10.387117746197195	-5145.472352855295
2000	-5164.677514371024	-5145.472352855295	-19.205161515729014	0.7383648723186923	0.31308533538212213	-1.0667373151416661	-1.9522179234516484	0.4050116019979834	-1.1232731107585163	2.657393953096306	7.741912951329169	-10.387117746197195	-5145.472352855295
2002	-5164.677514371024	-5145.472352855295	-19.205161515729014	0.7383648723186923	0.31308533538212213	-1.0667373151416661	-1.9522179234516484	0.4050116019979834	-1.1232731107585163	2.657393953096306	7.741912951329169	-10.387117746197195	-5145.472352855295
2004	-5164.677514371024	-5145.472352855295	-19.205161515729014	0.7383648723186923	0.31308533538212213	-1.0667373151416661	-1.9522179234516484	0.4050116019979834	-1.1232731107585163	2.657393953096306	7.741912951329169	-10.387117746197195	-5145.472352855295
2006	-5164.989800611265	-5145.75725411284	-19.23254649842497	0.7383648723186923	0.31308533538212213	-1.0667373151416661	-1.9522179234516484	0.4050116019979834	-1.1232731107585163	2.657393953096306	7.745881314912095	-10.414502728893153	-5145.75725411284
2008	-5164.989800611265	-5145.75725411284	-19.23254649842497	0.7383648723186923	0.31308533538212213	-1.0667373151416661	-1.9522179234516484	0.4050116019979834	-1.1232731107585163	2.657393953096306	7.745881314912095	-10.414502728893153	-5145.75725411284
2010	-5164.989800611265	-5145.75725411284	-19.23254649842497	0.7383648723186923	0.31308533538212213	-1.0667373151416661	-1.9522179234516484	0.4050116019979834	-1.1232731107585163	2.657393953096306	7.745881314912095	-10.414502728893153	-5145.75725411284
2012	-5165.214930382983	-5145.75725411284	-19.457676270143015	0.7383648723186923	0.6438242541947949	-1.0667373151416661	-1.9522179234516484	0.4050116019979834	-1.1232731107585163	2.657393953096306	7.745881314912095	-10.49602249595839	-5145.75725411284
2014	-5164.801701182545	-5145.401348196382	-19.40035298616291	0.7383648723186923	0.6438242541947949	-1.0667373151416661	-1.9522179234516484	0.4050116019979834	-1.1232731107585163	2.657393953096306	7.736729562080524	-10.438699211978287	-5145.401348196382
2016	-5164.971359180336	-5145.621108419234	-19.350250761101776	0.7383648723186923	0.6438242541947949	-1.0667373151416661	-1.9522179234516484	0.4050116019979834	-1.1232731107585163	2.657393953096306	7.726938198468113	-10.38859698691715	-5145.621108419234
2018	-5163.76318247158	-5146.481717960644	-17.28146451093601	0.7383648723186923	0.6438242541947949	-1.0667373151416661	-1.9522179234516484	0.4050116019979834	-0.596391959946586	1.5380291719194206	5.488208636114341	-8.986233271436358	-5146.481717960644
2020	-5165.718519673003	-5146.481717960644	-19.236801712359146	0.7383648723186923	0.6438242541947949	-1.0667373151416661	-1.9522179234516484	0.4050116019979834	-1.566570568544871	1.5380291719194206	5.488208636114341	-9.499406892195891	-5146.481717960644
2022	-5166.026928387772	-5146.003535204336	-20.023393183436262	0.7383648723186923	0.6438242541947949	-1.0667373151416661	-1.9522179234516484	0.4050116019979834	-1.566570568544871	1.629410288287351	5.814287387535137	-10.285998363273011	-5146.003535204336
2024	-5166.026928387772	-5146.003535204336	-20.023393183436262	0.7383648723186923	0.6438242541947949	-1.0667373151416661	-1.9522179234516484	0.4050116019979834	-1.566570568544871	1.629410288287351	5.814287387535137	-10.285998363273011	-5146.003535204336
2026	-5167.418157620504	-5146.927707434657	-20.490450185846655	0.7383648723186923	0.6438242541947949	-1.0667373151416661	-1.9522179234516484	0.4050116019979834	-1.566570568544871	1.6832032297677846	6.006238809123893	-10.7530553656834	-5146.927707434657
2028	-5167.795871239668	-5147.373883570673	-20.421987668994852	0.7383648723186923	0.6438242541947949	-1.0667373151416661	-1.9522179234516484	0.4050116019979834	-1.566570568544871	1.6832032297677846	6.002442578166274	-10.684592848831596	-5147.373883570673
2030	-5169.472356332686	-5146.865234987579	-22.60712134510645	0.7383648723186923	0.6438242541947949	-1.0667373151416661	-1.9522179234516484	0.4050116019979834	-1.566570568544871	3.3618426760576936	9.359721470746091	-12.869726524943195	-5146.865234987579
2032	-5169.472356332686	-5146.865234987579	-22.60712134510645	0.7383648723186923	0.6438242541947949	-1.0667373151416661	-1.9522179234516484	0.4050116019979834	-1.566570568544871	3.3618426760576936	9.359721470746091	-12.869726524943195	-5146.865234987579
2034	-5167.2738311447765	-5145.888453109525	-21.38537803525231	0.7383648723186923	0.6438242541947949	-1.0667373151416661	-1.9522179234516484	0.4050116019979834	-1.566570568544871	3.1171852166026257	8.678569526144955	-11.647983215089056	-5145.888453109525
2036	-5167.2738311447765	-5145.888453109525	-21.38537803525231	0.7383648723186923	0.6438242541947949	-1.0667373151416661	-1.9522179234516484	0.4050116019979834	-1.566570568544871	3.1171852166026257	8.678569526144955	-11.647983215089056	-5145.888453109525
2038	-5167.2738311447765	-5145.888453109525	-21.38537803525231	0.7383648723186923	0.6438242541947949	-1.0667373151416661	-1.9522179234516484	0.4050116019979834	-1.566570568544871	3.1171852166026257	8.678569526144955	-11.647983215089056	-5145.888453109525
2040	-5167.153985253078	-5145.708808008623	-21.445177244454214	0.7383648723186923	0.6438242541947949	-1.0667373151416661	-1.9522179234516484	0.4050116019979834	-1.566570568544871	3.1171852166026257	8.68839371991632	-11.707782424290963	-5145.708808008623
2042	-5169.473581307185	-5146.824415249921	-22.649166057263365	0.7383648723186923	0.6438242541947949	-1.0667373151416661	-1.9522179234516484	0.4050116019979834	-1.566570568544871	3.357309062527049	9.357680390409941	-12.911771237100108	-5146.824415249921
2044	-5169.822116915731	-5146.824083876259	-22.998033039472496	0.7383648723186923	0.6438242541947949	-1.0667373151416661	-1.9522179234516484	0.4050116019979834	-1.566570568544871	3.6193807238283044	9.881823713012452	-13.260638219309245	-5146.824083876259
2046	-5169.822116915731	-5146.824083876259	-22.998033039472496	0.7383648723186923	0.6438242541947949	-1.0667373151416661	-1.9522179234516484	0.4050116019979834	-1.566570568544871	3.6193807238283044	9.881823713012452	-13.260638219309245	-5146.824083876259
2048	-5170.313681689548	-5146.841506391885	-23.472175297663327	0.7383648723186923	0.6438242541947949	-1.0667373151416661	-1.9522179234516484	0.8881892996199139	-1.566570568544871	3.6193807238283044	9.871978516830739	-12.353002682821945	-5146.841506391885
2050	-5170.048584072103	-5146.638422103555	-23.410161968548195	0.7383648723186923	0.6438242541947949	-1.0667373151416661	-1.9522179234516484	0.8881892996199139	-1.566570568544871	3.6193807238283044	9.865749259032206	-12.290989353706811	-5146.638422103555
2052	-5168.635210918836	-5145.759998990611	-22.875211928224118	0.7383648723186923	0.6438242541947949	-1.0667373151416661	-1.9522179234516484	0.8881892996199139	-1.566570568544871	3.4907411792729492	9.515102121243164	-11.756039313382736	-5145.759998990611
2054	-5168.635210918836	-5145.759998990611	-22.875211928224118	0.7383648723186923	0.6438242541947949	-1.0667373151416661	-1.9522179234516484	0.8881892996199139	-1.566570568544871	3.4907411792729492	9.515102121243164	-11.756039313382736	-5145.759998990611
2056	-5169.8356723139495	-5145.759998990611	-24.075673323338627	2.064709053572647	0.6438242541947949	-1.0667373151416661	-1.9522179234516484	0.8881892996199139	-1.566570568544871	3.4907411792729492	9.515102121243164	-11.711390110486095	-5145.759998990611
2058	-5168.296115071004	-5144.695064871872	-23.601050199132644	2.064709053572647	0.6438242541947949	-1.0667373151416661	-1.9522179234516484	0.8881892996199139	-1.566570568544871	3.3953283112807435	9.24606128850637	-11.236766986280111	-5144.695064871872
2060	-5168.296115071004	-5144.695064871872	-23.601050199132644	2.064709053572647	0.6438242541947949	-1.0667373151416661	-1.9522179234516484	0.8881892996199139	-1.566570568544871	3.3953283112807435	9.24606128850637	-11.236766986280111	-5144.695064871872
2062	-5168.296115071004	-5144.695064871872	-23.601050199132644	2.064709053572647	0.6438242541947949	-1.0667373151416661	-1.9522179234516484	0.8881892996199139	-1.566570568544871	3.3953283112807435	9.24606128850637	-11.236766986280111	-5144.695064871872
2064	-5168.296115071004	-5144.695064871872	-23.601050199132644	2.064709053572647	0.6438242541947949	-1.0667373151416661	-1.9522179234516484	0.8881892996199139	-1.566570568544871	3.3953283112807435	9.24606128850637	-11.236766986280111	-5144.695064871872
2066	-5168.296115071004	-5144.695064871872	-23.601050199132644	2.064709053572647	0.6438242541947949	-1.0667373151416661	-1.9522179234516484	0.8881892996199139	-1.566570568544871	3.3953283112807435	9.24606128850637	-11.236766986280111	-5144.695064871872
2068	-5168.296115071004	-5144.695064871872	-23.601050199132644	2.064709053572647	0.6438242541947949	-1.0667373151416661	-1.9522179234516484	0.8881892996199139	-1.566570568544871	3.3953283112807435	9.24606128850637	-11.236766986280111	-5144.695064871872
2070	-5167.342815932293	-5144.695064871872	-22.647751060420603	1.0250823955512802	0.6438242541947949	-1.0667373151416661	-1.9522179234516484	0.8881892996199139	-1.566570568544871	3.3953283112807435	9.24606128850637	-11.24618208273871	-5144.695064871872
2072	-5167.342815932293	-5144.695064871872	-22.647751060420603	1.0250823955512802	0.6438242541947949	-1.0667373151416661	-1.9522179234516484	0.8881892996199139	-1.566570568544871	3.3953283112807435	9.24606128850637	-11.24618208273871	-5144.695064871872
2074	-5166.098332456397	-5144.695064871872	-21.40326758452455	1.0250823955512802	0.6438242541947949	-1.0667373151416661	-0.7494102024688079	0.8881892996199139	-1.566570568544871	3.3953283112807435	9.24606128850637	-10.343388312470521	-5144.695064871872
2076	-5166.281089468996	-5144.827192374817	-21.453897094178053	1.0250823955512802	0.6438242541947949	-1.0667373151416661	-0.7494102024688079	0.8881892996199139	-1.566570568544871	3.3953283112807435	9.253246097603224	-10.394017822124022	-5144.827192374817
2078	-5165.982716751963	-5144.827742683591	-21.15497406837219	1.0250823955512802	0.6438242541947949	-1.0667373151416661	-0.7494102024688079	0.8881892996199139	-1.566570568544871	3.0618212172624464	8.58623190956663	-10.09509479631816	-5144.827742683591
2080	-5164.342124372213	-5144.827742683591	-19.51438168862216	1.0250823955512802	0.6438242541947949	-1.0667373151416661	-0.7494102024688079	0.8881892996199139	-0.7991432148470226	3.0618212172624464	8.58623190956663	-10.043879914555667	-5144.827742683591
2082	-5164.342124372213	-5144.827742683591	-19.51438168862216	1.0250823955512802	0.6438242541947949	-1.0667373151416661	-0.7494102024688079	0.8881892996199139	-0.7991432148470226	3.0618212172624464	8.58623190956663	-10.043879914555667	-5144.827742683591
2084	-5164.08270505634	-5144.827742683591	-19.25496237274909	1.0250823955512802	0.351508966213473	-1.0667373151416661	-0.7494102024688079	0.8881892996199139	-0.7991432148470226	3.0618212172624464	8.58623190956663	-9.940040102142309	-5144.827742683591
2086	-5164.08270505634	-5144.827742683591	-19.25496237274909	1.0250823955512802	0.351508966213473	-1.0667373151416661	-0.7494102024688079	0.8881892996199139	-0.7991432148470226	3.0618212172624464	8.58623190956663	-9.940040102142309	-5144.827742683591
2088	-5164.08270505634	-5144.827742683591	-19.25496237274909	1.0250823955512802	0.351508966213473	-1.0667373151416661	-0.7494102024688079	0.8881892996199139	-0.7991432148470226	3.0618212172624464	8.58623190956663	-9.940040102142309	-5144.827742683591
2090	-5163.909005652751	-5144.827742683591	-19.08126296915966	0.44158993304939764	0.351508966213473	-1.0667373151416661	-0.7494102024688079	0.8881892996199139	-0.7991432148470226	3.0618212172624464	8.58623190956663	-10.274744339971297	-5144.827742683591
2092	-5163.973269632954	-5144.949953480607	-19.0233161523469	0.44158993304939764	0.351508966213473	-1.0667373151416661	-0.7494102024688079	0.8881892996199139	-0.7991432148470226	3.0618212172624464	8.550680004034065	-10.216797523158538	-5144.949953480607
2094	-5164.086498048892	-5145.08361540437	-19.002882644522472	0.44158993304939764	0.351508966213473	-1.0667373151416661	-0.7494102024688079	0.8881892996199139	-0.7991432148470226	3.0618212172624464	8.546289337506877	-10.196364015334112	-5145.08361540437
2096	-5164.333595092983	-5145.08361540437	-19.249979688613074	0.44158993304939764	0.8304101884723044	-1.0667373151416661	-0.7494102024688079	0.8881892996199139	-0.7991432148470226	3.0618212172624464	8.546289337506877	-10.11306517860309	-5145.08361540437
2098	-5164.358302098615	-5145.08361540437	-19.27468669424555	0.5052207630751432	0.8304101884723044	-1.0667373151416661	-0.7494102024688079	0.8881892996199139	-0.7991432148470226	3.0618212172624464	8.546289337506877	-10.104127713506006	-5145.08361540437
2100	-5164.358302098615	-5145.08361540437	-19.27468669424555	0.5052207630751432	0.8304101884723044	-1.0667373151416661	-0.7494102024688079	0.8881892996199139	-0.7991432148470226	3.0618212172624464	8.546289337506877	-10.104127713506006	-5145.08361540437
2102	-5164.358302098615	-5145.08361540437	-19.27468669424555	0.5052207630751432	0.8304101884723044	-1.0667373151416661	-0.7494102024688079	0.8881892996199139	-0.7991432148470226	3.0618212172624464	8.546289337506877	-10.104127713506006	-5145.08361540437
2104	-5164.358302098615	-5145.08361540437	-19.27468669424555	0.5052207630751432	0.8304101884723044	-1.0667373151416661	-0.7494102024688079	0.8881892996199139	-0.7991432148470226	3.0618212172624464	8.546289337506877	-10.104127713506006	-5145.08361540437
2106	-5164.358302098615	-5145.08361540437	-19.27468669424555	0.5052207630751432	0.8304101884723044	-1.0667373151416661	-0.7494102024688079	0.8881892996199139	-0.7991432148470226	3.0618212172624464	8.546289337506877	-10.104127713506006	-5145.08361540437
2108	-5164.358302098615	-5145.08361540437	-19.27468669424555	0.5052207630751432	0.8304101884723044	-1.0667373151416661	-0.7494102024688079	0.8881892996199139	-0.7991432148470226	3.0618212172624464	8.546289337506877	-10.104127713506006	-5145.08361540437
2110	-5164.358302098615	-5145.08361540437	-19.27468669424555	0.5052207630751432	0.8304101884723044	-1.0667373151416661	-0.7494102024688079	0.8881892996199139	-0.7991432148470226	3.0618212172624464	8.546289337506877	-10.104127713506006	-5145.08361540437
2112	-5164.264769575802	-5144.963065562875	-19.301704012926706	0.5052207630751432	0.8304101884723044	-1.0667373151416661	-0.7494102024688079	0.8881892996199139	-0.7991432148470226	3.0618212172624464	8.551915478507038	-10.131145032187163	-5144.963065562875
2114	-5164.264769575802	-5144.963065562875	-19.301704012926706	0.5052207630751432	0.8304101884723044	-1.0667373151416661	-0.7494102024688079	0.8881892996199139	-0.7991432148470226	3.0618212172624464	8.551915478507038	-10.131145032187163	-5144.963065562875
2116	-5164.264769575802	-5144.963065562875	-19.301704012926706	0.5052207630751432	0.8304101884723044	-1.0667373151416661	-0.7494102024688079	0.8881892996199139	-0.7991432148470226	3.0618212172624464	8.551915478507038	-10.131145032187163	-5144.963065562875
2118	-5164.264769575802	-5144.963065562875	-19.301704012926706	0.5052207630751432	0.8304101884723044	-1.0667373151416661	-0.7494102024688079	0.8881892996199139	-0.7991432148470226	3.0618212172624464	8.551915478507038	-10.131145032187163	-5144.963065562875
2120	-5166.021444056249	-5145.994856037786	-20.02658801846288	0.5052207630751432	0.8304101884723044	-1.0667373151416661	-0.7494102024688079	0.8881892996199139	-0.7991432148470226	3.3083206243445225	9.240408354244831	-10.85602903772334	-5145.994856037786
2122	-5167.516225258416	-5147.256440796317	-20.25978446209856	0.5052207630751432	0.8304101884723044	-1.0667373151416661	-0.7494102024688079	0.8881892996199139	-0.7991432148470226	3.386595280369163	9.459035829506252	-11.089225481359017	-5147.256440796317
2124	-5167.516225258416	-5147.256440796317	-20.25978446209856	0.5052207630751432	0.8304101884723044	-1.0667373151416661	-0.7494102024688079	0.8881892996199139	-0.7991432148470226	3.386595280369163	9.459035829506252	-11.089225481359017	-5147.256440796317
2126	-5166.73929991559	-5147.256440796317	-19.4828591192729	0.5052207630751432	0.8304101884723044	-1.0667373151416661	-0.7494102024688079	0.45155127745746027	-0.7991432148470226	3.386595280369163	9.459035829506252	-11.246218127074554	-5147.256440796317
2128	-5166.960381529598	-5147.256440796317	-19.703940733280707	0.8906078059045817	0.8304101884723044	-1.0667373151416661	-0.7494102024688079	0.45155127745746027	-0.7991432148470226	3.386595280369163	9.459035829506252	-11.126760796505952	-5147.256440796317
2130	-5166.960381529598	-5147.256440796317	-19.703940733280707	0.8906078059045817	0.8304101884723044	-1.0667373151416661	-0.7494102024688079	0.45155127745746027	-0.7991432148470226	3.386595280369163	9.459035829506252	-11.126760796505952	-5147.256440796317
2132	-5166.79127432405	-5147.065565290057	-19.72570903399319	0.8906078059045817	0.8304101884723044	-1.0667373151416661	-0.7494102024688079	0.45155127745746027	-0.7991432148470226	3.386595280369163	9.470496831854954	-11.148529097218436	-5147.065565290057
2134	-5169.648797409551	-5147.065565290057	-22.583232119494145	0.8906078059045817	0.8304101884723044	-1.0667373151416661	-0.7494102024688079	0.45155127745746027	-1.8666586686218856	3.386595280369163	9.470496831854954	-12.10112186220917	-5147.065565290057
2136	-5169.290470926659	-5147.065565290057	-22.224905636602017	0.8906078059045817	0.648893564565293	-1.0667373151416661	-0.7494102024688079	0.45155127745746027	-1.8666586686218856	3.386595280369163	9.470496831854954	-11.913191554193695	-5147.065565290057
2138	-5169.806596938389	-5147.484745233462	-22.321851704927013	0.8906078059045817	0.648893564565293	-1.0667373151416661	-0.7494102024688079	0.45155127745746027	-1.8666586686218856	3.386595280369163	9.511958829358361	-12.010137622518691	-5147.484745233462
2140	-5166.16621844299	-5145.528091122172	-20.638127320818217	0.8906078059045817	0.648893564565293	-1.0667373151416661	-0.7494102024688079	0.45155127745746027	-1.8666586686218856	2.9988069289141817	8.418049703137033	-10.326413238409897	-5145.528091122172
2142	-5165.754624315112	-5145.528091122172	-20.22653319294021	0.8906078059045817	0.648893564565293	-1.0667373151416661	-0.7494102024688079	0.1937517080989332	-1.8666586686218856	2.9988069289141817	8.418049703137033	-10.562401743224184	-5145.528091122172
2144	-5165.754624315112	-5145.528091122172	-20.22653319294021	0.8906078059045817	0.648893564565293	-1.0667373151416661	-0.7494102024688079	0.1937517080989332	-1.8666586686218856	2.9988069289141817	8.418049703137033	-10.562401743224184	-5145.528091122172
2146	-5165.892660835545	-5145.711749732131	-20.180911103414118	0.8906078059045817	0.648893564565293	-1.0667373151416661	-0.7494102024688079	0.1937517080989332	-1.8666586686218856	2.9988069289141817	8.413215565205153	-10.516779653698093	-5145.711749732131
2148	-5165.908084088154	-5146.322907997896	-19.58517609025825	0.8906078059045817	0.648893564565293	-1.0667373151416661	-0.7494102024688079	0.1937517080989332	-1.8666586686218856	2.2705285482736883	7.043490903241665	-9.921044640542224	-5146.322907997896
2150	-5165.908084088154	-5146.322907997896	-19.58517609025825	0.8906078059045817	0.648893564565293	-1.0667373151416661	-0.7494102024688079	0.1937517080989332	-1.8666586686218856	2.2705285482736883	7.043490903241665	-9.921044640542224	-5146.322907997896
2152	-5167.042600654021	-5146.322907997896	-20.719692656124725	2.0432681354337214	0.648893564565293	-1.0667373151416661	-0.7494102024688079	0.1937517080989332	-1.8666586686218856	2.2705285482736883	7.043490903241665	-9.976579026548286	-5146.322907997896
2154	-5168.118233282911	-5146.322907997896	-21.795325285015167	2.0432681354337214	0.648893564565293	-1.0667373151416661	-0.7494102024688079	0.7736775601103764	-1.8666586686218856	2.2705285482736883	7.043490903241665	-9.408650793996545	-5146.322907997896
2156	-5167.137226515779	-5146.322907997896	-20.814318517882224	0.8490209911643358	0.648893564565293	-1.0667373151416661	-0.7494102024688079	0.7736775601103764	-1.8666586686218856	2.2705285482736883	7.043490903241665	-9.547763036506087	-5146.322907997896
2158	-5167.137226515779	-5146.322907997896	-20.814318517882224	0.8490209911643358	0.648893564565293	-1.0667373151416661	-0.7494102024688079	0.7736775601103764	-1.8666586686218856	2.2705285482736883	7.043490903241665	-9.547763036506087	-5146.322907997896
2160	-5167.137226515779	-5146.322907997896	-20.814318517882224	0.8490209911643358	0.648893564565293	-1.0667373151416661	-0.7494102024688079	0.7736775601103764	-1.8666586686218856	2.2705285482736883	7.043490903241665	-9.547763036506087	-5146.322907997896
2162	-5171.032521776007	-5148.970137360623	-22.062384415384205	0.8490209911643358	0.648893564565293	-1.0667373151416661	-0.7494102024688079	0.7736775601103764	-1.8666586686218856	2.5369539413083624	7.863371047604733	-10.79582893400807	-5148.970137360623
2164	-5171.032521776007	-5148.970137360623	-22.062384415384205	0.8490209911643358	0.648893564565293	-1.0667373151416661	-0.7494102024688079	0.7736775601103764	-1.8666586686218856	2.5369539413083624	7.863371047604733	-10.79582893400807	-5148.970137360623
2166	-5171.032521776007	-5148.970137360623	-22.062384415384205	0.8490209911643358	0.648893564565293	-1.0667373151416661	-0.7494102024688079	0.7736775601103764	-1.8666586686218856	2.5369539413083624	7.863371047604733	-10.79582893400807	-5148.970137360623
2168	-5171.114435227983	-5149.092834378024	-22.021600849959665	0.8490209911643358	0.648893564565293	-1.0667373151416661	-0.7494102024688079	0.7736775601103764	-1.8666586686218856	2.5369539413083624	7.858060361513097	-10.755045368583529	-5149.092834378024
2170	-5168.967429577429	-5149.092834378024	-19.874595199405217	0.8490209911643358	0.648893564565293	-1.0667373151416661	-0.7494102024688079	0.7736775601103764	-1.0858153415452627	2.5369539413083624	7.858060361513097	-10.36487049275328	-5149.092834378024
2172	-5170.054667587935	-5149.092834378024	-20.961833209910793	0.8490209911643358	1.3482630418037134	-1.0667373151416661	-0.7494102024688079	0.7736775601103764	-1.0858153415452627	2.5369539413083624	7.858060361513097	-10.76968128070538	-5149.092834378024
2174	-5170.054667587935	-5149.092834378024	-20.961833209910793	0.8490209911643358	1.3482630418037134	-1.0667373151416661	-0.7494102024688079	0.7736775601103764	-1.0858153415452627	2.5369539413083624	7.858060361513097	-10.76968128070538	-5149.092834378024
2176	-5169.80367457849	-5149.122309682828	-20.681364895662618	0.8490209911643358	1.3482630418037134	-1.0667373151416661	-0.7494102024688079	0.7736775601103764	-1.0858153415452627	2.2255505792394934	7.235253637375359	-10.489212966457204	-5149.122309682828
2178	-5169.80367457849	-5149.122309682828	-20.681364895662618	0.8490209911643358	1.3482630418037134	-1.0667373151416661	-0.7494102024688079	0.7736775601103764	-1.0858153415452627	2.2255505792394934	7.235253637375359	-10.489212966457204	-5149.122309682828
2180	-5169.80367457849	-5149.122309682828	-20.681364895662618	0.8490209911643358	1.3482630418037134	-1.0667373151416661	-0.7494102024688079	0.7736775601103764	-1.0858153415452627	2.2255505792394934	7.235253637375359	-10.489212966457204	-5149.122309682828
2182	-5169.769162162146	-5149.145341378775	-20.62382078337127	0.8490209911643358	1.3482630418037134	-1.0667373151416661	-0.7494102024688079	0.7736775601103764	-1.0858153415452627	2.2255505792394934	7.220436542223257	-10.431668854165856	-5149.145341378775
2184	-5169.769162162146	-5149.145341378775	-20.62382078337127	0.8490209911643358	1.3482630418037134	-1.0667373151416661	-0.7494102024688079	0.7736775601103764	-1.0858153415452627	2.2255505792394934	7.220436542223257	-10.431668854165856	-5149.145341378775
2186	-5169.769162162146	-5149.145341378775	-20.62382078337127	0.8490209911643358	1.3482630418037134	-1.0667373151416661	-0.7494102024688079	0.7736775601103764	-1.0858153415452627	2.2255505792394934	7.220436542223257	-10.431668854165856	-5149.145341378775
2188	-5170.8420351674495	-5149.145341378775	-21.696693788674313	0.8490209911643358	1.3482630418037134	-1.0667373151416661	-0.7494102024688079	0.7736775601103764	-1.5282891180809888	2.2255505792394934	7.220436542223257	-10.58387349137106	-5149.145341378775
2190	-5170.8420351674495	-5149.145341378775	-21.696693788674313	0.8490209911643358	1.3482630418037134	-1.0667373151416661	-0.7494102024688079	0.7736775601103764	-1.5282891180809888	2.2255505792394934	7.220436542223257	-10.58387349137106	-5149.145341378775
2192	-5170.8420351674495	-5149.145341378775	-21.696693788674313	0.8490209911643358	1.3482630418037134	-1.0667373151416661	-0.7494102024688079	0.7736775601103764	-1.5282891180809888	2.2255505792394934	7.220436542223257	-10.58387349137106	-5149.145341378775
2194	-5170.8420351674495	-5149.145341378775	-21.696693788674313	0.8490209911643358	1.3482630418037134	-1.0667373151416661	-0.7494102024688079	0.7736775601103764	-1.5282891180809888	2.2255505792394934	7.220436542223257	-10.58387349137106	-5149.145341378775
2196	-5170.8420351674495	-5149.145341378775	-21.696693788674313	0.8490209911643358	1.3482630418037134	-1.0667373151416661	-0.7494102024688079	0.7736775601103764	-1.5282891180809888	2.2255505792394934	7.220436542223257	-10.58387349137106	-5149.145341378775
2198	-5167.832034969267	-5147.191883992611	-20.640150976655463	0.8490209911643358	1.3482630418037134	-1.0667373151416661	-0.7494102024688079	0.7736775601103764	-1.5282891180809888	2.025997252413627	6.57301825994451	-9.527330679352211	-5147.191883992611
2200	-5167.832034969267	-5147.191883992611	-20.640150976655463	0.8490209911643358	1.3482630418037134	-1.0667373151416661	-0.7494102024688079	0.7736775601103764	-1.5282891180809888	2.025997252413627	6.57301825994451	-9.527330679352211	-5147.191883992611
2202	-5168.346831925465	-5147.191883992611	-21.154947932854224	0.8490209911643358	1.3482630418037134	-1.0667373151416661	-1.5582278860254177	0.7736775601103764	-1.5282891180809888	2.025997252413627	6.57301825994451	-9.9716943931358	-5147.191883992611
2204	-5169.377602919535	-5148.256457145928	-21.12114577360739	0.8490209911643358	1.3482630418037134	-1.0667373151416661	-1.5582278860254177	0.7736775601103764	-1.5282891180809888	2.025997252413627	6.567840604966078	-9.937892233888968	-5148.256457145928
2206	-5167.853677633827	-5148.256457145928	-19.597220487898937	0.8490209911643358	1.3482630418037134	-1.0667373151416661	-1.5582278860254177	0.7736775601103764	-0.7504218428468156	2.025997252413627	6.567840604966078	-9.902052746884975	-5148.256457145928
2208	-5168.702017085565	-5148.177326985528	-20.524690100036878	0.8490209911643358	1.3482630418037134	-1.0667373151416661	-1.5582278860254177	0.7736775601103764	-0.7504218428468156	3.0565336824969527	8.628913465132728	-10.829522359022915	-5148.177326985528
2210	-5168.702017085565	-5148.177326985528	-20.524690100036878	0.8490209911643358	1.3482630418037134	-1.0667373151416661	-1.5582278860254177	0.7736775601103764	-0.7504218428468156	3.0565336824969527	8.628913465132728	-10.829522359022915	-5148.177326985528
2212	-5167.711987534636	-5147.222777412105	-20.489210122531393	0.8490209911643358	1.3482630418037134	-1.0667373151416661	-1.5582278860254177	0.7736775601103764	-0.7504218428468156	3.0565336824969527	8.624012103389667	-10.79404238151743	-5147.222777412105
2214	-5167.711987534636	-5147.222777412105	-20.489210122531393	0.8490209911643358	1.3482630418037134	-1.0667373151416661	-1.5582278860254177	0.7736775601103764	-0.7504218428468156	3.0565336824969527	8.624012103389667	-10.79404238151743	-5147.222777412105
2216	-5167.711987534636	-5147.222777412105	-20.489210122531393	0.8490209911643358	1.3482630418037134	-1.0667373151416661	-1.5582278860254177	0.7736775601103764	-0.7504218428468156	3.0565336824969527	8.624012103389667	-10.79404238151743	-5147.222777412105
2218	-5170.568185939808	-5150.918296734113	-19.649889205695043	0.8490209911643358	1.3482630418037134	-1.0667373151416661	-1.5582278860254177	0.7736775601103764	-0.7504218428468156	2.8343072036843417	7.996999924872462	-9.954721464681079	-5150.918296734113
2220	-5169.215226442524	-5147.813729758733	-21.40149668379151	0.8490209911643358	1.3482630418037134	-1.0667373151416661	-1.5582278860254177	0.7736775601103764	-0.7504218428468156	3.297884418288839	9.304983387478668	-11.706328942777548	-5147.813729758733
2222	-5168.351036354094	-5148.066346361143	-20.284689992950465	0.8490209911643358	1.3482630418037134	-1.0667373151416661	-1.5582278860254177	0.7736775601103764	-0.7504218428468156	2.996167187688105	8.457355320125654	-10.5895222519365	-5148.066346361143
2224	-5168.174234959398	-5147.313286998685	-20.860947960712956	0.8490209911643358	1.3482630418037134	-1.0667373151416661	-1.5582278860254177	0.7736775601103764	-0.7504218428468156	3.148964387801926	8.888659760876859	-11.165780219698993	-5147.313286998685
2226	-5167.517752743478	-5146.696767477118	-20.820985266360218	0.8490209911643358	1.3482630418037134	-1.0667373151416661	-1.5582278860254177	0.7736775601103764	-0.7504218428468156	3.148964387801926	8.882079366588325	-11.125817525346255	-5146.696767477118
2228	-5167.517752743478	-5146.696767477118	-20.820985266360218	0.8490209911643358	1.3482630418037134	-1.0667373151416661	-1.5582278860254177	0.7736775601103764	-0.7504218428468156	3.148964387801926	8.882079366588325	-11.125817525346255	-5146.696767477118
2230	-5167.1677050975095	-5146.696767477118	-20.470937620391684	0.8490209911643358	1.3482630418037134	-1.0667373151416661	-1.5582278860254177	0.7736775601103764	-0.42598395676755263	3.148964387801926	8.882079366588325	-11.217615496886028	-5146.696767477118
2232	-5167.1677050975095	-5146.696767477118	-20.470937620391684	0.8490209911643358	1.3482630418037134	-1.0667373151416661	-1.5582278860254177	0.7736775601103764	-0.42598395676755263	3.148964387801926	8.882079366588325	-11.217615496886028	-5146.696767477118
2234	-5167.1677050975095	-5146.696767477118	-20.470937620391684	0.8490209911643358	1.3482630418037134	-1.0667373151416661	-1.5582278860254177	0.7736775601103764	-0.42598395676755263	3.148964387801926	8.882079366588325	-11.217615496886028	-5146.696767477118
2236	-5167.013329880558	-5146.697654208342	-20.315675672215935	0.8490209911643358	1.3482630418037134	-1.0667373151416661	-1.5582278860254177	0.7736775601103764	-0.42598395676755263	2.952182533829059	8.48851565864259	-11.062353548710277	-5146.697654208342
2238	-5166.508327075028	-5146.697654208342	-19.810672866686428	0.8490209911643358	1.3482630418037134	-1.0667373151416661	-0.6866106244566613	0.7736775601103764	-0.42598395676755263	2.952182533829059	8.48851565864259	-10.605884083329022	-5146.697654208342
2240	-5166.783872584395	-5147.001489828313	-19.78238275608105	0.8490209911643358	1.3482630418037134	-1.0667373151416661	-0.6866106244566613	0.7736775601103764	-0.42598395676755263	2.952182533829059	8.479156321167292	-10.577593972723644	-5147.001489828313
2242	-5166.783872584395	-5147.001489828313	-19.78238275608105	0.8490209911643358	1.3482630418037134	-1.0667373151416661	-0.6866106244566613	0.7736775601103764	-0.42598395676755263	2.952182533829059	8.479156321167292	-10.577593972723644	-5147.001489828313
2244	-5166.783872584395	-5147.001489828313	-19.78238275608105	0.8490209911643358	1.3482630418037134	-1.0667373151416661	-0.6866106244566613	0.7736775601103764	-0.42598395676755263	2.952182533829059	8.479156321167292	-10.577593972723644	-5147.001489828313
2246	-5165.752034365622	-5147.001489828313	-18.750544537309146	0.8490209911643358	0.7123603670944713	-1.0667373151416661	-0.6866106244566613	0.7736775601103764	-0.42598395676755263	2.952182533829059	8.479156321167292	-10.170871475998842	-5147.001489828313
2248	-5166.388661116262	-5147.680035264346	-18.70862585191555	0.8490209911643358	0.7123603670944713	-1.0667373151416661	-0.6866106244566613	0.7736775601103764	-0.42598395676755263	2.952182533829059	8.472653299384316	-10.128952790605245	-5147.680035264346
2250	-5165.525773099161	-5146.788882770646	-18.736890328515003	0.8490209911643358	0.7123603670944713	-1.0667373151416661	-0.6866106244566613	0.7736775601103764	-0.42598395676755263	2.952182533829059	8.479489749289407	-10.157217267204695	-5146.788882770646
2252	-5165.525773099161	-5146.788882770646	-18.736890328515003	0.8490209911643358	0.7123603670944713	-1.0667373151416661	-0.6866106244566613	0.7736775601103764	-0.42598395676755263	2.952182533829059	8.479489749289407	-10.157217267204695	-5146.788882770646
2254	-5165.525773099161	-5146.788882770646	-18.736890328515003	0.8490209911643358	0.7123603670944713	-1.0667373151416661	-0.6866106244566613	0.7736775601103764	-0.42598395676755263	2.952182533829059	8.479489749289407	-10.157217267204695	-5146.788882770646
2256	-5165.788052965832	-5147.030696517845	-18.75735644798693	0.8490209911643358	0.7123603670944713	-1.0667373151416661	-0.6866106244566613	0.7736775601103764	-0.42598395676755263	2.952182533829059	8.482545726586643	-10.177683386676623	-5147.030696517845
2258	-5166.414505231145	-5147.030696517845	-19.38380871330016	0.8490209911643358	0.7123603670944713	-1.0667373151416661	-1.8483733247914749	0.7736775601103764	-0.42598395676755263	2.952182533829059	8.482545726586643	-10.570906376684782	-5147.030696517845
2260	-5166.414505231145	-5147.030696517845	-19.38380871330016	0.8490209911643358	0.7123603670944713	-1.0667373151416661	-1.8483733247914749	0.7736775601103764	-0.42598395676755263	2.952182533829059	8.482545726586643	-10.570906376684782	-5147.030696517845
2262	-5166.414505231145	-5147.030696517845	-19.38380871330016	0.8490209911643358	0.7123603670944713	-1.0667373151416661	-1.8483733247914749	0.7736775601103764	-0.42598395676755263	2.952182533829059	8.482545726586643	-10.570906376684782	-5147.030696517845
2264	-5166.8206069577445	-5147.404338932577	-19.416268025167625	0.8490209911643358	0.7123603670944713	-1.0667373151416661	-1.8483733247914749	0.7736775601103764	-0.42598395676755263	2.952182533829059	8.503322367179706	-10.603365688552246	-5147.404338932577
2266	-5166.492519110755	-5147.404338932577	-19.08818017817827	0.4830244575523679	0.7123603670944713	-1.0667373151416661	-1.8483733247914749	0.7736775601103764	-0.42598395676755263	2.952182533829059	8.503322367179706	-10.587923716144802	-5147.404338932577
2268	-5166.492519110755	-5147.404338932577	-19.08818017817827	0.4830244575523679	0.7123603670944713	-1.0667373151416661	-1.8483733247914749	0.7736775601103764	-0.42598395676755263	2.952182533829059	8.503322367179706	-10.587923716144802	-5147.404338932577
2270	-5166.492519110755	-5147.404338932577	-19.08818017817827	0.4830244575523679	0.7123603670944713	-1.0667373151416661	-1.8483733247914749	0.7736775601103764	-0.42598395676755263	2.952182533829059	8.503322367179706	-10.587923716144802	-5147.404338932577
2272	-5166.492519110755	-5147.404338932577	-19.08818017817827	0.4830244575523679	0.7123603670944713	-1.0667373151416661	-1.8483733247914749	0.7736775601103764	-0.42598395676755263	2.952182533829059	8.503322367179706	-10.587923716144802	-5147.404338932577
2274	-5166.97136887814	-5147.841662356995	-19.129706521145316	0.4830244575523679	0.7123603670944713	-1.0667373151416661	-1.8483733247914749	0.7736775601103764	-0.42598395676755263	2.952182533829059	8.507777842171159	-10.62945005911185	-5147.841662356995
2276	-5165.97372751906	-5146.933389717852	-19.040337801208075	0.4830244575523679	0.7123603670944713	-1.0667373151416661	-1.8483733247914749	0.7736775601103764	-0.42598395676755263	2.952182533829059	8.452574754790767	-10.540081339174606	-5146.933389717852
2278	-5165.97372751906	-5146.933389717852	-19.040337801208075	0.4830244575523679	0.7123603670944713	-1.0667373151416661	-1.8483733247914749	0.7736775601103764	-0.42598395676755263	2.952182533829059	8.452574754790767	-10.540081339174606	-5146.933389717852
2280	-5165.97372751906	-5146.933389717852	-19.040337801208075	0.4830244575523679	0.7123603670944713	-1.0667373151416661	-1.8483733247914749	0.7736775601103764	-0.42598395676755263	2.952182533829059	8.452574754790767	-10.540081339174606	-5146.933389717852
2282	-5165.97372751906	-5146.933389717852	-19.040337801208075	0.4830244575523679	0.7123603670944713	-1.0667373151416661	-1.8483733247914749	0.7736775601103764	-0.42598395676755263	2.952182533829059	8.452574754790767	-10.540081339174606	-5146.933389717852
2284	-5165.97372751906	-5146.933389717852	-19.040337801208075	0.4830244575523679	0.7123603670944713	-1.0667373151416661	-1.8483733247914749	0.7736775601103764	-0.42598395676755263	2.952182533829059	8.452574754790767	-10.540081339174606	-5146.933389717852
2286	-5165.97372751906	-5146.933389717852	-19.040337801208075	0.4830244575523679	0.7123603670944713	-1.0667373151416661	-1.8483733247914749	0.7736775601103764	-0.42598395676755263	2.952182533829059	8.452574754790767	-10.540081339174606	-5146.933389717852
2288	-5165.593405996373	-5146.9472734153105	-18.646132581062616	0.4830244575523679	0.7123603670944713	-1.0667373151416661	-1.8483733247914749	0.7736775601103764	-0.42598395676755263	2.454536917814419	7.457283522761487	-10.145876119029149	-5146.9472734153105
2290	-5165.593405996373	-5146.9472734153105	-18.646132581062616	0.4830244575523679	0.7123603670944713	-1.0667373151416661	-1.8483733247914749	0.7736775601103764	-0.42598395676755263	2.454536917814419	7.457283522761487	-10.145876119029149	-5146.9472734153105
2292	-5165.845807796632	-5146.9472734153105	-18.89853438132102	0.4830244575523679	0.7123603670944713	-1.0667373151416661	-1.8483733247914749	0.7736775601103764	-0.6848426542036337	2.454536917814419	7.457283522761487	-10.054231189045188	-5146.9472734153105
2294	-5165.972829712638	-5146.9472734153105	-19.02555629732723	0.6414815499183398	0.7123603670944713	-1.0667373151416661	-1.8483733247914749	0.7736775601103764	-0.6848426542036337	2.454536917814419	7.457283522761487	-10.06374804020784	-5146.9472734153105
2296	-5165.972829712638	-5146.9472734153105	-19.02555629732723	0.6414815499183398	0.7123603670944713	-1.0667373151416661	-1.8483733247914749	0.7736775601103764	-0.6848426542036337	2.454536917814419	7.457283522761487	-10.06374804020784	-5146.9472734153105
2298	-5166.844087802959	-5147.8757303642415	-18.968357438717092	0.6414815499183398	0.7123603670944713	-1.0667373151416661	-1.8483733247914749	0.7736775601103764	-0.6848426542036337	2.454536917814419	7.432740618734751	-10.006549181597698	-5147.8757303642415
2300	-5166.844087802959	-5147.8757303642415	-18.968357438717092	0.6414815499183398	0.7123603670944713	-1.0667373151416661	-1.8483733247914749	0.7736775601103764	-0.6848426542036337	2.454536917814419	7.432740618734751	-10.006549181597698	-5147.8757303642415
2302	-5166.844087802959	-5147.8757303642415	-18.968357438717092	0.6414815499183398	0.7123603670944713	-1.0667373151416661	-1.8483733247914749	0.7736775601103764	-0.6848426542036337	2.454536917814419	7.432740618734751	-10.006549181597698	-5147.8757303642415
2304	-5166.844087802959	-5147.8757303642415	-18.968357438717092	0.6414815499183398	0.7123603670944713	-1.0667373151416661	-1.8483733247914749	0.7736775601103764	-0.6848426542036337	2.454536917814419	7.432740618734751	-10.006549181597698	-5147.8757303642415
2306	-5166.844087802959	-5147.8757303642415	-18.968357438717092	0.6414815499183398	0.7123603670944713	-1.0667373151416661	-1.8483733247914749	0.7736775601103764	-0.6848426542036337	2.454536917814419	7.432740618734751	-10.006549181597698	-5147.8757303642415
2308	-5166.899609134716	-5147.91605563997	-18.983553494745884	0.6414815499183398	0.7123603670944713	-1.0667373151416661	-1.8483733247914749	0.7736775601103764	-0.6848426542036337	2.454536917814419	7.448830436680942	-10.02174523762649	-5147.91605563997
2310	-5166.899609134716	-5147.91605563997	-18.983553494745884	0.6414815499183398	0.7123603670944713	-1.0667373151416661	-1.8483733247914749	0.7736775601103764	-0.6848426542036337	2.454536917814419	7.448830436680942	-10.02174523762649	-5147.91605563997
2312	-5166.899609134716	-5147.91605563997	-18.983553494745884	0.6414815499183398	0.7123603670944713	-1.0667373151416661	-1.8483733247914749	0.7736775601103764	-0.6848426542036337	2.454536917814419	7.448830436680942	-10.02174523762649	-5147.91605563997
2314	-5166.899609134716	-5147.91605563997	-18.983553494745884	0.6414815499183398	0.7123603670944713	-1.0667373151416661	-1.8483733247914749	0.7736775601103764	-0.6848426542036337	2.454536917814419	7.448830436680942	-10.02174523762649	-5147.91605563997
2316	-5166.899609134716	-5147.91605563997	-18.983553494745884	0.6414815499183398	0.7123603670944713	-1.0667373151416661	-1.8483733247914749	0.7736775601103764	-0.6848426542036337	2.454536917814419	7.448830436680942	-10.02174523762649	-5147.91605563997
2318	-5167.828559709219	-5147.91605563997	-19.912504069249096	1.5348169424408749	0.7123603670944713	-1.0667373151416661	-1.8483733247914749	0.7736775601103764	-0.6848426542036337	2.454536917814419	7.448830436680942	-10.085098631124605	-5147.91605563997
2320	-5167.828559709219	-5147.91605563997	-19.912504069249096	1.5348169424408749	0.7123603670944713	-1.0667373151416661	-1.8483733247914749	0.7736775601103764	-0.6848426542036337	2.454536917814419	7.448830436680942	-10.085098631124605	-5147.91605563997
2322	-5167.828559709219	-5147.91605563997	-19.912504069249096	1.5348169424408749	0.7123603670944713	-1.0667373151416661	-1.8483733247914749	0.7736775601103764	-0.6848426542036337	2.454536917814419	7.448830436680942	-10.085098631124605	-5147.91605563997
2324	-5167.828559709219	-5147.91605563997	-19.912504069249096	1.5348169424408749	0.7123603670944713	-1.0667373151416661	-1.8483733247914749	0.7736775601103764	-0.6848426542036337	2.454536917814419	7.448830436680942	-10.085098631124605	-5147.91605563997
2326	-5167.828559709219	-5147.91605563997	-19.912504069249096	1.5348169424408749	0.7123603670944713	-1.0667373151416661	-1.8483733247914749	0.7736775601103764	-0.6848426542036337	2.454536917814419	7.448830436680942	-10.085098631124605	-5147.91605563997
2328	-5168.347429830943	-5148.392015735043	-19.955414095899492	1.5348169424408749	0.7123603670944713	-1.0667373151416661	-1.8483733247914749	0.7736775601103764	-0.6848426542036337	2.454536917814419	7.454962998187043	-10.128008657775004	-5148.392015735043
2330	-5168.347429830943	-5148.392015735043	-19.955414095899492	1.5348169424408749	0.7123603670944713	-1.0667373151416661	-1.8483733247914749	0.7736775601103764	-0.6848426542036337	2.454536917814419	7.454962998187043	-10.128008657775004	-5148.392015735043
2332	-5167.901607487229	-5147.989129103452	-19.912478383776584	1.5348169424408749	0.7123603670944713	-1.0667373151416661	-1.8483733247914749	0.7736775601103764	-0.6848426542036337	2.454536917814419	7.450457175585939	-10.085072945652096	-5147.989129103452
2334	-5168.053757105115	-5147.980093074805	-20.073664030310304	1.5348169424408749	0.7123603670944713	-1.0667373151416661	-1.8483733247914749	0.7736775601103764	-0.6848426542036337	2.6529711614558225	7.847325662868746	-10.246258592185814	-5147.980093074805
2336	-5168.053757105115	-5147.980093074805	-20.073664030310304	1.5348169424408749	0.7123603670944713	-1.0667373151416661	-1.8483733247914749	0.7736775601103764	-0.6848426542036337	2.6529711614558225	7.847325662868746	-10.246258592185814	-5147.980093074805
2338	-5167.915617582906	-5147.826728270458	-20.08888931244735	1.5348169424408749	0.7123603670944713	-1.0667373151416661	-1.8483733247914749	0.7736775601103764	-0.6848426542036337	2.6529711614558225	7.851578764670778	-10.26148387432286	-5147.826728270458
2340	-5167.915617582906	-5147.826728270458	-20.08888931244735	1.5348169424408749	0.7123603670944713	-1.0667373151416661	-1.8483733247914749	0.7736775601103764	-0.6848426542036337	2.6529711614558225	7.851578764670778	-10.26148387432286	-5147.826728270458
2342	-5167.60375028967	-5147.826728270458	-19.777022019211323	1.5348169424408749	0.7123603670944713	-1.0667373151416661	-1.8483733247914749	0.7736775601103764	-0.314786185413175	2.6529711614558225	7.851578764670778	-10.420880526208549	-5147.826728270458
2344	-5167.085061007602	-5147.826728270458	-19.258332737143892	1.039344413637195	0.7123603670944713	-1.0667373151416661	-1.8483733247914749	0.7736775601103764	-0.314786185413175	2.6529711614558225	7.851578764670778	-10.38303566297699	-5147.826728270458
2346	-5167.085061007602	-5147.826728270458	-19.258332737143892	1.039344413637195	0.7123603670944713	-1.0667373151416661	-1.8483733247914749	0.7736775601103764	-0.314786185413175	2.6529711614558225	7.851578764670778	-10.38303566297699	-5147.826728270458
2348	-5166.395404127816	-5147.082936277628	-19.312467850187836	1.039344413637195	0.7123603670944713	-1.0667373151416661	-1.8483733247914749	0.7736775601103764	-0.314786185413175	2.6529711614558225	7.854702472400882	-10.437170776020935	-5147.082936277628
2350	-5165.716233861187	-5147.082936277628	-18.633297583559532	1.039344413637195	0.7123603670944713	-1.0667373151416661	-0.8464891035170318	0.7736775601103764	-0.314786185413175	2.6529711614558225	7.854702472400882	-10.03922329782134	-5147.082936277628
2352	-5165.136923731572	-5146.5419002448025	-18.59502348676939	1.039344413637195	0.7123603670944713	-1.0667373151416661	-0.8464891035170318	0.7736775601103764	-0.314786185413175	2.6529711614558225	7.848141016882037	-10.000949201031199	-5146.5419002448025
2354	-5165.299987060209	-5146.7213601050735	-18.578626955135306	1.039344413637195	0.7123603670944713	-1.0667373151416661	-0.8464891035170318	0.7736775601103764	-0.314786185413175	2.6529711614558225	7.843523805461201	-9.984552669397116	-5146.7213601050735
2356	-5165.867025029607	-5147.306656532539	-18.560368497068403	1.039344413637195	0.7123603670944713	-1.0667373151416661	-0.8464891035170318	0.7736775601103764	-0.314786185413175	2.6529711614558225	7.838554141881392	-9.966294211330212	-5147.306656532539
2358	-5165.867025029607	-5147.306656532539	-18.560368497068403	1.039344413637195	0.7123603670944713	-1.0667373151416661	-0.8464891035170318	0.7736775601103764	-0.314786185413175	2.6529711614558225	7.838554141881392	-9.966294211330212	-5147.306656532539
2360	-5165.867025029607	-5147.306656532539	-18.560368497068403	1.039344413637195	0.7123603670944713	-1.0667373151416661	-0.8464891035170318	0.7736775601103764	-0.314786185413175	2.6529711614558225	7.838554141881392	-9.966294211330212	-5147.306656532539
2362	-5168.825485545346	-5149.5343373543565	-19.291148190989297	1.039344413637195	0.7123603670944713	-1.0667373151416661	-0.8464891035170318	0.7736775601103764	-0.314786185413175	2.8903279114647624	8.539856049311517	-10.69707390525111	-5149.5343373543565
2364	-5168.825485545346	-5149.5343373543565	-19.291148190989297	1.039344413637195	0.7123603670944713	-1.0667373151416661	-0.8464891035170318	0.7736775601103764	-0.314786185413175	2.8903279114647624	8.539856049311517	-10.69707390525111	-5149.5343373543565
2366	-5168.825485545346	-5149.5343373543565	-19.291148190989297	1.039344413637195	0.7123603670944713	-1.0667373151416661	-0.8464891035170318	0.7736775601103764	-0.314786185413175	2.8903279114647624	8.539856049311517	-10.69707390525111	-5149.5343373543565
2368	-5168.825485545346	-5149.5343373543565	-19.291148190989297	1.039344413637195	0.7123603670944713	-1.0667373151416661	-0.8464891035170318	0.7736775601103764	-0.314786185413175	2.8903279114647624	8.539856049311517	-10.69707390525111	-5149.5343373543565
2370	-5170.061704971753	-5149.5343373543565	-20.527367617396195	1.039344413637195	0.7123603670944713	-1.0667373151416661	-2.0529033053777224	0.7736775601103764	-0.314786185413175	2.8903279114647624	8.539856049311517	-11.471286288870797	-5149.5343373543565
2372	-5167.90095089234	-5147.811552693123	-20.08939819921631	1.039344413637195	0.7123603670944713	-1.0667373151416661	-2.0529033053777224	0.7736775601103764	-0.314786185413175	2.7785006944448685	8.209447747901507	-11.03331687069091	-5147.811552693123
2374	-5167.90095089234	-5147.811552693123	-20.08939819921631	1.039344413637195	0.7123603670944713	-1.0667373151416661	-2.0529033053777224	0.7736775601103764	-0.314786185413175	2.7785006944448685	8.209447747901507	-11.03331687069091	-5147.811552693123
2376	-5168.681621996116	-5148.626297218976	-20.055324777139376	1.039344413637195	0.7123603670944713	-1.0667373151416661	-2.0529033053777224	0.7736775601103764	-0.314786185413175	2.7785006944448685	8.197520496913576	-10.99924344861398	-5148.626297218976
2378	-5168.681621996116	-5148.626297218976	-20.055324777139376	1.039344413637195	0.7123603670944713	-1.0667373151416661	-2.0529033053777224	0.7736775601103764	-0.314786185413175	2.7785006944448685	8.197520496913576	-10.99924344861398	-5148.626297218976
2380	-5168.377795146355	-5148.345018703485	-20.032776442870677	1.039344413637195	0.7123603670944713	-1.0667373151416661	-2.0529033053777224	0.7736775601103764	-0.314786185413175	2.7785006944448685	8.194338409083691	-10.97669511434528	-5148.345018703485
2382	-5168.377795146355	-5148.345018703485	-20.032776442870677	1.039344413637195	0.7123603670944713	-1.0667373151416661	-2.0529033053777224	0.7736775601103764	-0.314786185413175	2.7785006944448685	8.194338409083691	-10.97669511434528	-5148.345018703485
2384	-5168.3525432735305	-5148.334724440177	-20.01781883335369	1.039344413637195	0.7123603670944713	-1.0667373151416661	-2.0529033053777224	0.7736775601103764	-0.314786185413175	2.7785006944448685	8.18538717188456	-10.961737504828294	-5148.334724440177
2386	-5167.567520836633	-5148.334724440177	-19.23279639645657	1.039344413637195	0.7123603670944713	-1.0667373151416661	-2.0529033053777224	0.2891362544579742	-0.314786185413175	2.7785006944448685	8.18538717188456	-10.844219170588973	-5148.334724440177
2388	-5167.682172962607	-5148.407432511234	-19.274740451373084	1.039344413637195	0.7123603670944713	-1.0667373151416661	-2.0529033053777224	0.2891362544579742	-0.314786185413175	2.7785006944448685	8.196640648090247	-10.886163225505484	-5148.407432511234
2390	-5167.682172962607	-5148.407432511234	-19.274740451373084	1.039344413637195	0.7123603670944713	-1.0667373151416661	-2.0529033053777224	0.2891362544579742	-0.314786185413175	2.7785006944448685	8.196640648090247	-10.886163225505484	-5148.407432511234
2392	-5167.682172962607	-5148.407432511234	-19.274740451373084	1.039344413637195	0.7123603670944713	-1.0667373151416661	-2.0529033053777224	0.2891362544579742	-0.314786185413175	2.7785006944448685	8.196640648090247	-10.886163225505484	-5148.407432511234
2394	-5167.682172962607	-5148.407432511234	-19.274740451373084	1.039344413637195	0.7123603670944713	-1.0667373151416661	-2.0529033053777224	0.2891362544579742	-0.314786185413175	2.7785006944448685	8.196640648090247	-10.886163225505484	-5148.407432511234
2396	-5167.185541693177	-5147.986247843574	-19.19929384960275	1.039344413637195	0.7123603670944713	-1.0667373151416661	-2.0529033053777224	0.2891362544579742	-0.15909865498445852	2.7785006944448685	8.203391783655462	-10.89262051340368	-5147.986247843574
2398	-5167.320116979274	-5148.109248527426	-19.21086845184791	1.039344413637195	0.7123603670944713	-1.0667373151416661	-2.0529033053777224	0.2891362544579742	-0.15909865498445852	2.7785006944448685	8.204596028605415	-10.904195115648841	-5148.109248527426
2400	-5166.643571029113	-5148.427986747054	-18.2155842820597	1.039344413637195	0.7123603670944713	-1.0667373151416661	-2.0529033053777224	0.2891362544579742	-0.15909865498445852	2.543573368566525	7.5108823978094925	-9.908910945860631	-5148.427986747054
2402	-5166.643571029113	-5148.427986747054	-18.2155842820597	1.039344413637195	0.7123603670944713	-1.0667373151416661	-2.0529033053777224	0.2891362544579742	-0.15909865498445852	2.543573368566525	7.5108823978094925	-9.908910945860631	-5148.427986747054
2404	-5166.643571029113	-5148.427986747054	-18.2155842820597	1.039344413637195	0.7123603670944713	-1.0667373151416661	-2.0529033053777224	0.2891362544579742	-0.15909865498445852	2.543573368566525	7.5108823978094925	-9.908910945860631	-5148.427986747054
2406	-5171.042508366252	-5147.188571625567	-23.853936740684873	1.039344413637195	0.7123603670944713	-1.0667373151416661	-3.866983009119446	0.2891362544579742	-0.15909865498445852	2.543573368566525	7.522470561722617	-12.112837111314384	-5147.188571625567
2408	-5171.042508366252	-5147.188571625567	-23.853936740684873	1.039344413637195	0.7123603670944713	-1.0667373151416661	-3.866983009119446	0.2891362544579742	-0.15909865498445852	2.543573368566525	7.522470561722617	-12.112837111314384	-5147.188571625567
2410	-5171.042508366252	-5147.188571625567	-23.853936740684873	1.039344413637195	0.7123603670944713	-1.0667373151416661	-3.866983009119446	0.2891362544579742	-0.15909865498445852	2.543573368566525	7.522470561722617	-12.112837111314384	-5147.188571625567
2412	-5171.911433020312	-5147.188571625567	-24.72286139474441	1.9578117059177085	0.7123603670944713	-1.0667373151416661	-3.866983009119446	0.2891362544579742	-0.15909865498445852	2.543573368566525	7.522470561722617	-12.123593125355677	-5147.188571625567
2414	-5171.911433020312	-5147.188571625567	-24.72286139474441	1.9578117059177085	0.7123603670944713	-1.0667373151416661	-3.866983009119446	0.2891362544579742	-0.15909865498445852	2.543573368566525	7.522470561722617	-12.123593125355677	-5147.188571625567
2416	-5171.911433020312	-5147.188571625567	-24.72286139474441	1.9578117059177085	0.7123603670944713	-1.0667373151416661	-3.866983009119446	0.2891362544579742	-0.15909865498445852	2.543573368566525	7.522470561722617	-12.123593125355677	-5147.188571625567
2418	-5171.911433020312	-5147.188571625567	-24.72286139474441	1.9578117059177085	0.7123603670944713	-1.0667373151416661	-3.866983009119446	0.2891362544579742	-0.15909865498445852	2.543573368566525	7.522470561722617	-12.123593125355677	-5147.188571625567
2420	-5172.096155566017	-5147.188571625567	-24.907583940449385	1.9578117059177085	0.7123603670944713	-1.0667373151416661	-3.866983009119446	0.2891362544579742	-0.3230830996708931	2.543573368566525	7.522470561722617	-12.221366669297105	-5147.188571625567
2422	-5171.372068158081	-5146.54426024035	-24.827807917730436	1.9578117059177085	0.7123603670944713	-1.0667373151416661	-3.866983009119446	0.2891362544579742	-0.3230830996708931	2.543573368566525	7.418411902716045	-12.141590646578154	-5146.54426024035
2424	-5171.807460774335	-5146.54426024035	-25.26320053398466	1.9578117059177085	1.1826037054329372	-1.0667373151416661	-3.866983009119446	0.2891362544579742	-0.3230830996708931	2.543573368566525	7.418411902716045	-12.113547215561692	-5146.54426024035
2426	-5171.810566508947	-5146.554213137554	-25.25635337139328	1.9578117059177085	1.1826037054329372	-1.0667373151416661	-3.866983009119446	0.2891362544579742	-0.3230830996708931	2.543573368566525	7.416093862025732	-12.106700052970316	-5146.554213137554
2428	-5172.755610277309	-5146.122403138353	-26.633207138956067	1.9578117059177085	1.1826037054329372	-1.0667373151416661	-3.866983009119446	0.2891362544579742	-0.3230830996708931	2.8434972688050797	8.290558040303978	-13.483553820533102	-5146.122403138353
2430	-5172.918310568147	-5146.122403138353	-26.795907429794433	1.9578117059177085	1.1826037054329372	-2.4494484073215776	-3.866983009119446	0.2891362544579742	-0.3230830996708931	2.8434972688050797	8.290558040303978	-14.13130541073761	-5146.122403138353
2432	-5172.918310568147	-5146.122403138353	-26.795907429794433	1.9578117059177085	1.1826037054329372	-2.4494484073215776	-3.866983009119446	0.2891362544579742	-0.3230830996708931	2.8434972688050797	8.290558040303978	-14.13130541073761	-5146.122403138353
2434	-5172.918310568147	-5146.122403138353	-26.795907429794433	1.9578117059177085	1.1826037054329372	-2.4494484073215776	-3.866983009119446	0.2891362544579742	-0.3230830996708931	2.8434972688050797	8.290558040303978	-14.13130541073761	-5146.122403138353
2436	-5172.918310568147	-5146.122403138353	-26.795907429794433	1.9578117059177085	1.1826037054329372	-2.4494484073215776	-3.866983009119446	0.2891362544579742	-0.3230830996708931	2.8434972688050797	8.290558040303978	-14.13130541073761	-5146.122403138353
2438	-5172.918310568147	-5146.122403138353	-26.795907429794433	1.9578117059177085	1.1826037054329372	-2.4494484073215776	-3.866983009119446	0.2891362544579742	-0.3230830996708931	2.8434972688050797	8.290558040303978	-14.13130541073761	-5146.122403138353
2440	-5171.462510834502	-5145.815618443297	-25.646892391204144	1.9578117059177085	1.1826037054329372	-2.4494484073215776	-3.866983009119446	0.2891362544579742	-0.3230830996708931	2.589292829418597	7.549394445052066	-12.982290372147324	-5145.815618443297
2442	-5171.462510834502	-5145.815618443297	-25.646892391204144	1.9578117059177085	1.1826037054329372	-2.4494484073215776	-3.866983009119446	0.2891362544579742	-0.3230830996708931	2.589292829418597	7.549394445052066	-12.982290372147324	-5145.815618443297
2444	-5171.462510834502	-5145.815618443297	-25.646892391204144	1.9578117059177085	1.1826037054329372	-2.4494484073215776	-3.866983009119446	0.2891362544579742	-0.3230830996708931	2.589292829418597	7.549394445052066	-12.982290372147324	-5145.815618443297
2446	-5171.462510834502	-5145.815618443297	-25.646892391204144	1.9578117059177085	1.1826037054329372	-2.4494484073215776	-3.866983009119446	0.2891362544579742	-0.3230830996708931	2.589292829418597	7.549394445052066	-12.982290372147324	-5145.815618443297
2448	-5172.66482051165	-5147.068968518758	-25.595851992891873	1.9578117059177085	1.1826037054329372	-2.4494484073215776	-3.866983009119446	0.2891362544579742	-0.3230830996708931	2.589292829418597	7.536751191840683	-12.931249973835051	-5147.068968518758
2450	-5172.66482051165	-5147.068968518758	-25.595851992891873	1.9578117059177085	1.1826037054329372	-2.4494484073215776	-3.866983009119446	0.2891362544579742	-0.3230830996708931	2.589292829418597	7.536751191840683	-12.931249973835051	-5147.068968518758
2452	-5172.66482051165	-5147.068968518758	-25.595851992891873	1.9578117059177085	1.1826037054329372	-2.4494484073215776	-3.866983009119446	0.2891362544579742	-0.3230830996708931	2.589292829418597	7.536751191840683	-12.931249973835051	-5147.068968518758
2454	-5172.873216936857	-5147.068968518758	-25.804248418098272	1.9578117059177085	1.1826037054329372	-2.4494484073215776	-3.866983009119446	0.2891362544579742	-0.41417516557163975	2.589292829418597	7.536751191840683	-13.079729191054398	-5147.068968518758
2456	-5172.873216936857	-5147.068968518758	-25.804248418098272	1.9578117059177085	1.1826037054329372	-2.4494484073215776	-3.866983009119446	0.2891362544579742	-0.41417516557163975	2.589292829418597	7.536751191840683	-13.079729191054398	-5147.068968518758
2458	-5173.716449049369	-5146.163427253587	-27.553021795781937	4.441876538933091	1.1826037054329372	-2.4494484073215776	-3.866983009119446	0.2891362544579742	-0.41417516557163975	2.589292829418597	7.54560192360913	-13.123273812975427	-5146.163427253587
2460	-5174.0592793445385	-5146.478331787803	-27.580947556735815	4.441876538933091	1.1826037054329372	-2.4494484073215776	-3.866983009119446	0.2891362544579742	-0.41417516557163975	2.589292829418597	7.550980946566119	-13.151199573929306	-5146.478331787803
2462	-5174.0592793445385	-5146.478331787803	-27.580947556735815	4.441876538933091	1.1826037054329372	-2.4494484073215776	-3.866983009119446	0.2891362544579742	-0.41417516557163975	2.589292829418597	7.550980946566119	-13.151199573929306	-5146.478331787803
2464	-5174.0592793445385	-5146.478331787803	-27.580947556735815	4.441876538933091	1.1826037054329372	-2.4494484073215776	-3.866983009119446	0.2891362544579742	-0.41417516557163975	2.589292829418597	7.550980946566119	-13.151199573929306	-5146.478331787803
2466	-5174.0592793445385	-5146.478331787803	-27.580947556735815	4.441876538933091	1.1826037054329372	-2.4494484073215776	-3.866983009119446	0.2891362544579742	-0.41417516557163975	2.589292829418597	7.550980946566119	-13.151199573929306	-5146.478331787803
2468	-5174.148343263109	-5145.885090738061	-28.263252525048358	4.441876538933091	1.1826037054329372	-2.4494484073215776	-3.866983009119446	0.2891362544579742	-0.41417516557163975	2.733638102088755	7.971925380226018	-13.833504542241847	-5145.885090738061
2470	-5174.148343263109	-5145.885090738061	-28.263252525048358	4.441876538933091	1.1826037054329372	-2.4494484073215776	-3.866983009119446	0.2891362544579742	-0.41417516557163975	2.733638102088755	7.971925380226018	-13.833504542241847	-5145.885090738061
2472	-5174.279662833602	-5145.885090738061	-28.394572095540884	4.441876538933091	0.6373334485606975	-2.4494484073215776	-3.866983009119446	0.2891362544579742	-0.41417516557163975	2.733638102088755	7.971925380226018	-14.495611558796615	-5145.885090738061
2474	-5174.279662833602	-5145.885090738061	-28.394572095540884	4.441876538933091	0.6373334485606975	-2.4494484073215776	-3.866983009119446	0.2891362544579742	-0.41417516557163975	2.733638102088755	7.971925380226018	-14.495611558796615	-5145.885090738061
2476	-5174.670562783872	-5146.194297400197	-28.476265383675145	4.441876538933091	0.6373334485606975	-2.4494484073215776	-3.866983009119446	0.2891362544579742	-0.41417516557163975	2.733638102088755	8.030899816727214	-14.577304846930874	-5146.194297400197
2478	-5174.670562783872	-5146.194297400197	-28.476265383675145	4.441876538933091	0.6373334485606975	-2.4494484073215776	-3.866983009119446	0.2891362544579742	-0.41417516557163975	2.733638102088755	8.030899816727214	-14.577304846930874	-5146.194297400197
2480	-5174.670562783872	-5146.194297400197	-28.476265383675145	4.441876538933091	0.6373334485606975	-2.4494484073215776	-3.866983009119446	0.2891362544579742	-0.41417516557163975	2.733638102088755	8.030899816727214	-14.577304846930874	-5146.194297400197
2482	-5174.251595716052	-5145.882046870144	-28.369548845907634	4.441876538933091	0.6373334485606975	-2.4494484073215776	-3.866983009119446	0.2891362544579742	-0.41417516557163975	2.733638102088755	7.9796059296686055	-14.470588309163361	-5145.882046870144
2484	-5174.251595716052	-5145.882046870144	-28.369548845907634	4.441876538933091	0.6373334485606975	-2.4494484073215776	-3.866983009119446	0.2891362544579742	-0.41417516557163975	2.733638102088755	7.9796059296686055	-14.470588309163361	-5145.882046870144
2486	-5174.387404958608	-5147.331276367892	-27.05612859071606	4.441876538933091	0.6373334485606975	-2.4494484073215776	-3.866983009119446	0.2891362544579742	-0.41417516557163975	1.4677899595795831	5.447909644650262	-13.15716805397179	-5147.331276367892
2488	-5174.61388792243	-5147.600083190892	-27.013804731537906	4.441876538933091	0.6373334485606975	-2.4494484073215776	-3.866983009119446	0.2891362544579742	-0.41417516557163975	1.4677899595795831	5.441241465589537	-13.114844194793635	-5147.600083190892
2490	-5174.61388792243	-5147.600083190892	-27.013804731537906	4.441876538933091	0.6373334485606975	-2.4494484073215776	-3.866983009119446	0.2891362544579742	-0.41417516557163975	1.4677899595795831	5.441241465589537	-13.114844194793635	-5147.600083190892
2492	-5174.61388792243	-5147.600083190892	-27.013804731537906	4.441876538933091	0.6373334485606975	-2.4494484073215776	-3.866983009119446	0.2891362544579742	-0.41417516557163975	1.4677899595795831	5.441241465589537	-13.114844194793635	-5147.600083190892
2494	-5174.61388792243	-5147.600083190892	-27.013804731537906	4.441876538933091	0.6373334485606975	-2.4494484073215776	-3.866983009119446	0.2891362544579742	-0.41417516557163975	1.4677899595795831	5.441241465589537	-13.114844194793635	-5147.600083190892
2496	-5174.61388792243	-5147.600083190892	-27.013804731537906	4.441876538933091	0.6373334485606975	-2.4494484073215776	-3.866983009119446	0.2891362544579742	-0.41417516557163975	1.4677899595795831	5.441241465589537	-13.114844194793635	-5147.600083190892
2498	-5172.771973330922	-5146.147656739434	-26.62431659148864	4.441876538933091	0.6373334485606975	-2.4494484073215776	-2.785203358353092	0.2891362544579742	-0.41417516557163975	2.834803953521378	8.175269453473128	-13.673692534820404	-5146.147656739434
2500	-5172.771973330922	-5146.147656739434	-26.62431659148864	4.441876538933091	0.6373334485606975	-2.4494484073215776	-2.785203358353092	0.2891362544579742	-0.41417516557163975	2.834803953521378	8.175269453473128	-13.673692534820404	-5146.147656739434
2502	-5173.729185996966	-5147.057642562855	-26.67154343411121	4.441876538933091	0.6373334485606975	-2.4494484073215776	-2.785203358353092	0.2891362544579742	-0.41417516557163975	2.834803953521378	8.184080335052924	-13.720919377442973	-5147.057642562855
2504	-5174.470047337034	-5147.96150472488	-26.50854261215426	4.441876538933091	0.6373334485606975	-2.4494484073215776	-2.785203358353092	0.2891362544579742	-0.41417516557163975	2.834803953521378	8.178734378066324	-13.557918555486024	-5147.96150472488
2506	-5174.470047337034	-5147.96150472488	-26.50854261215426	4.441876538933091	0.6373334485606975	-2.4494484073215776	-2.785203358353092	0.2891362544579742	-0.41417516557163975	2.834803953521378	8.178734378066324	-13.557918555486024	-5147.96150472488
2508	-5174.3059798930635	-5147.83509034186	-26.470889551203253	4.441876538933091	0.6373334485606975	-2.4494484073215776	-2.785203358353092	0.2891362544579742	-0.41417516557163975	2.834803953521378	8.165948660583325	-13.520265494535018	-5147.83509034186
2510	-5174.333063786887	-5147.83509034186	-26.49797344502603	4.441876538933091	0.8005241057895081	-2.4494484073215776	-2.785203358353092	0.2891362544579742	-0.41417516557163975	2.834803953521378	8.165948660583325	-13.396083271477755	-5147.83509034186
2512	-5173.940770235306	-5147.411879177576	-26.528891057730373	4.441876538933091	0.8005241057895081	-2.4494484073215776	-2.785203358353092	0.2891362544579742	-0.41417516557163975	2.834803953521378	8.17358430709299	-13.4270008841821	-5147.411879177576
2514	-5173.940770235306	-5147.411879177576	-26.528891057730373	4.441876538933091	0.8005241057895081	-2.4494484073215776	-2.785203358353092	0.2891362544579742	-0.41417516557163975	2.834803953521378	8.17358430709299	-13.4270008841821	-5147.411879177576
2516	-5173.940770235306	-5147.411879177576	-26.528891057730373	4.441876538933091	0.8005241057895081	-2.4494484073215776	-2.785203358353092	0.2891362544579742	-0.41417516557163975	2.834803953521378	8.17358430709299	-13.4270008841821	-5147.411879177576
2518	-5173.957351099343	-5147.411879177576	-26.54547192176732	4.441876538933091	0.8005241057895081	-2.4494484073215776	-2.785203358353092	0.5724854967148385	-0.41417516557163975	2.834803953521378	8.17358430709299	-13.082085658585857	-5147.411879177576
2520	-5173.957351099343	-5147.411879177576	-26.54547192176732	4.441876538933091	0.8005241057895081	-2.4494484073215776	-2.785203358353092	0.5724854967148385	-0.41417516557163975	2.834803953521378	8.17358430709299	-13.082085658585857	-5147.411879177576
2522	-5173.670064647078	-5147.072619489478	-26.597445157600706	4.441876538933091	0.8005241057895081	-2.4494484073215776	-2.785203358353092	0.5724854967148385	-0.41417516557163975	2.834803953521378	8.18325875293638	-13.13405889441925	-5147.072619489478
2524	-5173.670064647078	-5147.072619489478	-26.597445157600706	4.441876538933091	0.8005241057895081	-2.4494484073215776	-2.785203358353092	0.5724854967148385	-0.41417516557163975	2.834803953521378	8.18325875293638	-13.13405889441925	-5147.072619489478
2526	-5173.857335016414	-5147.204997920699	-26.65233709571589	4.441876538933091	0.8005241057895081	-2.4494484073215776	-2.785203358353092	0.5724854967148385	-0.41417516557163975	2.834803953521378	8.214101386764515	-13.188950832534431	-5147.204997920699
2528	-5173.834296019305	-5147.206146901747	-26.628149117557673	4.441876538933091	0.8005241057895081	-2.4494484073215776	-2.785203358353092	0.5724854967148385	-0.41417516557163975	2.834803953521378	8.20494773155151	-13.164762854376212	-5147.206146901747
2530	-5171.464763597532	-5147.206146901747	-24.258616695784415	4.441876538933091	0.8005241057895081	-0.8635308671473287	-2.785203358353092	0.5724854967148385	-0.41417516557163975	2.834803953521378	8.20494773155151	-11.632239515252557	-5147.206146901747
2532	-5171.464763597532	-5147.206146901747	-24.258616695784415	4.441876538933091	0.8005241057895081	-0.8635308671473287	-2.785203358353092	0.5724854967148385	-0.41417516557163975	2.834803953521378	8.20494773155151	-11.632239515252557	-5147.206146901747
2534	-5170.961727611425	-5146.7660685025185	-24.19565910890695	4.441876538933091	0.8005241057895081	-0.8635308671473287	-2.785203358353092	0.5724854967148385	-0.41417516557163975	2.834803953521378	8.19891842288719	-11.569281928375089	-5146.7660685025185
2536	-5170.961727611425	-5146.7660685025185	-24.19565910890695	4.441876538933091	0.8005241057895081	-0.8635308671473287	-2.785203358353092	0.5724854967148385	-0.41417516557163975	2.834803953521378	8.19891842288719	-11.569281928375089	-5146.7660685025185
2538	-5170.961727611425	-5146.7660685025185	-24.19565910890695	4.441876538933091	0.8005241057895081	-0.8635308671473287	-2.785203358353092	0.5724854967148385	-0.41417516557163975	2.834803953521378	8.19891842288719	-11.569281928375089	-5146.7660685025185
2540	-5172.035607705379	-5146.7660685025185	-25.269539202861	4.441876538933091	0.8005241057895081	-1.9206535346893785	-2.785203358353092	0.5724854967148385	-0.41417516557163975	2.834803953521378	8.19891842288719	-12.644239184359854	-5146.7660685025185
2542	-5172.035607705379	-5146.7660685025185	-25.269539202861	4.441876538933091	0.8005241057895081	-1.9206535346893785	-2.785203358353092	0.5724854967148385	-0.41417516557163975	2.834803953521378	8.19891842288719	-12.644239184359854	-5146.7660685025185
2544	-5173.005371362356	-5146.7660685025185	-26.239302859837284	4.441876538933091	0.8005241057895081	-1.9206535346893785	-2.785203358353092	1.0688590567419072	-0.41417516557163975	2.834803953521378	8.19891842288719	-12.593697200696178	-5146.7660685025185
2546	-5173.005371362356	-5146.7660685025185	-26.239302859837284	4.441876538933091	0.8005241057895081	-1.9206535346893785	-2.785203358353092	1.0688590567419072	-0.41417516557163975	2.834803953521378	8.19891842288719	-12.593697200696178	-5146.7660685025185
2548	-5173.005371362356	-5146.7660685025185	-26.239302859837284	4.441876538933091	0.8005241057895081	-1.9206535346893785	-2.785203358353092	1.0688590567419072	-0.41417516557163975	2.834803953521378	8.19891842288719	-12.593697200696178	-5146.7660685025185
2550	-5173.0651479636135	-5146.82658444771	-26.238563515903547	4.441876538933091	0.8005241057895081	-1.9206535346893785	-2.785203358353092	1.0688590567419072	-0.41417516557163975	2.834803953521378	8.203730628412337	-12.592957856762439	-5146.82658444771
2552	-5173.0651479636135	-5146.82658444771	-26.238563515903547	4.441876538933091	0.8005241057895081	-1.9206535346893785	-2.785203358353092	1.0688590567419072	-0.41417516557163975	2.834803953521378	8.203730628412337	-12.592957856762439	-5146.82658444771
2554	-5171.933577966137	-5145.886787924784	-26.046790041353386	4.441876538933091	0.8005241057895081	-1.9206535346893785	-2.785203358353092	1.0688590567419072	-0.41417516557163975	2.7406582335806298	7.936462182554314	-12.401184382212278	-5145.886787924784
2556	-5171.933577966137	-5145.886787924784	-26.046790041353386	4.441876538933091	0.8005241057895081	-1.9206535346893785	-2.785203358353092	1.0688590567419072	-0.41417516557163975	2.7406582335806298	7.936462182554314	-12.401184382212278	-5145.886787924784
2558	-5171.933577966137	-5145.886787924784	-26.046790041353386	4.441876538933091	0.8005241057895081	-1.9206535346893785	-2.785203358353092	1.0688590567419072	-0.41417516557163975	2.7406582335806298	7.936462182554314	-12.401184382212278	-5145.886787924784
2560	-5171.933577966137	-5145.886787924784	-26.046790041353386	4.441876538933091	0.8005241057895081	-1.9206535346893785	-2.785203358353092	1.0688590567419072	-0.41417516557163975	2.7406582335806298	7.936462182554314	-12.401184382212278	-5145.886787924784
2562	-5171.808441159245	-5145.799225420435	-26.009215738811154	4.441876538933091	0.8005241057895081	-1.9206535346893785	-2.785203358353092	1.0688590567419072	-0.41417516557163975	2.7406582335806298	7.93150930070972	-12.363610079670048	-5145.799225420435
2564	-5171.496116805938	-5145.799225420435	-25.696891385503758	4.441876538933091	0.4177920121940892	-1.9206535346893785	-2.785203358353092	1.0688590567419072	-0.41417516557163975	2.7406582335806298	7.93150930070972	-12.345454149415922	-5145.799225420435
2566	-5169.599257626913	-5145.799225420435	-23.800032206478342	4.441876538933091	0.4177920121940892	-1.9206535346893785	-1.2849253051148855	1.0688590567419072	-0.41417516557163975	2.7406582335806298	7.93150930070972	-10.620242978250023	-5145.799225420435
2568	-5169.513251488472	-5145.692144665752	-23.82110682271998	4.441876538933091	0.4177920121940892	-1.9206535346893785	-1.2849253051148855	1.0688590567419072	-0.41417516557163975	2.7406582335806298	7.94514055024859	-10.641317594491662	-5145.692144665752
2570	-5169.390575318246	-5145.541663896829	-23.848911421416815	4.441876538933091	0.4177920121940892	-1.9206535346893785	-1.2849253051148855	1.0688590567419072	-0.41417516557163975	2.7406582335806298	7.9464825255388005	-10.669122193188498	-5145.541663896829
2572	-5169.2623863071885	-5145.541663896829	-23.72072241035961	4.441876538933091	0.4177920121940892	-1.9206535346893785	-1.2849253051148855	1.0688590567419072	-0.17543828689041252	2.7406582335806298	7.9464825255388005	-10.866490494722642	-5145.541663896829
2574	-5167.0983951353455	-5145.541663896829	-21.556731238516146	4.441876538933091	0.4177920121940892	-0.9954200115926218	-1.2849253051148855	1.0688590567419072	-0.17543828689041252	2.7406582335806298	7.9464825255388005	-10.211692356747307	-5145.541663896829
2576	-5169.304154190094	-5145.541663896829	-23.76249029326476	4.441876538933091	1.4957222289291379	-0.9954200115926218	-1.2849253051148855	1.0688590567419072	-0.17543828689041252	2.7406582335806298	7.9464825255388005	-11.441888685921612	-5145.541663896829
2578	-5169.869361273705	-5146.187963707895	-23.68139756581023	4.441876538933091	1.4957222289291379	-0.9954200115926218	-1.2849253051148855	1.0688590567419072	-0.17543828689041252	2.7406582335806298	7.941830675353533	-11.36079595846708	-5146.187963707895
2580	-5170.096535100073	-5146.431861518197	-23.664673581875885	4.441876538933091	1.4957222289291379	-0.9954200115926218	-1.2849253051148855	1.0688590567419072	-0.17543828689041252	2.7406582335806298	7.934677578038344	-11.344071974532735	-5146.431861518197
2582	-5174.730979063478	-5150.081396062946	-24.64958300053196	4.441876538933091	1.4957222289291379	-0.9954200115926218	-1.2849253051148855	1.0688590567419072	-0.17543828689041252	3.0854424398466627	8.932887233368705	-12.328981393188807	-5150.081396062946
2584	-5174.730979063478	-5150.081396062946	-24.64958300053196	4.441876538933091	1.4957222289291379	-0.9954200115926218	-1.2849253051148855	1.0688590567419072	-0.17543828689041252	3.0854424398466627	8.932887233368705	-12.328981393188807	-5150.081396062946
2586	-5174.546293264189	-5149.85049623911	-24.695797025079255	4.441876538933091	1.4957222289291379	-0.9954200115926218	-1.2849253051148855	1.0688590567419072	-0.17543828689041252	3.0854424398466627	8.935617053526729	-12.375195417736105	-5149.85049623911
2588	-5174.546293264189	-5149.85049623911	-24.695797025079255	4.441876538933091	1.4957222289291379	-0.9954200115926218	-1.2849253051148855	1.0688590567419072	-0.17543828689041252	3.0854424398466627	8.935617053526729	-12.375195417736105	-5149.85049623911
2590	-5174.065117248178	-5149.400580182672	-24.66453706550586	4.441876538933091	1.4957222289291379	-0.9954200115926218	-1.2849253051148855	1.0688590567419072	-0.17543828689041252	3.0854424398466627	8.916100859464198	-12.343935458162711	-5149.400580182672
2592	-5173.234095150306	-5148.591392911156	-24.642702239150278	4.441876538933091	1.4957222289291379	-0.9954200115926218	-1.2849253051148855	1.0688590567419072	-0.10656034164194897	3.0854424398466627	8.910932072649056	-12.405433190443818	-5148.591392911156
2594	-5173.310337812539	-5148.6650839331005	-24.645253879438215	4.441876538933091	1.4957222289291379	-0.9954200115926218	-1.2849253051148855	1.0688590567419072	-0.10656034164194897	3.0854424398466627	8.91349721077578	-12.407984830731756	-5148.6650839331005
2596	-5172.629341976141	-5148.0372591359655	-24.592082840176225	4.441876538933091	1.4957222289291379	-0.9954200115926218	-1.2849253051148855	1.0688590567419072	-0.10656034164194897	3.0854424398466627	8.863393432742173	-12.354813791469764	-5148.0372591359655
2598	-5169.39024675754	-5145.811360802724	-23.578885954815835	4.441876538933091	1.4957222289291379	-0.9954200115926218	-1.2849253051148855	1.0688590567419072	-0.10656034164194897	2.7156237288029996	7.806855654865858	-11.341616906109374	-5145.811360802724
2600	-5169.248866653194	-5145.819472670062	-23.429393983132282	4.441876538933091	1.4957222289291379	-0.9954200115926218	-1.2849253051148855	1.0688590567419072	-0.10656034164194897	2.4325278682832696	7.240663933826398	-11.192124934425822	-5145.819472670062
2602	-5169.091298976183	-5145.918263706376	-23.173035269806697	4.441876538933091	1.4957222289291379	-0.9954200115926218	-1.2849253051148855	1.0688590567419072	-0.10656034164194897	1.9473039868701942	6.270216171000247	-10.935766221100238	-5145.918263706376
2604	-5169.434039413581	-5146.29020903472	-23.143830378860812	4.441876538933091	1.4957222289291379	-0.9954200115926218	-1.2849253051148855	1.0688590567419072	-0.10656034164194897	1.9473039868701942	6.243148459514308	-10.906561330154352	-5146.29020903472
2606	-5169.434039413581	-5146.29020903472	-23.143830378860812	4.441876538933091	1.4957222289291379	-0.9954200115926218	-1.2849253051148855	1.0688590567419072	-0.10656034164194897	1.9473039868701942	6.243148459514308	-10.906561330154352	-5146.29020903472
2608	-5171.948548493521	-5146.181696256048	-25.766852237473213	4.441876538933091	1.4957222289291379	-0.9954200115926218	-1.2849253051148855	1.0688590567419072	-0.1758035851860147	6.841946465158294	16.03243341609051	-13.44579602370979	-5146.181696256048
2610	-5171.948548493521	-5146.181696256048	-25.766852237473213	4.441876538933091	1.4957222289291379	-0.9954200115926218	-1.2849253051148855	1.0688590567419072	-0.1758035851860147	6.841946465158294	16.03243341609051	-13.44579602370979	-5146.181696256048
2612	-5171.872057453155	-5146.098373449591	-25.773684003564433	4.441876538933091	1.4957222289291379	-0.9954200115926218	-1.2849253051148855	1.0688590567419072	-0.1758035851860147	6.841946465158294	16.035204510108386	-13.452627789801008	-5146.098373449591
2614	-5171.6095328871415	-5145.816048159149	-25.793484727991995	4.441876538933091	1.4957222289291379	-0.9954200115926218	-1.2849253051148855	1.0688590567419072	-0.1758035851860147	6.841946465158294	16.053172930672527	-13.472428514228572	-5145.816048159149
2616	-5171.6095328871415	-5145.816048159149	-25.793484727991995	4.441876538933091	1.4957222289291379	-0.9954200115926218	-1.2849253051148855	1.0688590567419072	-0.1758035851860147	6.841946465158294	16.053172930672527	-13.472428514228572	-5145.816048159149
2618	-5171.6095328871415	-5145.816048159149	-25.793484727991995	4.441876538933091	1.4957222289291379	-0.9954200115926218	-1.2849253051148855	1.0688590567419072	-0.1758035851860147	6.841946465158294	16.053172930672527	-13.472428514228572	-5145.816048159149
2620	-5171.6095328871415	-5145.816048159149	-25.793484727991995	4.441876538933091	1.4957222289291379	-0.9954200115926218	-1.2849253051148855	1.0688590567419072	-0.1758035851860147	6.841946465158294	16.053172930672527	-13.472428514228572	-5145.816048159149
2622	-5169.132760242343	-5145.845986081106	-23.286774161236696	4.441876538933091	1.4957222289291379	-0.9954200115926218	-1.2849253051148855	1.0688590567419072	-0.1758035851860147	2.224968937733656	6.8192178758232505	-10.965717947473273	-5145.845986081106
2624	-5169.9401136089455	-5145.845986081106	-24.094127527839373	1.88249422370983	1.4957222289291379	-0.9954200115926218	-2.986135147167432	1.0688590567419072	-0.1758035851860147	2.224968937733656	6.8192178758232505	-11.603549252489636	-5145.845986081106
2626	-5169.9401136089455	-5145.845986081106	-24.094127527839373	1.88249422370983	1.4957222289291379	-0.9954200115926218	-2.986135147167432	1.0688590567419072	-0.1758035851860147	2.224968937733656	6.8192178758232505	-11.603549252489636	-5145.845986081106
2628	-5169.9401136089455	-5145.845986081106	-24.094127527839373	1.88249422370983	1.4957222289291379	-0.9954200115926218	-2.986135147167432	1.0688590567419072	-0.1758035851860147	2.224968937733656	6.8192178758232505	-11.603549252489636	-5145.845986081106
2630	-5169.9401136089455	-5145.845986081106	-24.094127527839373	1.88249422370983	1.4957222289291379	-0.9954200115926218	-2.986135147167432	1.0688590567419072	-0.1758035851860147	2.224968937733656	6.8192178758232505	-11.603549252489636	-5145.845986081106
2632	-5169.9401136089455	-5145.845986081106	-24.094127527839373	1.88249422370983	1.4957222289291379	-0.9954200115926218	-2.986135147167432	1.0688590567419072	-0.1758035851860147	2.224968937733656	6.8192178758232505	-11.603549252489636	-5145.845986081106
2634	-5169.9401136089455	-5145.845986081106	-24.094127527839373	1.88249422370983	1.4957222289291379	-0.9954200115926218	-2.986135147167432	1.0688590567419072	-0.1758035851860147	2.224968937733656	6.8192178758232505	-11.603549252489636	-5145.845986081106
2636	-5169.9401136089455	-5145.845986081106	-24.094127527839373	1.88249422370983	1.4957222289291379	-0.9954200115926218	-2.986135147167432	1.0688590567419072	-0.1758035851860147	2.224968937733656	6.8192178758232505	-11.603549252489636	-5145.845986081106
2638	-5169.9401136089455	-5145.845986081106	-24.094127527839373	1.88249422370983	1.4957222289291379	-0.9954200115926218	-2.986135147167432	1.0688590567419072	-0.1758035851860147	2.224968937733656	6.8192178758232505	-11.603549252489636	-5145.845986081106
2640	-5169.9401136089455	-5145.845986081106	-24.094127527839373	1.88249422370983	1.4957222289291379	-0.9954200115926218	-2.986135147167432	1.0688590567419072	-0.1758035851860147	2.224968937733656	6.8192178758232505	-11.603549252489636	-5145.845986081106
2642	-5169.9401136089455	-5145.845986081106	-24.094127527839373	1.88249422370983	1.4957222289291379	-0.9954200115926218	-2.986135147167432	1.0688590567419072	-0.1758035851860147	2.224968937733656	6.8192178758232505	-11.603549252489636	-5145.845986081106
2644	-5169.049940437703	-5145.845986081106	-23.20395435659712	1.88249422370983	0.7877027145021671	-0.9954200115926218	-2.986135147167432	1.0688590567419072	-0.1758035851860147	2.224968937733656	6.8192178758232505	-11.407193653850035	-5145.845986081106
2646	-5168.821593005324	-5145.559811678245	-23.261781327078634	1.88249422370983	0.7877027145021671	-0.9954200115926218	-2.986135147167432	1.0688590567419072	-0.1758035851860147	2.224968937733656	6.865489181869826	-11.465020624331547	-5145.559811678245
2648	-5169.8881139400755	-5145.952018958811	-23.936094981264194	1.88249422370983	0.7877027145021671	-0.9954200115926218	-2.986135147167432	1.0688590567419072	-0.1758035851860147	2.392811753066711	7.383394404446738	-12.139334278517111	-5145.952018958811
2650	-5169.190770446857	-5146.122902086043	-23.067868360813566	1.88249422370983	0.7877027145021671	-0.9954200115926218	-2.986135147167432	1.0688590567419072	-0.1758035851860147	2.1935498099238115	6.761945855601075	-11.27110765806648	-5146.122902086043
2652	-5170.400469155214	-5146.387038476817	-24.013430678396755	1.88249422370983	0.7877027145021671	-0.9954200115926218	-2.986135147167432	1.0688590567419072	-0.1758035851860147	2.429491362591232	7.489271032811875	-12.216669975649669	-5146.387038476817
2654	-5170.660292168321	-5146.374099674406	-24.286192493914537	1.88249422370983	0.7877027145021671	-0.9954200115926218	-2.986135147167432	1.0688590567419072	-0.1758035851860147	2.871001274311879	8.372290856253167	-12.489431791167455	-5146.374099674406
2656	-5170.586527286272	-5146.191109533551	-24.395417752720878	1.88249422370983	0.7877027145021671	-0.9954200115926218	-2.986135147167432	1.0688590567419072	-0.1758035851860147	2.871001274311879	8.377066651920288	-12.598657049973792	-5146.191109533551
2658	-5170.586527286272	-5146.191109533551	-24.395417752720878	1.88249422370983	0.7877027145021671	-0.9954200115926218	-2.986135147167432	1.0688590567419072	-0.1758035851860147	2.871001274311879	8.377066651920288	-12.598657049973792	-5146.191109533551
2660	-5170.586527286272	-5146.191109533551	-24.395417752720878	1.88249422370983	0.7877027145021671	-0.9954200115926218	-2.986135147167432	1.0688590567419072	-0.1758035851860147	2.871001274311879	8.377066651920288	-12.598657049973792	-5146.191109533551
2662	-5170.586527286272	-5146.191109533551	-24.395417752720878	1.88249422370983	0.7877027145021671	-0.9954200115926218	-2.986135147167432	1.0688590567419072	-0.1758035851860147	2.871001274311879	8.377066651920288	-12.598657049973792	-5146.191109533551
2664	-5170.586527286272	-5146.191109533551	-24.395417752720878	1.88249422370983	0.7877027145021671	-0.9954200115926218	-2.986135147167432	1.0688590567419072	-0.1758035851860147	2.871001274311879	8.377066651920288	-12.598657049973792	-5146.191109533551
2666	-5170.566784255538	-5146.191109533551	-24.37567472198699	1.88249422370983	0.7877027145021671	-0.9954200115926218	-2.986135147167432	1.0688590567419072	-0.09020636703382232	2.871001274311879	8.377066651920288	-12.681790237049198	-5146.191109533551
2668	-5167.409313727503	-5146.191109533551	-21.218204193952257	1.88249422370983	0.7877027145021671	-0.9954200115926218	-1.4769887498298322	1.0688590567419072	-0.09020636703382232	2.871001274311879	8.377066651920288	-11.389838859694093	-5146.191109533551
2670	-5167.525175944121	-5146.370849740797	-21.15432620332334	1.88249422370983	0.7877027145021671	-0.9954200115926218	-1.4769887498298322	1.0688590567419072	-0.09020636703382232	2.871001274311879	8.3707034670641	-11.325960869065174	-5146.370849740797
2672	-5167.525175944121	-5146.370849740797	-21.15432620332334	1.88249422370983	0.7877027145021671	-0.9954200115926218	-1.4769887498298322	1.0688590567419072	-0.09020636703382232	2.871001274311879	8.3707034670641	-11.325960869065174	-5146.370849740797
2674	-5166.384278095586	-5145.27486209956	-21.109415996025696	1.88249422370983	0.7877027145021671	-0.9954200115926218	-1.4769887498298322	1.0688590567419072	-0.09020636703382232	2.871001274311879	8.362951283104776	-11.281050661767532	-5145.27486209956
2676	-5166.384278095586	-5145.27486209956	-21.109415996025696	1.88249422370983	0.7877027145021671	-0.9954200115926218	-1.4769887498298322	1.0688590567419072	-0.09020636703382232	2.871001274311879	8.362951283104776	-11.281050661767532	-5145.27486209956
2678	-5167.406518678222	-5145.27239492172	-22.13412375650233	1.88249422370983	0.7877027145021671	-0.9954200115926218	-1.4769887498298322	1.0688590567419072	-0.09020636703382232	4.756516114221082	12.13398096292318	-12.305758422244164	-5145.27239492172
2680	-5167.383705666272	-5145.299660716019	-22.08404495025295	1.88249422370983	0.7877027145021671	-0.9954200115926218	-1.4769887498298322	1.0688590567419072	-0.09020636703382232	4.756516114221082	12.13076145392234	-12.255679615994783	-5145.299660716019
2682	-5167.18393323272	-5145.109688806451	-22.07424442626894	1.88249422370983	0.7877027145021671	-0.9954200115926218	-1.4769887498298322	1.0688590567419072	-0.09020636703382232	4.756516114221082	12.121240080289972	-12.245879092010776	-5145.109688806451
2684	-5165.988844605101	-5145.109688806451	-20.879155798649695	1.88249422370983	0.7877027145021671	-0.9954200115926218	-1.4769887498298322	0.5340562769937062	-0.09020636703382232	4.756516114221082	12.121240080289972	-11.956276656415026	-5145.109688806451
2686	-5165.988844605101	-5145.109688806451	-20.879155798649695	1.88249422370983	0.7877027145021671	-0.9954200115926218	-1.4769887498298322	0.5340562769937062	-0.09020636703382232	4.756516114221082	12.121240080289972	-11.956276656415026	-5145.109688806451
2688	-5164.943073444414	-5144.853159053526	-20.089914390888538	1.88249422370983	0.7877027145021671	-0.9954200115926218	-1.4769887498298322	0.5340562769937062	-0.09020636703382232	4.418821450450879	11.260677854682598	-11.16703524865387	-5144.853159053526
2690	-5163.746104399706	-5144.857910346945	-18.888194052761946	1.88249422370983	0.7877027145021671	-0.9954200115926218	-1.4769887498298322	0.5340562769937062	-0.09020636703382232	2.620687394095069	7.664409741970979	-9.965314910527278	-5144.857910346945
2692	-5163.901054918344	-5145.024435910784	-18.87661900756055	1.88249422370983	0.7877027145021671	-0.9954200115926218	-1.4769887498298322	0.5340562769937062	-0.09020636703382232	2.620687394095069	7.660071717779171	-9.95373986532588	-5145.024435910784
2694	-5163.901054918344	-5145.024435910784	-18.87661900756055	1.88249422370983	0.7877027145021671	-0.9954200115926218	-1.4769887498298322	0.5340562769937062	-0.09020636703382232	2.620687394095069	7.660071717779171	-9.95373986532588	-5145.024435910784
2696	-5163.74711838906	-5144.859448538283	-18.887669850777883	1.88249422370983	0.7877027145021671	-0.9954200115926218	-1.4769887498298322	0.5340562769937062	-0.09020636703382232	2.620687394095069	7.664205297561257	-9.964790708543214	-5144.859448538283
2698	-5166.216028695163	-5144.859448538283	-21.356580156880245	1.88249422370983	0.7877027145021671	-2.0460994229588083	-1.4769887498298322	0.5340562769937062	-0.09020636703382232	2.620687394095069	7.664205297561257	-10.789880835757952	-5144.859448538283
2700	-5166.1714041244095	-5144.794735403111	-21.376668721298405	1.88249422370983	0.7877027145021671	-2.0460994229588083	-1.4769887498298322	0.5340562769937062	-0.09020636703382232	2.620687394095069	7.675570569581809	-10.809969400176113	-5144.794735403111
2702	-5165.046640916134	-5144.794735403111	-20.251905513022	0.7684115869216405	0.7877027145021671	-2.0460994229588083	-1.4769887498298322	0.5340562769937062	-0.09020636703382232	2.620687394095069	7.675570569581809	-10.746625821040743	-5144.794735403111
2704	-5166.560570164274	-5145.525677722337	-21.03489244193796	0.7684115869216405	0.7877027145021671	-2.0460994229588083	-1.4769887498298322	0.5340562769937062	-0.09020636703382232	2.8067680591183377	8.238856543526696	-11.529612749956701	-5145.525677722337
2706	-5166.560570164274	-5145.525677722337	-21.03489244193796	0.7684115869216405	0.7877027145021671	-2.0460994229588083	-1.4769887498298322	0.5340562769937062	-0.09020636703382232	2.8067680591183377	8.238856543526696	-11.529612749956701	-5145.525677722337
2708	-5165.23472293237	-5145.038497935712	-20.196224996657676	0.7684115869216405	0.7877027145021671	-2.0460994229588083	-1.4769887498298322	0.5340562769937062	-0.09020636703382232	2.6002499286098932	7.632652819150958	-10.690945304676418	-5145.038497935712
2710	-5165.23472293237	-5145.038497935712	-20.196224996657676	0.7684115869216405	0.7877027145021671	-2.0460994229588083	-1.4769887498298322	0.5340562769937062	-0.09020636703382232	2.6002499286098932	7.632652819150958	-10.690945304676418	-5145.038497935712
2712	-5166.384613906033	-5145.038497935712	-21.34611597032131	0.7684115869216405	1.3658430043069847	-2.0460994229588083	-1.4769887498298322	0.5340562769937062	-0.1706723214879461	2.6002499286098932	7.632652819150958	-11.21683303774536	-5145.038497935712
2714	-5166.384613906033	-5145.038497935712	-21.34611597032131	0.7684115869216405	1.3658430043069847	-2.0460994229588083	-1.4769887498298322	0.5340562769937062	-0.1706723214879461	2.6002499286098932	7.632652819150958	-11.21683303774536	-5145.038497935712
2716	-5167.380441543157	-5145.999803178795	-21.380638364361175	0.7684115869216405	1.3658430043069847	-2.0460994229588083	-1.4769887498298322	0.5340562769937062	-0.1706723214879461	2.6002499286098932	7.641683494198332	-11.251355431785225	-5145.999803178795
2718	-5167.380441543157	-5145.999803178795	-21.380638364361175	0.7684115869216405	1.3658430043069847	-2.0460994229588083	-1.4769887498298322	0.5340562769937062	-0.1706723214879461	2.6002499286098932	7.641683494198332	-11.251355431785225	-5145.999803178795
2720	-5167.948591775062	-5146.4950601958435	-21.45353157921809	0.7684115869216405	1.3658430043069847	-2.0460994229588083	-1.4769887498298322	0.5340562769937062	-0.1706723214879461	2.6002499286098932	7.672333096138472	-11.324248646642138	-5146.4950601958435
2722	-5167.751908831365	-5146.51037143137	-21.241537399994495	0.7684115869216405	1.3658430043069847	-2.0460994229588083	-1.4769887498298322	0.5340562769937062	-0.1706723214879461	2.339795090252365	7.151423419423416	-11.112254467418543	-5146.51037143137
2724	-5168.075175175409	-5146.858124434376	-21.21705074103239	0.7684115869216405	1.3658430043069847	-2.0460994229588083	-1.4769887498298322	0.5340562769937062	-0.1706723214879461	2.339795090252365	7.145648169502476	-11.087767808456443	-5146.858124434376
2726	-5168.778421281224	-5146.858124434376	-21.920296846847947	1.469348946521438	1.3658430043069847	-2.0460994229588083	-1.4769887498298322	0.5340562769937062	-0.1706723214879461	2.339795090252365	7.145648169502476	-11.103419368935121	-5146.858124434376
2728	-5168.778421281224	-5146.858124434376	-21.920296846847947	1.469348946521438	1.3658430043069847	-2.0460994229588083	-1.4769887498298322	0.5340562769937062	-0.1706723214879461	2.339795090252365	7.145648169502476	-11.103419368935121	-5146.858124434376
2730	-5167.210397968857	-5145.66349122507	-21.546906743786877	1.469348946521438	1.3658430043069847	-2.0460994229588083	-1.4769887498298322	0.30106724001278196	-0.1706723214879461	2.339795090252365	7.133099041090267	-10.96436866968429	-5145.66349122507
2732	-5167.210397968857	-5145.66349122507	-21.546906743786877	1.469348946521438	1.3658430043069847	-2.0460994229588083	-1.4769887498298322	0.30106724001278196	-0.1706723214879461	2.339795090252365	7.133099041090267	-10.96436866968429	-5145.66349122507
2734	-5167.210397968857	-5145.66349122507	-21.546906743786877	1.469348946521438	1.3658430043069847	-2.0460994229588083	-1.4769887498298322	0.30106724001278196	-0.1706723214879461	2.339795090252365	7.133099041090267	-10.96436866968429	-5145.66349122507
2736	-5167.210397968857	-5145.66349122507	-21.546906743786877	1.469348946521438	1.3658430043069847	-2.0460994229588083	-1.4769887498298322	0.30106724001278196	-0.1706723214879461	2.339795090252365	7.133099041090267	-10.96436866968429	-5145.66349122507
2738	-5167.210397968857	-5145.66349122507	-21.546906743786877	1.469348946521438	1.3658430043069847	-2.0460994229588083	-1.4769887498298322	0.30106724001278196	-0.1706723214879461	2.339795090252365	7.133099041090267	-10.96436866968429	-5145.66349122507
2740	-5167.210397968857	-5145.66349122507	-21.546906743786877	1.469348946521438	1.3658430043069847	-2.0460994229588083	-1.4769887498298322	0.30106724001278196	-0.1706723214879461	2.339795090252365	7.133099041090267	-10.96436866968429	-5145.66349122507
2742	-5168.892466661153	-5145.66349122507	-23.22897543608242	3.5868366396510574	1.3658430043069847	-2.0460994229588083	-1.4769887498298322	0.30106724001278196	-0.1706723214879461	2.339795090252365	7.133099041090267	-11.01231894150323	-5145.66349122507
2744	-5168.832349940128	-5145.489179692102	-23.343170248025803	3.5868366396510574	1.3658430043069847	-2.0460994229588083	-1.4769887498298322	0.30106724001278196	-0.1706723214879461	2.339795090252365	7.1386611608348005	-11.126513753446616	-5145.489179692102
2746	-5168.832349940128	-5145.489179692102	-23.343170248025803	3.5868366396510574	1.3658430043069847	-2.0460994229588083	-1.4769887498298322	0.30106724001278196	-0.1706723214879461	2.339795090252365	7.1386611608348005	-11.126513753446616	-5145.489179692102
2748	-5168.832349940128	-5145.489179692102	-23.343170248025803	3.5868366396510574	1.3658430043069847	-2.0460994229588083	-1.4769887498298322	0.30106724001278196	-0.1706723214879461	2.339795090252365	7.1386611608348005	-11.126513753446616	-5145.489179692102
2750	-5168.832349940128	-5145.489179692102	-23.343170248025803	3.5868366396510574	1.3658430043069847	-2.0460994229588083	-1.4769887498298322	0.30106724001278196	-0.1706723214879461	2.339795090252365	7.1386611608348005	-11.126513753446616	-5145.489179692102
2752	-5168.832349940128	-5145.489179692102	-23.343170248025803	3.5868366396510574	1.3658430043069847	-2.0460994229588083	-1.4769887498298322	0.30106724001278196	-0.1706723214879461	2.339795090252365	7.1386611608348005	-11.126513753446616	-5145.489179692102
2754	-5167.318762073245	-5145.489179692102	-21.829582381143368	3.5868366396510574	0.5328686187147813	-2.0460994229588083	-1.4769887498298322	0.30106724001278196	-0.1706723214879461	2.339795090252365	7.1386611608348005	-10.404656150426211	-5145.489179692102
2756	-5167.193813786574	-5145.489179692102	-21.704634094472087	3.5868366396510574	0.5328686187147813	-2.0460994229588083	-1.0771884209172635	0.30106724001278196	-0.1706723214879461	2.339795090252365	7.1386611608348005	-9.972257077951012	-5145.489179692102
2758	-5167.473445823316	-5145.895486652949	-21.577959170366473	3.5868366396510574	0.5328686187147813	-2.0460994229588083	-1.0771884209172635	0.30106724001278196	-0.1706723214879461	2.339795090252365	7.076520642514486	-9.8455821538454	-5145.895486652949
2760	-5167.473445823316	-5145.895486652949	-21.577959170366473	3.5868366396510574	0.5328686187147813	-2.0460994229588083	-1.0771884209172635	0.30106724001278196	-0.1706723214879461	2.339795090252365	7.076520642514486	-9.8455821538454	-5145.895486652949
2762	-5167.981254328719	-5145.642715635053	-22.338538693666557	3.5868366396510574	0.5328686187147813	-2.0460994229588083	-1.0771884209172635	0.30106724001278196	-0.1706723214879461	2.4997592091868786	7.560319157357778	-10.606161677145483	-5145.642715635053
2764	-5168.1659239471555	-5145.86134868944	-22.30457525771571	3.5868366396510574	0.5328686187147813	-2.0460994229588083	-1.0771884209172635	0.30106724001278196	-0.1706723214879461	2.4997592091868786	7.557191096341119	-10.572198241194638	-5145.86134868944
2766	-5168.1659239471555	-5145.86134868944	-22.30457525771571	3.5868366396510574	0.5328686187147813	-2.0460994229588083	-1.0771884209172635	0.30106724001278196	-0.1706723214879461	2.4997592091868786	7.557191096341119	-10.572198241194638	-5145.86134868944
2768	-5168.243818242044	-5145.91056431056	-22.333253931483792	3.5868366396510574	0.5328686187147813	-2.0460994229588083	-1.0771884209172635	0.30106724001278196	-0.1706723214879461	2.4997592091868786	7.564089070316904	-10.600876914962717	-5145.91056431056
2770	-5168.243818242044	-5145.91056431056	-22.333253931483792	3.5868366396510574	0.5328686187147813	-2.0460994229588083	-1.0771884209172635	0.30106724001278196	-0.1706723214879461	2.4997592091868786	7.564089070316904	-10.600876914962717	-5145.91056431056
2772	-5168.171259211297	-5145.91056431056	-22.26069490073697	3.5868366396510574	0.5328686187147813	-2.0460994229588083	-1.0771884209172635	0.1803954149015611	-0.1706723214879461	2.4997592091868786	7.564089070316904	-10.607012202037222	-5145.91056431056
2774	-5168.171259211297	-5145.91056431056	-22.26069490073697	3.5868366396510574	0.5328686187147813	-2.0460994229588083	-1.0771884209172635	0.1803954149015611	-0.1706723214879461	2.4997592091868786	7.564089070316904	-10.607012202037222	-5145.91056431056
2776	-5168.171259211297	-5145.91056431056	-22.26069490073697	3.5868366396510574	0.5328686187147813	-2.0460994229588083	-1.0771884209172635	0.1803954149015611	-0.1706723214879461	2.4997592091868786	7.564089070316904	-10.607012202037222	-5145.91056431056
2778	-5168.171259211297	-5145.91056431056	-22.26069490073697	3.5868366396510574	0.5328686187147813	-2.0460994229588083	-1.0771884209172635	0.1803954149015611	-0.1706723214879461	2.4997592091868786	7.564089070316904	-10.607012202037222	-5145.91056431056
2780	-5168.538789284854	-5146.260597162349	-22.27819212250518	3.5868366396510574	0.5328686187147813	-2.0460994229588083	-1.0771884209172635	0.1803954149015611	-0.1706723214879461	2.4997592091868786	7.568510273179751	-10.624509423805433	-5146.260597162349
2782	-5168.851966881696	-5146.507319363332	-22.34464751836503	3.5868366396510574	0.5328686187147813	-2.0460994229588083	-1.0771884209172635	0.1803954149015611	-0.1706723214879461	2.4997592091868786	7.571927589495626	-10.69096481966528	-5146.507319363332
2784	-5167.650510869524	-5145.789354230236	-21.86115663928762	3.5868366396510574	0.5328686187147813	-2.0460994229588083	-1.0771884209172635	0.1803954149015611	-0.1706723214879461	2.3955157705963033	7.266398738572901	-10.207473940587873	-5145.789354230236
2786	-5168.428897100428	-5145.789354230236	-22.639542870191665	3.5868366396510574	0.9541305958588171	-2.0460994229588083	-1.0771884209172635	0.1803954149015611	-0.1706723214879461	2.3955157705963033	7.266398738572901	-10.600354917119688	-5145.789354230236
2788	-5168.428897100428	-5145.789354230236	-22.639542870191665	3.5868366396510574	0.9541305958588171	-2.0460994229588083	-1.0771884209172635	0.1803954149015611	-0.1706723214879461	2.3955157705963033	7.266398738572901	-10.600354917119688	-5145.789354230236
2790	-5168.428897100428	-5145.789354230236	-22.639542870191665	3.5868366396510574	0.9541305958588171	-2.0460994229588083	-1.0771884209172635	0.1803954149015611	-0.1706723214879461	2.3955157705963033	7.266398738572901	-10.600354917119688	-5145.789354230236
2792	-5165.67977743573	-5145.789354230236	-19.890423205493548	3.5868366396510574	0.9541305958588171	-1.0399766080362984	-1.0771884209172635	0.1803954149015611	-0.1706723214879461	2.3955157705963033	7.266398738572901	-9.872422909536041	-5145.789354230236
2794	-5165.496829641503	-5145.637858309358	-19.85897133214434	3.5868366396510574	0.9541305958588171	-1.0399766080362984	-1.0771884209172635	0.1803954149015611	-0.1706723214879461	2.3955157705963033	7.2639598286074225	-9.840971036186833	-5145.637858309358
2796	-5165.792326137008	-5145.637858309358	-20.154467827649825	3.5868366396510574	0.9541305958588171	-1.0399766080362984	-1.0771884209172635	0.41477818315890214	-0.1706723214879461	2.3955157705963033	7.2639598286074225	-9.956966445009972	-5145.637858309358
2798	-5165.792326137008	-5145.637858309358	-20.154467827649825	3.5868366396510574	0.9541305958588171	-1.0399766080362984	-1.0771884209172635	0.41477818315890214	-0.1706723214879461	2.3955157705963033	7.2639598286074225	-9.956966445009972	-5145.637858309358
2800	-5165.792326137008	-5145.637858309358	-20.154467827649825	3.5868366396510574	0.9541305958588171	-1.0399766080362984	-1.0771884209172635	0.41477818315890214	-0.1706723214879461	2.3955157705963033	7.2639598286074225	-9.956966445009972	-5145.637858309358
2802	-5165.615290742125	-5145.403361523181	-20.21192921894359	3.5868366396510574	0.9541305958588171	-1.0399766080362984	-1.0771884209172635	0.41477818315890214	-0.1706723214879461	2.3955157705963033	7.291784040368574	-10.014427836303739	-5145.403361523181
2804	-5165.615290742125	-5145.403361523181	-20.21192921894359	3.5868366396510574	0.9541305958588171	-1.0399766080362984	-1.0771884209172635	0.41477818315890214	-0.1706723214879461	2.3955157705963033	7.291784040368574	-10.014427836303739	-5145.403361523181
2806	-5165.912393156438	-5145.6852544628655	-20.227138693572865	3.5868366396510574	0.9541305958588171	-1.0399766080362984	-1.0771884209172635	0.41477818315890214	-0.1706723214879461	2.3955157705963033	7.300490705184275	-10.029637310933014	-5145.6852544628655
2808	-5165.685933357371	-5145.487603592867	-20.19832976450344	3.5868366396510574	0.9541305958588171	-1.0399766080362984	-1.0771884209172635	0.41477818315890214	-0.1706723214879461	2.3955157705963033	7.29453317055966	-10.000828381863588	-5145.487603592867
2810	-5165.3668908575	-5145.187394016503	-20.179496840997054	3.5868366396510574	0.9541305958588171	-1.0399766080362984	-1.0771884209172635	0.41477818315890214	-0.1706723214879461	2.3955157705963033	7.283617289571442	-9.981995458357202	-5145.187394016503
2812	-5165.204765190947	-5145.24182254384	-19.962942647107393	3.5868366396510574	0.9541305958588171	-1.0399766080362984	-1.0771884209172635	0.41477818315890214	-0.1706723214879461	2.076886263628274	6.646358275635382	-9.76544126446754	-5145.24182254384
2814	-5165.204765190947	-5145.24182254384	-19.962942647107393	3.5868366396510574	0.9541305958588171	-1.0399766080362984	-1.0771884209172635	0.41477818315890214	-0.1706723214879461	2.076886263628274	6.646358275635382	-9.76544126446754	-5145.24182254384
2816	-5165.204765190947	-5145.24182254384	-19.962942647107393	3.5868366396510574	0.9541305958588171	-1.0399766080362984	-1.0771884209172635	0.41477818315890214	-0.1706723214879461	2.076886263628274	6.646358275635382	-9.76544126446754	-5145.24182254384
2818	-5165.204765190947	-5145.24182254384	-19.962942647107393	3.5868366396510574	0.9541305958588171	-1.0399766080362984	-1.0771884209172635	0.41477818315890214	-0.1706723214879461	2.076886263628274	6.646358275635382	-9.76544126446754	-5145.24182254384
2820	-5165.395643131783	-5145.406415740528	-19.989227391254996	3.5868366396510574	0.9541305958588171	-1.0399766080362984	-1.0771884209172635	0.41477818315890214	-0.1706723214879461	2.076886263628274	6.6518200095473805	-9.791726008615145	-5145.406415740528
2822	-5165.395643131783	-5145.406415740528	-19.989227391254996	3.5868366396510574	0.9541305958588171	-1.0399766080362984	-1.0771884209172635	0.41477818315890214	-0.1706723214879461	2.076886263628274	6.6518200095473805	-9.791726008615145	-5145.406415740528
2824	-5165.379694317415	-5145.541731157208	-19.837963160206918	3.5868366396510574	0.9541305958588171	-1.0399766080362984	-1.0771884209172635	0.41477818315890214	-0.1706723214879461	1.8544036982913368	6.206854878873505	-9.640461777567065	-5145.541731157208
2826	-5165.1779561871035	-5145.376269427528	-19.801686759574963	3.5868366396510574	0.9541305958588171	-1.0399766080362984	-1.0771884209172635	0.41477818315890214	-0.2735349855423715	1.8544036982913368	6.201372867065572	-9.538674014526944	-5145.376269427528
2828	-5165.69706402131	-5145.868983148526	-19.828080872784454	3.5868366396510574	0.9541305958588171	-1.0399766080362984	-1.0771884209172635	0.41477818315890214	-0.2735349855423715	1.8544036982913368	6.215656950124602	-9.565068127736433	-5145.868983148526
2830	-5163.802847878451	-5145.868983148526	-17.933864729924892	1.3998508461409789	0.9541305958588171	-1.0399766080362984	-1.0771884209172635	0.41477818315890214	-0.2735349855423715	1.8544036982913368	6.215656950124602	-9.370896171336783	-5145.868983148526
2832	-5164.215340139163	-5146.3150562908	-17.900283848363166	1.3998508461409789	0.9541305958588171	-1.0399766080362984	-1.0771884209172635	0.41477818315890214	-0.2735349855423715	1.8544036982913368	6.212105165957404	-9.337315289775058	-5146.3150562908
2834	-5164.215340139163	-5146.3150562908	-17.900283848363166	1.3998508461409789	0.9541305958588171	-1.0399766080362984	-1.0771884209172635	0.41477818315890214	-0.2735349855423715	1.8544036982913368	6.212105165957404	-9.337315289775058	-5146.3150562908
2836	-5164.215340139163	-5146.3150562908	-17.900283848363166	1.3998508461409789	0.9541305958588171	-1.0399766080362984	-1.0771884209172635	0.41477818315890214	-0.2735349855423715	1.8544036982913368	6.212105165957404	-9.337315289775058	-5146.3150562908
2838	-5164.215340139163	-5146.3150562908	-17.900283848363166	1.3998508461409789	0.9541305958588171	-1.0399766080362984	-1.0771884209172635	0.41477818315890214	-0.2735349855423715	1.8544036982913368	6.212105165957404	-9.337315289775058	-5146.3150562908
2840	-5164.75370820883	-5146.888103028566	-17.86560518026427	1.3998508461409789	0.9541305958588171	-1.0399766080362984	-1.0771884209172635	0.41477818315890214	-0.2735349855423715	1.8544036982913368	6.208491137677489	-9.302636621676163	-5146.888103028566
2842	-5164.75370820883	-5146.888103028566	-17.86560518026427	1.3998508461409789	0.9541305958588171	-1.0399766080362984	-1.0771884209172635	0.41477818315890214	-0.2735349855423715	1.8544036982913368	6.208491137677489	-9.302636621676163	-5146.888103028566
2844	-5164.75370820883	-5146.888103028566	-17.86560518026427	1.3998508461409789	0.9541305958588171	-1.0399766080362984	-1.0771884209172635	0.41477818315890214	-0.2735349855423715	1.8544036982913368	6.208491137677489	-9.302636621676163	-5146.888103028566
2846	-5164.75370820883	-5146.888103028566	-17.86560518026427	1.3998508461409789	0.9541305958588171	-1.0399766080362984	-1.0771884209172635	0.41477818315890214	-0.2735349855423715	1.8544036982913368	6.208491137677489	-9.302636621676163	-5146.888103028566
2848	-5164.75370820883	-5146.888103028566	-17.86560518026427	1.3998508461409789	0.9541305958588171	-1.0399766080362984	-1.0771884209172635	0.41477818315890214	-0.2735349855423715	1.8544036982913368	6.208491137677489	-9.302636621676163	-5146.888103028566
2850	-5164.75370820883	-5146.888103028566	-17.86560518026427	1.3998508461409789	0.9541305958588171	-1.0399766080362984	-1.0771884209172635	0.41477818315890214	-0.2735349855423715	1.8544036982913368	6.208491137677489	-9.302636621676163	-5146.888103028566
2852	-5164.75370820883	-5146.888103028566	-17.86560518026427	1.3998508461409789	0.9541305958588171	-1.0399766080362984	-1.0771884209172635	0.41477818315890214	-0.2735349855423715	1.8544036982913368	6.208491137677489	-9.302636621676163	-5146.888103028566
2854	-5164.75370820883	-5146.888103028566	-17.86560518026427	1.3998508461409789	0.9541305958588171	-1.0399766080362984	-1.0771884209172635	0.41477818315890214	-0.2735349855423715	1.8544036982913368	6.208491137677489	-9.302636621676163	-5146.888103028566
2856	-5164.917662998914	-5147.031865551524	-17.88579744739009	1.3998508461409789	0.9541305958588171	-1.0399766080362984	-1.0771884209172635	0.41477818315890214	-0.2735349855423715	1.8544036982913368	6.210098843702896	-9.322828888801979	-5147.031865551524
2858	-5165.095150262475	-5146.905747468541	-18.189402793933528	1.3998508461409789	0.9541305958588171	-1.0399766080362984	-1.0771884209172635	0.41477818315890214	-0.6071688816876738	2.0659716039090785	6.633234654938381	-9.341133842774948	-5146.905747468541
2860	-5165.095150262475	-5146.905747468541	-18.189402793933528	1.3998508461409789	0.9541305958588171	-1.0399766080362984	-1.0771884209172635	0.41477818315890214	-0.6071688816876738	2.0659716039090785	6.633234654938381	-9.341133842774948	-5146.905747468541
2862	-5165.088166178356	-5146.905747468541	-18.182418709814804	1.3998508461409789	0.9541305958588171	-1.0399766080362984	-0.6854499074765238	0.41477818315890214	-0.6071688816876738	2.0659716039090785	6.633234654938381	-9.271997527460268	-5146.905747468541
2864	-5164.5680324370605	-5146.409357016189	-18.15867542087165	1.3998508461409789	0.9541305958588171	-1.0399766080362984	-0.6854499074765238	0.41477818315890214	-0.6071688816876738	2.0659716039090785	6.614331934095833	-9.248254238517113	-5146.409357016189
2866	-5164.5680324370605	-5146.409357016189	-18.15867542087165	1.3998508461409789	0.9541305958588171	-1.0399766080362984	-0.6854499074765238	0.41477818315890214	-0.6071688816876738	2.0659716039090785	6.614331934095833	-9.248254238517113	-5146.409357016189
2868	-5164.5680324370605	-5146.409357016189	-18.15867542087165	1.3998508461409789	0.9541305958588171	-1.0399766080362984	-0.6854499074765238	0.41477818315890214	-0.6071688816876738	2.0659716039090785	6.614331934095833	-9.248254238517113	-5146.409357016189
2870	-5164.5680324370605	-5146.409357016189	-18.15867542087165	1.3998508461409789	0.9541305958588171	-1.0399766080362984	-0.6854499074765238	0.41477818315890214	-0.6071688816876738	2.0659716039090785	6.614331934095833	-9.248254238517113	-5146.409357016189
2872	-5164.5680324370605	-5146.409357016189	-18.15867542087165	1.3998508461409789	0.9541305958588171	-1.0399766080362984	-0.6854499074765238	0.41477818315890214	-0.6071688816876738	2.0659716039090785	6.614331934095833	-9.248254238517113	-5146.409357016189
2874	-5164.5680324370605	-5146.409357016189	-18.15867542087165	1.3998508461409789	0.9541305958588171	-1.0399766080362984	-0.6854499074765238	0.41477818315890214	-0.6071688816876738	2.0659716039090785	6.614331934095833	-9.248254238517113	-5146.409357016189
2876	-5164.5680324370605	-5146.409357016189	-18.15867542087165	1.3998508461409789	0.9541305958588171	-1.0399766080362984	-0.6854499074765238	0.41477818315890214	-0.6071688816876738	2.0659716039090785	6.614331934095833	-9.248254238517113	-5146.409357016189
2878	-5164.783537136598	-5146.593285093217	-18.19025204338175	1.3998508461409789	0.9541305958588171	-1.0399766080362984	-0.6854499074765238	0.41477818315890214	-0.6071688816876738	2.0659716039090785	6.620106313670862	-9.279830861027214	-5146.593285093217
2880	-5164.783537136598	-5146.593285093217	-18.19025204338175	1.3998508461409789	0.9541305958588171	-1.0399766080362984	-0.6854499074765238	0.41477818315890214	-0.6071688816876738	2.0659716039090785	6.620106313670862	-9.279830861027214	-5146.593285093217
2882	-5165.285864673752	-5147.087012855652	-18.19885181810049	1.3998508461409789	0.9541305958588171	-1.0399766080362984	-0.6854499074765238	0.41477818315890214	-0.6071688816876738	2.0659716039090785	6.626466141795891	-9.288430635745954	-5147.087012855652
2884	-5165.285864673752	-5147.087012855652	-18.19885181810049	1.3998508461409789	0.9541305958588171	-1.0399766080362984	-0.6854499074765238	0.41477818315890214	-0.6071688816876738	2.0659716039090785	6.626466141795891	-9.288430635745954	-5147.087012855652
2886	-5165.285864673752	-5147.087012855652	-18.19885181810049	1.3998508461409789	0.9541305958588171	-1.0399766080362984	-0.6854499074765238	0.41477818315890214	-0.6071688816876738	2.0659716039090785	6.626466141795891	-9.288430635745954	-5147.087012855652
2888	-5165.568234782541	-5147.087012855652	-18.48122192689	1.3998508461409789	1.13457721583105	-1.0399766080362984	-0.6854499074765238	0.41477818315890214	-0.6071688816876738	2.0659716039090785	6.626466141795891	-9.390717504678278	-5147.087012855652
2890	-5165.568234782541	-5147.087012855652	-18.48122192689	1.3998508461409789	1.13457721583105	-1.0399766080362984	-0.6854499074765238	0.41477818315890214	-0.6071688816876738	2.0659716039090785	6.626466141795891	-9.390717504678278	-5147.087012855652
2892	-5164.711973386682	-5147.087012855652	-17.624960531029977	1.3998508461409789	0.560757562147983	-1.0399766080362984	-0.6854499074765238	0.41477818315890214	-0.6071688816876738	2.0659716039090785	6.626466141795891	-9.079841802487932	-5147.087012855652
2894	-5164.711973386682	-5147.087012855652	-17.624960531029977	1.3998508461409789	0.560757562147983	-1.0399766080362984	-0.6854499074765238	0.41477818315890214	-0.6071688816876738	2.0659716039090785	6.626466141795891	-9.079841802487932	-5147.087012855652
2896	-5164.711973386682	-5147.087012855652	-17.624960531029977	1.3998508461409789	0.560757562147983	-1.0399766080362984	-0.6854499074765238	0.41477818315890214	-0.6071688816876738	2.0659716039090785	6.626466141795891	-9.079841802487932	-5147.087012855652
2898	-5164.711973386682	-5147.087012855652	-17.624960531029977	1.3998508461409789	0.560757562147983	-1.0399766080362984	-0.6854499074765238	0.41477818315890214	-0.6071688816876738	2.0659716039090785	6.626466141795891	-9.079841802487932	-5147.087012855652
2900	-5164.711973386682	-5147.087012855652	-17.624960531029977	1.3998508461409789	0.560757562147983	-1.0399766080362984	-0.6854499074765238	0.41477818315890214	-0.6071688816876738	2.0659716039090785	6.626466141795891	-9.079841802487932	-5147.087012855652
2902	-5164.096200957628	-5147.049411705171	-17.046789252457003	0.6173402690024917	0.560757562147983	-1.0399766080362984	-0.6854499074765238	0.41477818315890214	-0.6071688816876738	2.0659716039090785	6.651503354618642	-9.260618587170145	-5147.049411705171
2904	-5164.096200957628	-5147.049411705171	-17.046789252457003	0.6173402690024917	0.560757562147983	-1.0399766080362984	-0.6854499074765238	0.41477818315890214	-0.6071688816876738	2.0659716039090785	6.651503354618642	-9.260618587170145	-5147.049411705171
2906	-5163.486869998143	-5146.446249218164	-17.040620779980095	0.6173402690024917	0.560757562147983	-1.0399766080362984	-0.6854499074765238	0.41477818315890214	-0.6071688816876738	2.0659716039090785	6.643380334101617	-9.254450114693237	-5146.446249218164
2908	-5163.486869998143	-5146.446249218164	-17.040620779980095	0.6173402690024917	0.560757562147983	-1.0399766080362984	-0.6854499074765238	0.41477818315890214	-0.6071688816876738	2.0659716039090785	6.643380334101617	-9.254450114693237	-5146.446249218164
2910	-5163.6534164583845	-5145.801621510851	-17.85179494753345	0.6173402690024917	1.2604876642841427	-1.0399766080362984	-0.6854499074765238	0.41477818315890214	-0.6071688816876738	2.0659716039090785	6.6364256071550525	-9.396174976580003	-5145.801621510851
2912	-5163.6534164583845	-5145.801621510851	-17.85179494753345	0.6173402690024917	1.2604876642841427	-1.0399766080362984	-0.6854499074765238	0.41477818315890214	-0.6071688816876738	2.0659716039090785	6.6364256071550525	-9.396174976580003	-5145.801621510851
2914	-5163.6534164583845	-5145.801621510851	-17.85179494753345	0.6173402690024917	1.2604876642841427	-1.0399766080362984	-0.6854499074765238	0.41477818315890214	-0.6071688816876738	2.0659716039090785	6.6364256071550525	-9.396174976580003	-5145.801621510851
2916	-5163.6534164583845	-5145.801621510851	-17.85179494753345	0.6173402690024917	1.2604876642841427	-1.0399766080362984	-0.6854499074765238	0.41477818315890214	-0.6071688816876738	2.0659716039090785	6.6364256071550525	-9.396174976580003	-5145.801621510851
2918	-5163.568455022506	-5145.723712979957	-17.844742042548923	0.6173402690024917	1.2604876642841427	-1.0399766080362984	-0.6854499074765238	0.41477818315890214	-0.6071688816876738	2.0659716039090785	6.635068108789451	-9.389122071595477	-5145.723712979957
2920	-5164.634715538702	-5145.723712979957	-18.91100255874559	0.6173402690024917	1.2604876642841427	-1.0399766080362984	-1.9419406079849015	0.41477818315890214	-0.6071688816876738	2.0659716039090785	6.635068108789451	-10.111457649895403	-5145.723712979957
2922	-5166.679143223481	-5145.723712979957	-20.955430243524276	0.3489117097645375	2.618811606485584	-1.0399766080362984	-1.9419406079849015	0.41477818315890214	-0.6071688816876738	2.0659716039090785	6.635068108789451	-11.120631139912	-5145.723712979957
2924	-5166.679143223481	-5145.723712979957	-20.955430243524276	0.3489117097645375	2.618811606485584	-1.0399766080362984	-1.9419406079849015	0.41477818315890214	-0.6071688816876738	2.0659716039090785	6.635068108789451	-11.120631139912	-5145.723712979957
2926	-5166.679143223481	-5145.723712979957	-20.955430243524276	0.3489117097645375	2.618811606485584	-1.0399766080362984	-1.9419406079849015	0.41477818315890214	-0.6071688816876738	2.0659716039090785	6.635068108789451	-11.120631139912	-5145.723712979957
2928	-5166.679143223481	-5145.723712979957	-20.955430243524276	0.3489117097645375	2.618811606485584	-1.0399766080362984	-1.9419406079849015	0.41477818315890214	-0.6071688816876738	2.0659716039090785	6.635068108789451	-11.120631139912	-5145.723712979957
2930	-5167.147257360842	-5146.164444801786	-20.982812559055958	0.3489117097645375	2.618811606485584	-1.0399766080362984	-1.9419406079849015	0.41477818315890214	-0.6071688816876738	2.0659716039090785	6.640509900290348	-11.148013455443682	-5146.164444801786
2932	-5168.64347164007	-5146.164444801786	-22.479026838284152	0.3489117097645375	2.618811606485584	-1.0399766080362984	-1.9419406079849015	1.09818773311301	-0.6071688816876738	2.0659716039090785	6.640509900290348	-11.195307366556273	-5146.164444801786
2934	-5167.689674400203	-5145.175831101409	-22.513843298794114	0.3489117097645375	2.618811606485584	-1.0399766080362984	-1.9419406079849015	1.09818773311301	-0.6071688816876738	2.0659716039090785	6.647409668793315	-11.230123827066235	-5145.175831101409
2936	-5167.689674400203	-5145.175831101409	-22.513843298794114	0.3489117097645375	2.618811606485584	-1.0399766080362984	-1.9419406079849015	1.09818773311301	-0.6071688816876738	2.0659716039090785	6.647409668793315	-11.230123827066235	-5145.175831101409
2938	-5166.3929599447765	-5145.175831101409	-21.21712884336714	0.3489117097645375	2.618811606485584	-1.0399766080362984	-1.9419406079849015	0.5530088290396589	-0.6071688816876738	2.0659716039090785	6.647409668793315	-11.164622569309264	-5145.175831101409
2940	-5166.3929599447765	-5145.175831101409	-21.21712884336714	0.3489117097645375	2.618811606485584	-1.0399766080362984	-1.9419406079849015	0.5530088290396589	-0.6071688816876738	2.0659716039090785	6.647409668793315	-11.164622569309264	-5145.175831101409
2942	-5166.3929599447765	-5145.175831101409	-21.21712884336714	0.3489117097645375	2.618811606485584	-1.0399766080362984	-1.9419406079849015	0.5530088290396589	-0.6071688816876738	2.0659716039090785	6.647409668793315	-11.164622569309264	-5145.175831101409
2944	-5166.3929599447765	-5145.175831101409	-21.21712884336714	0.3489117097645375	2.618811606485584	-1.0399766080362984	-1.9419406079849015	0.5530088290396589	-0.6071688816876738	2.0659716039090785	6.647409668793315	-11.164622569309264	-5145.175831101409
2946	-5166.3929599447765	-5145.175831101409	-21.21712884336714	0.3489117097645375	2.618811606485584	-1.0399766080362984	-1.9419406079849015	0.5530088290396589	-0.6071688816876738	2.0659716039090785	6.647409668793315	-11.164622569309264	-5145.175831101409
2948	-5166.3929599447765	-5145.175831101409	-21.21712884336714	0.3489117097645375	2.618811606485584	-1.0399766080362984	-1.9419406079849015	0.5530088290396589	-0.6071688816876738	2.0659716039090785	6.647409668793315	-11.164622569309264	-5145.175831101409
2950	-5166.516881501789	-5145.175831101409	-21.34105040037995	0.6081403336145512	2.618811606485584	-1.0399766080362984	-1.9419406079849015	0.5530088290396589	-0.6071688816876738	2.0659716039090785	6.647409668793315	-11.163616549537405	-5145.175831101409
2952	-5166.516881501789	-5145.175831101409	-21.34105040037995	0.6081403336145512	2.618811606485584	-1.0399766080362984	-1.9419406079849015	0.5530088290396589	-0.6071688816876738	2.0659716039090785	6.647409668793315	-11.163616549537405	-5145.175831101409
2954	-5166.516881501789	-5145.175831101409	-21.34105040037995	0.6081403336145512	2.618811606485584	-1.0399766080362984	-1.9419406079849015	0.5530088290396589	-0.6071688816876738	2.0659716039090785	6.647409668793315	-11.163616549537405	-5145.175831101409
2956	-5166.516881501789	-5145.175831101409	-21.34105040037995	0.6081403336145512	2.618811606485584	-1.0399766080362984	-1.9419406079849015	0.5530088290396589	-0.6071688816876738	2.0659716039090785	6.647409668793315	-11.163616549537405	-5145.175831101409
2958	-5166.136508553698	-5144.8259607717355	-21.310547781963024	0.6081403336145512	2.618811606485584	-1.0399766080362984	-1.9419406079849015	0.5530088290396589	-0.6071688816876738	2.0659716039090785	6.638739208789443	-11.13311393112048	-5144.8259607717355
2960	-5166.136508553698	-5144.8259607717355	-21.310547781963024	0.6081403336145512	2.618811606485584	-1.0399766080362984	-1.9419406079849015	0.5530088290396589	-0.6071688816876738	2.0659716039090785	6.638739208789443	-11.13311393112048	-5144.8259607717355
2962	-5166.136508553698	-5144.8259607717355	-21.310547781963024	0.6081403336145512	2.618811606485584	-1.0399766080362984	-1.9419406079849015	0.5530088290396589	-0.6071688816876738	2.0659716039090785	6.638739208789443	-11.13311393112048	-5144.8259607717355
2964	-5166.136508553698	-5144.8259607717355	-21.310547781963024	0.6081403336145512	2.618811606485584	-1.0399766080362984	-1.9419406079849015	0.5530088290396589	-0.6071688816876738	2.0659716039090785	6.638739208789443	-11.13311393112048	-5144.8259607717355
2966	-5166.567721025988	-5144.8259607717355	-21.741760254253066	1.0603946621422646	2.618811606485584	-1.0399766080362984	-1.9419406079849015	0.5530088290396589	-0.6071688816876738	2.0659716039090785	6.638739208789443	-11.130294555275977	-5144.8259607717355
2968	-5165.881080071077	-5144.182575543949	-21.698504527128662	1.0603946621422646	2.618811606485584	-1.0399766080362984	-1.9419406079849015	0.5530088290396589	-0.6071688816876738	2.0659716039090785	6.627529645342804	-11.087038828151575	-5144.182575543949
2970	-5165.881080071077	-5144.182575543949	-21.698504527128662	1.0603946621422646	2.618811606485584	-1.0399766080362984	-1.9419406079849015	0.5530088290396589	-0.6071688816876738	2.0659716039090785	6.627529645342804	-11.087038828151575	-5144.182575543949
2972	-5165.828432538608	-5144.431439126378	-21.396993412229975	1.0603946621422646	2.618811606485584	-1.0399766080362984	-1.9419406079849015	0.5530088290396589	-0.6071688816876738	1.7586637655833424	6.012913968691331	-10.785527713252884	-5144.431439126378
2974	-5165.828432538608	-5144.431439126378	-21.396993412229975	1.0603946621422646	2.618811606485584	-1.0399766080362984	-1.9419406079849015	0.5530088290396589	-0.6071688816876738	1.7586637655833424	6.012913968691331	-10.785527713252884	-5144.431439126378
2976	-5165.828432538608	-5144.431439126378	-21.396993412229975	1.0603946621422646	2.618811606485584	-1.0399766080362984	-1.9419406079849015	0.5530088290396589	-0.6071688816876738	1.7586637655833424	6.012913968691331	-10.785527713252884	-5144.431439126378
2978	-5165.828432538608	-5144.431439126378	-21.396993412229975	1.0603946621422646	2.618811606485584	-1.0399766080362984	-1.9419406079849015	0.5530088290396589	-0.6071688816876738	1.7586637655833424	6.012913968691331	-10.785527713252884	-5144.431439126378
2980	-5165.561780135023	-5144.245079249803	-21.316700885220037	1.0603946621422646	2.618811606485584	-1.0399766080362984	-1.9419406079849015	0.5530088290396589	-0.6071688816876738	1.7586637655833424	6.008037637983653	-10.705235186242948	-5144.245079249803
2982	-5165.561780135023	-5144.245079249803	-21.316700885220037	1.0603946621422646	2.618811606485584	-1.0399766080362984	-1.9419406079849015	0.5530088290396589	-0.6071688816876738	1.7586637655833424	6.008037637983653	-10.705235186242948	-5144.245079249803
2984	-5165.561780135023	-5144.245079249803	-21.316700885220037	1.0603946621422646	2.618811606485584	-1.0399766080362984	-1.9419406079849015	0.5530088290396589	-0.6071688816876738	1.7586637655833424	6.008037637983653	-10.705235186242948	-5144.245079249803
2986	-5165.561780135023	-5144.245079249803	-21.316700885220037	1.0603946621422646	2.618811606485584	-1.0399766080362984	-1.9419406079849015	0.5530088290396589	-0.6071688816876738	1.7586637655833424	6.008037637983653	-10.705235186242948	-5144.245079249803
2988	-5165.561780135023	-5144.245079249803	-21.316700885220037	1.0603946621422646	2.618811606485584	-1.0399766080362984	-1.9419406079849015	0.5530088290396589	-0.6071688816876738	1.7586637655833424	6.008037637983653	-10.705235186242948	-5144.245079249803
2990	-5165.561780135023	-5144.245079249803	-21.316700885220037	1.0603946621422646	2.618811606485584	-1.0399766080362984	-1.9419406079849015	0.5530088290396589	-0.6071688816876738	1.7586637655833424	6.008037637983653	-10.705235186242948	-5144.245079249803
2992	-5165.561780135023	-5144.245079249803	-21.316700885220037	1.0603946621422646	2.618811606485584	-1.0399766080362984	-1.9419406079849015	0.5530088290396589	-0.6071688816876738	1.7586637655833424	6.008037637983653	-10.705235186242948	-5144.245079249803
2994	-5166.094163068923	-5144.742659588761	-21.351503480162258	1.0603946621422646	2.618811606485584	-1.0399766080362984	-1.9419406079849015	0.5530088290396589	-0.6071688816876738	1.7586637655833424	6.017073994939487	-10.74003778118517	-5144.742659588761
2996	-5166.094163068923	-5144.742659588761	-21.351503480162258	1.0603946621422646	2.618811606485584	-1.0399766080362984	-1.9419406079849015	0.5530088290396589	-0.6071688816876738	1.7586637655833424	6.017073994939487	-10.74003778118517	-5144.742659588761
2998	-5166.094163068923	-5144.742659588761	-21.351503480162258	1.0603946621422646	2.618811606485584	-1.0399766080362984	-1.9419406079849015	0.5530088290396589	-0.6071688816876738	1.7586637655833424	6.017073994939487	-10.74003778118517	-5144.742659588761
3000	-5165.169975230166	-5144.742659588761	-20.427315641404824	1.0603946621422646	2.618811606485584	-1.0399766080362984	-1.114222041263896	0.5530088290396589	-0.6071688816876738	1.7586637655833424	6.017073994939487	-10.219863278851802	-5144.742659588761
3002	-5165.169975230166	-5144.742659588761	-20.427315641404824	1.0603946621422646	2.618811606485584	-1.0399766080362984	-1.114222041263896	0.5530088290396589	-0.6071688816876738	1.7586637655833424	6.017073994939487	-10.219863278851802	-5144.742659588761
3004	-5165.169975230166	-5144.742659588761	-20.427315641404824	1.0603946621422646	2.618811606485584	-1.0399766080362984	-1.114222041263896	0.5530088290396589	-0.6071688816876738	1.7586637655833424	6.017073994939487	-10.219863278851802	-5144.742659588761
3006	-5166.310009370295	-5144.416644184012	-21.89336518628328	1.0603946621422646	2.618811606485584	-1.0399766080362984	-1.114222041263896	0.5530088290396589	-0.6071688816876738	3.3377505695316643	9.17524760283613	-11.685912823730256	-5144.416644184012
3008	-5166.310009370295	-5144.416644184012	-21.89336518628328	1.0603946621422646	2.618811606485584	-1.0399766080362984	-1.114222041263896	0.5530088290396589	-0.6071688816876738	3.3377505695316643	9.17524760283613	-11.685912823730256	-5144.416644184012
3010	-5166.310009370295	-5144.416644184012	-21.89336518628328	1.0603946621422646	2.618811606485584	-1.0399766080362984	-1.114222041263896	0.5530088290396589	-0.6071688816876738	3.3377505695316643	9.17524760283613	-11.685912823730256	-5144.416644184012
3012	-5166.310009370295	-5144.416644184012	-21.89336518628328	1.0603946621422646	2.618811606485584	-1.0399766080362984	-1.114222041263896	0.5530088290396589	-0.6071688816876738	3.3377505695316643	9.17524760283613	-11.685912823730256	-5144.416644184012
3014	-5165.547852943592	-5145.306514542681	-20.24133840091122	1.0603946621422646	2.618811606485584	-1.0399766080362984	-1.114222041263896	0.5530088290396589	-0.6071688816876738	1.5576607329718999	5.615067929716601	-10.033886038358197	-5145.306514542681
3016	-5165.547852943592	-5145.306514542681	-20.24133840091122	1.0603946621422646	2.618811606485584	-1.0399766080362984	-1.114222041263896	0.5530088290396589	-0.6071688816876738	1.5576607329718999	5.615067929716601	-10.033886038358197	-5145.306514542681
3018	-5166.4437867898405	-5146.170003853461	-20.273782936379497	1.0603946621422646	2.618811606485584	-1.0399766080362984	-1.114222041263896	0.5530088290396589	-0.6071688816876738	1.5576607329718999	5.621139810098967	-10.066330573826471	-5146.170003853461
3020	-5166.4437867898405	-5146.170003853461	-20.273782936379497	1.0603946621422646	2.618811606485584	-1.0399766080362984	-1.114222041263896	0.5530088290396589	-0.6071688816876738	1.5576607329718999	5.621139810098967	-10.066330573826471	-5146.170003853461
3022	-5166.4437867898405	-5146.170003853461	-20.273782936379497	1.0603946621422646	2.618811606485584	-1.0399766080362984	-1.114222041263896	0.5530088290396589	-0.6071688816876738	1.5576607329718999	5.621139810098967	-10.066330573826471	-5146.170003853461
3024	-5166.7088950347215	-5146.463214431481	-20.245680603240686	1.0603946621422646	2.618811606485584	-1.0399766080362984	-1.114222041263896	0.5530088290396589	-0.6071688816876738	1.5576607329718999	5.618174931520366	-10.038228240687662	-5146.463214431481
3026	-5166.7088950347215	-5146.463214431481	-20.245680603240686	1.0603946621422646	2.618811606485584	-1.0399766080362984	-1.114222041263896	0.5530088290396589	-0.6071688816876738	1.5576607329718999	5.618174931520366	-10.038228240687662	-5146.463214431481
3028	-5166.316547517239	-5145.688469120711	-20.628078396528934	1.0603946621422646	2.618811606485584	-1.0399766080362984	-1.114222041263896	0.5530088290396589	-0.6071688816876738	1.9709585202486404	6.444770506073849	-10.420626033975909	-5145.688469120711
3030	-5166.316547517239	-5145.688469120711	-20.628078396528934	1.0603946621422646	2.618811606485584	-1.0399766080362984	-1.114222041263896	0.5530088290396589	-0.6071688816876738	1.9709585202486404	6.444770506073849	-10.420626033975909	-5145.688469120711
3032	-5166.84086037238	-5146.254366041294	-20.586494331085763	1.0603946621422646	2.618811606485584	-1.0399766080362984	-1.114222041263896	0.5530088290396589	-0.6071688816876738	1.9709585202486404	6.440510334998515	-10.37904196853274	-5146.254366041294
3034	-5169.919974865749	-5146.254366041294	-23.665608824455575	1.0603946621422646	2.618811606485584	-1.0399766080362984	-1.114222041263896	1.4383158366983524	-0.6071688816876738	1.9709585202486404	6.440510334998515	-11.157691915010695	-5146.254366041294
3036	-5169.919974865749	-5146.254366041294	-23.665608824455575	1.0603946621422646	2.618811606485584	-1.0399766080362984	-1.114222041263896	1.4383158366983524	-0.6071688816876738	1.9709585202486404	6.440510334998515	-11.157691915010695	-5146.254366041294
3038	-5169.919974865749	-5146.254366041294	-23.665608824455575	1.0603946621422646	2.618811606485584	-1.0399766080362984	-1.114222041263896	1.4383158366983524	-0.6071688816876738	1.9709585202486404	6.440510334998515	-11.157691915010695	-5146.254366041294
3040	-5173.08670341272	-5148.836180699715	-24.250522713004862	1.0603946621422646	2.618811606485584	-1.0399766080362984	-1.114222041263896	1.4383158366983524	-0.6071688816876738	2.1270854526057157	6.950687038915402	-11.742605803559982	-5148.836180699715
3042	-5173.08670341272	-5148.836180699715	-24.250522713004862	1.0603946621422646	2.618811606485584	-1.0399766080362984	-1.114222041263896	1.4383158366983524	-0.6071688816876738	2.1270854526057157	6.950687038915402	-11.742605803559982	-5148.836180699715
3044	-5174.33901406844	-5150.064833704954	-24.27418036348522	1.0603946621422646	2.618811606485584	-1.0399766080362984	-1.114222041263896	1.4383158366983524	-0.6071688816876738	2.1270854526057157	6.955937021160931	-11.766263454040338	-5150.064833704954
3046	-5171.205033325404	-5147.90927299834	-23.295760327063324	1.0603946621422646	2.618811606485584	-1.0399766080362984	-1.114222041263896	1.4383158366983524	-0.6071688816876738	1.869792364759206	6.114544159934827	-10.787843417618445	-5147.90927299834
3048	-5171.413560657424	-5147.6713517387925	-23.742208918631103	1.0603946621422646	2.618811606485584	-1.0399766080362984	-1.114222041263896	1.4383158366983524	-0.6071688816876738	2.006789621181385	6.506924835315257	-11.234292009186225	-5147.6713517387925
3050	-5171.413560657424	-5147.6713517387925	-23.742208918631103	1.0603946621422646	2.618811606485584	-1.0399766080362984	-1.114222041263896	1.4383158366983524	-0.6071688816876738	2.006789621181385	6.506924835315257	-11.234292009186225	-5147.6713517387925
3052	-5172.586376705032	-5147.574601747128	-25.011774957904077	1.0603946621422646	2.618811606485584	-1.0399766080362984	-1.114222041263896	1.4383158366983524	-0.6071688816876738	4.0115710153190465	10.51648762359058	-12.503858048459197	-5147.574601747128
3054	-5173.070621136148	-5147.574601747128	-25.496019389019423	1.0603946621422646	2.618811606485584	-1.0399766080362984	-1.8011421557048977	1.4383158366983524	-0.6071688816876738	4.0115710153190465	10.51648762359058	-12.701172176273301	-5147.574601747128
3056	-5173.723395459305	-5148.2516696254415	-25.47172583386317	1.0603946621422646	2.618811606485584	-1.0399766080362984	-1.8011421557048977	1.4383158366983524	-0.6071688816876738	4.0115710153190465	10.506965409179482	-12.676878621117048	-5148.2516696254415
3058	-5173.723395459305	-5148.2516696254415	-25.47172583386317	1.0603946621422646	2.618811606485584	-1.0399766080362984	-1.8011421557048977	1.4383158366983524	-0.6071688816876738	4.0115710153190465	10.506965409179482	-12.676878621117048	-5148.2516696254415
3060	-5173.723395459305	-5148.2516696254415	-25.47172583386317	1.0603946621422646	2.618811606485584	-1.0399766080362984	-1.8011421557048977	1.4383158366983524	-0.6071688816876738	4.0115710153190465	10.506965409179482	-12.676878621117048	-5148.2516696254415
3062	-5173.632456096639	-5148.197821916984	-25.434634179654452	1.0603946621422646	2.618811606485584	-1.0399766080362984	-1.8011421557048977	1.4383158366983524	-0.6071688816876738	4.0115710153190465	10.503856127207632	-12.639786966908328	-5148.197821916984
3064	-5173.257601856269	-5147.809488940835	-25.448112915433747	1.0603946621422646	2.618811606485584	-1.0399766080362984	-1.8011421557048977	1.4383158366983524	-0.6071688816876738	4.0115710153190465	10.507296404412415	-12.653265702687625	-5147.809488940835
3066	-5173.257601856269	-5147.809488940835	-25.448112915433747	1.0603946621422646	2.618811606485584	-1.0399766080362984	-1.8011421557048977	1.4383158366983524	-0.6071688816876738	4.0115710153190465	10.507296404412415	-12.653265702687625	-5147.809488940835
3068	-5173.257601856269	-5147.809488940835	-25.448112915433747	1.0603946621422646	2.618811606485584	-1.0399766080362984	-1.8011421557048977	1.4383158366983524	-0.6071688816876738	4.0115710153190465	10.507296404412415	-12.653265702687625	-5147.809488940835
3070	-5173.257601856269	-5147.809488940835	-25.448112915433747	1.0603946621422646	2.618811606485584	-1.0399766080362984	-1.8011421557048977	1.4383158366983524	-0.6071688816876738	4.0115710153190465	10.507296404412415	-12.653265702687625	-5147.809488940835
3072	-5173.257601856269	-5147.809488940835	-25.448112915433747	1.0603946621422646	2.618811606485584	-1.0399766080362984	-1.8011421557048977	1.4383158366983524	-0.6071688816876738	4.0115710153190465	10.507296404412415	-12.653265702687625	-5147.809488940835
3074	-5173.257601856269	-5147.809488940835	-25.448112915433747	1.0603946621422646	2.618811606485584	-1.0399766080362984	-1.8011421557048977	1.4383158366983524	-0.6071688816876738	4.0115710153190465	10.507296404412415	-12.653265702687625	-5147.809488940835
3076	-5172.698094537583	-5147.283300147043	-25.41479439053959	1.0603946621422646	2.618811606485584	-1.0399766080362984	-1.8011421557048977	1.4383158366983524	-0.6071688816876738	4.0115710153190465	10.484726422997216	-12.619947177793469	-5147.283300147043
3078	-5172.532234736505	-5147.2035253555305	-25.32870938097495	1.0603946621422646	2.618811606485584	-1.0399766080362984	-1.8011421557048977	1.4383158366983524	-0.6071688816876738	4.0115710153190465	10.439878045415764	-12.533862168228827	-5147.2035253555305
3080	-5172.629802744125	-5147.339759092184	-25.29004365194122	1.0603946621422646	2.618811606485584	-1.0399766080362984	-1.8011421557048977	1.4383158366983524	-0.6071688816876738	4.0115710153190465	10.436687671729558	-12.495196439195098	-5147.339759092184
3082	-5174.259800383621	-5148.404575316364	-25.855225067257155	1.0603946621422646	2.618811606485584	-1.0399766080362984	-1.8011421557048977	1.4383158366983524	-0.6071688816876738	4.275360397324845	11.122974261347395	-13.060377854511032	-5148.404575316364
3084	-5174.259800383621	-5148.404575316364	-25.855225067257155	1.0603946621422646	2.618811606485584	-1.0399766080362984	-1.8011421557048977	1.4383158366983524	-0.6071688816876738	4.275360397324845	11.122974261347395	-13.060377854511032	-5148.404575316364
3086	-5174.308522964224	-5148.494552445055	-25.813970519168983	1.0603946621422646	2.618811606485584	-1.0399766080362984	-1.8011421557048977	1.4383158366983524	-0.6071688816876738	4.275360397324845	11.101413824643265	-13.019123306422859	-5148.494552445055
3088	-5173.342991143561	-5147.551083319456	-25.791907824105287	1.0603946621422646	2.618811606485584	-1.0399766080362984	-1.8011421557048977	1.4383158366983524	-0.6071688816876738	4.275360397324845	11.093511097614007	-12.997060611359164	-5147.551083319456
3090	-5173.2347490792845	-5147.434742079382	-25.800006999902152	1.0603946621422646	2.618811606485584	-1.0399766080362984	-1.8011421557048977	1.4383158366983524	-0.6071688816876738	4.275360397324845	11.09667259432789	-13.005159787156028	-5147.434742079382
3092	-5173.989659919853	-5147.434742079382	-26.554917840470893	1.8465849671206824	2.618811606485584	-1.0399766080362984	-1.8011421557048977	1.4383158366983524	-0.6071688816876738	4.275360397324845	11.09667259432789	-13.019001480362194	-5147.434742079382
3094	-5173.989659919853	-5147.434742079382	-26.554917840470893	1.8465849671206824	2.618811606485584	-1.0399766080362984	-1.8011421557048977	1.4383158366983524	-0.6071688816876738	4.275360397324845	11.09667259432789	-13.019001480362194	-5147.434742079382
3096	-5173.0120681978415	-5148.171194524891	-24.840873672951023	1.8465849671206824	2.618811606485584	-1.0399766080362984	-1.8011421557048977	1.4383158366983524	-0.6071688816876738	1.5836406381114316	5.713233075901062	-11.304957312842326	-5148.171194524891
3098	-5172.862230771381	-5148.171194524891	-24.691036246490135	1.8465849671206824	2.618811606485584	-1.0399766080362984	-1.8011421557048977	1.4383158366983524	-0.3428635943208281	1.5836406381114316	5.713233075901062	-11.660823670213915	-5148.171194524891
3100	-5172.468938201991	-5148.171194524891	-24.29774367710015	1.8465849671206824	2.618811606485584	-1.0399766080362984	-0.7314961705924516	1.4383158366983524	-0.3428635943208281	1.5836406381114316	5.713233075901062	-11.509637506159974	-5148.171194524891
3102	-5170.719986001307	-5146.451176433059	-24.26880956824757	1.8465849671206824	2.618811606485584	-1.0399766080362984	-0.7314961705924516	1.4383158366983524	-0.3428635943208281	1.5836406381114316	5.705934889173614	-11.480703397307394	-5146.451176433059
3104	-5170.719986001307	-5146.451176433059	-24.26880956824757	1.8465849671206824	2.618811606485584	-1.0399766080362984	-0.7314961705924516	1.4383158366983524	-0.3428635943208281	1.5836406381114316	5.705934889173614	-11.480703397307394	-5146.451176433059
3106	-5170.719986001307	-5146.451176433059	-24.26880956824757	1.8465849671206824	2.618811606485584	-1.0399766080362984	-0.7314961705924516	1.4383158366983524	-0.3428635943208281	1.5836406381114316	5.705934889173614	-11.480703397307394	-5146.451176433059
3108	-5170.719986001307	-5146.451176433059	-24.26880956824757	1.8465849671206824	2.618811606485584	-1.0399766080362984	-0.7314961705924516	1.4383158366983524	-0.3428635943208281	1.5836406381114316	5.705934889173614	-11.480703397307394	-5146.451176433059
3110	-5170.719986001307	-5146.451176433059	-24.26880956824757	1.8465849671206824	2.618811606485584	-1.0399766080362984	-0.7314961705924516	1.4383158366983524	-0.3428635943208281	1.5836406381114316	5.705934889173614	-11.480703397307394	-5146.451176433059
3112	-5170.719986001307	-5146.451176433059	-24.26880956824757	1.8465849671206824	2.618811606485584	-1.0399766080362984	-0.7314961705924516	1.4383158366983524	-0.3428635943208281	1.5836406381114316	5.705934889173614	-11.480703397307394	-5146.451176433059
3114	-5172.60540435156	-5149.0208393979265	-23.584564953633482	1.8465849671206824	2.618811606485584	-1.0399766080362984	-0.7314961705924516	1.4383158366983524	-0.3428635943208281	1.4172793371794956	5.106526962683505	-10.796458782693305	-5149.0208393979265
3116	-5172.60540435156	-5149.0208393979265	-23.584564953633482	1.8465849671206824	2.618811606485584	-1.0399766080362984	-0.7314961705924516	1.4383158366983524	-0.3428635943208281	1.4172793371794956	5.106526962683505	-10.796458782693305	-5149.0208393979265
3118	-5173.237255195039	-5149.0208393979265	-24.21641579711286	1.8465849671206824	2.618811606485584	-1.0399766080362984	-2.0386063648766255	1.4383158366983524	-0.3428635943208281	1.4172793371794956	5.106526962683505	-10.97725902069197	-5149.0208393979265
3120	-5173.285101881404	-5149.097121466042	-24.187980415362077	1.8465849671206824	2.618811606485584	-1.0399766080362984	-2.0386063648766255	1.4383158366983524	-0.3428635943208281	1.4172793371794956	5.095796242460308	-10.948823638941187	-5149.097121466042
3122	-5173.285101881404	-5149.097121466042	-24.187980415362077	1.8465849671206824	2.618811606485584	-1.0399766080362984	-2.0386063648766255	1.4383158366983524	-0.3428635943208281	1.4172793371794956	5.095796242460308	-10.948823638941187	-5149.097121466042
3124	-5173.285101881404	-5149.097121466042	-24.187980415362077	1.8465849671206824	2.618811606485584	-1.0399766080362984	-2.0386063648766255	1.4383158366983524	-0.3428635943208281	1.4172793371794956	5.095796242460308	-10.948823638941187	-5149.097121466042
3126	-5171.229111821412	-5149.097121466042	-22.13199035536983	1.8465849671206824	0.9920055248349451	-1.0399766080362984	-2.0386063648766255	1.4383158366983524	-0.3428635943208281	1.4172793371794956	5.095796242460308	-10.326964102951832	-5149.097121466042
3128	-5169.015559705257	-5145.977501103427	-23.03805860182981	1.8465849671206824	0.9920055248349451	-1.0399766080362984	-2.0386063648766255	1.4383158366983524	-0.3428635943208281	1.5898533421393242	5.716282227792389	-11.23303234941181	-5145.977501103427
3130	-5168.780587477811	-5146.224271438107	-22.55631603970385	1.8465849671206824	0.9920055248349451	-1.0399766080362984	-2.0386063648766255	1.4383158366983524	-0.3428635943208281	1.4975363872061753	5.384358675587143	-10.751289787285854	-5146.224271438107
3132	-5168.780587477811	-5146.224271438107	-22.55631603970385	1.8465849671206824	0.9920055248349451	-1.0399766080362984	-2.0386063648766255	1.4383158366983524	-0.3428635943208281	1.4975363872061753	5.384358675587143	-10.751289787285854	-5146.224271438107
3134	-5168.780587477811	-5146.224271438107	-22.55631603970385	1.8465849671206824	0.9920055248349451	-1.0399766080362984	-2.0386063648766255	1.4383158366983524	-0.3428635943208281	1.4975363872061753	5.384358675587143	-10.751289787285854	-5146.224271438107
3136	-5168.780587477811	-5146.224271438107	-22.55631603970385	1.8465849671206824	0.9920055248349451	-1.0399766080362984	-2.0386063648766255	1.4383158366983524	-0.3428635943208281	1.4975363872061753	5.384358675587143	-10.751289787285854	-5146.224271438107
3138	-5168.780587477811	-5146.224271438107	-22.55631603970385	1.8465849671206824	0.9920055248349451	-1.0399766080362984	-2.0386063648766255	1.4383158366983524	-0.3428635943208281	1.4975363872061753	5.384358675587143	-10.751289787285854	-5146.224271438107
3140	-5169.811179919179	-5147.332651476851	-22.47852844232763	1.8465849671206824	0.9920055248349451	-1.0399766080362984	-2.0386063648766255	1.4383158366983524	-0.3428635943208281	1.3557682003308604	5.100822301836513	-10.673502189909629	-5147.332651476851
3142	-5168.281018758765	-5145.632793871459	-22.64822488730575	1.8465849671206824	0.9920055248349451	-1.0399766080362984	-2.0386063648766255	1.4383158366983524	-0.3428635943208281	1.6651220356252974	5.719529972425387	-10.843198634887756	-5145.632793871459
3144	-5168.496554678781	-5145.882974109611	-22.61358056917041	1.8465849671206824	0.9920055248349451	-1.0399766080362984	-2.0386063648766255	1.4383158366983524	-0.3428635943208281	1.6651220356252974	5.716347166407947	-10.808554316752408	-5145.882974109611
3146	-5168.504270865448	-5146.6352597954	-21.86901107004828	1.8465849671206824	0.9920055248349451	-1.0399766080362984	-1.5280392147436805	1.4383158366983524	-0.3428635943208281	1.6651220356252974	5.703313004310965	-10.443512959220765	-5146.6352597954
3148	-5167.628004425033	-5146.6352597954	-20.99274462963332	1.0031765969357795	0.9920055248349451	-1.0399766080362984	-1.5280392147436805	1.4383158366983524	-0.3428635943208281	1.6651220356252974	5.703313004310965	-10.36549962907579	-5146.6352597954
3150	-5168.106907600293	-5146.994148931068	-21.11275866922543	1.0031765969357795	0.9920055248349451	-1.0399766080362984	-1.5280392147436805	1.4383158366983524	-0.3428635943208281	1.6651220356252974	5.81154101485925	-10.4855136686679	-5146.994148931068
3152	-5167.8410171969645	-5146.652740346533	-21.188276850430768	1.0031765969357795	0.9920055248349451	-1.0399766080362984	-1.5280392147436805	1.4383158366983524	-0.3428635943208281	1.6651220356252974	5.8316985765402745	-10.561031849873238	-5146.652740346533
3154	-5167.8410171969645	-5146.652740346533	-21.188276850430768	1.0031765969357795	0.9920055248349451	-1.0399766080362984	-1.5280392147436805	1.4383158366983524	-0.3428635943208281	1.6651220356252974	5.8316985765402745	-10.561031849873238	-5146.652740346533
3156	-5167.8410171969645	-5146.652740346533	-21.188276850430768	1.0031765969357795	0.9920055248349451	-1.0399766080362984	-1.5280392147436805	1.4383158366983524	-0.3428635943208281	1.6651220356252974	5.8316985765402745	-10.561031849873238	-5146.652740346533
3158	-5167.951838259409	-5146.75853947502	-21.193298784388297	1.0031765969357795	0.9920055248349451	-1.0399766080362984	-1.5280392147436805	1.4383158366983524	-0.3428635943208281	1.6651220356252974	5.838602453033049	-10.566053783830771	-5146.75853947502
3160	-5167.951838259409	-5146.75853947502	-21.193298784388297	1.0031765969357795	0.9920055248349451	-1.0399766080362984	-1.5280392147436805	1.4383158366983524	-0.3428635943208281	1.6651220356252974	5.838602453033049	-10.566053783830771	-5146.75853947502
3162	-5167.951838259409	-5146.75853947502	-21.193298784388297	1.0031765969357795	0.9920055248349451	-1.0399766080362984	-1.5280392147436805	1.4383158366983524	-0.3428635943208281	1.6651220356252974	5.838602453033049	-10.566053783830771	-5146.75853947502
3164	-5167.803227803137	-5146.547643205073	-21.255584598064488	1.0031765969357795	0.9920055248349451	-1.0399766080362984	-1.5280392147436805	1.4383158366983524	-0.3428635943208281	1.7780280354183358	6.0644144526191255	-10.628339597506962	-5146.547643205073
3166	-5167.803227803137	-5146.547643205073	-21.255584598064488	1.0031765969357795	0.9920055248349451	-1.0399766080362984	-1.5280392147436805	1.4383158366983524	-0.3428635943208281	1.7780280354183358	6.0644144526191255	-10.628339597506962	-5146.547643205073
3168	-5167.803227803137	-5146.547643205073	-21.255584598064488	1.0031765969357795	0.9920055248349451	-1.0399766080362984	-1.5280392147436805	1.4383158366983524	-0.3428635943208281	1.7780280354183358	6.0644144526191255	-10.628339597506962	-5146.547643205073
3170	-5169.610792176476	-5147.484182304184	-22.126609872292093	2.009164348264055	0.9920055248349451	-1.0399766080362984	-1.5280392147436805	1.4383158366983524	-0.3428635943208281	1.486825583808473	5.4820095493994	-10.561416751178065	-5147.484182304184
3172	-5169.610792176476	-5147.484182304184	-22.126609872292093	2.009164348264055	0.9920055248349451	-1.0399766080362984	-1.5280392147436805	1.4383158366983524	-0.3428635943208281	1.486825583808473	5.4820095493994	-10.561416751178065	-5147.484182304184
3174	-5169.661085448772	-5147.484182304184	-22.17690314458746	2.009164348264055	0.9920055248349451	-1.0399766080362984	-1.5280392147436805	1.4383158366983524	-0.1809118771906055	1.486825583808473	5.4820095493994	-10.887060911503305	-5147.484182304184
3176	-5169.661085448772	-5147.484182304184	-22.17690314458746	2.009164348264055	0.9920055248349451	-1.0399766080362984	-1.5280392147436805	1.4383158366983524	-0.1809118771906055	1.486825583808473	5.4820095493994	-10.887060911503305	-5147.484182304184
3178	-5169.65118111016	-5147.5058097932015	-22.14537131695864	2.009164348264055	0.9920055248349451	-1.0399766080362984	-1.5280392147436805	1.4383158366983524	-0.1809118771906055	1.486825583808473	5.479507539361554	-10.855529083874487	-5147.5058097932015
3180	-5169.588565989795	-5147.514994116112	-22.07357187368282	2.009164348264055	0.9920055248349451	-1.0399766080362984	-1.5280392147436805	1.4383158366983524	-0.1809118771906055	1.486825583808473	5.457168757949329	-10.783729640598663	-5147.514994116112
3182	-5168.977132231005	-5146.320030265933	-22.657101965072076	2.009164348264055	0.9920055248349451	-1.0399766080362984	-1.5280392147436805	1.4383158366983524	-0.1809118771906055	2.6695401478899403	7.822597886112263	-11.367259731987922	-5146.320030265933
3184	-5168.977132231005	-5146.320030265933	-22.657101965072076	2.009164348264055	0.9920055248349451	-1.0399766080362984	-1.5280392147436805	1.4383158366983524	-0.1809118771906055	2.6695401478899403	7.822597886112263	-11.367259731987922	-5146.320030265933
3186	-5168.977132231005	-5146.320030265933	-22.657101965072076	2.009164348264055	0.9920055248349451	-1.0399766080362984	-1.5280392147436805	1.4383158366983524	-0.1809118771906055	2.6695401478899403	7.822597886112263	-11.367259731987922	-5146.320030265933
3188	-5168.977132231005	-5146.320030265933	-22.657101965072076	2.009164348264055	0.9920055248349451	-1.0399766080362984	-1.5280392147436805	1.4383158366983524	-0.1809118771906055	2.6695401478899403	7.822597886112263	-11.367259731987922	-5146.320030265933
3190	-5168.977132231005	-5146.320030265933	-22.657101965072076	2.009164348264055	0.9920055248349451	-1.0399766080362984	-1.5280392147436805	1.4383158366983524	-0.1809118771906055	2.6695401478899403	7.822597886112263	-11.367259731987922	-5146.320030265933
3192	-5168.632625548973	-5146.320030265933	-22.31259528303972	2.009164348264055	0.9920055248349451	-1.0399766080362984	-0.5912375745695818	1.4383158366983524	-0.1809118771906055	2.6695401478899403	7.822597886112263	-11.041172243910246	-5146.320030265933
3194	-5168.632625548973	-5146.320030265933	-22.31259528303972	2.009164348264055	0.9920055248349451	-1.0399766080362984	-0.5912375745695818	1.4383158366983524	-0.1809118771906055	2.6695401478899403	7.822597886112263	-11.041172243910246	-5146.320030265933
3196	-5168.632625548973	-5146.320030265933	-22.31259528303972	2.009164348264055	0.9920055248349451	-1.0399766080362984	-0.5912375745695818	1.4383158366983524	-0.1809118771906055	2.6695401478899403	7.822597886112263	-11.041172243910246	-5146.320030265933
3198	-5168.632625548973	-5146.320030265933	-22.31259528303972	2.009164348264055	0.9920055248349451	-1.0399766080362984	-0.5912375745695818	1.4383158366983524	-0.1809118771906055	2.6695401478899403	7.822597886112263	-11.041172243910246	-5146.320030265933
3200	-5168.608232983362	-5146.320030265933	-22.28820271742836	2.009164348264055	0.9920055248349451	-1.0399766080362984	-1.0613418376859365	1.4383158366983524	-0.1809118771906055	2.6695401478899403	7.822597886112263	-11.117234801858213	-5146.320030265933
3202	-5168.050593338876	-5146.320030265933	-21.73056307294278	1.4409223286798185	0.9920055248349451	-1.0399766080362984	-1.0613418376859365	1.4383158366983524	-0.1809118771906055	2.6695401478899403	7.822597886112263	-11.068720468481262	-5146.320030265933
3204	-5168.2927814481645	-5146.5892113818	-21.703570066364676	1.4409223286798185	0.9920055248349451	-1.0399766080362984	-1.0613418376859365	1.4383158366983524	-0.1809118771906055	2.6695401478899403	7.819835712568857	-11.04172746190316	-5146.5892113818
3206	-5169.996653599365	-5147.36349366975	-22.633159929615022	2.448585044561819	0.9920055248349451	-1.0399766080362984	-1.0613418376859365	1.4383158366983524	-0.1809118771906055	2.6695401478899403	7.810404630285653	-11.106837030336655	-5147.36349366975
3208	-5169.996653599365	-5147.36349366975	-22.633159929615022	2.448585044561819	0.9920055248349451	-1.0399766080362984	-1.0613418376859365	1.4383158366983524	-0.1809118771906055	2.6695401478899403	7.810404630285653	-11.106837030336655	-5147.36349366975
3210	-5169.996653599365	-5147.36349366975	-22.633159929615022	2.448585044561819	0.9920055248349451	-1.0399766080362984	-1.0613418376859365	1.4383158366983524	-0.1809118771906055	2.6695401478899403	7.810404630285653	-11.106837030336655	-5147.36349366975
3212	-5168.384950366037	-5146.755202942571	-21.62974742346584	2.448585044561819	0.5106681915591997	-1.0399766080362984	-1.0613418376859365	1.4383158366983524	-0.1809118771906055	2.6695401478899403	7.818395067957505	-10.541649690273845	-5146.755202942571
3214	-5168.650220305159	-5147.117063456968	-21.533156848190764	2.448585044561819	0.5106681915591997	-1.0399766080362984	-1.0613418376859365	1.4383158366983524	-0.1809118771906055	2.6695401478899403	7.706683599537123	-10.445059114998768	-5147.117063456968
3216	-5168.653869038181	-5147.117063456968	-21.536805581212796	2.448585044561819	0.5106681915591997	-1.0399766080362984	-1.0613418376859365	1.4383158366983524	-0.08058996761511414	2.6695401478899403	7.706683599537123	-10.606119621545263	-5147.117063456968
3218	-5168.653869038181	-5147.117063456968	-21.536805581212796	2.448585044561819	0.5106681915591997	-1.0399766080362984	-1.0613418376859365	1.4383158366983524	-0.08058996761511414	2.6695401478899403	7.706683599537123	-10.606119621545263	-5147.117063456968
3220	-5169.90159006963	-5147.646844984395	-22.25474508523557	2.448585044561819	0.5106681915591997	-1.0399766080362984	-0.43171976905468495	1.4383158366983524	-0.08058996761511414	2.913502224559733	8.410976635424301	-11.139299171003072	-5147.646844984395
3222	-5169.90159006963	-5147.646844984395	-22.25474508523557	2.448585044561819	0.5106681915591997	-1.0399766080362984	-0.43171976905468495	1.4383158366983524	-0.08058996761511414	2.913502224559733	8.410976635424301	-11.139299171003072	-5147.646844984395
3224	-5169.90159006963	-5147.646844984395	-22.25474508523557	2.448585044561819	0.5106681915591997	-1.0399766080362984	-0.43171976905468495	1.4383158366983524	-0.08058996761511414	2.913502224559733	8.410976635424301	-11.139299171003072	-5147.646844984395
3226	-5169.443872013906	-5147.853111323357	-21.59076069054972	2.448585044561819	0.5106681915591997	-1.0399766080362984	-0.43171976905468495	1.4383158366983524	-0.08058996761511414	2.617622852450604	7.5568037898587015	-10.475314776317223	-5147.853111323357
3228	-5169.21985612298	-5147.588541347017	-21.63131477596325	2.448585044561819	0.5106681915591997	-1.0399766080362984	-0.43171976905468495	1.4383158366983524	-0.08058996761511414	2.617622852450604	7.6044273136780784	-10.515868861730754	-5147.588541347017
3230	-5169.21985612298	-5147.588541347017	-21.63131477596325	2.448585044561819	0.5106681915591997	-1.0399766080362984	-0.43171976905468495	1.4383158366983524	-0.08058996761511414	2.617622852450604	7.6044273136780784	-10.515868861730754	-5147.588541347017
3232	-5168.324294597714	-5146.676559962597	-21.647734635117065	2.448585044561819	0.5106681915591997	-1.0399766080362984	-0.43171976905468495	1.4383158366983524	-0.08058996761511414	2.617622852450604	7.615569242406773	-10.53228872088457	-5146.676559962597
3234	-5168.324294597714	-5146.676559962597	-21.647734635117065	2.448585044561819	0.5106681915591997	-1.0399766080362984	-0.43171976905468495	1.4383158366983524	-0.08058996761511414	2.617622852450604	7.615569242406773	-10.53228872088457	-5146.676559962597
3236	-5168.136013051866	-5146.676559962597	-21.459453089268777	2.448585044561819	0.5106681915591997	-1.0399766080362984	-0.8584175972869137	1.4383158366983524	-0.08058996761511414	2.617622852450604	7.615569242406773	-10.512513528928087	-5146.676559962597
3238	-5168.136013051866	-5146.676559962597	-21.459453089268777	2.448585044561819	0.5106681915591997	-1.0399766080362984	-0.8584175972869137	1.4383158366983524	-0.08058996761511414	2.617622852450604	7.615569242406773	-10.512513528928087	-5146.676559962597
3240	-5168.136013051866	-5146.676559962597	-21.459453089268777	2.448585044561819	0.5106681915591997	-1.0399766080362984	-0.8584175972869137	1.4383158366983524	-0.08058996761511414	2.617622852450604	7.615569242406773	-10.512513528928087	-5146.676559962597
3242	-5168.136013051866	-5146.676559962597	-21.459453089268777	2.448585044561819	0.5106681915591997	-1.0399766080362984	-0.8584175972869137	1.4383158366983524	-0.08058996761511414	2.617622852450604	7.615569242406773	-10.512513528928087	-5146.676559962597
3244	-5168.136013051866	-5146.676559962597	-21.459453089268777	2.448585044561819	0.5106681915591997	-1.0399766080362984	-0.8584175972869137	1.4383158366983524	-0.08058996761511414	2.617622852450604	7.615569242406773	-10.512513528928087	-5146.676559962597
3246	-5168.136013051866	-5146.676559962597	-21.459453089268777	2.448585044561819	0.5106681915591997	-1.0399766080362984	-0.8584175972869137	1.4383158366983524	-0.08058996761511414	2.617622852450604	7.615569242406773	-10.512513528928087	-5146.676559962597
3248	-5167.811655513933	-5146.676559962597	-21.13509555133595	2.448585044561819	0.5106681915591997	-0.4644844203701689	-0.8584175972869137	1.4383158366983524	-0.08058996761511414	2.617622852450604	7.615569242406773	-10.559948938497584	-5146.676559962597
3250	-5166.820779189221	-5145.65384611656	-21.166933072660562	2.448585044561819	0.5106681915591997	-0.4644844203701689	-0.8584175972869137	1.4383158366983524	-0.08058996761511414	2.617622852450604	7.616207179938659	-10.591786459822197	-5145.65384611656
3252	-5166.820779189221	-5145.65384611656	-21.166933072660562	2.448585044561819	0.5106681915591997	-0.4644844203701689	-0.8584175972869137	1.4383158366983524	-0.08058996761511414	2.617622852450604	7.616207179938659	-10.591786459822197	-5145.65384611656
3254	-5167.603969603309	-5145.85697207635	-21.746997526959348	2.448585044561819	0.5106681915591997	-0.4644844203701689	-0.8584175972869137	1.4383158366983524	-0.08058996761511414	2.8809699585791657	8.382439075658352	-11.171850914120983	-5145.85697207635
3256	-5168.085798120087	-5146.317234906133	-21.768563213953563	2.448585044561819	0.5106681915591997	-0.4644844203701689	-0.8584175972869137	1.4383158366983524	-0.08058996761511414	2.8809699585791657	8.386521186373882	-11.193416601115196	-5146.317234906133
3258	-5167.268949854257	-5146.241237764956	-21.0277120893007	1.4755460675754468	0.5106681915591997	-0.4644844203701689	-0.8584175972869137	1.4383158366983524	-0.08058996761511414	2.8809699585791657	8.402270122722094	-11.284345590230043	-5146.241237764956
3260	-5167.751672922657	-5146.241237764956	-21.51043515770135	1.4755460675754468	0.7782058053556937	-0.4644844203701689	-0.8584175972869137	1.4383158366983524	-0.08058996761511414	2.8809699585791657	8.402270122722094	-11.540172005208873	-5146.241237764956
3262	-5167.751672922657	-5146.241237764956	-21.51043515770135	1.4755460675754468	0.7782058053556937	-0.4644844203701689	-0.8584175972869137	1.4383158366983524	-0.08058996761511414	2.8809699585791657	8.402270122722094	-11.540172005208873	-5146.241237764956
3264	-5169.111422750414	-5147.531100790033	-21.580321960381458	1.4755460675754468	0.7782058053556937	-0.4644844203701689	-0.8584175972869137	1.4383158366983524	-0.08058996761511414	2.8809699585791657	8.480523326331356	-11.61005880788898	-5147.531100790033
3266	-5169.111422750414	-5147.531100790033	-21.580321960381458	1.4755460675754468	0.7782058053556937	-0.4644844203701689	-0.8584175972869137	1.4383158366983524	-0.08058996761511414	2.8809699585791657	8.480523326331356	-11.61005880788898	-5147.531100790033
3268	-5168.45217653337	-5147.531100790033	-20.921075743337923	1.4755460675754468	0.3799826359411742	-0.4644844203701689	-0.8584175972869137	1.4383158366983524	-0.08058996761511414	2.8809699585791657	8.480523326331356	-11.230965771588101	-5147.531100790033
3270	-5168.45217653337	-5147.531100790033	-20.921075743337923	1.4755460675754468	0.3799826359411742	-0.4644844203701689	-0.8584175972869137	1.4383158366983524	-0.08058996761511414	2.8809699585791657	8.480523326331356	-11.230965771588101	-5147.531100790033
3272	-5168.013843012606	-5147.531100790033	-20.482742222573876	0.9115855425881317	0.3799826359411742	-0.4644844203701689	-0.8584175972869137	1.4383158366983524	-0.08058996761511414	2.8809699585791657	8.480523326331356	-11.34561708631088	-5147.531100790033
3274	-5168.198070921122	-5147.707073711625	-20.490997209497714	0.9115855425881317	0.3799826359411742	-0.4644844203701689	-0.8584175972869137	1.4383158366983524	-0.08058996761511414	2.8809699585791657	8.457744445618333	-11.353872073234719	-5147.707073711625
3276	-5168.567618141877	-5148.069421702545	-20.498196439331494	0.9115855425881317	0.3799826359411742	-0.4644844203701689	-0.8584175972869137	1.4383158366983524	-0.08058996761511414	2.8809699585791657	8.442855697100155	-11.361071303068496	-5148.069421702545
3278	-5168.128296726434	-5147.6473995359165	-20.480897190517602	0.9115855425881317	0.3799826359411742	-0.4644844203701689	-0.8584175972869137	1.4383158366983524	-0.08058996761511414	2.8809699585791657	8.43935200713705	-11.343772054254604	-5147.6473995359165
3280	-5168.218152525097	-5147.6473995359165	-20.570752989180555	0.9115855425881317	0.3799826359411742	-0.9018491300449323	-0.8584175972869137	1.4383158366983524	-0.08058996761511414	2.8809699585791657	8.43935200713705	-11.211483339538466	-5147.6473995359165
3282	-5167.8425871188065	-5147.6473995359165	-20.195187582889933	0.4053033399488025	0.3799826359411742	-0.9018491300449323	-0.8584175972869137	1.4383158366983524	-0.08058996761511414	2.8809699585791657	8.43935200713705	-11.24293976468768	-5147.6473995359165
3284	-5165.377192535331	-5147.186737303691	-18.19045523163974	0.4053033399488025	0.3799826359411742	-0.9018491300449323	-0.8584175972869137	0.7989364735079737	-0.08058996761511414	2.8809699585791657	8.463735195931623	-10.720187933006695	-5147.186737303691
3286	-5165.836578439304	-5147.62570299433	-18.210875444973592	0.4053033399488025	0.3799826359411742	-0.9018491300449323	-0.8584175972869137	0.7989364735079737	-0.08058996761511414	2.8809699585791657	8.440073291430194	-10.740608146340547	-5147.62570299433
3288	-5165.836578439304	-5147.62570299433	-18.210875444973592	0.4053033399488025	0.3799826359411742	-0.9018491300449323	-0.8584175972869137	0.7989364735079737	-0.08058996761511414	2.8809699585791657	8.440073291430194	-10.740608146340547	-5147.62570299433
3290	-5165.836578439304	-5147.62570299433	-18.210875444973592	0.4053033399488025	0.3799826359411742	-0.9018491300449323	-0.8584175972869137	0.7989364735079737	-0.08058996761511414	2.8809699585791657	8.440073291430194	-10.740608146340547	-5147.62570299433
3292	-5165.638062478454	-5147.387519149296	-18.250543329157782	0.4053033399488025	0.3799826359411742	-0.9018491300449323	-0.8584175972869137	0.7989364735079737	-0.08058996761511414	2.8809699585791657	8.444211885252257	-10.780276030524739	-5147.387519149296
3294	-5166.481013888847	-5149.063850813781	-17.41716307506598	0.4053033399488025	0.3799826359411742	-0.9018491300449323	-0.8584175972869137	0.7989364735079737	-0.08058996761511414	2.5478423695577836	7.455801578996718	-9.946895776432934	-5149.063850813781
3296	-5166.529054669747	-5149.074760058944	-17.454294610803018	0.4053033399488025	0.3799826359411742	-0.9018491300449323	-0.8584175972869137	0.7989364735079737	-0.08058996761511414	2.5478423695577836	7.461029194887189	-9.984027312169975	-5149.074760058944
3298	-5167.138728686439	-5149.629649140245	-17.50907954619397	0.4053033399488025	0.3799826359411742	-0.9018491300449323	-0.8584175972869137	0.7989364735079737	-0.08058996761511414	2.5478423695577836	7.503629532205265	-10.038812247560925	-5149.629649140245
3300	-5167.138728686439	-5149.629649140245	-17.50907954619397	0.4053033399488025	0.3799826359411742	-0.9018491300449323	-0.8584175972869137	0.7989364735079737	-0.08058996761511414	2.5478423695577836	7.503629532205265	-10.038812247560925	-5149.629649140245
3302	-5167.138728686439	-5149.629649140245	-17.50907954619397	0.4053033399488025	0.3799826359411742	-0.9018491300449323	-0.8584175972869137	0.7989364735079737	-0.08058996761511414	2.5478423695577836	7.503629532205265	-10.038812247560925	-5149.629649140245
3304	-5167.044904867201	-5149.567871135277	-17.47703373192373	0.4053033399488025	0.3799826359411742	-0.9018491300449323	-0.8584175972869137	0.7989364735079737	-0.037098867837345145	2.5478423695577836	7.495758046942635	-10.044072267618816	-5149.567871135277
3306	-5166.208611055104	-5149.567871135277	-16.640739919826522	0.4053033399488025	0.3799826359411742	-0.9018491300449323	-0.8584175972869137	0.2907095442920253	-0.037098867837345145	2.5478423695577836	7.495758046942635	-9.780420548758851	-5149.567871135277
3308	-5166.208611055104	-5149.567871135277	-16.640739919826522	0.4053033399488025	0.3799826359411742	-0.9018491300449323	-0.8584175972869137	0.2907095442920253	-0.037098867837345145	2.5478423695577836	7.495758046942635	-9.780420548758851	-5149.567871135277
3310	-5166.208611055104	-5149.567871135277	-16.640739919826522	0.4053033399488025	0.3799826359411742	-0.9018491300449323	-0.8584175972869137	0.2907095442920253	-0.037098867837345145	2.5478423695577836	7.495758046942635	-9.780420548758851	-5149.567871135277
3312	-5168.904885737924	-5150.903973780577	-18.00091195734729	0.4053033399488025	0.3799826359411742	-0.9018491300449323	-0.8584175972869137	0.2907095442920253	-0.037098867837345145	4.412720403908703	11.297349064111012	-11.14059258627962	-5150.903973780577
3314	-5168.452818777916	-5149.546148325308	-18.90667045260754	0.4053033399488025	0.3799826359411742	-0.9018491300449323	-0.8584175972869137	0.2907095442920253	-0.037098867837345145	4.894765323904178	12.53146979402323	-12.046351081539868	-5149.546148325308
3316	-5168.452818777916	-5149.546148325308	-18.90667045260754	0.4053033399488025	0.3799826359411742	-0.9018491300449323	-0.8584175972869137	0.2907095442920253	-0.037098867837345145	4.894765323904178	12.53146979402323	-12.046351081539868	-5149.546148325308
3318	-5168.452818777916	-5149.546148325308	-18.90667045260754	0.4053033399488025	0.3799826359411742	-0.9018491300449323	-0.8584175972869137	0.2907095442920253	-0.037098867837345145	4.894765323904178	12.53146979402323	-12.046351081539868	-5149.546148325308
3320	-5168.117810848945	-5149.926932754839	-18.190878094106086	0.4053033399488025	0.3799826359411742	-0.9018491300449323	-0.8584175972869137	0.2907095442920253	-0.037098867837345145	4.514724849912399	11.558498588013379	-11.330558723038417	-5149.926932754839
3322	-5168.3105030298675	-5150.120694493853	-18.189808536014255	0.4053033399488025	0.3799826359411742	-0.9018491300449323	-0.8584175972869137	0.2907095442920253	-0.037098867837345145	4.514724849912399	11.56289352694948	-11.329489164946585	-5150.120694493853
3324	-5168.140439155369	-5149.927654824262	-18.212784331106768	0.4053033399488025	0.3799826359411742	-0.9018491300449323	-0.8584175972869137	0.2907095442920253	-0.037098867837345145	4.514724849912399	11.565275023117898	-11.352464960039097	-5149.927654824262
3326	-5168.135359125038	-5149.927654824262	-18.207704300775333	0.4053033399488025	0.3799826359411742	-0.9018491300449323	-0.8584175972869137	0.2907095442920253	-0.024175240692002303	4.514724849912399	11.565275023117898	-11.351537893331834	-5149.927654824262
3328	-5168.135359125038	-5149.927654824262	-18.207704300775333	0.4053033399488025	0.3799826359411742	-0.9018491300449323	-0.8584175972869137	0.2907095442920253	-0.024175240692002303	4.514724849912399	11.565275023117898	-11.351537893331834	-5149.927654824262
3330	-5168.3009366105025	-5149.927654824262	-18.373281786239872	1.110312146518896	0.3799826359411742	-0.9018491300449323	-0.8584175972869137	0.2907095442920253	-0.024175240692002303	4.514724849912399	11.565275023117898	-10.91169221590572	-5149.927654824262
3332	-5167.267225948193	-5148.858357750379	-18.408868197814616	1.110312146518896	0.3799826359411742	-0.9018491300449323	-0.8584175972869137	0.2907095442920253	-0.024175240692002303	4.514724849912399	11.578803724402217	-10.947278627480465	-5148.858357750379
3334	-5167.094330551261	-5148.858357750379	-18.23597280088257	1.110312146518896	0.3799826359411742	-0.7015062756532211	-0.8584175972869137	0.2907095442920253	-0.024175240692002303	4.514724849912399	11.578803724402217	-10.923626197429835	-5148.858357750379
3336	-5167.214344421181	-5148.957308983835	-18.257035437345895	1.110312146518896	0.3799826359411742	-0.7015062756532211	-0.8584175972869137	0.2907095442920253	-0.024175240692002303	4.514724849912399	11.581697948002166	-10.944688833893156	-5148.957308983835
3338	-5167.418361234096	-5148.957316137839	-18.46104509625624	1.110312146518896	0.3799826359411742	-0.7015062756532211	-0.8584175972869137	0.2907095442920253	-0.024175240692002303	4.839694877853043	12.231638003883454	-11.148698492803502	-5148.957316137839
3340	-5167.418361234096	-5148.957316137839	-18.46104509625624	1.110312146518896	0.3799826359411742	-0.7015062756532211	-0.8584175972869137	0.2907095442920253	-0.024175240692002303	4.839694877853043	12.231638003883454	-11.148698492803502	-5148.957316137839
3342	-5167.820812239272	-5148.750235264693	-19.070576974577815	1.110312146518896	0.8405436381248919	-0.7015062756532211	-0.8584175972869137	0.2907095442920253	-0.024175240692002303	4.839694877853043	12.220164373886242	-11.417373738673167	-5148.750235264693
3344	-5167.395021870048	-5148.298536139736	-19.096485730312228	1.110312146518896	0.8405436381248919	-0.7015062756532211	-0.8584175972869137	0.2907095442920253	-0.024175240692002303	4.839694877853043	12.228532050588218	-11.443282494407581	-5148.298536139736
3346	-5167.4038927818265	-5148.290683113945	-19.113209667881282	1.110312146518896	0.8405436381248919	-0.7015062756532211	-0.8584175972869137	0.2907095442920253	-0.024175240692002303	4.839694877853043	12.232461300249614	-11.460006431976636	-5148.290683113945
3348	-5166.857474027669	-5148.290683113945	-18.566790913723654	1.110312146518896	0.45028266390813326	-0.7015062756532211	-0.8584175972869137	0.2907095442920253	-0.024175240692002303	4.839694877853043	12.232461300249614	-11.234541930266024	-5148.290683113945
3350	-5167.540323454931	-5148.290683113945	-19.249640340986073	1.110312146518896	0.45028266390813326	-0.7015062756532211	-1.668883136214773	0.2907095442920253	-0.024175240692002303	4.839694877853043	12.232461300249614	-11.461792943781894	-5148.290683113945
3352	-5167.540323454931	-5148.290683113945	-19.249640340986073	1.110312146518896	0.45028266390813326	-0.7015062756532211	-1.668883136214773	0.2907095442920253	-0.024175240692002303	4.839694877853043	12.232461300249614	-11.461792943781894	-5148.290683113945
3354	-5167.452767226939	-5148.174321813678	-19.278445413260897	1.110312146518896	0.45028266390813326	-0.7015062756532211	-1.668883136214773	0.2907095442920253	-0.024175240692002303	4.839694877853043	12.234551074992762	-11.49059801605672	-5148.174321813678
3356	-5167.112581788321	-5147.873756688548	-19.238825099773045	1.110312146518896	0.45028266390813326	-0.7015062756532211	-1.668883136214773	0.2907095442920253	-0.024175240692002303	4.839694877853043	12.228399761399466	-11.450977702568867	-5147.873756688548
3358	-5167.112581788321	-5147.873756688548	-19.238825099773045	1.110312146518896	0.45028266390813326	-0.7015062756532211	-1.668883136214773	0.2907095442920253	-0.024175240692002303	4.839694877853043	12.228399761399466	-11.450977702568867	-5147.873756688548
3360	-5165.687135605008	-5147.873512901171	-17.813622703836387	1.110312146518896	0.45028266390813326	-0.7015062756532211	-1.668883136214773	0.2907095442920253	-0.024175240692002303	2.809396117301389	8.167802240296156	-10.02577530663221	-5147.873512901171
3362	-5165.7449449425985	-5147.442280593716	-18.30266434888279	1.110312146518896	0.45028266390813326	-0.7015062756532211	-1.668883136214773	0.2907095442920253	-0.024175240692002303	2.9628584335913177	8.61396568555568	-10.514816951678611	-5147.442280593716
3364	-5166.430874153433	-5148.128412739656	-18.302461413777998	1.110312146518896	0.45028266390813326	-0.7015062756532211	-1.668883136214773	0.2907095442920253	-0.024175240692002303	2.9628584335913177	8.60180606671204	-10.51461401657382	-5148.128412739656
3366	-5166.430874153433	-5148.128412739656	-18.302461413777998	1.110312146518896	0.45028266390813326	-0.7015062756532211	-1.668883136214773	0.2907095442920253	-0.024175240692002303	2.9628584335913177	8.60180606671204	-10.51461401657382	-5148.128412739656
3368	-5166.431596299971	-5148.128412739656	-18.303183560315496	1.110312146518896	0.45028266390813326	-0.7015062756532211	-1.668883136214773	0.2907095442920253	-0.02999441665614499	2.9628584335913177	8.60180606671204	-10.513486861734616	-5148.128412739656
3370	-5166.431596299971	-5148.128412739656	-18.303183560315496	1.110312146518896	0.45028266390813326	-0.7015062756532211	-1.668883136214773	0.2907095442920253	-0.02999441665614499	2.9628584335913177	8.60180606671204	-10.513486861734616	-5148.128412739656
3372	-5166.705727327084	-5148.255530522289	-18.45019680479526	1.110312146518896	0.45028266390813326	-1.042221517519309	-1.668883136214773	0.2907095442920253	-0.02999441665614499	2.9628584335913177	8.598220083468858	-10.634999390816635	-5148.255530522289
3374	-5166.536974507178	-5148.108432345717	-18.42854216146022	1.110312146518896	0.45028266390813326	-1.042221517519309	-1.668883136214773	0.2907095442920253	-0.02999441665614499	2.9628584335913177	8.590481767968225	-10.613344747481593	-5148.108432345717
3376	-5166.536974507178	-5148.108432345717	-18.42854216146022	1.110312146518896	0.45028266390813326	-1.042221517519309	-1.668883136214773	0.2907095442920253	-0.02999441665614499	2.9628584335913177	8.590481767968225	-10.613344747481593	-5148.108432345717
3378	-5166.344558953938	-5148.108432345717	-18.236126608220324	1.110312146518896	0.45028266390813326	-0.7504343715380831	-1.668883136214773	0.2907095442920253	-0.02999441665614499	2.9628584335913177	8.590481767968225	-10.457044492543883	-5148.108432345717
3380	-5169.640801286172	-5150.575092362661	-19.065708923510936	1.110312146518896	0.45028266390813326	-0.7504343715380831	-1.668883136214773	0.2907095442920253	-0.02999441665614499	3.220755890238599	9.338227044696971	-11.286626807834494	-5150.575092362661
3382	-5166.807209069618	-5149.010210817361	-17.79699825225631	1.110312146518896	0.45028266390813326	-0.7504343715380831	-1.668883136214773	0.2907095442920253	-0.02999441665614499	2.805561861183799	8.13885271368433	-10.01791613657987	-5149.010210817361
3384	-5166.212710606804	-5148.0928440026055	-18.119866604198627	1.110312146518896	0.45028266390813326	-0.7504343715380831	-1.668883136214773	0.2907095442920253	-0.02999441665614499	2.9061739348747473	8.430725389998608	-10.340784488522187	-5148.0928440026055
3386	-5166.212710606804	-5148.0928440026055	-18.119866604198627	1.110312146518896	0.45028266390813326	-0.7504343715380831	-1.668883136214773	0.2907095442920253	-0.02999441665614499	2.9061739348747473	8.430725389998608	-10.340784488522187	-5148.0928440026055
3388	-5167.218293179947	-5149.528490143859	-17.689803036088094	1.110312146518896	0.45028266390813326	-0.7504343715380831	-1.668883136214773	0.2907095442920253	-0.02999441665614499	2.7721390201853673	8.04189403174518	-9.910720920411652	-5149.528490143859
3390	-5167.52519339116	-5149.528490143859	-17.99670324730151	1.110312146518896	0.45028266390813326	-0.7504343715380831	-1.668883136214773	0.5253607913099307	-0.02999441665614499	2.7721390201853673	8.04189403174518	-10.01909098244981	-5149.528490143859
3392	-5166.284055693273	-5148.292682750556	-17.991372942716794	1.110312146518896	0.45028266390813326	-0.7504343715380831	-1.668883136214773	0.5253607913099307	-0.02999441665614499	2.7721390201853673	8.056676693872111	-10.013760677865095	-5148.292682750556
3394	-5166.284055693273	-5148.292682750556	-17.991372942716794	1.110312146518896	0.45028266390813326	-0.7504343715380831	-1.668883136214773	0.5253607913099307	-0.02999441665614499	2.7721390201853673	8.056676693872111	-10.013760677865095	-5148.292682750556
3396	-5167.594243476007	-5148.292682750556	-19.301560725451118	1.110312146518896	1.211609181869102	-0.7504343715380831	-1.668883136214773	0.5253607913099307	-0.02999441665614499	2.7721390201853673	8.056676693872111	-10.634003097661605	-5148.292682750556
3398	-5164.772874367265	-5145.598029274459	-19.17484509280576	1.110312146518896	1.211609181869102	-0.7504343715380831	-1.668883136214773	0.5253607913099307	-0.02999441665614499	2.8661968004519416	8.01874974687938	-10.507287465016248	-5145.598029274459
3400	-5164.838713862539	-5145.598029274459	-19.240684588080097	1.110312146518896	1.211609181869102	-0.2895647392135167	-1.668883136214773	0.5253607913099307	-0.02999441665614499	2.8661968004519416	8.01874974687938	-10.283293410700578	-5145.598029274459
3402	-5164.838713862539	-5145.598029274459	-19.240684588080097	1.110312146518896	1.211609181869102	-0.2895647392135167	-1.668883136214773	0.5253607913099307	-0.02999441665614499	2.8661968004519416	8.01874974687938	-10.283293410700578	-5145.598029274459
3404	-5163.5496566325555	-5143.86180865909	-19.68784797346624	1.110312146518896	1.211609181869102	-0.2895647392135167	-1.668883136214773	0.5253607913099307	-0.02999441665614499	3.0134293739411873	8.43066185326828	-10.73045679608672	-5143.86180865909
3406	-5163.354545144655	-5143.863326540747	-19.491218603907868	1.110312146518896	1.211609181869102	-0.2895647392135167	-1.668883136214773	0.5253607913099307	-0.02999441665614499	2.721599902553046	7.847002910491998	-10.533827426528347	-5143.863326540747
3408	-5163.354545144655	-5143.863326540747	-19.491218603907868	1.110312146518896	1.211609181869102	-0.2895647392135167	-1.668883136214773	0.5253607913099307	-0.02999441665614499	2.721599902553046	7.847002910491998	-10.533827426528347	-5143.863326540747
3410	-5163.501138832025	-5144.025236356068	-19.47590247595779	1.110312146518896	1.211609181869102	-0.2895647392135167	-1.668883136214773	0.5253607913099307	-0.02999441665614499	2.721599902553046	7.842231421608568	-10.518511298578268	-5144.025236356068
3412	-5163.487788493892	-5144.046142384116	-19.44164610977605	1.110312146518896	1.211609181869102	-0.2895647392135167	-1.668883136214773	0.5253607913099307	-0.02999441665614499	2.721599902553046	7.839560126439863	-10.484254932396528	-5144.046142384116
3414	-5163.487788493892	-5144.046142384116	-19.44164610977605	1.110312146518896	1.211609181869102	-0.2895647392135167	-1.668883136214773	0.5253607913099307	-0.02999441665614499	2.721599902553046	7.839560126439863	-10.484254932396528	-5144.046142384116
3416	-5163.487788493892	-5144.046142384116	-19.44164610977605	1.110312146518896	1.211609181869102	-0.2895647392135167	-1.668883136214773	0.5253607913099307	-0.02999441665614499	2.721599902553046	7.839560126439863	-10.484254932396528	-5144.046142384116
3418	-5163.627393773283	-5144.191468540814	-19.435925232469035	1.110312146518896	1.211609181869102	-0.2895647392135167	-1.668883136214773	0.5253607913099307	-0.02999441665614499	2.721599902553046	7.83787814362796	-10.478534055089515	-5144.191468540814
3420	-5163.997057668415	-5144.550293496645	-19.446764171769743	1.110312146518896	1.211609181869102	-0.2895647392135167	-1.668883136214773	0.5253607913099307	-0.02999441665614499	2.721599902553046	7.847171987639336	-10.489372994390225	-5144.550293496645
3422	-5163.997057668415	-5144.550293496645	-19.446764171769743	1.110312146518896	1.211609181869102	-0.2895647392135167	-1.668883136214773	0.5253607913099307	-0.02999441665614499	2.721599902553046	7.847171987639336	-10.489372994390225	-5144.550293496645
3424	-5163.71618995487	-5144.252512003843	-19.463677951027247	1.110312146518896	1.211609181869102	-0.2895647392135167	-1.668883136214773	0.5253607913099307	-0.02999441665614499	2.721599902553046	7.852333104024438	-10.506286773647728	-5144.252512003843
3426	-5163.216485004326	-5143.685175339875	-19.531309664451722	1.110312146518896	1.211609181869102	-0.2895647392135167	-1.668883136214773	0.5253607913099307	-0.02999441665614499	2.721599902553046	7.898893401853426	-10.573918487072204	-5143.685175339875
3428	-5162.8030788178	-5143.291917343089	-19.511161474711034	1.110312146518896	1.211609181869102	-0.2895647392135167	-1.668883136214773	0.5253607913099307	-0.02999441665614499	2.721599902553046	7.8840262983912694	-10.553770297331514	-5143.291917343089
3430	-5162.627144905147	-5143.297739722753	-19.32940518239382	1.110312146518896	1.211609181869102	-0.2895647392135167	-1.668883136214773	0.5253607913099307	-0.02999441665614499	2.4523097850410625	7.345446063367302	-10.372014005014302	-5143.297739722753
3432	-5162.068778612772	-5143.297739722753	-18.77103889001861	0.5903402877482601	1.211609181869102	-0.2895647392135167	-1.668883136214773	0.5253607913099307	-0.02999441665614499	2.4523097850410625	7.345446063367302	-10.311925847827398	-5143.297739722753
3434	-5162.383534954847	-5143.627286930538	-18.756248024309638	0.5903402877482601	1.211609181869102	-0.2895647392135167	-1.668883136214773	0.5253607913099307	-0.02999441665614499	2.4523097850410625	7.3403137776579825	-10.297134982118427	-5143.627286930538
3436	-5162.383534954847	-5143.627286930538	-18.756248024309638	0.5903402877482601	1.211609181869102	-0.2895647392135167	-1.668883136214773	0.5253607913099307	-0.02999441665614499	2.4523097850410625	7.3403137776579825	-10.297134982118427	-5143.627286930538
3438	-5162.192124428054	-5143.395140944251	-18.79698348380333	0.5903402877482601	1.211609181869102	-0.2895647392135167	-1.668883136214773	0.5253607913099307	-0.02999441665614499	2.4523097850410625	7.353773766674858	-10.33787044161212	-5143.395140944251
3440	-5162.192124428054	-5143.395140944251	-18.79698348380333	0.5903402877482601	1.211609181869102	-0.2895647392135167	-1.668883136214773	0.5253607913099307	-0.02999441665614499	2.4523097850410625	7.353773766674858	-10.33787044161212	-5143.395140944251
3442	-5162.1777003236475	-5143.395140944251	-18.782559379396908	0.5903402877482601	1.211609181869102	-0.2895647392135167	-1.668883136214773	0.5253607913099307	-0.0630537835533317	2.4523097850410625	7.353773766674858	-10.304540184757462	-5143.395140944251
3444	-5162.1777003236475	-5143.395140944251	-18.782559379396908	0.5903402877482601	1.211609181869102	-0.2895647392135167	-1.668883136214773	0.5253607913099307	-0.0630537835533317	2.4523097850410625	7.353773766674858	-10.304540184757462	-5143.395140944251
3446	-5162.162705981957	-5143.347993287358	-18.814712694598526	0.5903402877482601	1.211609181869102	-0.2895647392135167	-1.668883136214773	0.5253607913099307	-0.0630537835533317	2.4523097850410625	7.364933427401712	-10.336693499959079	-5143.347993287358
3448	-5162.23141871979	-5143.360188978835	-18.87122974095442	0.5903402877482601	1.211609181869102	-0.2895647392135167	-1.668883136214773	0.5253607913099307	-0.0630537835533317	2.4523097850410625	7.369317048881255	-10.393210546314972	-5143.360188978835
3450	-5161.422184716813	-5143.047966711228	-18.374218005584716	0.5903402877482601	1.211609181869102	-0.2895647392135167	-1.668883136214773	0.2425395144526705	-0.0630537835533317	2.4523097850410625	7.362703521227717	-10.131210307495362	-5143.047966711228
3452	-5163.195367938144	-5143.047966711228	-20.147401226916035	0.5903402877482601	1.211609181869102	-0.2895647392135167	-2.4111531250387515	0.2425395144526705	-0.0630537835533317	2.4523097850410625	7.362703521227717	-10.605084509545474	-5143.047966711228
3454	-5163.195367938144	-5143.047966711228	-20.147401226916035	0.5903402877482601	1.211609181869102	-0.2895647392135167	-2.4111531250387515	0.2425395144526705	-0.0630537835533317	2.4523097850410625	7.362703521227717	-10.605084509545474	-5143.047966711228
3456	-5163.195367938144	-5143.047966711228	-20.147401226916035	0.5903402877482601	1.211609181869102	-0.2895647392135167	-2.4111531250387515	0.2425395144526705	-0.0630537835533317	2.4523097850410625	7.362703521227717	-10.605084509545474	-5143.047966711228
3458	-5163.385873449806	-5143.047966711228	-20.33790673857851	0.5903402877482601	1.211609181869102	-0.2895647392135167	-2.4111531250387515	0.3818234647314058	-0.0630537835533317	2.4523097850410625	7.362703521227717	-10.699843899006066	-5143.047966711228
3460	-5163.804210979488	-5143.391294724662	-20.412916254825944	0.5903402877482601	1.211609181869102	-0.2895647392135167	-2.4111531250387515	0.3818234647314058	-0.0630537835533317	2.4523097850410625	7.367344147596455	-10.774853415253498	-5143.391294724662
3462	-5163.804210979488	-5143.391294724662	-20.412916254825944	0.5903402877482601	1.211609181869102	-0.2895647392135167	-2.4111531250387515	0.3818234647314058	-0.0630537835533317	2.4523097850410625	7.367344147596455	-10.774853415253498	-5143.391294724662
3464	-5163.804210979488	-5143.391294724662	-20.412916254825944	0.5903402877482601	1.211609181869102	-0.2895647392135167	-2.4111531250387515	0.3818234647314058	-0.0630537835533317	2.4523097850410625	7.367344147596455	-10.774853415253498	-5143.391294724662
3466	-5164.444607716515	-5143.391294724662	-21.053312991852746	0.5903402877482601	1.211609181869102	-0.2895647392135167	-2.4111531250387515	0.6930925037041419	-0.0630537835533317	2.4523097850410625	7.367344147596455	-11.061035401198676	-5143.391294724662
3468	-5164.444607716515	-5143.391294724662	-21.053312991852746	0.5903402877482601	1.211609181869102	-0.2895647392135167	-2.4111531250387515	0.6930925037041419	-0.0630537835533317	2.4523097850410625	7.367344147596455	-11.061035401198676	-5143.391294724662
3470	-5164.444607716515	-5143.391294724662	-21.053312991852746	0.5903402877482601	1.211609181869102	-0.2895647392135167	-2.4111531250387515	0.6930925037041419	-0.0630537835533317	2.4523097850410625	7.367344147596455	-11.061035401198676	-5143.391294724662
3472	-5164.437424166323	-5143.375741190015	-21.061682976307512	0.5903402877482601	1.211609181869102	-0.2895647392135167	-2.4111531250387515	0.6930925037041419	-0.0630537835533317	2.4523097850410625	7.373287824985901	-11.069405385653445	-5143.375741190015
3474	-5164.437424166323	-5143.375741190015	-21.061682976307512	0.5903402877482601	1.211609181869102	-0.2895647392135167	-2.4111531250387515	0.6930925037041419	-0.0630537835533317	2.4523097850410625	7.373287824985901	-11.069405385653445	-5143.375741190015
3476	-5164.437424166323	-5143.375741190015	-21.061682976307512	0.5903402877482601	1.211609181869102	-0.2895647392135167	-2.4111531250387515	0.6930925037041419	-0.0630537835533317	2.4523097850410625	7.373287824985901	-11.069405385653445	-5143.375741190015
3478	-5164.437424166323	-5143.375741190015	-21.061682976307512	0.5903402877482601	1.211609181869102	-0.2895647392135167	-2.4111531250387515	0.6930925037041419	-0.0630537835533317	2.4523097850410625	7.373287824985901	-11.069405385653445	-5143.375741190015
3480	-5164.591226320105	-5143.52040100566	-21.070825314446072	0.5903402877482601	1.211609181869102	-0.2895647392135167	-2.4111531250387515	0.6930925037041419	-0.0630537835533317	2.4523097850410625	7.379389280183018	-11.078547723792004	-5143.52040100566
3482	-5164.591226320105	-5143.52040100566	-21.070825314446072	0.5903402877482601	1.211609181869102	-0.2895647392135167	-2.4111531250387515	0.6930925037041419	-0.0630537835533317	2.4523097850410625	7.379389280183018	-11.078547723792004	-5143.52040100566
3484	-5164.591226320105	-5143.52040100566	-21.070825314446072	0.5903402877482601	1.211609181869102	-0.2895647392135167	-2.4111531250387515	0.6930925037041419	-0.0630537835533317	2.4523097850410625	7.379389280183018	-11.078547723792004	-5143.52040100566
3486	-5164.591226320105	-5143.52040100566	-21.070825314446072	0.5903402877482601	1.211609181869102	-0.2895647392135167	-2.4111531250387515	0.6930925037041419	-0.0630537835533317	2.4523097850410625	7.379389280183018	-11.078547723792004	-5143.52040100566
3488	-5164.577309729797	-5143.5586455107805	-21.01866421901686	0.5903402877482601	1.211609181869102	-0.2895647392135167	-2.4111531250387515	0.6930925037041419	-0.0630537835533317	2.4523097850410625	7.374108471564998	-11.026386628362792	-5143.5586455107805
3490	-5164.577309729797	-5143.5586455107805	-21.01866421901686	0.5903402877482601	1.211609181869102	-0.2895647392135167	-2.4111531250387515	0.6930925037041419	-0.0630537835533317	2.4523097850410625	7.374108471564998	-11.026386628362792	-5143.5586455107805
3492	-5164.577309729797	-5143.5586455107805	-21.01866421901686	0.5903402877482601	1.211609181869102	-0.2895647392135167	-2.4111531250387515	0.6930925037041419	-0.0630537835533317	2.4523097850410625	7.374108471564998	-11.026386628362792	-5143.5586455107805
3494	-5164.442430708666	-5143.431043769427	-21.011386939239273	0.5903402877482601	1.211609181869102	-0.2895647392135167	-2.4111531250387515	0.6930925037041419	-0.0630537835533317	2.4523097850410625	7.3692699814425	-11.019109348585204	-5143.431043769427
3496	-5164.136118190521	-5143.116999513236	-21.01911867728516	0.5903402877482601	1.211609181869102	-0.2895647392135167	-2.4111531250387515	0.6930925037041419	-0.0630537835533317	2.4523097850410625	7.373843944425487	-11.02684108663109	-5143.116999513236
3498	-5164.136118190521	-5143.116999513236	-21.01911867728516	0.5903402877482601	1.211609181869102	-0.2895647392135167	-2.4111531250387515	0.6930925037041419	-0.0630537835533317	2.4523097850410625	7.373843944425487	-11.02684108663109	-5143.116999513236
3500	-5164.966591116881	-5143.586353271347	-21.380237845534296	0.5903402877482601	1.211609181869102	-0.2895647392135167	-2.4111531250387515	0.6930925037041419	-0.0630537835533317	2.5437527128684083	7.6488034473942035	-11.387960254880229	-5143.586353271347
3502	-5164.98920558917	-5143.585055598889	-21.404149990280118	0.5903402877482601	1.211609181869102	-0.2895647392135167	-2.4111531250387515	0.6930925037041419	-0.0630537835533317	2.5437527128684083	7.6512973759280944	-11.41187239962605	-5143.585055598889
3504	-5164.21482459198	-5143.585055598889	-20.629768993091012	0.5903402877482601	1.211609181869102	-0.2895647392135167	-2.4111531250387515	0.2548731583464575	-0.0630537835533317	2.5437527128684083	7.6512973759280944	-11.08053968203339	-5143.585055598889
3506	-5165.117803096007	-5143.585055598889	-21.532747497118443	0.5903402877482601	1.211609181869102	-0.1615238503425694	-2.4111531250387515	0.6901952592933033	-0.0630537835533317	2.5437527128684083	7.6512973759280944	-11.293691906058662	-5143.585055598889
3508	-5165.117803096007	-5143.585055598889	-21.532747497118443	0.5903402877482601	1.211609181869102	-0.1615238503425694	-2.4111531250387515	0.6901952592933033	-0.0630537835533317	2.5437527128684083	7.6512973759280944	-11.293691906058662	-5143.585055598889
3510	-5164.232227516073	-5143.2161270000215	-21.016100516051424	0.5903402877482601	1.211609181869102	-0.1615238503425694	-2.4111531250387515	0.6901952592933033	-0.0630537835533317	2.409882703865878	7.248632744490109	-10.777044924991648	-5143.2161270000215
3512	-5164.232227516073	-5143.2161270000215	-21.016100516051424	0.5903402877482601	1.211609181869102	-0.1615238503425694	-2.4111531250387515	0.6901952592933033	-0.0630537835533317	2.409882703865878	7.248632744490109	-10.777044924991648	-5143.2161270000215
3514	-5164.463268255796	-5143.2532708923145	-21.209997363480973	0.5903402877482601	1.211609181869102	-0.0732264703885011	-2.4111531250387515	0.6901952592933033	-0.0630537835533317	2.409882703865878	7.254870379653978	-10.77877110707614	-5143.2532708923145
3516	-5164.331871041595	-5143.2532708923145	-21.078600149280767	0.3609534875305231	1.211609181869102	-0.0732264703885011	-2.4111531250387515	0.6901952592933033	-0.0630537835533317	2.409882703865878	7.254870379653978	-10.75903121846936	-5143.2532708923145
3518	-5164.331871041595	-5143.2532708923145	-21.078600149280767	0.3609534875305231	1.211609181869102	-0.0732264703885011	-2.4111531250387515	0.6901952592933033	-0.0630537835533317	2.409882703865878	7.254870379653978	-10.75903121846936	-5143.2532708923145
3520	-5164.331871041595	-5143.2532708923145	-21.078600149280767	0.3609534875305231	1.211609181869102	-0.0732264703885011	-2.4111531250387515	0.6901952592933033	-0.0630537835533317	2.409882703865878	7.254870379653978	-10.75903121846936	-5143.2532708923145
3522	-5164.331871041595	-5143.2532708923145	-21.078600149280767	0.3609534875305231	1.211609181869102	-0.0732264703885011	-2.4111531250387515	0.6901952592933033	-0.0630537835533317	2.409882703865878	7.254870379653978	-10.75903121846936	-5143.2532708923145
3524	-5164.3123632479155	-5143.2532708923145	-21.059092355600583	0.3609534875305231	1.211609181869102	-0.0732264703885011	-2.4111531250387515	0.6901952592933033	-0.10953640211144236	2.409882703865878	7.254870379653978	-10.703430119937265	-5143.2532708923145
3526	-5165.554980753266	-5143.249097142433	-22.30588361083331	0.3609534875305231	1.211609181869102	-0.0732264703885011	-2.4111531250387515	0.6901952592933033	-0.10953640211144236	4.130745618142039	10.6965962082063	-11.95022137516999	-5143.249097142433
3528	-5165.5837993337045	-5143.249097142433	-22.334702191271724	0.3609534875305231	1.211609181869102	-0.0732264703885011	-2.4111531250387515	0.6901952592933033	-0.19667575010828106	4.130745618142039	10.6965962082063	-11.90555522707651	-5143.249097142433
3530	-5165.5837993337045	-5143.249097142433	-22.334702191271724	0.3609534875305231	1.211609181869102	-0.0732264703885011	-2.4111531250387515	0.6901952592933033	-0.19667575010828106	4.130745618142039	10.6965962082063	-11.90555522707651	-5143.249097142433
3532	-5165.5837993337045	-5143.249097142433	-22.334702191271724	0.3609534875305231	1.211609181869102	-0.0732264703885011	-2.4111531250387515	0.6901952592933033	-0.19667575010828106	4.130745618142039	10.6965962082063	-11.90555522707651	-5143.249097142433
3534	-5164.278690501547	-5143.253763211123	-21.02492729042359	0.3609534875305231	1.211609181869102	-0.0732264703885011	-2.4111531250387515	0.6901952592933033	-0.19667575010828106	2.3952773100727187	7.225659592067659	-10.595780326228377	-5143.253763211123
3536	-5164.278690501547	-5143.253763211123	-21.02492729042359	0.3609534875305231	1.211609181869102	-0.0732264703885011	-2.4111531250387515	0.6901952592933033	-0.19667575010828106	2.3952773100727187	7.225659592067659	-10.595780326228377	-5143.253763211123
3538	-5163.048885232671	-5143.253763211123	-19.795122021547282	0.3609534875305231	0.5282373194788598	-0.0732264703885011	-2.4111531250387515	0.6901952592933033	-0.19667575010828106	2.3952773100727187	7.225659592067659	-10.010900580937342	-5143.253763211123
3540	-5163.048885232671	-5143.253763211123	-19.795122021547282	0.3609534875305231	0.5282373194788598	-0.0732264703885011	-2.4111531250387515	0.6901952592933033	-0.19667575010828106	2.3952773100727187	7.225659592067659	-10.010900580937342	-5143.253763211123
3542	-5163.048885232671	-5143.253763211123	-19.795122021547282	0.3609534875305231	0.5282373194788598	-0.0732264703885011	-2.4111531250387515	0.6901952592933033	-0.19667575010828106	2.3952773100727187	7.225659592067659	-10.010900580937342	-5143.253763211123
3544	-5163.72737497171	-5144.006525186145	-19.72084978556461	0.3609534875305231	0.5282373194788598	-0.0732264703885011	-2.4111531250387515	0.6901952592933033	-0.19667575010828106	2.3952773100727187	7.178216528641077	-9.93662834495467	-5144.006525186145
3546	-5163.72737497171	-5144.006525186145	-19.72084978556461	0.3609534875305231	0.5282373194788598	-0.0732264703885011	-2.4111531250387515	0.6901952592933033	-0.19667575010828106	2.3952773100727187	7.178216528641077	-9.93662834495467	-5144.006525186145
3548	-5163.72737497171	-5144.006525186145	-19.72084978556461	0.3609534875305231	0.5282373194788598	-0.0732264703885011	-2.4111531250387515	0.6901952592933033	-0.19667575010828106	2.3952773100727187	7.178216528641077	-9.93662834495467	-5144.006525186145
3550	-5163.72737497171	-5144.006525186145	-19.72084978556461	0.3609534875305231	0.5282373194788598	-0.0732264703885011	-2.4111531250387515	0.6901952592933033	-0.19667575010828106	2.3952773100727187	7.178216528641077	-9.93662834495467	-5144.006525186145
3552	-5163.72737497171	-5144.006525186145	-19.72084978556461	0.3609534875305231	0.5282373194788598	-0.0732264703885011	-2.4111531250387515	0.6901952592933033	-0.19667575010828106	2.3952773100727187	7.178216528641077	-9.93662834495467	-5144.006525186145
3554	-5163.72737497171	-5144.006525186145	-19.72084978556461	0.3609534875305231	0.5282373194788598	-0.0732264703885011	-2.4111531250387515	0.6901952592933033	-0.19667575010828106	2.3952773100727187	7.178216528641077	-9.93662834495467	-5144.006525186145
3556	-5163.553144124425	-5144.006525186145	-19.54661893827997	0.3609534875305231	0.5282373194788598	-0.17117019192177116	-2.4111531250387515	0.6901952592933033	-0.19667575010828106	2.3952773100727187	7.178216528641077	-9.97461768928592	-5144.006525186145
3558	-5163.553144124425	-5144.006525186145	-19.54661893827997	0.3609534875305231	0.5282373194788598	-0.17117019192177116	-2.4111531250387515	0.6901952592933033	-0.19667575010828106	2.3952773100727187	7.178216528641077	-9.97461768928592	-5144.006525186145
3560	-5163.553144124425	-5144.006525186145	-19.54661893827997	0.3609534875305231	0.5282373194788598	-0.17117019192177116	-2.4111531250387515	0.6901952592933033	-0.19667575010828106	2.3952773100727187	7.178216528641077	-9.97461768928592	-5144.006525186145
3562	-5163.537869821377	-5144.006525186145	-19.53134463523231	0.3609534875305231	0.5282373194788598	-0.17117019192177116	-2.4111531250387515	0.6901952592933033	-0.08539220648956138	2.3952773100727187	7.178216528641077	-10.05184552135701	-5144.006525186145
3564	-5164.049372996649	-5144.514143089942	-19.535229906707627	0.3609534875305231	0.5282373194788598	-0.17117019192177116	-2.4111531250387515	0.6901952592933033	-0.08539220648956138	2.3952773100727187	7.16949887400286	-10.055730792832327	-5144.514143089942
3566	-5164.049372996649	-5144.514143089942	-19.535229906707627	0.3609534875305231	0.5282373194788598	-0.17117019192177116	-2.4111531250387515	0.6901952592933033	-0.08539220648956138	2.3952773100727187	7.16949887400286	-10.055730792832327	-5144.514143089942
3568	-5164.049372996649	-5144.514143089942	-19.535229906707627	0.3609534875305231	0.5282373194788598	-0.17117019192177116	-2.4111531250387515	0.6901952592933033	-0.08539220648956138	2.3952773100727187	7.16949887400286	-10.055730792832327	-5144.514143089942
3570	-5164.049372996649	-5144.514143089942	-19.535229906707627	0.3609534875305231	0.5282373194788598	-0.17117019192177116	-2.4111531250387515	0.6901952592933033	-0.08539220648956138	2.3952773100727187	7.16949887400286	-10.055730792832327	-5144.514143089942
3572	-5164.049372996649	-5144.514143089942	-19.535229906707627	0.3609534875305231	0.5282373194788598	-0.17117019192177116	-2.4111531250387515	0.6901952592933033	-0.08539220648956138	2.3952773100727187	7.16949887400286	-10.055730792832327	-5144.514143089942
3574	-5163.310751420484	-5143.781156752525	-19.529594667958676	0.3609534875305231	0.5282373194788598	-0.17117019192177116	-2.4111531250387515	0.6901952592933033	-0.08539220648956138	2.3952773100727187	7.1827169139231035	-10.050095554083377	-5143.781156752525
3576	-5163.310751420484	-5143.781156752525	-19.529594667958676	0.3609534875305231	0.5282373194788598	-0.17117019192177116	-2.4111531250387515	0.6901952592933033	-0.08539220648956138	2.3952773100727187	7.1827169139231035	-10.050095554083377	-5143.781156752525
3578	-5163.997693315349	-5143.776694205315	-20.22099911003416	0.3609534875305231	0.8347785337466965	-0.17117019192177116	-2.4111531250387515	0.6901952592933033	-0.08539220648956138	2.627697092325132	7.64755647842793	-10.471228790657683	-5143.776694205315
3580	-5165.4277508746	-5143.77592324992	-21.651827624680163	0.3609534875305231	0.8347785337466965	-0.17117019192177116	-2.4111531250387515	0.6901952592933033	-0.08539220648956138	4.644801640673209	11.681765575124082	-11.902057305303686	-5143.77592324992
3582	-5165.4277508746	-5143.77592324992	-21.651827624680163	0.3609534875305231	0.8347785337466965	-0.17117019192177116	-2.4111531250387515	0.6901952592933033	-0.08539220648956138	4.644801640673209	11.681765575124082	-11.902057305303686	-5143.77592324992
3584	-5165.4277508746	-5143.77592324992	-21.651827624680163	0.3609534875305231	0.8347785337466965	-0.17117019192177116	-2.4111531250387515	0.6901952592933033	-0.08539220648956138	4.644801640673209	11.681765575124082	-11.902057305303686	-5143.77592324992
3586	-5166.37218679734	-5145.4384457605975	-20.93374103674228	0.3609534875305231	0.46636154967234356	-0.17117019192177116	-2.4111531250387515	0.6901952592933033	-0.08539220648956138	4.644801640673209	11.633950849325458	-11.491554737326009	-5145.4384457605975
3588	-5166.5427749270775	-5145.679846959304	-20.862927967773196	0.3609534875305231	0.46636154967234356	-0.17117019192177116	-2.4111531250387515	0.6901952592933033	-0.08539220648956138	4.611563135120732	11.550697533076953	-11.420741668356923	-5145.679846959304
3590	-5165.951617142422	-5145.351549664556	-20.60006747786602	0.3609534875305231	0.46636154967234356	-0.17117019192177116	-2.4111531250387515	0.6901952592933033	-0.08539220648956138	4.297033683295848	10.91486603107936	-11.15788117844975	-5145.351549664556
3592	-5165.936493103563	-5145.351549664556	-20.5849434390077	0.3609534875305231	0.46636154967234356	-0.17117019192177116	-2.4111531250387515	0.6901952592933033	-0.057144182862938014	4.297033683295848	10.91486603107936	-11.164266977229971	-5145.351549664556
3594	-5165.936493103563	-5145.351549664556	-20.5849434390077	0.3609534875305231	0.46636154967234356	-0.17117019192177116	-2.4111531250387515	0.6901952592933033	-0.057144182862938014	4.297033683295848	10.91486603107936	-11.164266977229971	-5145.351549664556
3596	-5166.142304612761	-5145.515427857463	-20.626876755298337	0.3609534875305231	0.46636154967234356	-0.17117019192177116	-2.4111531250387515	0.6901952592933033	-0.15591441745322748	4.297033683295848	10.905935942785412	-11.127507621879749	-5145.515427857463
3598	-5165.6633993477535	-5145.049417764052	-20.61398158370152	0.3609534875305231	0.46636154967234356	-0.17117019192177116	-2.4111531250387515	0.6901952592933033	-0.15591441745322748	4.297033683295848	10.917552695481973	-11.114612450282936	-5145.049417764052
3600	-5165.6633993477535	-5145.049417764052	-20.61398158370152	0.3609534875305231	0.46636154967234356	-0.17117019192177116	-2.4111531250387515	0.6901952592933033	-0.15591441745322748	4.297033683295848	10.917552695481973	-11.114612450282936	-5145.049417764052
3602	-5165.6633993477535	-5145.049417764052	-20.61398158370152	0.3609534875305231	0.46636154967234356	-0.17117019192177116	-2.4111531250387515	0.6901952592933033	-0.15591441745322748	4.297033683295848	10.917552695481973	-11.114612450282936	-5145.049417764052
3604	-5165.6633993477535	-5145.049417764052	-20.61398158370152	0.3609534875305231	0.46636154967234356	-0.17117019192177116	-2.4111531250387515	0.6901952592933033	-0.15591441745322748	4.297033683295848	10.917552695481973	-11.114612450282936	-5145.049417764052
3606	-5165.350521980217	-5144.801736160631	-20.548785819586673	0.3609534875305231	0.46636154967234356	-0.17117019192177116	-2.4111531250387515	0.6901952592933033	-0.15591441745322748	4.297033683295848	10.912956009024667	-11.049416686168085	-5144.801736160631
3608	-5165.350521980217	-5144.801736160631	-20.548785819586673	0.3609534875305231	0.46636154967234356	-0.17117019192177116	-2.4111531250387515	0.6901952592933033	-0.15591441745322748	4.297033683295848	10.912956009024667	-11.049416686168085	-5144.801736160631
3610	-5166.331542395056	-5144.744389669291	-21.58715272576544	0.3609534875305231	0.46636154967234356	-0.17117019192177116	-2.4111531250387515	0.6901952592933033	-0.15591441745322748	4.756522351435368	12.079895807878152	-12.08778359234685	-5144.744389669291
3612	-5166.316892703372	-5144.732728810204	-21.58416389316758	0.3609534875305231	0.46636154967234356	-0.17117019192177116	-2.4111531250387515	0.6901952592933033	-0.15591441745322748	4.755201700847108	12.076541819328096	-12.084794759748995	-5144.732728810204
3614	-5166.316892703372	-5144.732728810204	-21.58416389316758	0.3609534875305231	0.46636154967234356	-0.17117019192177116	-2.4111531250387515	0.6901952592933033	-0.15591441745322748	4.755201700847108	12.076541819328096	-12.084794759748995	-5144.732728810204
3616	-5165.534098819785	-5144.115775164248	-21.418323655537105	0.3609534875305231	0.46636154967234356	-0.17117019192177116	-2.4111531250387515	0.6901952592933033	-0.15591441745322748	4.389867818171392	11.386883804986297	-11.918954522118518	-5144.115775164248
3618	-5165.534098819785	-5144.115775164248	-21.418323655537105	0.3609534875305231	0.46636154967234356	-0.17117019192177116	-2.4111531250387515	0.6901952592933033	-0.15591441745322748	4.389867818171392	11.386883804986297	-11.918954522118518	-5144.115775164248
3620	-5165.534098819785	-5144.115775164248	-21.418323655537105	0.3609534875305231	0.46636154967234356	-0.17117019192177116	-2.4111531250387515	0.6901952592933033	-0.15591441745322748	4.389867818171392	11.386883804986297	-11.918954522118518	-5144.115775164248
3622	-5163.822048322898	-5143.449524574935	-20.372523747962557	0.3609534875305231	0.46636154967234356	-0.17117019192177116	-2.4111531250387515	0.6901952592933033	-0.15591441745322748	3.956213471205819	10.262027234138312	-10.87315461454397	-5143.449524574935
3624	-5163.705692367498	-5143.449524574935	-20.25616779256311	0.3609534875305231	0.46636154967234356	-0.24626890143903324	-2.4111531250387515	0.6901952592933033	-0.15591441745322748	3.956213471205819	10.262027234138312	-10.906524010069997	-5143.449524574935
3626	-5165.825375596232	-5144.4405380361595	-21.38483756007271	0.3609534875305231	0.46636154967234356	-0.24626890143903324	-2.4111531250387515	0.6901952592933033	-0.15591441745322748	4.4172790236570565	11.457985766309106	-12.035193777579597	-5144.4405380361595
3628	-5163.8405160027205	-5144.4405380361595	-19.399977966560712	0.3609534875305231	0.46636154967234356	-0.24626890143903324	-1.3997449401214628	0.6901952592933033	-0.15591441745322748	4.4172790236570565	11.457985766309106	-11.728442548955822	-5144.4405380361595
3630	-5163.8405160027205	-5144.4405380361595	-19.399977966560712	0.3609534875305231	0.46636154967234356	-0.24626890143903324	-1.3997449401214628	0.6901952592933033	-0.15591441745322748	4.4172790236570565	11.457985766309106	-11.728442548955822	-5144.4405380361595
3632	-5163.755766705828	-5144.440548164774	-19.315218541054243	0.3609534875305231	0.46636154967234356	-0.24626890143903324	-1.3997449401214628	0.6901952592933033	-0.15591441745322748	4.28399807059362	11.191423860182233	-11.643683123449351	-5144.440548164774
3634	-5163.755766705828	-5144.440548164774	-19.315218541054243	0.3609534875305231	0.46636154967234356	-0.24626890143903324	-1.3997449401214628	0.6901952592933033	-0.15591441745322748	4.28399807059362	11.191423860182233	-11.643683123449351	-5144.440548164774
3636	-5163.390454033953	-5144.440548164774	-18.94990586917902	0.3609534875305231	0.46636154967234356	-0.24626890143903324	-1.3997449401214628	0.36755050522699395	-0.15591441745322748	4.28399807059362	11.191423860182233	-11.669951542507047	-5144.440548164774
3638	-5163.390454033953	-5144.440548164774	-18.94990586917902	0.3609534875305231	0.46636154967234356	-0.24626890143903324	-1.3997449401214628	0.36755050522699395	-0.15591441745322748	4.28399807059362	11.191423860182233	-11.669951542507047	-5144.440548164774
3640	-5160.97181600825	-5142.703673029417	-18.26814297883373	0.3609534875305231	0.46636154967234356	-0.24626890143903324	-1.3997449401214628	0.36755050522699395	-0.15591441745322748	3.961047761794604	10.347755461646816	-10.988188652161757	-5142.703673029417
3642	-5160.97181600825	-5142.703673029417	-18.26814297883373	0.3609534875305231	0.46636154967234356	-0.24626890143903324	-1.3997449401214628	0.36755050522699395	-0.15591441745322748	3.961047761794604	10.347755461646816	-10.988188652161757	-5142.703673029417
3644	-5160.97181600825	-5142.703673029417	-18.26814297883373	0.3609534875305231	0.46636154967234356	-0.24626890143903324	-1.3997449401214628	0.36755050522699395	-0.15591441745322748	3.961047761794604	10.347755461646816	-10.988188652161757	-5142.703673029417
3646	-5161.198861362134	-5142.912484526123	-18.2863768360108	0.3609534875305231	0.46636154967234356	-0.24626890143903324	-1.3997449401214628	0.36755050522699395	-0.15591441745322748	3.961047761794604	10.35082066562564	-11.006422509338828	-5142.912484526123
3648	-5161.505048439437	-5142.986902267014	-18.51814617242321	0.3609534875305231	0.46636154967234356	-0.24626890143903324	-1.3997449401214628	0.36755050522699395	-0.15591441745322748	4.345689641266395	11.10944812215018	-11.23819184575124	-5142.986902267014
3650	-5161.505048439437	-5142.986902267014	-18.51814617242321	0.3609534875305231	0.46636154967234356	-0.24626890143903324	-1.3997449401214628	0.36755050522699395	-0.15591441745322748	4.345689641266395	11.10944812215018	-11.23819184575124	-5142.986902267014
3652	-5161.3244495830195	-5142.8300478365745	-18.494401746444968	0.3609534875305231	0.46636154967234356	-0.24626890143903324	-1.3997449401214628	0.36755050522699395	-0.15591441745322748	4.345689641266395	11.104329003622349	-11.214447419772995	-5142.8300478365745
3654	-5161.893142667444	-5142.8300478365745	-19.063094830869534	0.3609534875305231	0.9845264311462683	-0.24626890143903324	-1.3997449401214628	0.36755050522699395	-0.15591441745322748	4.345689641266395	11.104329003622349	-11.326746765777626	-5142.8300478365745
3656	-5161.928236044052	-5142.853465674939	-19.074770369113065	0.3609534875305231	0.9845264311462683	-0.24626890143903324	-1.3997449401214628	0.36755050522699395	-0.15591441745322748	4.345689641266395	11.11484451431258	-11.33842230402116	-5142.853465674939
3658	-5161.783166558588	-5142.853475770991	-18.929690787596567	0.3609534875305231	0.9845264311462683	-0.24626890143903324	-1.3997449401214628	0.36755050522699395	-0.15591441745322748	4.161080043359695	10.74562531849918	-11.193342722504658	-5142.853475770991
3660	-5162.146897727502	-5143.164109804187	-18.98278792331418	0.3609534875305231	0.9845264311462683	-0.24626890143903324	-1.3997449401214628	0.36755050522699395	-0.15591441745322748	4.161080043359695	10.750768814319756	-11.246439858222274	-5143.164109804187
3662	-5162.494238479174	-5143.294560684898	-19.199677794275647	0.3609534875305231	0.9845264311462683	-0.24626890143903324	-1.3997449401214628	0.36755050522699395	-0.15591441745322748	4.403109779069217	11.240714087911574	-11.463329729183743	-5143.294560684898
3664	-5162.494238479174	-5143.294560684898	-19.199677794275647	0.3609534875305231	0.9845264311462683	-0.24626890143903324	-1.3997449401214628	0.36755050522699395	-0.15591441745322748	4.403109779069217	11.240714087911574	-11.463329729183743	-5143.294560684898
3666	-5162.494238479174	-5143.294560684898	-19.199677794275647	0.3609534875305231	0.9845264311462683	-0.24626890143903324	-1.3997449401214628	0.36755050522699395	-0.15591441745322748	4.403109779069217	11.240714087911574	-11.463329729183743	-5143.294560684898
3668	-5161.19240903502	-5143.296779098383	-17.895629936637164	0.3609534875305231	0.9845264311462683	-0.24626890143903324	-1.3997449401214628	0.36755050522699395	-0.15591441745322748	2.741484180971152	7.917462891715444	-10.159281871545257	-5143.296779098383
3670	-5161.19240903502	-5143.296779098383	-17.895629936637164	0.3609534875305231	0.9845264311462683	-0.24626890143903324	-1.3997449401214628	0.36755050522699395	-0.15591441745322748	2.741484180971152	7.917462891715444	-10.159281871545257	-5143.296779098383
3672	-5163.239907118931	-5143.296779098383	-19.943128020547917	0.3609534875305231	2.308214449556075	-0.24626890143903324	-1.3997449401214628	0.36755050522699395	-0.15591441745322748	2.741484180971152	7.917462891715444	-11.004988162245635	-5143.296779098383
3674	-5163.239907118931	-5143.296779098383	-19.943128020547917	0.3609534875305231	2.308214449556075	-0.24626890143903324	-1.3997449401214628	0.36755050522699395	-0.15591441745322748	2.741484180971152	7.917462891715444	-11.004988162245635	-5143.296779098383
3676	-5163.031666815285	-5143.075154821014	-19.956511994271278	0.3609534875305231	2.308214449556075	-0.5607827974869974	-1.3997449401214628	0.36755050522699395	-0.15591441745322748	2.741484180971152	7.933804316362065	-11.204782396418668	-5143.075154821014
3678	-5163.031666815285	-5143.075154821014	-19.956511994271278	0.3609534875305231	2.308214449556075	-0.5607827974869974	-1.3997449401214628	0.36755050522699395	-0.15591441745322748	2.741484180971152	7.933804316362065	-11.204782396418668	-5143.075154821014
3680	-5163.995173002537	-5143.075154821014	-20.92001818152334	0.3609534875305231	2.308214449556075	-0.5607827974869974	-1.3997449401214628	0.8265255140096068	-0.15591441745322748	2.741484180971152	7.933804316362065	-11.548676711134572	-5143.075154821014
3682	-5163.995173002537	-5143.075154821014	-20.92001818152334	0.3609534875305231	2.308214449556075	-0.5607827974869974	-1.3997449401214628	0.8265255140096068	-0.15591441745322748	2.741484180971152	7.933804316362065	-11.548676711134572	-5143.075154821014
3684	-5163.995173002537	-5143.075154821014	-20.92001818152334	0.3609534875305231	2.308214449556075	-0.5607827974869974	-1.3997449401214628	0.8265255140096068	-0.15591441745322748	2.741484180971152	7.933804316362065	-11.548676711134572	-5143.075154821014
3686	-5163.995173002537	-5143.075154821014	-20.92001818152334	0.3609534875305231	2.308214449556075	-0.5607827974869974	-1.3997449401214628	0.8265255140096068	-0.15591441745322748	2.741484180971152	7.933804316362065	-11.548676711134572	-5143.075154821014
3688	-5164.048670556167	-5143.075154821014	-20.973515735153608	0.3609534875305231	2.308214449556075	-0.5607827974869974	-1.3997449401214628	0.8265255140096068	-0.3738722676718285	2.741484180971152	7.933804316362065	-11.364290957098332	-5143.075154821014
3690	-5165.01101899588	-5143.075154821014	-21.935864174866147	0.3609534875305231	3.3680403208835608	-0.5607827974869974	-1.3997449401214628	0.8265255140096068	-0.3738722676718285	2.741484180971152	7.933804316362065	-11.561327211278291	-5143.075154821014
3692	-5165.01101899588	-5143.075154821014	-21.935864174866147	0.3609534875305231	3.3680403208835608	-0.5607827974869974	-1.3997449401214628	0.8265255140096068	-0.3738722676718285	2.741484180971152	7.933804316362065	-11.561327211278291	-5143.075154821014
3694	-5164.195991937772	-5143.075154821014	-21.120837116758818	0.3609534875305231	3.3680403208835608	-0.5607827974869974	-1.3997449401214628	0.2742093099978827	-0.3738722676718285	2.741484180971152	7.933804316362065	-11.560749544456053	-5143.075154821014
3696	-5164.195991937772	-5143.075154821014	-21.120837116758818	0.3609534875305231	3.3680403208835608	-0.5607827974869974	-1.3997449401214628	0.2742093099978827	-0.3738722676718285	2.741484180971152	7.933804316362065	-11.560749544456053	-5143.075154821014
3698	-5164.195991937772	-5143.075154821014	-21.120837116758818	0.3609534875305231	3.3680403208835608	-0.5607827974869974	-1.3997449401214628	0.2742093099978827	-0.3738722676718285	2.741484180971152	7.933804316362065	-11.560749544456053	-5143.075154821014
3700	-5161.823775904185	-5143.075154821014	-18.74862108317079	0.3609534875305231	1.5947679294180601	-0.5607827974869974	-1.3997449401214628	0.2742093099978827	-0.3738722676718285	2.741484180971152	7.933804316362065	-10.564518704647602	-5143.075154821014
3702	-5161.823775904185	-5143.075154821014	-18.74862108317079	0.3609534875305231	1.5947679294180601	-0.5607827974869974	-1.3997449401214628	0.2742093099978827	-0.3738722676718285	2.741484180971152	7.933804316362065	-10.564518704647602	-5143.075154821014
3704	-5161.823775904185	-5143.075154821014	-18.74862108317079	0.3609534875305231	1.5947679294180601	-0.5607827974869974	-1.3997449401214628	0.2742093099978827	-0.3738722676718285	2.741484180971152	7.933804316362065	-10.564518704647602	-5143.075154821014
3706	-5161.823775904185	-5143.075154821014	-18.74862108317079	0.3609534875305231	1.5947679294180601	-0.5607827974869974	-1.3997449401214628	0.2742093099978827	-0.3738722676718285	2.741484180971152	7.933804316362065	-10.564518704647602	-5143.075154821014
3708	-5161.780908338257	-5143.053047457797	-18.727860880459634	0.3609534875305231	1.5947679294180601	-0.5607827974869974	-1.3997449401214628	0.2742093099978827	-0.3738722676718285	2.741484180971152	7.924053396796126	-10.543758501936447	-5143.053047457797
3710	-5161.780908338257	-5143.053047457797	-18.727860880459634	0.3609534875305231	1.5947679294180601	-0.5607827974869974	-1.3997449401214628	0.2742093099978827	-0.3738722676718285	2.741484180971152	7.924053396796126	-10.543758501936447	-5143.053047457797
3712	-5161.836180156984	-5143.097850063199	-18.738330093784416	0.3609534875305231	1.5947679294180601	-0.5607827974869974	-1.3997449401214628	0.2742093099978827	-0.3738722676718285	2.741484180971152	7.945113619700268	-10.55422771526123	-5143.097850063199
3714	-5161.836180156984	-5143.097850063199	-18.738330093784416	0.3609534875305231	1.5947679294180601	-0.5607827974869974	-1.3997449401214628	0.2742093099978827	-0.3738722676718285	2.741484180971152	7.945113619700268	-10.55422771526123	-5143.097850063199
3716	-5161.81672875068	-5143.062487730468	-18.754241020212408	0.3609534875305231	1.5947679294180601	-0.5607827974869974	-1.3997449401214628	0.2742093099978827	-0.3738722676718285	2.741484180971152	7.952542734491072	-10.570138641689221	-5143.062487730468
3718	-5161.6533030238415	-5142.920043354749	-18.733259669092337	0.3609534875305231	1.5947679294180601	-0.5607827974869974	-1.3997449401214628	0.2742093099978827	-0.3738722676718285	2.741484180971152	7.947648776074478	-10.549157290569152	-5142.920043354749
3720	-5162.039573626439	-5142.967628115778	-19.07194551066114	0.8053713274409309	1.5947679294180601	-0.5607827974869974	-1.3997449401214628	0.2742093099978827	-0.3738722676718285	2.741484180971152	7.95051923878047	-10.581049883326084	-5142.967628115778
3722	-5162.039573626439	-5142.967628115778	-19.07194551066114	0.8053713274409309	1.5947679294180601	-0.5607827974869974	-1.3997449401214628	0.2742093099978827	-0.3738722676718285	2.741484180971152	7.95051923878047	-10.581049883326084	-5142.967628115778
3724	-5162.039573626439	-5142.967628115778	-19.07194551066114	0.8053713274409309	1.5947679294180601	-0.5607827974869974	-1.3997449401214628	0.2742093099978827	-0.3738722676718285	2.741484180971152	7.95051923878047	-10.581049883326084	-5142.967628115778
3726	-5164.504107344042	-5143.471133716366	-21.032973627675506	2.561553062560965	1.5947679294180601	-0.5607827974869974	-1.3997449401214628	0.2742093099978827	-0.3738722676718285	2.8211781498751076	8.181638001888276	-10.966061023269448	-5143.471133716366
3728	-5164.504107344042	-5143.471133716366	-21.032973627675506	2.561553062560965	1.5947679294180601	-0.5607827974869974	-1.3997449401214628	0.2742093099978827	-0.3738722676718285	2.8211781498751076	8.181638001888276	-10.966061023269448	-5143.471133716366
3730	-5164.1948417410895	-5143.20101113099	-20.993830610099135	2.561553062560965	1.5947679294180601	-0.5607827974869974	-1.3997449401214628	0.2742093099978827	-0.3738722676718285	2.8211781498751076	8.177117729830599	-10.926918005693079	-5143.20101113099
3732	-5164.1948417410895	-5143.20101113099	-20.993830610099135	2.561553062560965	1.5947679294180601	-0.5607827974869974	-1.3997449401214628	0.2742093099978827	-0.3738722676718285	2.8211781498751076	8.177117729830599	-10.926918005693079	-5143.20101113099
3734	-5164.148704357096	-5144.104818219473	-20.043886137623055	2.561553062560965	1.5947679294180601	-0.5607827974869974	-1.3997449401214628	0.2742093099978827	-0.3738722676718285	2.576449065893966	7.467776303903283	-9.976973533216997	-5144.104818219473
3736	-5164.148704357096	-5144.104818219473	-20.043886137623055	2.561553062560965	1.5947679294180601	-0.5607827974869974	-1.3997449401214628	0.2742093099978827	-0.3738722676718285	2.576449065893966	7.467776303903283	-9.976973533216997	-5144.104818219473
3738	-5163.677532861762	-5143.599633925978	-20.077898935784557	2.561553062560965	1.5947679294180601	-0.5607827974869974	-1.3997449401214628	0.2742093099978827	-0.3738722676718285	2.576449065893966	7.4819099060427865	-10.010986331378497	-5143.599633925978
3740	-5163.677532861762	-5143.599633925978	-20.077898935784557	2.561553062560965	1.5947679294180601	-0.5607827974869974	-1.3997449401214628	0.2742093099978827	-0.3738722676718285	2.576449065893966	7.4819099060427865	-10.010986331378497	-5143.599633925978
3742	-5164.1286674592875	-5143.960387487854	-20.168279971433574	2.561553062560965	1.5947679294180601	-0.5607827974869974	-1.3997449401214628	0.2742093099978827	-0.3738722676718285	2.576449065893966	7.496495048620182	-10.101367367027516	-5143.960387487854
3744	-5164.1286674592875	-5143.960387487854	-20.168279971433574	2.561553062560965	1.5947679294180601	-0.5607827974869974	-1.3997449401214628	0.2742093099978827	-0.3738722676718285	2.576449065893966	7.496495048620182	-10.101367367027516	-5143.960387487854
3746	-5164.1286674592875	-5143.960387487854	-20.168279971433574	2.561553062560965	1.5947679294180601	-0.5607827974869974	-1.3997449401214628	0.2742093099978827	-0.3738722676718285	2.576449065893966	7.496495048620182	-10.101367367027516	-5143.960387487854
3748	-5164.1286674592875	-5143.960387487854	-20.168279971433574	2.561553062560965	1.5947679294180601	-0.5607827974869974	-1.3997449401214628	0.2742093099978827	-0.3738722676718285	2.576449065893966	7.496495048620182	-10.101367367027516	-5143.960387487854
3750	-5164.1286674592875	-5143.960387487854	-20.168279971433574	2.561553062560965	1.5947679294180601	-0.5607827974869974	-1.3997449401214628	0.2742093099978827	-0.3738722676718285	2.576449065893966	7.496495048620182	-10.101367367027516	-5143.960387487854
3752	-5163.654937313045	-5143.960387487854	-19.69454982519052	2.561553062560965	1.5947679294180601	-0.5607827974869974	-0.8052800170057002	0.2742093099978827	-0.3738722676718285	2.576449065893966	7.496495048620182	-9.94967651399518	-5143.960387487854
3754	-5163.678298641227	-5143.960387487854	-19.71791115337366	2.561553062560965	1.5947679294180601	-0.5607827974869974	-0.37748909556645927	0.2742093099978827	-0.3738722676718285	2.576449065893966	7.496495048620182	-9.986128996772642	-5143.960387487854
3756	-5163.597569328052	-5143.860652855336	-19.73691647271503	2.561553062560965	1.5947679294180601	-0.5607827974869974	-0.37748909556645927	0.2742093099978827	-0.3738722676718285	2.576449065893966	7.499314788445868	-10.005134316114011	-5143.860652855336
3758	-5163.7451979397665	-5143.857711199317	-19.887486740449656	2.561553062560965	1.5947679294180601	-0.5607827974869974	-0.37748909556645927	0.2742093099978827	-0.3738722676718285	2.8136763116332806	7.973769279924497	-10.155704583848635	-5143.857711199317
3760	-5163.665889129804	-5143.767968630983	-19.89792049882058	2.561553062560965	1.5947679294180601	-0.5607827974869974	-0.37748909556645927	0.2742093099978827	-0.3738722676718285	2.8136763116332806	7.983285459217161	-10.166138342219558	-5143.767968630983
3762	-5162.581676375109	-5142.644949530221	-19.936726844888128	2.561553062560965	1.5947679294180601	-0.5607827974869974	-0.37748909556645927	0.2742093099978827	-0.3738722676718285	2.8136763116332806	8.01686045688018	-10.204944688287108	-5142.644949530221
3764	-5162.7350255302745	-5142.644949530221	-20.09007600005357	2.561553062560965	1.5947679294180601	-0.5607827974869974	-0.37748909556645927	0.2742093099978827	-0.7502138949038996	2.8136763116332806	8.01686045688018	-10.043577257739365	-5142.644949530221
3766	-5162.573050084038	-5142.648369288273	-19.924680795765127	2.561553062560965	1.5947679294180601	-0.5607827974869974	-0.37748909556645927	0.2742093099978827	-0.7502138949038996	2.5823910073310543	7.554289848275727	-9.878182053450917	-5142.648369288273
3768	-5163.861650034368	-5142.648369288273	-21.213280746094405	2.561553062560965	2.6408181422978716	-0.5607827974869974	-0.37748909556645927	0.2742093099978827	-0.7502138949038996	2.5823910073310543	7.554289848275727	-10.2998323768708	-5142.648369288273
3770	-5166.93724534697	-5144.69071018709	-22.24653515987955	2.561553062560965	2.6408181422978716	-0.5607827974869974	-0.37748909556645927	0.2742093099978827	-0.7502138949038996	2.875318425709329	8.411192856632947	-11.333086790655944	-5144.69071018709
3772	-5163.716749876107	-5142.298083680186	-21.41866619592101	2.561553062560965	2.6408181422978716	-0.5607827974869974	-0.37748909556645927	0.2742093099978827	-0.7502138949038996	2.6405715701695716	7.7244859316613415	-10.505217826697406	-5142.298083680186
3774	-5163.716749876107	-5142.298083680186	-21.41866619592101	2.561553062560965	2.6408181422978716	-0.5607827974869974	-0.37748909556645927	0.2742093099978827	-0.7502138949038996	2.6405715701695716	7.7244859316613415	-10.505217826697406	-5142.298083680186
3776	-5161.174595365105	-5142.298083680186	-18.876511684918757	2.561553062560965	0.7510767282825587	-0.5607827974869974	-0.37748909556645927	0.2742093099978827	-0.7502138949038996	2.6405715701695716	7.7244859316613415	-9.650937447208456	-5142.298083680186
3778	-5161.174595365105	-5142.298083680186	-18.876511684918757	2.561553062560965	0.7510767282825587	-0.5607827974869974	-0.37748909556645927	0.2742093099978827	-0.7502138949038996	2.6405715701695716	7.7244859316613415	-9.650937447208456	-5142.298083680186
3780	-5161.024690348639	-5142.13736239362	-18.887327955019355	2.561553062560965	0.7510767282825587	-0.5607827974869974	-0.37748909556645927	0.2742093099978827	-0.7502138949038996	2.6405715701695716	7.729149990598746	-9.661753717309056	-5142.13736239362
3782	-5161.246763270369	-5142.402561273269	-18.844201997099574	2.561553062560965	0.7510767282825587	-0.5607827974869974	-0.37748909556645927	0.2742093099978827	-0.7502138949038996	2.6405715701695716	7.723431887060423	-9.618627759389273	-5142.402561273269
3784	-5161.246763270369	-5142.402561273269	-18.844201997099574	2.561553062560965	0.7510767282825587	-0.5607827974869974	-0.37748909556645927	0.2742093099978827	-0.7502138949038996	2.6405715701695716	7.723431887060423	-9.618627759389273	-5142.402561273269
3786	-5161.246763270369	-5142.402561273269	-18.844201997099574	2.561553062560965	0.7510767282825587	-0.5607827974869974	-0.37748909556645927	0.2742093099978827	-0.7502138949038996	2.6405715701695716	7.723431887060423	-9.618627759389273	-5142.402561273269
3788	-5161.23700937732	-5142.400059245846	-18.836950131473664	2.561553062560965	0.7510767282825587	-0.5607827974869974	-0.37748909556645927	0.2742093099978827	-0.7502138949038996	2.6405715701695716	7.7223998298990875	-9.611375893763364	-5142.400059245846
3790	-5161.23700937732	-5142.400059245846	-18.836950131473664	2.561553062560965	0.7510767282825587	-0.5607827974869974	-0.37748909556645927	0.2742093099978827	-0.7502138949038996	2.6405715701695716	7.7223998298990875	-9.611375893763364	-5142.400059245846
3792	-5161.269675899982	-5142.435250008026	-18.834425891956055	2.561553062560965	0.7510767282825587	-0.5607827974869974	-0.37748909556645927	0.2742093099978827	-0.7502138949038996	2.6405715701695716	7.72131501716472	-9.608851654245756	-5142.435250008026
3794	-5160.959366992139	-5142.093667126657	-18.865699865481172	2.561553062560965	0.7510767282825587	-0.5607827974869974	-0.37748909556645927	0.2742093099978827	-0.7502138949038996	2.6405715701695716	7.734559055761721	-9.640125627770873	-5142.093667126657
3796	-5160.959366992139	-5142.093667126657	-18.865699865481172	2.561553062560965	0.7510767282825587	-0.5607827974869974	-0.37748909556645927	0.2742093099978827	-0.7502138949038996	2.6405715701695716	7.734559055761721	-9.640125627770873	-5142.093667126657
3798	-5160.959366992139	-5142.093667126657	-18.865699865481172	2.561553062560965	0.7510767282825587	-0.5607827974869974	-0.37748909556645927	0.2742093099978827	-0.7502138949038996	2.6405715701695716	7.734559055761721	-9.640125627770873	-5142.093667126657
3800	-5160.959366992139	-5142.093667126657	-18.865699865481172	2.561553062560965	0.7510767282825587	-0.5607827974869974	-0.37748909556645927	0.2742093099978827	-0.7502138949038996	2.6405715701695716	7.734559055761721	-9.640125627770873	-5142.093667126657
3802	-5160.959366992139	-5142.093667126657	-18.865699865481172	2.561553062560965	0.7510767282825587	-0.5607827974869974	-0.37748909556645927	0.2742093099978827	-0.7502138949038996	2.6405715701695716	7.734559055761721	-9.640125627770873	-5142.093667126657
3804	-5160.959366992139	-5142.093667126657	-18.865699865481172	2.561553062560965	0.7510767282825587	-0.5607827974869974	-0.37748909556645927	0.2742093099978827	-0.7502138949038996	2.6405715701695716	7.734559055761721	-9.640125627770873	-5142.093667126657
3806	-5160.961821475321	-5142.15458284368	-18.807238631641138	2.561553062560965	0.7510767282825587	-0.5607827974869974	-0.37748909556645927	0.2742093099978827	-0.7502138949038996	2.6237026071848315	7.685147787425393	-9.581664393930836	-5142.15458284368
3808	-5160.760064076777	-5142.15458284368	-18.605481233096356	2.561553062560965	0.7510767282825587	-0.5607827974869974	-0.37748909556645927	0.2742093099978827	-0.460779868807505	2.6237026071848315	7.685147787425393	-9.634523900276166	-5142.15458284368
3810	-5160.760064076777	-5142.15458284368	-18.605481233096356	2.561553062560965	0.7510767282825587	-0.5607827974869974	-0.37748909556645927	0.2742093099978827	-0.460779868807505	2.6237026071848315	7.685147787425393	-9.634523900276166	-5142.15458284368
3812	-5160.760064076777	-5142.15458284368	-18.605481233096356	2.561553062560965	0.7510767282825587	-0.5607827974869974	-0.37748909556645927	0.2742093099978827	-0.460779868807505	2.6237026071848315	7.685147787425393	-9.634523900276166	-5142.15458284368
3814	-5161.639179492923	-5143.036866828318	-18.602312664605225	2.561553062560965	0.7510767282825587	-0.5607827974869974	-0.37748909556645927	0.2742093099978827	-0.460779868807505	2.6237026071848315	7.670003561680927	-9.631355331785036	-5143.036866828318
3816	-5162.055450651168	-5143.026828709947	-19.028621941221097	2.561553062560965	0.7510767282825587	-0.5607827974869974	-0.37748909556645927	0.2742093099978827	-0.460779868807505	2.7582007580876313	8.063188861584582	-10.057664608400906	-5143.026828709947
3818	-5162.582265844133	-5143.5897783699975	-18.992487474135125	2.561553062560965	0.7510767282825587	-0.5607827974869974	-0.37748909556645927	0.2742093099978827	-0.460779868807505	2.7582007580876313	8.057671353016177	-10.021530141314937	-5143.5897783699975
3820	-5162.582265844133	-5143.5897783699975	-18.992487474135125	2.561553062560965	0.7510767282825587	-0.5607827974869974	-0.37748909556645927	0.2742093099978827	-0.460779868807505	2.7582007580876313	8.057671353016177	-10.021530141314937	-5143.5897783699975
3822	-5162.582265844133	-5143.5897783699975	-18.992487474135125	2.561553062560965	0.7510767282825587	-0.5607827974869974	-0.37748909556645927	0.2742093099978827	-0.460779868807505	2.7582007580876313	8.057671353016177	-10.021530141314937	-5143.5897783699975
3824	-5162.588172399939	-5143.606684251215	-18.981488148724566	2.561553062560965	0.7510767282825587	-0.5607827974869974	-0.37748909556645927	0.2742093099978827	-0.460779868807505	2.7582007580876313	8.052691990165552	-10.010530815904376	-5143.606684251215
3826	-5162.588172399939	-5143.606684251215	-18.981488148724566	2.561553062560965	0.7510767282825587	-0.5607827974869974	-0.37748909556645927	0.2742093099978827	-0.460779868807505	2.7582007580876313	8.052691990165552	-10.010530815904376	-5143.606684251215
3828	-5163.6548814963935	-5144.675747608005	-18.97913388838919	2.561553062560965	0.7510767282825587	-0.5607827974869974	-0.37748909556645927	0.2742093099978827	-0.460779868807505	2.7582007580876313	8.041677505885627	-10.008176555569	-5144.675747608005
3830	-5163.6548814963935	-5144.675747608005	-18.97913388838919	2.561553062560965	0.7510767282825587	-0.5607827974869974	-0.37748909556645927	0.2742093099978827	-0.460779868807505	2.7582007580876313	8.041677505885627	-10.008176555569	-5144.675747608005
3832	-5163.624631585239	-5144.706987533803	-18.9176440514361	2.561553062560965	0.7510767282825587	-0.5607827974869974	-0.37748909556645927	0.2742093099978827	-0.460779868807505	2.6931279314758716	7.905106689161969	-9.94668671861591	-5144.706987533803
3834	-5163.624631585239	-5144.706987533803	-18.9176440514361	2.561553062560965	0.7510767282825587	-0.5607827974869974	-0.37748909556645927	0.2742093099978827	-0.460779868807505	2.6931279314758716	7.905106689161969	-9.94668671861591	-5144.706987533803
3836	-5163.624631585239	-5144.706987533803	-18.9176440514361	2.561553062560965	0.7510767282825587	-0.5607827974869974	-0.37748909556645927	0.2742093099978827	-0.460779868807505	2.6931279314758716	7.905106689161969	-9.94668671861591	-5144.706987533803
3838	-5163.781300278638	-5144.840072338675	-18.94122793996265	2.561553062560965	0.7510767282825587	-0.5607827974869974	-0.37748909556645927	0.2742093099978827	-0.460779868807505	2.6931279314758716	7.909335956391347	-9.97027060714246	-5144.840072338675
3840	-5163.781300278638	-5144.840072338675	-18.94122793996265	2.561553062560965	0.7510767282825587	-0.5607827974869974	-0.37748909556645927	0.2742093099978827	-0.460779868807505	2.6931279314758716	7.909335956391347	-9.97027060714246	-5144.840072338675
3842	-5164.280753687213	-5144.840072338675	-19.440681348538682	2.561553062560965	0.7510767282825587	-0.5607827974869974	-0.37748909556645927	0.564460144144049	-0.460779868807505	2.6931279314758716	7.909335956391347	-10.092557765801748	-5144.840072338675
3844	-5164.280753687213	-5144.840072338675	-19.440681348538682	2.561553062560965	0.7510767282825587	-0.5607827974869974	-0.37748909556645927	0.564460144144049	-0.460779868807505	2.6931279314758716	7.909335956391347	-10.092557765801748	-5144.840072338675
3846	-5164.280753687213	-5144.840072338675	-19.440681348538682	2.561553062560965	0.7510767282825587	-0.5607827974869974	-0.37748909556645927	0.564460144144049	-0.460779868807505	2.6931279314758716	7.909335956391347	-10.092557765801748	-5144.840072338675
3848	-5164.280753687213	-5144.840072338675	-19.440681348538682	2.561553062560965	0.7510767282825587	-0.5607827974869974	-0.37748909556645927	0.564460144144049	-0.460779868807505	2.6931279314758716	7.909335956391347	-10.092557765801748	-5144.840072338675
3850	-5164.280753687213	-5144.840072338675	-19.440681348538682	2.561553062560965	0.7510767282825587	-0.5607827974869974	-0.37748909556645927	0.564460144144049	-0.460779868807505	2.6931279314758716	7.909335956391347	-10.092557765801748	-5144.840072338675
3852	-5163.876580589996	-5144.840072338675	-19.036508251320935	2.561553062560965	0.5011469647209478	-0.5607827974869974	-0.37748909556645927	0.564460144144049	-0.460779868807505	2.6931279314758716	7.909335956391347	-9.895320965669422	-5144.840072338675
3854	-5163.876580589996	-5144.840072338675	-19.036508251320935	2.561553062560965	0.5011469647209478	-0.5607827974869974	-0.37748909556645927	0.564460144144049	-0.460779868807505	2.6931279314758716	7.909335956391347	-9.895320965669422	-5144.840072338675
3856	-5163.876580589996	-5144.840072338675	-19.036508251320935	2.561553062560965	0.5011469647209478	-0.5607827974869974	-0.37748909556645927	0.564460144144049	-0.460779868807505	2.6931279314758716	7.909335956391347	-9.895320965669422	-5144.840072338675
3858	-5163.867830914637	-5144.811434372338	-19.056396542298604	2.561553062560965	0.5011469647209478	-0.5607827974869974	-0.37748909556645927	0.564460144144049	-0.460779868807505	2.6931279314758716	7.920704520531198	-9.915209256647088	-5144.811434372338
3860	-5163.867830914637	-5144.811434372338	-19.056396542298604	2.561553062560965	0.5011469647209478	-0.5607827974869974	-0.37748909556645927	0.564460144144049	-0.460779868807505	2.6931279314758716	7.920704520531198	-9.915209256647088	-5144.811434372338
3862	-5163.951827955832	-5144.811434372338	-19.140393583493893	2.561553062560965	0.5011469647209478	-0.5607827974869974	-0.21887134639947087	0.564460144144049	-0.460779868807505	2.6931279314758716	7.920704520531198	-9.957552868231858	-5144.811434372338
3864	-5163.802060303958	-5144.719896850269	-19.08216345368841	2.561553062560965	0.5011469647209478	-0.5607827974869974	-0.21887134639947087	0.564460144144049	-0.460779868807505	2.6931279314758716	7.895660182432115	-9.899322738426374	-5144.719896850269
3866	-5163.802060303958	-5144.719896850269	-19.08216345368841	2.561553062560965	0.5011469647209478	-0.5607827974869974	-0.21887134639947087	0.564460144144049	-0.460779868807505	2.6931279314758716	7.895660182432115	-9.899322738426374	-5144.719896850269
3868	-5165.542992297677	-5144.716181356392	-20.826810941285906	2.561553062560965	0.5011469647209478	-0.5607827974869974	-0.21887134639947087	0.564460144144049	-0.460779868807505	5.151253012985689	12.81191034545175	-11.643970226023873	-5144.716181356392
3870	-5165.936326495286	-5144.716181356392	-21.220145138894257	2.561553062560965	0.5011469647209478	-0.5607827974869974	-0.21887134639947087	0.564460144144049	-0.7103053422058822	5.151253012985689	12.81191034545175	-11.75034944311618	-5144.716181356392
3872	-5165.936326495286	-5144.716181356392	-21.220145138894257	2.561553062560965	0.5011469647209478	-0.5607827974869974	-0.21887134639947087	0.564460144144049	-0.7103053422058822	5.151253012985689	12.81191034545175	-11.75034944311618	-5144.716181356392
3874	-5165.505230543135	-5144.308879048796	-21.196351494339037	2.561553062560965	0.5011469647209478	-0.5607827974869974	-0.21887134639947087	0.564460144144049	-0.7103053422058822	5.151253012985689	12.80646446237392	-11.726555798560963	-5144.308879048796
3876	-5165.505230543135	-5144.308879048796	-21.196351494339037	2.561553062560965	0.5011469647209478	-0.5607827974869974	-0.21887134639947087	0.564460144144049	-0.7103053422058822	5.151253012985689	12.80646446237392	-11.726555798560963	-5144.308879048796
3878	-5165.505230543135	-5144.308879048796	-21.196351494339037	2.561553062560965	0.5011469647209478	-0.5607827974869974	-0.21887134639947087	0.564460144144049	-0.7103053422058822	5.151253012985689	12.80646446237392	-11.726555798560963	-5144.308879048796
3880	-5165.505230543135	-5144.308879048796	-21.196351494339037	2.561553062560965	0.5011469647209478	-0.5607827974869974	-0.21887134639947087	0.564460144144049	-0.7103053422058822	5.151253012985689	12.80646446237392	-11.726555798560963	-5144.308879048796
3882	-5165.505230543135	-5144.308879048796	-21.196351494339037	2.561553062560965	0.5011469647209478	-0.5607827974869974	-0.21887134639947087	0.564460144144049	-0.7103053422058822	5.151253012985689	12.80646446237392	-11.726555798560963	-5144.308879048796
3884	-5165.505230543135	-5144.308879048796	-21.196351494339037	2.561553062560965	0.5011469647209478	-0.5607827974869974	-0.21887134639947087	0.564460144144049	-0.7103053422058822	5.151253012985689	12.80646446237392	-11.726555798560963	-5144.308879048796
3886	-5165.505230543135	-5144.308879048796	-21.196351494339037	2.561553062560965	0.5011469647209478	-0.5607827974869974	-0.21887134639947087	0.564460144144049	-0.7103053422058822	5.151253012985689	12.80646446237392	-11.726555798560963	-5144.308879048796
3888	-5165.505230543135	-5144.308879048796	-21.196351494339037	2.561553062560965	0.5011469647209478	-0.5607827974869974	-0.21887134639947087	0.564460144144049	-0.7103053422058822	5.151253012985689	12.80646446237392	-11.726555798560963	-5144.308879048796
3890	-5165.505230543135	-5144.308879048796	-21.196351494339037	2.561553062560965	0.5011469647209478	-0.5607827974869974	-0.21887134639947087	0.564460144144049	-0.7103053422058822	5.151253012985689	12.80646446237392	-11.726555798560963	-5144.308879048796
3892	-5165.505230543135	-5144.308879048796	-21.196351494339037	2.561553062560965	0.5011469647209478	-0.5607827974869974	-0.21887134639947087	0.564460144144049	-0.7103053422058822	5.151253012985689	12.80646446237392	-11.726555798560963	-5144.308879048796
3894	-5165.505230543135	-5144.308879048796	-21.196351494339037	2.561553062560965	0.5011469647209478	-0.5607827974869974	-0.21887134639947087	0.564460144144049	-0.7103053422058822	5.151253012985689	12.80646446237392	-11.726555798560963	-5144.308879048796
3896	-5163.095401447	-5144.510311872588	-18.585089574411647	2.561553062560965	0.5011469647209478	-0.5607827974869974	-0.21887134639947087	0.564460144144049	-0.7103053422058822	1.8339600269799565	6.171878490362456	-9.115293878633572	-5144.510311872588
3898	-5163.095401447	-5144.510311872588	-18.585089574411647	2.561553062560965	0.5011469647209478	-0.5607827974869974	-0.21887134639947087	0.564460144144049	-0.7103053422058822	1.8339600269799565	6.171878490362456	-9.115293878633572	-5144.510311872588
3900	-5163.095401447	-5144.510311872588	-18.585089574411647	2.561553062560965	0.5011469647209478	-0.5607827974869974	-0.21887134639947087	0.564460144144049	-0.7103053422058822	1.8339600269799565	6.171878490362456	-9.115293878633572	-5144.510311872588
3902	-5163.066490847023	-5144.1496105114065	-18.916880335616487	3.037013923174492	0.5011469647209478	-0.5607827974869974	-0.21887134639947087	0.564460144144049	-0.7103053422058822	1.8339600269799565	6.174766318531681	-9.102179334502935	-5144.1496105114065
3904	-5163.066490847023	-5144.1496105114065	-18.916880335616487	3.037013923174492	0.5011469647209478	-0.5607827974869974	-0.21887134639947087	0.564460144144049	-0.7103053422058822	1.8339600269799565	6.174766318531681	-9.102179334502935	-5144.1496105114065
3906	-5163.066490847023	-5144.1496105114065	-18.916880335616487	3.037013923174492	0.5011469647209478	-0.5607827974869974	-0.21887134639947087	0.564460144144049	-0.7103053422058822	1.8339600269799565	6.174766318531681	-9.102179334502935	-5144.1496105114065
3908	-5163.066490847023	-5144.1496105114065	-18.916880335616487	3.037013923174492	0.5011469647209478	-0.5607827974869974	-0.21887134639947087	0.564460144144049	-0.7103053422058822	1.8339600269799565	6.174766318531681	-9.102179334502935	-5144.1496105114065
3910	-5163.066490847023	-5144.1496105114065	-18.916880335616487	3.037013923174492	0.5011469647209478	-0.5607827974869974	-0.21887134639947087	0.564460144144049	-0.7103053422058822	1.8339600269799565	6.174766318531681	-9.102179334502935	-5144.1496105114065
3912	-5161.934792713026	-5144.1496105114065	-17.785182201619282	1.4446812756312943	0.16513600690145772	-0.5607827974869974	-0.21887134639947087	0.564460144144049	-0.7103053422058822	1.8339600269799565	6.174766318531681	-8.989813434431527	-5144.1496105114065
3914	-5161.808542332576	-5144.1496105114065	-17.658931821169	1.4446812756312943	0.16513600690145772	-0.5607827974869974	-0.21887134639947087	0.564460144144049	-0.2117717525671848	1.8339600269799565	6.174766318531681	-9.37480859783977	-5144.1496105114065
3916	-5161.573513308607	-5143.940796048805	-17.632717259802536	1.4446812756312943	0.16513600690145772	-0.5607827974869974	-0.21887134639947087	0.564460144144049	-0.2117717525671848	1.8339600269799565	6.169243106045828	-9.348594036473308	-5143.940796048805
3918	-5161.573513308607	-5143.940796048805	-17.632717259802536	1.4446812756312943	0.16513600690145772	-0.5607827974869974	-0.21887134639947087	0.564460144144049	-0.2117717525671848	1.8339600269799565	6.169243106045828	-9.348594036473308	-5143.940796048805
3920	-5161.573513308607	-5143.940796048805	-17.632717259802536	1.4446812756312943	0.16513600690145772	-0.5607827974869974	-0.21887134639947087	0.564460144144049	-0.2117717525671848	1.8339600269799565	6.169243106045828	-9.348594036473308	-5143.940796048805
3922	-5161.573513308607	-5143.940796048805	-17.632717259802536	1.4446812756312943	0.16513600690145772	-0.5607827974869974	-0.21887134639947087	0.564460144144049	-0.2117717525671848	1.8339600269799565	6.169243106045828	-9.348594036473308	-5143.940796048805
3924	-5162.389898340962	-5143.940796048805	-18.44910229215637	3.048200881924705	0.16513600690145772	-0.5607827974869974	-0.21887134639947087	0.564460144144049	-0.2117717525671848	1.8339600269799565	6.169243106045828	-8.864874741739442	-5143.940796048805
3926	-5162.359541100303	-5143.939935574434	-18.4196055258697	3.048200881924705	0.16513600690145772	-0.5607827974869974	-0.21887134639947087	0.564460144144049	-0.2117717525671848	1.8339600269799565	6.163225979293365	-8.835377975452774	-5143.939935574434
3928	-5162.6700898208555	-5144.287142927601	-18.382946893254392	3.048200881924705	0.16513600690145772	-0.5607827974869974	-0.21887134639947087	0.564460144144049	-0.2117717525671848	1.8339600269799565	6.126555430084686	-8.798719342837465	-5144.287142927601
3930	-5163.03390247834	-5144.287142927601	-18.746759550738574	3.048200881924705	0.16513600690145772	-0.93439822535184	-0.21887134639947087	0.564460144144049	-0.2117717525671848	1.8339600269799565	6.126555430084686	-8.685683014470715	-5144.287142927601
3932	-5163.2863138236235	-5144.519121384877	-18.76719243874688	3.048200881924705	0.16513600690145772	-0.93439822535184	-0.21887134639947087	0.564460144144049	-0.2117717525671848	1.8339600269799565	6.129020458441959	-8.70611590247902	-5144.519121384877
3934	-5163.3914462326975	-5144.587810240382	-18.803635992315378	3.048200881924705	0.16513600690145772	-0.93439822535184	-0.21887134639947087	0.564460144144049	-0.2117717525671848	1.8339600269799565	6.146736056090862	-8.74255945604752	-5144.587810240382
3936	-5163.3914462326975	-5144.587810240382	-18.803635992315378	3.048200881924705	0.16513600690145772	-0.93439822535184	-0.21887134639947087	0.564460144144049	-0.2117717525671848	1.8339600269799565	6.146736056090862	-8.74255945604752	-5144.587810240382
3938	-5163.559987778229	-5144.734060199802	-18.825927578426896	3.048200881924705	0.16513600690145772	-0.93439822535184	-0.21887134639947087	0.564460144144049	-0.2117717525671848	1.8339600269799565	6.1575701234453	-8.764851042159037	-5144.734060199802
3940	-5162.932176941451	-5144.151285165662	-18.78089177578977	3.048200881924705	0.16513600690145772	-0.93439822535184	-0.21887134639947087	0.564460144144049	-0.2117717525671848	1.8339600269799565	6.14761797645734	-8.719815239521912	-5144.151285165662
3942	-5162.75662333543	-5144.151285165662	-18.60533816976811	3.048200881924705	0.16513600690145772	-0.93439822535184	-0.5121284249304635	0.564460144144049	-0.2117717525671848	1.8339600269799565	6.14761797645734	-8.711095098577957	-5144.151285165662
3944	-5162.75662333543	-5144.151285165662	-18.60533816976811	3.048200881924705	0.16513600690145772	-0.93439822535184	-0.5121284249304635	0.564460144144049	-0.2117717525671848	1.8339600269799565	6.14761797645734	-8.711095098577957	-5144.151285165662
3946	-5162.75662333543	-5144.151285165662	-18.60533816976811	3.048200881924705	0.16513600690145772	-0.93439822535184	-0.5121284249304635	0.564460144144049	-0.2117717525671848	1.8339600269799565	6.14761797645734	-8.711095098577957	-5144.151285165662
3948	-5162.75662333543	-5144.151285165662	-18.60533816976811	3.048200881924705	0.16513600690145772	-0.93439822535184	-0.5121284249304635	0.564460144144049	-0.2117717525671848	1.8339600269799565	6.14761797645734	-8.711095098577957	-5144.151285165662
3950	-5162.75662333543	-5144.151285165662	-18.60533816976811	3.048200881924705	0.16513600690145772	-0.93439822535184	-0.5121284249304635	0.564460144144049	-0.2117717525671848	1.8339600269799565	6.14761797645734	-8.711095098577957	-5144.151285165662
3952	-5162.490163446058	-5143.925436251509	-18.564727194548862	3.048200881924705	0.16513600690145772	-0.93439822535184	-0.5121284249304635	0.564460144144049	-0.2117717525671848	1.8339600269799565	6.139298218160269	-8.670484123358708	-5143.925436251509
3954	-5162.490163446058	-5143.925436251509	-18.564727194548862	3.048200881924705	0.16513600690145772	-0.93439822535184	-0.5121284249304635	0.564460144144049	-0.2117717525671848	1.8339600269799565	6.139298218160269	-8.670484123358708	-5143.925436251509
3956	-5162.490163446058	-5143.925436251509	-18.564727194548862	3.048200881924705	0.16513600690145772	-0.93439822535184	-0.5121284249304635	0.564460144144049	-0.2117717525671848	1.8339600269799565	6.139298218160269	-8.670484123358708	-5143.925436251509
3958	-5162.490163446058	-5143.925436251509	-18.564727194548862	3.048200881924705	0.16513600690145772	-0.93439822535184	-0.5121284249304635	0.564460144144049	-0.2117717525671848	1.8339600269799565	6.139298218160269	-8.670484123358708	-5143.925436251509
3960	-5162.490163446058	-5143.925436251509	-18.564727194548862	3.048200881924705	0.16513600690145772	-0.93439822535184	-0.5121284249304635	0.564460144144049	-0.2117717525671848	1.8339600269799565	6.139298218160269	-8.670484123358708	-5143.925436251509
3962	-5162.884156619101	-5144.573554165522	-18.31060245357917	3.048200881924705	0.16513600690145772	-0.93439822535184	-0.5121284249304635	0.564460144144049	-0.2117717525671848	1.5491782145708197	5.564824418711925	-8.416359382389016	-5144.573554165522
3964	-5162.884156619101	-5144.573554165522	-18.31060245357917	3.048200881924705	0.16513600690145772	-0.93439822535184	-0.5121284249304635	0.564460144144049	-0.2117717525671848	1.5491782145708197	5.564824418711925	-8.416359382389016	-5144.573554165522
3966	-5162.667782045318	-5144.310833076625	-18.356948968692844	3.048200881924705	0.16513600690145772	-0.93439822535184	-0.5121284249304635	0.564460144144049	-0.2117717525671848	1.5491782145708197	5.589744484599901	-8.462705897502692	-5144.310833076625
3968	-5162.667782045318	-5144.310833076625	-18.356948968692844	3.048200881924705	0.16513600690145772	-0.93439822535184	-0.5121284249304635	0.564460144144049	-0.2117717525671848	1.5491782145708197	5.589744484599901	-8.462705897502692	-5144.310833076625
3970	-5164.606763405993	-5143.60425096829	-21.002512437702947	3.048200881924705	0.16513600690145772	-0.93439822535184	-0.5121284249304635	1.3494456938005799	-0.2117717525671848	1.8701375451040918	6.231663145666445	-9.43964317473231	-5143.60425096829
3972	-5162.823976789891	-5143.60425096829	-19.21972582160126	3.048200881924705	0.16513600690145772	-0.93439822535184	-0.5121284249304635	0.8277323333209272	-0.2117717525671848	1.8701375451040918	6.231663145666445	-8.903203576209135	-5143.60425096829
3974	-5162.823976789891	-5143.60425096829	-19.21972582160126	3.048200881924705	0.16513600690145772	-0.93439822535184	-0.5121284249304635	0.8277323333209272	-0.2117717525671848	1.8701375451040918	6.231663145666445	-8.903203576209135	-5143.60425096829
3976	-5162.811982413497	-5143.553734476343	-19.258247937154223	3.048200881924705	0.16513600690145772	-0.93439822535184	-0.5121284249304635	0.8277323333209272	-0.2117717525671848	1.8701375451040918	6.26577860193858	-8.941725691762096	-5143.553734476343
3978	-5162.811982413497	-5143.553734476343	-19.258247937154223	3.048200881924705	0.16513600690145772	-0.93439822535184	-0.5121284249304635	0.8277323333209272	-0.2117717525671848	1.8701375451040918	6.26577860193858	-8.941725691762096	-5143.553734476343
3980	-5164.055811974745	-5143.553734476343	-20.502077498401583	3.048200881924705	0.16513600690145772	-1.4934320257438503	-0.5121284249304635	0.8277323333209272	-0.2117717525671848	1.8701375451040918	6.26577860193858	-9.114613180710396	-5143.553734476343
3982	-5168.873136748875	-5147.45007631156	-21.423060437314934	3.048200881924705	0.16513600690145772	-1.4934320257438503	-0.5121284249304635	0.8277323333209272	-0.2117717525671848	2.0788233544849724	6.964967323308364	-10.035596119623747	-5147.45007631156
3984	-5168.873136748875	-5147.45007631156	-21.423060437314934	3.048200881924705	0.16513600690145772	-1.4934320257438503	-0.5121284249304635	0.8277323333209272	-0.2117717525671848	2.0788233544849724	6.964967323308364	-10.035596119623747	-5147.45007631156
3986	-5168.873136748875	-5147.45007631156	-21.423060437314934	3.048200881924705	0.16513600690145772	-1.4934320257438503	-0.5121284249304635	0.8277323333209272	-0.2117717525671848	2.0788233544849724	6.964967323308364	-10.035596119623747	-5147.45007631156
3988	-5169.962244401821	-5147.45007631156	-22.51216809026137	3.048200881924705	0.06347268236253059	-1.4934320257438503	-0.5121284249304635	0.8277323333209272	-0.2117717525671848	2.0788233544849724	6.964967323308364	-9.901712503405005	-5147.45007631156
3990	-5165.338655351768	-5144.028932208962	-21.309723142805694	3.048200881924705	0.06347268236253059	-1.4934320257438503	-0.5121284249304635	0.8277323333209272	-0.2117717525671848	1.8152014747641392	6.081718742324613	-8.699267555949334	-5144.028932208962
3992	-5165.338655351768	-5144.028932208962	-21.309723142805694	3.048200881924705	0.06347268236253059	-1.4934320257438503	-0.5121284249304635	0.8277323333209272	-0.2117717525671848	1.8152014747641392	6.081718742324613	-8.699267555949334	-5144.028932208962
3994	-5165.445297264441	-5144.028932208962	-21.416365055479247	3.048200881924705	0.06347268236253059	-1.4934320257438503	-1.01721640458858	0.8277323333209272	-0.2117717525671848	1.8152014747641392	6.081718742324613	-9.173997188191395	-5144.028932208962
3996	-5165.445297264441	-5144.028932208962	-21.416365055479247	3.048200881924705	0.06347268236253059	-1.4934320257438503	-1.01721640458858	0.8277323333209272	-0.2117717525671848	1.8152014747641392	6.081718742324613	-9.173997188191395	-5144.028932208962
3998	-5165.094218213107	-5143.733269542455	-21.36094867065229	3.048200881924705	0.06347268236253059	-1.4934320257438503	-1.01721640458858	0.8277323333209272	-0.2117717525671848	1.8152014747641392	6.0779762125890695	-9.118580803364438	-5143.733269542455
4000	-5165.094218213107	-5143.733269542455	-21.36094867065229	3.048200881924705	0.06347268236253059	-1.4934320257438503	-1.01721640458858	0.8277323333209272	-0.2117717525671848	1.8152014747641392	6.0779762125890695	-9.118580803364438	-5143.733269542455
4002	-5165.094218213107	-5143.733269542455	-21.36094867065229	3.048200881924705	0.06347268236253059	-1.4934320257438503	-1.01721640458858	0.8277323333209272	-0.2117717525671848	1.8152014747641392	6.0779762125890695	-9.118580803364438	-5143.733269542455
4004	-5165.094218213107	-5143.733269542455	-21.36094867065229	3.048200881924705	0.06347268236253059	-1.4934320257438503	-1.01721640458858	0.8277323333209272	-0.2117717525671848	1.8152014747641392	6.0779762125890695	-9.118580803364438	-5143.733269542455
4006	-5165.094218213107	-5143.733269542455	-21.36094867065229	3.048200881924705	0.06347268236253059	-1.4934320257438503	-1.01721640458858	0.8277323333209272	-0.2117717525671848	1.8152014747641392	6.0779762125890695	-9.118580803364438	-5143.733269542455
4008	-5165.094218213107	-5143.733269542455	-21.36094867065229	3.048200881924705	0.06347268236253059	-1.4934320257438503	-1.01721640458858	0.8277323333209272	-0.2117717525671848	1.8152014747641392	6.0779762125890695	-9.118580803364438	-5143.733269542455
4010	-5165.094218213107	-5143.733269542455	-21.36094867065229	3.048200881924705	0.06347268236253059	-1.4934320257438503	-1.01721640458858	0.8277323333209272	-0.2117717525671848	1.8152014747641392	6.0779762125890695	-9.118580803364438	-5143.733269542455
4012	-5165.094218213107	-5143.733269542455	-21.36094867065229	3.048200881924705	0.06347268236253059	-1.4934320257438503	-1.01721640458858	0.8277323333209272	-0.2117717525671848	1.8152014747641392	6.0779762125890695	-9.118580803364438	-5143.733269542455
4014	-5166.959487377318	-5143.733269542455	-23.226217834862858	6.804541949634545	0.06347268236253059	-1.4934320257438503	-1.01721640458858	0.8277323333209272	-0.2117717525671848	1.8152014747641392	6.0779762125890695	-8.963347432647751	-5143.733269542455
4016	-5166.522881506683	-5143.733269542455	-22.789611964228445	6.804541949634545	0.06347268236253059	-1.4934320257438503	-1.01721640458858	0.5304792418877718	-0.2117717525671848	1.8152014747641392	6.0779762125890695	-8.993423959693231	-5143.733269542455
4018	-5165.54979978288	-5142.747912989423	-22.801886793457395	6.804541949634545	0.06347268236253059	-1.4934320257438503	-1.01721640458858	0.5304792418877718	-0.2117717525671848	1.8152014747641392	6.085861410044412	-9.00569878892218	-5142.747912989423
4020	-5165.33728915751	-5142.598928189441	-22.738360968069042	6.804541949634545	0.06347268236253059	-1.4934320257438503	-1.01721640458858	0.5304792418877718	-0.2117717525671848	1.8152014747641392	6.0712239987707	-8.942172963533826	-5142.598928189441
4022	-5166.277253029507	-5142.6026486843075	-23.67460434519965	6.804541949634545	0.06347268236253059	-1.4934320257438503	-1.01721640458858	0.5304792418877718	-0.2117717525671848	1.954194758804784	6.536108681527561	-9.878416340664435	-5142.6026486843075
4024	-5166.277253029507	-5142.6026486843075	-23.67460434519965	6.804541949634545	0.06347268236253059	-1.4934320257438503	-1.01721640458858	0.5304792418877718	-0.2117717525671848	1.954194758804784	6.536108681527561	-9.878416340664435	-5142.6026486843075
4026	-5166.277253029507	-5142.6026486843075	-23.67460434519965	6.804541949634545	0.06347268236253059	-1.4934320257438503	-1.01721640458858	0.5304792418877718	-0.2117717525671848	1.954194758804784	6.536108681527561	-9.878416340664435	-5142.6026486843075
4028	-5165.083955796904	-5142.665078484575	-22.418877312328448	6.804541949634545	0.17972179879454545	-1.4934320257438503	-1.01721640458858	0.5304792418877718	-0.2117717525671848	1.954194758804784	6.54547623834973	-9.909894538489018	-5142.665078484575
4030	-5163.778223675725	-5142.665078484575	-21.11314519114986	6.804541949634545	0.17972179879454545	-0.7868783781381053	-1.01721640458858	0.5304792418877718	-0.2117717525671848	1.954194758804784	6.54547623834973	-9.496606089780096	-5142.665078484575
4032	-5163.489871416124	-5142.367272826556	-21.122598589568128	6.804541949634545	0.17972179879454545	-0.7868783781381053	-1.01721640458858	0.5304792418877718	-0.2117717525671848	1.954194758804784	6.553508860109152	-9.506059488198364	-5142.367272826556
4034	-5163.47704995267	-5142.3390358909455	-21.13801406172441	6.804541949634545	0.17972179879454545	-0.7868783781381053	-1.01721640458858	0.5304792418877718	-0.2117717525671848	1.954194758804784	6.569046180612394	-9.521474960354643	-5142.3390358909455
4036	-5161.868844792999	-5141.936297742322	-19.932547050677535	6.804541949634545	0.17972179879454545	-0.7868783781381053	-1.01721640458858	0.5304792418877718	-0.2117717525671848	1.7501428512020543	5.886928143176806	-8.31600794930777	-5141.936297742322
4038	-5161.868844792999	-5141.936297742322	-19.932547050677535	6.804541949634545	0.17972179879454545	-0.7868783781381053	-1.01721640458858	0.5304792418877718	-0.2117717525671848	1.7501428512020543	5.886928143176806	-8.31600794930777	-5141.936297742322
4040	-5161.868844792999	-5141.936297742322	-19.932547050677535	6.804541949634545	0.17972179879454545	-0.7868783781381053	-1.01721640458858	0.5304792418877718	-0.2117717525671848	1.7501428512020543	5.886928143176806	-8.31600794930777	-5141.936297742322
4042	-5161.868844792999	-5141.936297742322	-19.932547050677535	6.804541949634545	0.17972179879454545	-0.7868783781381053	-1.01721640458858	0.5304792418877718	-0.2117717525671848	1.7501428512020543	5.886928143176806	-8.31600794930777	-5141.936297742322
4044	-5161.868844792999	-5141.936297742322	-19.932547050677535	6.804541949634545	0.17972179879454545	-0.7868783781381053	-1.01721640458858	0.5304792418877718	-0.2117717525671848	1.7501428512020543	5.886928143176806	-8.31600794930777	-5141.936297742322
4046	-5163.199167173468	-5142.165554736086	-21.033612437381755	6.804541949634545	0.17972179879454545	-0.7868783781381053	-1.01721640458858	0.5304792418877718	-0.2117717525671848	1.927045058179845	6.487527825228279	-9.417073336011992	-5142.165554736086
4048	-5163.199167173468	-5142.165554736086	-21.033612437381755	6.804541949634545	0.17972179879454545	-0.7868783781381053	-1.01721640458858	0.5304792418877718	-0.2117717525671848	1.927045058179845	6.487527825228279	-9.417073336011992	-5142.165554736086
4050	-5163.471914678088	-5142.410193230461	-21.061721447627058	6.804541949634545	0.17972179879454545	-0.7868783781381053	-1.01721640458858	0.5304792418877718	-0.2117717525671848	1.927045058179845	6.490131285561482	-9.445182346257294	-5142.410193230461
4052	-5163.471914678088	-5142.410193230461	-21.061721447627058	6.804541949634545	0.17972179879454545	-0.7868783781381053	-1.01721640458858	0.5304792418877718	-0.2117717525671848	1.927045058179845	6.490131285561482	-9.445182346257294	-5142.410193230461
4054	-5163.471914678088	-5142.410193230461	-21.061721447627058	6.804541949634545	0.17972179879454545	-0.7868783781381053	-1.01721640458858	0.5304792418877718	-0.2117717525671848	1.927045058179845	6.490131285561482	-9.445182346257294	-5142.410193230461
4056	-5163.830754146551	-5142.769178749882	-21.061575396669188	6.804541949634545	0.17972179879454545	-0.7868783781381053	-1.01721640458858	0.5304792418877718	-0.2117717525671848	1.927045058179845	6.492145550859524	-9.445036295299422	-5142.769178749882
4058	-5163.830754146551	-5142.769178749882	-21.061575396669188	6.804541949634545	0.17972179879454545	-0.7868783781381053	-1.01721640458858	0.5304792418877718	-0.2117717525671848	1.927045058179845	6.492145550859524	-9.445036295299422	-5142.769178749882
4060	-5162.802088118221	-5143.09647838969	-19.705609728531666	6.804541949634545	0.17972179879454545	-0.7868783781381053	-1.01721640458858	0.49739958931516015	-0.2117717525671848	1.7102517733095417	5.7617767647988885	-8.130077837784455	-5143.09647838969
4062	-5162.3767475334425	-5141.719605991376	-20.657141542067126	6.804541949634545	0.17972179879454545	-0.7868783781381053	-1.01721640458858	0.49739958931516015	-0.2117717525671848	1.865692335590912	6.285450433224302	-9.081609651319916	-5141.719605991376
4064	-5162.343496428937	-5142.5010472635495	-19.84244916538817	6.804541949634545	0.17972179879454545	-0.7868783781381053	-1.01721640458858	0.49739958931516015	-0.2117717525671848	1.7327116204679665	5.83744318276022	-8.266917274640958	-5142.5010472635495
4066	-5162.343496428937	-5142.5010472635495	-19.84244916538817	6.804541949634545	0.17972179879454545	-0.7868783781381053	-1.01721640458858	0.49739958931516015	-0.2117717525671848	1.7327116204679665	5.83744318276022	-8.266917274640958	-5142.5010472635495
4068	-5162.343496428937	-5142.5010472635495	-19.84244916538817	6.804541949634545	0.17972179879454545	-0.7868783781381053	-1.01721640458858	0.49739958931516015	-0.2117717525671848	1.7327116204679665	5.83744318276022	-8.266917274640958	-5142.5010472635495
4070	-5162.163266087711	-5142.5010472635495	-19.66221882416167	6.804541949634545	0.17972179879454545	-0.7868783781381053	-1.01721640458858	0.21559722369705484	-0.2117717525671848	1.7327116204679665	5.83744318276022	-8.347288902843996	-5142.5010472635495
4072	-5162.099209094653	-5142.385878455327	-19.713330639326003	6.804541949634545	0.17972179879454545	-0.7868783781381053	-1.01721640458858	0.21559722369705484	-0.2117717525671848	1.7327116204679665	5.8517328583798305	-8.398400718008327	-5142.385878455327
4074	-5162.099209094653	-5142.385878455327	-19.713330639326003	6.804541949634545	0.17972179879454545	-0.7868783781381053	-1.01721640458858	0.21559722369705484	-0.2117717525671848	1.7327116204679665	5.8517328583798305	-8.398400718008327	-5142.385878455327
4076	-5163.127784581105	-5143.311611536229	-19.816173044875214	6.804541949634545	0.17972179879454545	-0.7868783781381053	-1.01721640458858	0.21559722369705484	-0.08409764630052725	1.7327116204679665	6.012225366141757	-8.547656736942676	-5143.311611536229
4078	-5166.668100153112	-5143.004437836805	-23.663662316307494	6.804541949634545	0.17972179879454545	-0.7868783781381053	-1.01721640458858	0.21559722369705484	-0.08409764630052725	4.394027012336159	11.339107384424825	-12.395146008374958	-5143.004437836805
4080	-5166.668100153112	-5143.004437836805	-23.663662316307494	6.804541949634545	0.17972179879454545	-0.7868783781381053	-1.01721640458858	0.21559722369705484	-0.08409764630052725	4.394027012336159	11.339107384424825	-12.395146008374958	-5143.004437836805
4082	-5166.860747465812	-5143.004437836805	-23.856309629006926	6.804541949634545	0.17972179879454545	-0.7868783781381053	-1.01721640458858	0.21559722369705484	-0.1645215426714308	4.394027012336159	11.339107384424825	-12.560456690353073	-5143.004437836805
4084	-5166.860747465812	-5143.004437836805	-23.856309629006926	6.804541949634545	0.17972179879454545	-0.7868783781381053	-1.01721640458858	0.21559722369705484	-0.1645215426714308	4.394027012336159	11.339107384424825	-12.560456690353073	-5143.004437836805
4086	-5166.860747465812	-5143.004437836805	-23.856309629006926	6.804541949634545	0.17972179879454545	-0.7868783781381053	-1.01721640458858	0.21559722369705484	-0.1645215426714308	4.394027012336159	11.339107384424825	-12.560456690353073	-5143.004437836805
4088	-5166.860747465812	-5143.004437836805	-23.856309629006926	6.804541949634545	0.17972179879454545	-0.7868783781381053	-1.01721640458858	0.21559722369705484	-0.1645215426714308	4.394027012336159	11.339107384424825	-12.560456690353073	-5143.004437836805
4090	-5166.860747465812	-5143.004437836805	-23.856309629006926	6.804541949634545	0.17972179879454545	-0.7868783781381053	-1.01721640458858	0.21559722369705484	-0.1645215426714308	4.394027012336159	11.339107384424825	-12.560456690353073	-5143.004437836805
4092	-5166.860747465812	-5143.004437836805	-23.856309629006926	6.804541949634545	0.17972179879454545	-0.7868783781381053	-1.01721640458858	0.21559722369705484	-0.1645215426714308	4.394027012336159	11.339107384424825	-12.560456690353073	-5143.004437836805
4094	-5167.066969526392	-5143.128541663776	-23.93842786261632	6.804541949634545	0.17972179879454545	-0.7868783781381053	-1.01721640458858	0.21559722369705484	-0.1645215426714308	4.394027012336159	11.358502714860013	-12.642574923962465	-5143.128541663776
4096	-5167.584867282395	-5143.128523536855	-24.456343745539982	6.804541949634545	0.17972179879454545	-0.7868783781381053	-1.01721640458858	0.21559722369705484	-0.1645215426714308	4.744816586235657	12.060081862659008	-13.16049080688613	-5143.128523536855
4098	-5163.667323111384	-5143.214444736383	-20.452878375000957	6.804541949634545	0.17972179879454545	-0.7868783781381053	-1.01721640458858	0.21559722369705484	-0.1645215426714308	2.033151929072611	6.6367525483329155	-9.157025436347103	-5143.214444736383
4100	-5164.6954094469465	-5144.223481995227	-20.47192745171934	6.804541949634545	0.17972179879454545	-0.7868783781381053	-1.01721640458858	0.21559722369705484	-0.1645215426714308	2.033151929072611	6.633433071624944	-9.176074513065487	-5144.223481995227
4102	-5164.890997355867	-5144.175908151037	-20.715089204829074	6.804541949634545	0.17972179879454545	-0.7868783781381053	-1.01721640458858	0.21559722369705484	-0.1645215426714308	2.1979216342192136	6.962972481918149	-9.41923626617522	-5144.175908151037
4104	-5164.890997355867	-5144.175908151037	-20.715089204829074	6.804541949634545	0.17972179879454545	-0.7868783781381053	-1.01721640458858	0.21559722369705484	-0.1645215426714308	2.1979216342192136	6.962972481918149	-9.41923626617522	-5144.175908151037
4106	-5165.39973716762	-5144.710460649723	-20.689276517896488	6.804541949634545	0.17972179879454545	-0.7868783781381053	-1.01721640458858	0.21559722369705484	-0.1645215426714308	2.1979216342192136	6.952983816770631	-9.393423579242635	-5144.710460649723
4108	-5165.338600932205	-5144.649775993916	-20.688824938288995	6.804541949634545	0.17972179879454545	-0.7868783781381053	-1.01721640458858	0.21559722369705484	-0.1645215426714308	2.1979216342192136	6.958185715760381	-9.392971999635144	-5144.649775993916
4110	-5165.338600932205	-5144.649775993916	-20.688824938288995	6.804541949634545	0.17972179879454545	-0.7868783781381053	-1.01721640458858	0.21559722369705484	-0.1645215426714308	2.1979216342192136	6.958185715760381	-9.392971999635144	-5144.649775993916
4112	-5168.557517082897	-5146.79127961673	-21.76623746616686	6.804541949634545	0.17972179879454545	-0.7868783781381053	-1.01721640458858	0.21559722369705484	-0.1645215426714308	2.3861501436576864	7.554079993919627	-10.470384527513007	-5146.79127961673
4114	-5168.557517082897	-5146.79127961673	-21.76623746616686	6.804541949634545	0.17972179879454545	-0.7868783781381053	-1.01721640458858	0.21559722369705484	-0.1645215426714308	2.3861501436576864	7.554079993919627	-10.470384527513007	-5146.79127961673
4116	-5165.506025951738	-5144.650711787035	-20.855314164702207	6.804541949634545	0.17972179879454545	-0.7868783781381053	-1.01721640458858	0.21559722369705484	-0.1645215426714308	2.227279176394644	7.051125894989054	-9.559461226048356	-5144.650711787035
4118	-5165.802791078938	-5144.650711787035	-21.15207929190265	6.804541949634545	0.17972179879454545	-0.7868783781381053	-1.01721640458858	0.21559722369705484	-0.36846069089313027	2.227279176394644	7.051125894989054	-9.757909667723824	-5144.650711787035
4120	-5165.196227835948	-5144.058040326022	-21.138187509926272	6.804541949634545	0.17972179879454545	-0.7868783781381053	-1.01721640458858	0.21559722369705484	-0.36846069089313027	2.227279176394644	7.007569364674422	-9.74401788574745	-5144.058040326022
4122	-5165.50292349261	-5144.393709755511	-21.109213737099164	6.804541949634545	0.17972179879454545	-0.7868783781381053	-1.01721640458858	0.21559722369705484	-0.36846069089313027	2.227279176394644	7.002889533978287	-9.715044112920342	-5144.393709755511
4124	-5165.50292349261	-5144.393709755511	-21.109213737099164	6.804541949634545	0.17972179879454545	-0.7868783781381053	-1.01721640458858	0.21559722369705484	-0.36846069089313027	2.227279176394644	7.002889533978287	-9.715044112920342	-5144.393709755511
4126	-5165.169119448433	-5144.027670562451	-21.141448885982058	6.804541949634545	0.17972179879454545	-0.7868783781381053	-1.01721640458858	0.21559722369705484	-0.36846069089313027	2.227279176394644	7.00808892227824	-9.747279261803234	-5144.027670562451
4128	-5165.438199642403	-5144.28983792254	-21.148361719863114	6.804541949634545	0.17972179879454545	-0.7868783781381053	-1.01721640458858	0.21559722369705484	-0.36846069089313027	2.227279176394644	7.017432910560123	-9.75419209568429	-5144.28983792254
4130	-5165.438199642403	-5144.28983792254	-21.148361719863114	6.804541949634545	0.17972179879454545	-0.7868783781381053	-1.01721640458858	0.21559722369705484	-0.36846069089313027	2.227279176394644	7.017432910560123	-9.75419209568429	-5144.28983792254
4132	-5164.895073371819	-5144.28983792254	-20.6052354492798	6.804541949634545	0.3966549731777387	-0.7868783781381053	-1.01721640458858	0.21559722369705484	-0.1282901644743471	2.227279176394644	7.017432910560123	-9.5762376798236	-5144.28983792254
4134	-5164.895073371819	-5144.28983792254	-20.6052354492798	6.804541949634545	0.3966549731777387	-0.7868783781381053	-1.01721640458858	0.21559722369705484	-0.1282901644743471	2.227279176394644	7.017432910560123	-9.5762376798236	-5144.28983792254
4136	-5162.223471980342	-5144.28983792254	-17.93363405780232	2.661647756996839	0.3966549731777387	-0.7868783781381053	-1.01721640458858	0.21559722369705484	-0.1282901644743471	2.227279176394644	7.017432910560123	-9.202690509343855	-5144.28983792254
4138	-5162.223471980342	-5144.28983792254	-17.93363405780232	2.661647756996839	0.3966549731777387	-0.7868783781381053	-1.01721640458858	0.21559722369705484	-0.1282901644743471	2.227279176394644	7.017432910560123	-9.202690509343855	-5144.28983792254
4140	-5162.223471980342	-5144.28983792254	-17.93363405780232	2.661647756996839	0.3966549731777387	-0.7868783781381053	-1.01721640458858	0.21559722369705484	-0.1282901644743471	2.227279176394644	7.017432910560123	-9.202690509343855	-5144.28983792254
4142	-5162.223471980342	-5144.28983792254	-17.93363405780232	2.661647756996839	0.3966549731777387	-0.7868783781381053	-1.01721640458858	0.21559722369705484	-0.1282901644743471	2.227279176394644	7.017432910560123	-9.202690509343855	-5144.28983792254
4144	-5162.258875420381	-5144.28983792254	-17.969037497840723	2.661647756996839	0.3966549731777387	-0.7868783781381053	-1.01721640458858	0.25369464759432436	-0.1282901644743471	2.227279176394644	7.017432910560123	-9.215327613252299	-5144.28983792254
4146	-5162.150013582485	-5144.28983792254	-17.860175659945853	2.661647756996839	0.3966549731777387	-0.7868783781381053	-1.01721640458858	0.11228152415376698	-0.1282901644743471	2.227279176394644	7.017432910560123	-9.176361521774165	-5144.28983792254
4148	-5162.150013582485	-5144.28983792254	-17.860175659945853	2.661647756996839	0.3966549731777387	-0.7868783781381053	-1.01721640458858	0.11228152415376698	-0.1282901644743471	2.227279176394644	7.017432910560123	-9.176361521774165	-5144.28983792254
4150	-5161.56916162446	-5144.28983792254	-17.27932370192003	1.8947312914402745	0.3966549731777387	-0.7868783781381053	-1.01721640458858	0.11228152415376698	-0.1282901644743471	2.227279176394644	7.017432910560123	-9.210335234377578	-5144.28983792254
4152	-5161.56916162446	-5144.28983792254	-17.27932370192003	1.8947312914402745	0.3966549731777387	-0.7868783781381053	-1.01721640458858	0.11228152415376698	-0.1282901644743471	2.227279176394644	7.017432910560123	-9.210335234377578	-5144.28983792254
4154	-5161.037871434246	-5144.28983792254	-16.74803351170653	1.2431792321629502	0.3966549731777387	-0.7868783781381053	-1.01721640458858	0.053314011158955794	-0.1282901644743471	2.227279176394644	7.017432910560123	-9.298298963616329	-5144.28983792254
4156	-5160.8981208607875	-5144.457661379878	-16.44045948090961	1.2431792321629502	0.3966549731777387	-0.6424354483051151	-1.01721640458858	0.053314011158955794	-0.1282901644743471	1.859527781893974	6.2819301215587835	-9.050249491808716	-5144.457661379878
4158	-5160.885174227549	-5144.457661379878	-16.42751284767097	1.2431792321629502	0.3966549731777387	-0.6424354483051151	-1.01721640458858	0.053314011158955794	-0.21630228033256152	1.859527781893974	6.2819301215587835	-9.017446424554981	-5144.457661379878
4160	-5161.5234961635	-5144.457661379878	-17.065834783621497	1.2431792321629502	0.9087332042121691	-0.6424354483051151	-1.01721640458858	0.053314011158955794	-0.21630228033256152	1.859527781893974	6.2819301215587835	-9.24972840481708	-5144.457661379878
4162	-5162.8449879122745	-5144.457661379878	-18.38732653239677	2.7379129813816547	0.9087332042121691	-0.27899673151103294	-1.01721640458858	0.053314011158955794	-0.21630228033256152	1.859527781893974	6.2819301215587835	-9.263353222082142	-5144.457661379878
4164	-5162.861203298189	-5144.457661379878	-18.40354191831096	2.7379129813816547	0.9087332042121691	-0.7326068016917548	-1.01721640458858	0.053314011158955794	-0.21630228033256152	1.859527781893974	6.2819301215587835	-9.282114662979556	-5144.457661379878
4166	-5162.861203298189	-5144.457661379878	-18.40354191831096	2.7379129813816547	0.9087332042121691	-0.7326068016917548	-1.01721640458858	0.053314011158955794	-0.21630228033256152	1.859527781893974	6.2819301215587835	-9.282114662979556	-5144.457661379878
4168	-5162.983926616935	-5145.024514002965	-17.95941261397042	2.7379129813816547	0.9087332042121691	-0.7326068016917548	-1.01721640458858	0.053314011158955794	-0.21630228033256152	1.772272929645388	5.98716233700099	-8.837985358639017	-5145.024514002965
4170	-5162.983926616935	-5145.024514002965	-17.95941261397042	2.7379129813816547	0.9087332042121691	-0.7326068016917548	-1.01721640458858	0.053314011158955794	-0.21630228033256152	1.772272929645388	5.98716233700099	-8.837985358639017	-5145.024514002965
4172	-5162.764804135345	-5144.888355665187	-17.876448470157666	2.7379129813816547	0.9087332042121691	-0.7326068016917548	-1.01721640458858	0.053314011158955794	-0.21630228033256152	1.772272929645388	5.932038026714998	-8.755021214826261	-5144.888355665187
4174	-5162.764804135345	-5144.888355665187	-17.876448470157666	2.7379129813816547	0.9087332042121691	-0.7326068016917548	-1.01721640458858	0.053314011158955794	-0.21630228033256152	1.772272929645388	5.932038026714998	-8.755021214826261	-5144.888355665187
4176	-5162.764804135345	-5144.888355665187	-17.876448470157666	2.7379129813816547	0.9087332042121691	-0.7326068016917548	-1.01721640458858	0.053314011158955794	-0.21630228033256152	1.772272929645388	5.932038026714998	-8.755021214826261	-5144.888355665187
4178	-5162.764804135345	-5144.888355665187	-17.876448470157666	2.7379129813816547	0.9087332042121691	-0.7326068016917548	-1.01721640458858	0.053314011158955794	-0.21630228033256152	1.772272929645388	5.932038026714998	-8.755021214826261	-5144.888355665187
4180	-5162.804646352997	-5144.883752144455	-17.920894208542595	2.7379129813816547	0.9087332042121691	-0.7326068016917548	-1.01721640458858	0.053314011158955794	-0.21630228033256152	1.772272929645388	5.961553506581529	-8.79946695321119	-5144.883752144455
4182	-5162.804646352997	-5144.883752144455	-17.920894208542595	2.7379129813816547	0.9087332042121691	-0.7326068016917548	-1.01721640458858	0.053314011158955794	-0.21630228033256152	1.772272929645388	5.961553506581529	-8.79946695321119	-5144.883752144455
4184	-5162.804646352997	-5144.883752144455	-17.920894208542595	2.7379129813816547	0.9087332042121691	-0.7326068016917548	-1.01721640458858	0.053314011158955794	-0.21630228033256152	1.772272929645388	5.961553506581529	-8.79946695321119	-5144.883752144455
4186	-5162.804646352997	-5144.883752144455	-17.920894208542595	2.7379129813816547	0.9087332042121691	-0.7326068016917548	-1.01721640458858	0.053314011158955794	-0.21630228033256152	1.772272929645388	5.961553506581529	-8.79946695321119	-5144.883752144455
4188	-5162.804646352997	-5144.883752144455	-17.920894208542595	2.7379129813816547	0.9087332042121691	-0.7326068016917548	-1.01721640458858	0.053314011158955794	-0.21630228033256152	1.772272929645388	5.961553506581529	-8.79946695321119	-5144.883752144455
4190	-5162.804646352997	-5144.883752144455	-17.920894208542595	2.7379129813816547	0.9087332042121691	-0.7326068016917548	-1.01721640458858	0.053314011158955794	-0.21630228033256152	1.772272929645388	5.961553506581529	-8.79946695321119	-5144.883752144455
4192	-5162.804646352997	-5144.883752144455	-17.920894208542595	2.7379129813816547	0.9087332042121691	-0.7326068016917548	-1.01721640458858	0.053314011158955794	-0.21630228033256152	1.772272929645388	5.961553506581529	-8.79946695321119	-5144.883752144455
4194	-5162.804646352997	-5144.883752144455	-17.920894208542595	2.7379129813816547	0.9087332042121691	-0.7326068016917548	-1.01721640458858	0.053314011158955794	-0.21630228033256152	1.772272929645388	5.961553506581529	-8.79946695321119	-5144.883752144455
4196	-5162.200838013268	-5143.967683597686	-18.233154415582398	2.7379129813816547	0.9087332042121691	-0.7326068016917548	-1.01721640458858	0.053314011158955794	-0.21630228033256152	1.8474377069963763	6.168590291298424	-9.111727160250993	-5143.967683597686
4198	-5162.200838013268	-5143.967683597686	-18.233154415582398	2.7379129813816547	0.9087332042121691	-0.7326068016917548	-1.01721640458858	0.053314011158955794	-0.21630228033256152	1.8474377069963763	6.168590291298424	-9.111727160250993	-5143.967683597686
4200	-5162.200838013268	-5143.967683597686	-18.233154415582398	2.7379129813816547	0.9087332042121691	-0.7326068016917548	-1.01721640458858	0.053314011158955794	-0.21630228033256152	1.8474377069963763	6.168590291298424	-9.111727160250993	-5143.967683597686
4202	-5162.200838013268	-5143.967683597686	-18.233154415582398	2.7379129813816547	0.9087332042121691	-0.7326068016917548	-1.01721640458858	0.053314011158955794	-0.21630228033256152	1.8474377069963763	6.168590291298424	-9.111727160250993	-5143.967683597686
4204	-5162.200838013268	-5143.967683597686	-18.233154415582398	2.7379129813816547	0.9087332042121691	-0.7326068016917548	-1.01721640458858	0.053314011158955794	-0.21630228033256152	1.8474377069963763	6.168590291298424	-9.111727160250993	-5143.967683597686
4206	-5162.200838013268	-5143.967683597686	-18.233154415582398	2.7379129813816547	0.9087332042121691	-0.7326068016917548	-1.01721640458858	0.053314011158955794	-0.21630228033256152	1.8474377069963763	6.168590291298424	-9.111727160250993	-5143.967683597686
4208	-5162.200838013268	-5143.967683597686	-18.233154415582398	2.7379129813816547	0.9087332042121691	-0.7326068016917548	-1.01721640458858	0.053314011158955794	-0.21630228033256152	1.8474377069963763	6.168590291298424	-9.111727160250993	-5143.967683597686
4210	-5162.200838013268	-5143.967683597686	-18.233154415582398	2.7379129813816547	0.9087332042121691	-0.7326068016917548	-1.01721640458858	0.053314011158955794	-0.21630228033256152	1.8474377069963763	6.168590291298424	-9.111727160250993	-5143.967683597686
4212	-5162.200838013268	-5143.967683597686	-18.233154415582398	2.7379129813816547	0.9087332042121691	-0.7326068016917548	-1.01721640458858	0.053314011158955794	-0.21630228033256152	1.8474377069963763	6.168590291298424	-9.111727160250993	-5143.967683597686
4214	-5163.5165236307585	-5143.967683597686	-19.54884003307226	2.7379129813816547	0.9087332042121691	-1.5393421782294296	-1.01721640458858	0.053314011158955794	-0.21630228033256152	1.8474377069963763	6.168590291298424	-9.415175621125819	-5143.967683597686
4216	-5162.242877396583	-5142.8530628934395	-19.389814503143445	2.7379129813816547	0.9087332042121691	-1.5393421782294296	-1.01721640458858	0.053314011158955794	-0.21630228033256152	1.7603989926196597	5.977645090963972	-9.256150091197004	-5142.8530628934395
4218	-5161.945103131858	-5142.522269436261	-19.42283369559653	2.7379129813816547	0.9087332042121691	-1.5393421782294296	-1.01721640458858	0.053314011158955794	-0.21630228033256152	1.7603989926196597	5.982004700991303	-9.289169283650091	-5142.522269436261
4220	-5161.945103131858	-5142.522269436261	-19.42283369559653	2.7379129813816547	0.9087332042121691	-1.5393421782294296	-1.01721640458858	0.053314011158955794	-0.21630228033256152	1.7603989926196597	5.982004700991303	-9.289169283650091	-5142.522269436261
4222	-5161.945103131858	-5142.522269436261	-19.42283369559653	2.7379129813816547	0.9087332042121691	-1.5393421782294296	-1.01721640458858	0.053314011158955794	-0.21630228033256152	1.7603989926196597	5.982004700991303	-9.289169283650091	-5142.522269436261
4224	-5161.945103131858	-5142.522269436261	-19.42283369559653	2.7379129813816547	0.9087332042121691	-1.5393421782294296	-1.01721640458858	0.053314011158955794	-0.21630228033256152	1.7603989926196597	5.982004700991303	-9.289169283650091	-5142.522269436261
4226	-5161.875792248309	-5142.3882765694025	-19.487515678906814	2.7379129813816547	0.9087332042121691	-1.5393421782294296	-1.01721640458858	0.12306393578515834	-0.21630228033256152	1.7603989926196597	5.992303891539302	-9.326461850705627	-5142.3882765694025
4228	-5161.875792248309	-5142.3882765694025	-19.487515678906814	2.7379129813816547	0.9087332042121691	-1.5393421782294296	-1.01721640458858	0.12306393578515834	-0.21630228033256152	1.7603989926196597	5.992303891539302	-9.326461850705627	-5142.3882765694025
4230	-5162.1409607354035	-5142.610473184247	-19.53048755115684	2.7379129813816547	0.9087332042121691	-1.5393421782294296	-1.01721640458858	0.12306393578515834	-0.21630228033256152	1.7603989926196597	6.008164961814029	-9.369433722955653	-5142.610473184247
4232	-5162.1409607354035	-5142.610473184247	-19.53048755115684	2.7379129813816547	0.9087332042121691	-1.5393421782294296	-1.01721640458858	0.12306393578515834	-0.21630228033256152	1.7603989926196597	6.008164961814029	-9.369433722955653	-5142.610473184247
4234	-5160.8515648801995	-5142.610473184247	-18.24109169595234	2.7379129813816547	0.9087332042121691	-0.7743138174633737	-1.01721640458858	0.12306393578515834	-0.21630228033256152	1.7603989926196597	6.008164961814029	-9.071850922965831	-5142.610473184247
4236	-5160.8515648801995	-5142.610473184247	-18.24109169595234	2.7379129813816547	0.9087332042121691	-0.7743138174633737	-1.01721640458858	0.12306393578515834	-0.21630228033256152	1.7603989926196597	6.008164961814029	-9.071850922965831	-5142.610473184247
4238	-5160.756853685353	-5142.477124753896	-18.27972893145806	2.7379129813816547	0.9087332042121691	-0.7743138174633737	-1.01721640458858	0.12306393578515834	-0.21630228033256152	1.7603989926196597	6.034215150887294	-9.110488158471552	-5142.477124753896
4240	-5161.131177823959	-5143.006245235226	-18.12493258873288	2.7379129813816547	0.9087332042121691	-0.7743138174633737	-1.01721640458858	0.12306393578515834	-0.21630228033256152	1.5519914089193207	5.617399983486616	-8.955691815746372	-5143.006245235226
4242	-5161.131177823959	-5143.006245235226	-18.12493258873288	2.7379129813816547	0.9087332042121691	-0.7743138174633737	-1.01721640458858	0.12306393578515834	-0.21630228033256152	1.5519914089193207	5.617399983486616	-8.955691815746372	-5143.006245235226
4244	-5161.131177823959	-5143.006245235226	-18.12493258873288	2.7379129813816547	0.9087332042121691	-0.7743138174633737	-1.01721640458858	0.12306393578515834	-0.21630228033256152	1.5519914089193207	5.617399983486616	-8.955691815746372	-5143.006245235226
4246	-5161.6794900706645	-5142.226675245718	-19.45281482494612	2.7379129813816547	0.9087332042121691	-0.7743138174633737	-1.01721640458858	0.12306393578515834	-0.21630228033256152	3.34116500997726	9.195747185602496	-10.283574051959613	-5142.226675245718
4248	-5161.6794900706645	-5142.226675245718	-19.45281482494612	2.7379129813816547	0.9087332042121691	-0.7743138174633737	-1.01721640458858	0.12306393578515834	-0.21630228033256152	3.34116500997726	9.195747185602496	-10.283574051959613	-5142.226675245718
4250	-5160.901465902319	-5142.226675245718	-18.67479065660101	2.7379129813816547	0.3634203631248635	-0.7743138174633737	-1.01721640458858	0.12306393578515834	-0.21630228033256152	3.34116500997726	9.195747185602496	-9.914351393124008	-5142.226675245718
4252	-5160.901465902319	-5142.226675245718	-18.67479065660101	2.7379129813816547	0.3634203631248635	-0.7743138174633737	-1.01721640458858	0.12306393578515834	-0.21630228033256152	3.34116500997726	9.195747185602496	-9.914351393124008	-5142.226675245718
4254	-5160.748330095214	-5142.096779729306	-18.65155036590817	2.7379129813816547	0.3634203631248635	-0.7743138174633737	-1.01721640458858	0.12306393578515834	-0.21630228033256152	3.34116500997726	9.185796801385603	-9.891111102431166	-5142.096779729306
4256	-5160.748330095214	-5142.096779729306	-18.65155036590817	2.7379129813816547	0.3634203631248635	-0.7743138174633737	-1.01721640458858	0.12306393578515834	-0.21630228033256152	3.34116500997726	9.185796801385603	-9.891111102431166	-5142.096779729306
4258	-5161.425731448634	-5142.766110259377	-18.659621189257628	2.7379129813816547	0.3634203631248635	-0.7743138174633737	-1.01721640458858	0.12306393578515834	-0.21630228033256152	3.34116500997726	9.195969720490101	-9.899181925780622	-5142.766110259377
4260	-5161.125603498894	-5142.765947754308	-18.359655744585016	2.7379129813816547	0.3634203631248635	-0.7743138174633737	-1.01721640458858	0.12306393578515834	-0.21630228033256152	2.9963986780159866	8.506437056567552	-9.59921648110801	-5142.765947754308
4262	-5162.1190403184855	-5144.480878226412	-17.6381620920734	2.7379129813816547	0.3634203631248635	-0.7743138174633737	-1.01721640458858	0.12306393578515834	-0.21630228033256152	2.789209241177414	7.918249671429615	-8.877722828596395	-5144.480878226412
4264	-5163.620119673646	-5144.4822294843325	-19.137890189313445	2.7379129813816547	0.3634203631248635	-0.7743138174633737	-1.01721640458858	0.12306393578515834	-0.21630228033256152	4.514996171008046	11.369823531090878	-10.377450925836442	-5144.4822294843325
4266	-5163.620119673646	-5144.4822294843325	-19.137890189313445	2.7379129813816547	0.3634203631248635	-0.7743138174633737	-1.01721640458858	0.12306393578515834	-0.21630228033256152	4.514996171008046	11.369823531090878	-10.377450925836442	-5144.4822294843325
4268	-5163.620119673646	-5144.4822294843325	-19.137890189313445	2.7379129813816547	0.3634203631248635	-0.7743138174633737	-1.01721640458858	0.12306393578515834	-0.21630228033256152	4.514996171008046	11.369823531090878	-10.377450925836442	-5144.4822294843325
4270	-5163.859044828435	-5144.482241911828	-19.37680291660683	2.7379129813816547	0.3634203631248635	-0.7743138174633737	-1.01721640458858	0.12306393578515834	-0.21630228033256152	4.790126057235423	11.920083303545635	-10.616363653129829	-5144.482241911828
4272	-5163.859044828435	-5144.482241911828	-19.37680291660683	2.7379129813816547	0.3634203631248635	-0.7743138174633737	-1.01721640458858	0.12306393578515834	-0.21630228033256152	4.790126057235423	11.920083303545635	-10.616363653129829	-5144.482241911828
4274	-5163.852327294357	-5144.482241911828	-19.370085382528046	2.7379129813816547	0.3634203631248635	-0.7743138174633737	-1.01721640458858	0.3028820253793566	-0.21630228033256152	4.790126057235423	11.920083303545635	-10.494158267219804	-5144.482241911828
4276	-5163.852327294357	-5144.482241911828	-19.370085382528046	2.7379129813816547	0.3634203631248635	-0.7743138174633737	-1.01721640458858	0.3028820253793566	-0.21630228033256152	4.790126057235423	11.920083303545635	-10.494158267219804	-5144.482241911828
4278	-5163.552004403067	-5143.102272440107	-20.449731962960122	2.7379129813816547	0.3634203631248635	-0.7743138174633737	-1.01721640458858	0.3028820253793566	-0.21630228033256152	5.270123562466919	13.114542526432073	-11.57380484765188	-5143.102272440107
4280	-5164.183737240969	-5143.554003671546	-20.629733569423294	2.7379129813816547	0.3634203631248635	-0.7743138174633737	-1.01721640458858	0.3028820253793566	-0.21630228033256152	5.350849823468078	13.315427376730344	-11.75380645411505	-5143.554003671546
4282	-5164.7838902081085	-5142.924935341059	-21.858954867050052	2.7379129813816547	0.3634203631248635	-0.7743138174633737	-1.9715431824419436	0.3028820253793566	-0.21630228033256152	5.350849823468078	13.308269917192128	-12.295849508974372	-5142.924935341059
4284	-5164.862066206489	-5142.924935341059	-21.937130865430237	2.7379129813816547	0.3634203631248635	-0.7743138174633737	-1.9715431824419436	0.6082850781872511	-0.21630228033256152	5.350849823468078	13.308269917192128	-12.029692915564318	-5142.924935341059
4286	-5164.70181394896	-5142.809150855211	-21.892663093749675	2.7379129813816547	0.3634203631248635	-0.7743138174633737	-1.9715431824419436	0.6082850781872511	-0.21630228033256152	5.350849823468078	13.305561928751896	-11.985225143883756	-5142.809150855211
4288	-5164.835721886136	-5142.926478365559	-21.909243520576464	2.7379129813816547	0.3634203631248635	-0.7743138174633737	-1.9715431824419436	0.6082850781872511	-0.21630228033256152	5.350849823468078	13.311720142323743	-12.001805570710543	-5142.926478365559
4290	-5165.771923260875	-5142.926478365559	-22.845444895316053	2.7379129813816547	0.3634203631248635	-1.494326376615393	-1.9715431824419436	0.6082850781872511	-0.21630228033256152	5.350849823468078	13.311720142323743	-12.724093365785084	-5142.926478365559
4292	-5164.650464887511	-5142.79266121513	-21.857803672381408	2.7379129813816547	0.3634203631248635	-1.494326376615393	-1.9715431824419436	0.6082850781872511	-0.21630228033256152	4.953285034864495	12.322667677961569	-11.736452142850442	-5142.79266121513
4294	-5164.397081534162	-5142.792652075888	-21.604429458273053	2.7379129813816547	0.3634203631248635	-1.494326376615393	-1.9715431824419436	0.6082850781872511	-0.21630228033256152	4.600579794793796	11.617257197820173	-11.483077928742086	-5142.792652075888
4296	-5164.397081534162	-5142.792652075888	-21.604429458273053	2.7379129813816547	0.3634203631248635	-1.494326376615393	-1.9715431824419436	0.6082850781872511	-0.21630228033256152	4.600579794793796	11.617257197820173	-11.483077928742086	-5142.792652075888
4298	-5162.55550342399	-5142.9411643383455	-19.614339085643774	2.7379129813816547	0.3634203631248635	-1.494326376615393	-1.9715431824419436	0.6082850781872511	-0.21630228033256152	1.835598197523214	6.087294003279007	-9.492987556112809	-5142.9411643383455
4300	-5165.650224497619	-5142.9411643383455	-22.70906015927323	2.7379129813816547	0.3634203631248635	-1.494326376615393	-1.9715431824419436	1.5282619322640307	-0.21630228033256152	1.835598197523214	6.087294003279007	-10.423141741090163	-5142.9411643383455
4302	-5165.650224497619	-5142.9411643383455	-22.70906015927323	2.7379129813816547	0.3634203631248635	-1.494326376615393	-1.9715431824419436	1.5282619322640307	-0.21630228033256152	1.835598197523214	6.087294003279007	-10.423141741090163	-5142.9411643383455
4304	-5165.650224497619	-5142.9411643383455	-22.70906015927323	2.7379129813816547	0.3634203631248635	-1.494326376615393	-1.9715431824419436	1.5282619322640307	-0.21630228033256152	1.835598197523214	6.087294003279007	-10.423141741090163	-5142.9411643383455
4306	-5165.791324079659	-5143.156405023786	-22.63491905587292	2.7379129813816547	0.3634203631248635	-1.494326376615393	-1.9715431824419436	1.5282619322640307	-0.21630228033256152	1.835598197523214	6.082877367528738	-10.34900063768985	-5143.156405023786
4308	-5166.000000813285	-5143.38502511419	-22.6149756990947	2.7379129813816547	0.3634203631248635	-1.494326376615393	-1.9715431824419436	1.5282619322640307	-0.21630228033256152	1.835598197523214	6.06273490625268	-10.329057280911632	-5143.38502511419
4310	-5166.000000813285	-5143.38502511419	-22.6149756990947	2.7379129813816547	0.3634203631248635	-1.494326376615393	-1.9715431824419436	1.5282619322640307	-0.21630228033256152	1.835598197523214	6.06273490625268	-10.329057280911632	-5143.38502511419
4312	-5165.524595008724	-5142.794345278437	-22.730249730286978	2.7379129813816547	0.3634203631248635	-1.494326376615393	-1.9715431824419436	1.5282619322640307	-0.21630228033256152	1.835598197523214	6.074112027603792	-10.444331312103913	-5142.794345278437
4314	-5165.524595008724	-5142.794345278437	-22.730249730286978	2.7379129813816547	0.3634203631248635	-1.494326376615393	-1.9715431824419436	1.5282619322640307	-0.21630228033256152	1.835598197523214	6.074112027603792	-10.444331312103913	-5142.794345278437
4316	-5165.898863497814	-5143.2964423844705	-22.602421113343844	2.7379129813816547	0.3634203631248635	-1.494326376615393	-1.9715431824419436	1.5282619322640307	-0.21630228033256152	1.5689703150439975	5.540856262645359	-10.316502695160775	-5143.2964423844705
4318	-5165.898863497814	-5143.2964423844705	-22.602421113343844	2.7379129813816547	0.3634203631248635	-1.494326376615393	-1.9715431824419436	1.5282619322640307	-0.21630228033256152	1.5689703150439975	5.540856262645359	-10.316502695160775	-5143.2964423844705
4320	-5166.560774510339	-5143.993139175462	-22.5676353348774	2.7379129813816547	0.3634203631248635	-1.494326376615393	-1.9715431824419436	1.5282619322640307	-0.21630228033256152	1.5689703150439975	5.50626957652054	-10.281716916694332	-5143.993139175462
4322	-5166.560774510339	-5143.993139175462	-22.5676353348774	2.7379129813816547	0.3634203631248635	-1.494326376615393	-1.9715431824419436	1.5282619322640307	-0.21630228033256152	1.5689703150439975	5.50626957652054	-10.281716916694332	-5143.993139175462
4324	-5166.560774510339	-5143.993139175462	-22.5676353348774	2.7379129813816547	0.3634203631248635	-1.494326376615393	-1.9715431824419436	1.5282619322640307	-0.21630228033256152	1.5689703150439975	5.50626957652054	-10.281716916694332	-5143.993139175462
4326	-5166.560774510339	-5143.993139175462	-22.5676353348774	2.7379129813816547	0.3634203631248635	-1.494326376615393	-1.9715431824419436	1.5282619322640307	-0.21630228033256152	1.5689703150439975	5.50626957652054	-10.281716916694332	-5143.993139175462
4328	-5166.5971744567305	-5143.911820467268	-22.685353989462627	2.7379129813816547	0.3634203631248635	-1.494326376615393	-0.816361656621852	1.5282619322640307	-0.21630228033256152	1.7206581983778957	6.038615134062093	-10.283485430383248	-5143.911820467268
4330	-5166.576027922525	-5143.899334312865	-22.676693609660205	2.7379129813816547	0.3634203631248635	-1.494326376615393	-0.816361656621852	1.5282619322640307	-0.21630228033256152	1.7206581983778957	6.028293752155017	-10.274825050580823	-5143.899334312865
4332	-5166.5295570645485	-5143.80535029525	-22.724206769298377	2.7379129813816547	0.3634203631248635	-1.494326376615393	-0.816361656621852	1.5282619322640307	-0.21630228033256152	1.7206581983778957	6.032033989095817	-10.322338210218994	-5143.80535029525
4334	-5166.518083742245	-5143.80535029525	-22.71273344699467	2.7379129813816547	0.3634203631248635	-1.494326376615393	-0.816361656621852	1.5282619322640307	-0.13369923668111341	1.7206581983778957	6.032033989095817	-10.451559570310916	-5143.80535029525
4336	-5165.532352244438	-5143.292802317052	-22.239549927385838	2.7379129813816547	0.3634203631248635	-1.494326376615393	-0.816361656621852	1.5282619322640307	-0.13369923668111341	1.606041335054805	5.630226810923995	-9.978376050702087	-5143.292802317052
4338	-5165.532352244438	-5143.292802317052	-22.239549927385838	2.7379129813816547	0.3634203631248635	-1.494326376615393	-0.816361656621852	1.5282619322640307	-0.13369923668111341	1.606041335054805	5.630226810923995	-9.978376050702087	-5143.292802317052
4340	-5165.4481001244985	-5143.22364503739	-22.224455087108595	2.7379129813816547	0.3634203631248635	-1.494326376615393	-0.816361656621852	1.5282619322640307	-0.13369923668111341	1.606041335054805	5.6221081697624635	-9.963281210424846	-5143.22364503739
4342	-5165.4481001244985	-5143.22364503739	-22.224455087108595	2.7379129813816547	0.3634203631248635	-1.494326376615393	-0.816361656621852	1.5282619322640307	-0.13369923668111341	1.606041335054805	5.6221081697624635	-9.963281210424846	-5143.22364503739
4344	-5165.4481001244985	-5143.22364503739	-22.224455087108595	2.7379129813816547	0.3634203631248635	-1.494326376615393	-0.816361656621852	1.5282619322640307	-0.13369923668111341	1.606041335054805	5.6221081697624635	-9.963281210424846	-5143.22364503739
4346	-5165.530244061879	-5143.3221134895075	-22.20813057237178	2.7379129813816547	0.3634203631248635	-1.494326376615393	-0.816361656621852	1.5282619322640307	-0.13369923668111341	1.606041335054805	5.619823710400657	-9.94695669568803	-5143.3221134895075
4348	-5169.223569662931	-5147.4972120395205	-21.72635762341043	2.7379129813816547	0.3634203631248635	-1.494326376615393	-0.816361656621852	1.5282619322640307	-0.13369923668111341	1.4898791954995532	5.213351764831959	-9.46518374672668	-5147.4972120395205
4350	-5167.9205208007625	-5146.153784881441	-21.766735919320837	2.7379129813816547	0.3634203631248635	-1.494326376615393	-0.816361656621852	1.5282619322640307	-0.13369923668111341	1.4898791954995532	5.258879172127917	-9.505562042637088	-5146.153784881441
4352	-5167.9205208007625	-5146.153784881441	-21.766735919320837	2.7379129813816547	0.3634203631248635	-1.494326376615393	-0.816361656621852	1.5282619322640307	-0.13369923668111341	1.4898791954995532	5.258879172127917	-9.505562042637088	-5146.153784881441
4354	-5168.5019197411775	-5146.644557318538	-21.857362422638808	2.7379129813816547	0.3634203631248635	-1.494326376615393	-0.816361656621852	1.5282619322640307	-0.13369923668111341	1.4898791954995532	5.308450687089908	-9.596188545955059	-5146.644557318538
4356	-5167.342721236247	-5146.644557318538	-20.698163917708563	2.7379129813816547	0.3634203631248635	-0.7244404955687024	-0.816361656621852	1.5282619322640307	-0.13369923668111341	1.4898791954995532	5.308450687089908	-9.516682015992423	-5146.644557318538
4358	-5167.342721236247	-5146.644557318538	-20.698163917708563	2.7379129813816547	0.3634203631248635	-0.7244404955687024	-0.816361656621852	1.5282619322640307	-0.13369923668111341	1.4898791954995532	5.308450687089908	-9.516682015992423	-5146.644557318538
4360	-5166.096276110285	-5144.699042246013	-21.397233864271392	2.7379129813816547	0.3634203631248635	-0.7244404955687024	-0.816361656621852	1.5282619322640307	-0.13369923668111341	1.681624817458589	5.991641768426964	-10.215751962555252	-5144.699042246013
4362	-5166.096276110285	-5144.699042246013	-21.397233864271392	2.7379129813816547	0.3634203631248635	-0.7244404955687024	-0.816361656621852	1.5282619322640307	-0.13369923668111341	1.681624817458589	5.991641768426964	-10.215751962555252	-5144.699042246013
4364	-5166.034307413742	-5145.189847455081	-20.844459958661226	2.7379129813816547	0.3634203631248635	-0.7244404955687024	-0.816361656621852	1.5282619322640307	-0.13369923668111341	1.5301393968782384	5.451898084916952	-9.662978056945086	-5145.189847455081
4366	-5166.034307413742	-5145.189847455081	-20.844459958661226	2.7379129813816547	0.3634203631248635	-0.7244404955687024	-0.816361656621852	1.5282619322640307	-0.13369923668111341	1.5301393968782384	5.451898084916952	-9.662978056945086	-5145.189847455081
4368	-5166.034307413742	-5145.189847455081	-20.844459958661226	2.7379129813816547	0.3634203631248635	-0.7244404955687024	-0.816361656621852	1.5282619322640307	-0.13369923668111341	1.5301393968782384	5.451898084916952	-9.662978056945086	-5145.189847455081
4370	-5166.076464223791	-5145.2489699598955	-20.82749426389548	2.7379129813816547	0.3634203631248635	-0.7244404955687024	-0.816361656621852	1.5282619322640307	-0.13369923668111341	1.5301393968782384	5.449628791188056	-9.646012362179343	-5145.2489699598955
4372	-5167.4824656866485	-5145.2489699598955	-22.233495726752857	2.7379129813816547	0.9823846802668448	-0.7244404955687024	-0.816361656621852	1.5282619322640307	-0.13369923668111341	1.5301393968782384	5.449628791188056	-10.569702573437084	-5145.2489699598955
4374	-5167.4824656866485	-5145.2489699598955	-22.233495726752857	2.7379129813816547	0.9823846802668448	-0.7244404955687024	-0.816361656621852	1.5282619322640307	-0.13369923668111341	1.5301393968782384	5.449628791188056	-10.569702573437084	-5145.2489699598955
4376	-5168.290769304422	-5145.2489699598955	-23.04179934452619	3.915083291835587	0.9823846802668448	-0.7244404955687024	-0.816361656621852	1.5282619322640307	-0.13369923668111341	1.5301393968782384	5.449628791188056	-10.596197888657063	-5145.2489699598955
4378	-5168.290769304422	-5145.2489699598955	-23.04179934452619	3.915083291835587	0.9823846802668448	-0.7244404955687024	-0.816361656621852	1.5282619322640307	-0.13369923668111341	1.5301393968782384	5.449628791188056	-10.596197888657063	-5145.2489699598955
4380	-5168.7547304945365	-5145.753511331586	-23.00121916294995	3.915083291835587	0.9823846802668448	-0.7244404955687024	-0.816361656621852	1.5282619322640307	-0.13369923668111341	1.5301393968782384	5.4437995300623765	-10.555617707080822	-5145.753511331586
4382	-5168.5079442393435	-5145.444812345283	-23.06313189406029	3.915083291835587	0.9823846802668448	-0.7244404955687024	-0.816361656621852	1.5282619322640307	-0.13369923668111341	1.5301393968782384	5.518840024055907	-10.617530438191165	-5145.444812345283
4384	-5168.5079442393435	-5145.444812345283	-23.06313189406029	3.915083291835587	0.9823846802668448	-0.7244404955687024	-0.816361656621852	1.5282619322640307	-0.13369923668111341	1.5301393968782384	5.518840024055907	-10.617530438191165	-5145.444812345283
4386	-5168.539840720232	-5145.444812345283	-23.095028374948566	3.915083291835587	0.9823846802668448	-0.7244404955687024	-0.816361656621852	1.5282619322640307	-0.056644792693035566	1.5301393968782384	5.518840024055907	-10.774519719213126	-5145.444812345283
4388	-5168.349968446913	-5145.444812345283	-22.90515610163024	1.9742810667299813	0.9823846802668448	-0.7244404955687024	-2.026229790945375	1.5282619322640307	-0.056644792693035566	1.5301393968782384	5.518840024055907	-11.126227323018037	-5145.444812345283
4390	-5168.349968446913	-5145.444812345283	-22.90515610163024	1.9742810667299813	0.9823846802668448	-0.7244404955687024	-2.026229790945375	1.5282619322640307	-0.056644792693035566	1.5301393968782384	5.518840024055907	-11.126227323018037	-5145.444812345283
4392	-5167.419856523734	-5145.444812345283	-21.975044178451014	1.0369444282628906	0.9823846802668448	-0.7244404955687024	-2.026229790945375	1.5282619322640307	-0.056644792693035566	1.5301393968782384	5.518840024055907	-11.070722272509055	-5145.444812345283
4394	-5167.419856523734	-5145.444812345283	-21.975044178451014	1.0369444282628906	0.9823846802668448	-0.7244404955687024	-2.026229790945375	1.5282619322640307	-0.056644792693035566	1.5301393968782384	5.518840024055907	-11.070722272509055	-5145.444812345283
4396	-5167.419856523734	-5145.444812345283	-21.975044178451014	1.0369444282628906	0.9823846802668448	-0.7244404955687024	-2.026229790945375	1.5282619322640307	-0.056644792693035566	1.5301393968782384	5.518840024055907	-11.070722272509055	-5145.444812345283
4398	-5167.463085528952	-5144.914869345491	-22.548216183462024	1.0369444282628906	0.9823846802668448	-0.7244404955687024	-2.026229790945375	1.5282619322640307	-0.056644792693035566	1.6461439206357626	5.9372400796264735	-11.643894277520065	-5144.914869345491
4400	-5167.463085528952	-5144.914869345491	-22.548216183462024	1.0369444282628906	0.9823846802668448	-0.7244404955687024	-2.026229790945375	1.5282619322640307	-0.056644792693035566	1.6461439206357626	5.9372400796264735	-11.643894277520065	-5144.914869345491
4402	-5166.138663825748	-5144.914869345491	-21.223794480257553	1.0369444282628906	0.5154562544865575	-0.7244404955687024	-2.026229790945375	1.5282619322640307	-0.056644792693035566	1.6461439206357626	5.9372400796264735	-10.744973498773273	-5144.914869345491
4404	-5166.13164567723	-5144.914869345491	-21.216776331739617	1.0369444282628906	0.5154562544865575	-0.7244404955687024	-2.026229790945375	1.5282619322640307	-0.08778004529268801	1.6461439206357626	5.9372400796264735	-10.688124177049689	-5144.914869345491
4406	-5166.4196945329	-5145.242272730512	-21.17742180238794	1.0369444282628906	0.5154562544865575	-0.7244404955687024	-2.026229790945375	1.5282619322640307	-0.08778004529268801	1.6461439206357626	5.932508396628755	-10.648769647698016	-5145.242272730512
4408	-5166.4196945329	-5145.242272730512	-21.17742180238794	1.0369444282628906	0.5154562544865575	-0.7244404955687024	-2.026229790945375	1.5282619322640307	-0.08778004529268801	1.6461439206357626	5.932508396628755	-10.648769647698016	-5145.242272730512
4410	-5166.075848822193	-5144.91325146354	-21.162597358652775	1.0369444282628906	0.5154562544865575	-0.7244404955687024	-2.026229790945375	1.5282619322640307	-0.08778004529268801	1.6461439206357626	5.924962274067122	-10.633945203962845	-5144.91325146354
4412	-5166.075848822193	-5144.91325146354	-21.162597358652775	1.0369444282628906	0.5154562544865575	-0.7244404955687024	-2.026229790945375	1.5282619322640307	-0.08778004529268801	1.6461439206357626	5.924962274067122	-10.633945203962845	-5144.91325146354
4414	-5166.075848822193	-5144.91325146354	-21.162597358652775	1.0369444282628906	0.5154562544865575	-0.7244404955687024	-2.026229790945375	1.5282619322640307	-0.08778004529268801	1.6461439206357626	5.924962274067122	-10.633945203962845	-5144.91325146354
4416	-5166.075848822193	-5144.91325146354	-21.162597358652775	1.0369444282628906	0.5154562544865575	-0.7244404955687024	-2.026229790945375	1.5282619322640307	-0.08778004529268801	1.6461439206357626	5.924962274067122	-10.633945203962845	-5144.91325146354
4418	-5167.517818610818	-5144.91325146354	-22.60456714727716	2.543032447625057	0.5154562544865575	-0.7244404955687024	-2.026229790945375	1.5282619322640307	-0.08778004529268801	1.6461439206357626	5.924962274067122	-10.743916270166412	-5144.91325146354
4420	-5166.061115486457	-5144.91325146354	-21.147864022917354	1.0235521399752008	0.5154562544865575	-0.7244404955687024	-2.026229790945375	1.5282619322640307	-0.08778004529268801	1.6461439206357626	5.924962274067122	-10.632598240892461	-5144.91325146354
4422	-5165.722941181039	-5144.58362611099	-21.139315070048937	1.0235521399752008	0.5154562544865575	-0.7244404955687024	-2.026229790945375	1.5282619322640307	-0.08778004529268801	1.6461439206357626	5.921293920214659	-10.624049288024041	-5144.58362611099
4424	-5165.722941181039	-5144.58362611099	-21.139315070048937	1.0235521399752008	0.5154562544865575	-0.7244404955687024	-2.026229790945375	1.5282619322640307	-0.08778004529268801	1.6461439206357626	5.921293920214659	-10.624049288024041	-5144.58362611099
4426	-5165.722941181039	-5144.58362611099	-21.139315070048937	1.0235521399752008	0.5154562544865575	-0.7244404955687024	-2.026229790945375	1.5282619322640307	-0.08778004529268801	1.6461439206357626	5.921293920214659	-10.624049288024041	-5144.58362611099
4428	-5166.245543505698	-5145.154815546615	-21.09072795908311	1.0235521399752008	0.5154562544865575	-0.7244404955687024	-2.026229790945375	1.5282619322640307	-0.08778004529268801	1.6461439206357626	5.9155749299553655	-10.575462177058219	-5145.154815546615
4430	-5166.245543505698	-5145.154815546615	-21.09072795908311	1.0235521399752008	0.5154562544865575	-0.7244404955687024	-2.026229790945375	1.5282619322640307	-0.08778004529268801	1.6461439206357626	5.9155749299553655	-10.575462177058219	-5145.154815546615
4432	-5166.245543505698	-5145.154815546615	-21.09072795908311	1.0235521399752008	0.5154562544865575	-0.7244404955687024	-2.026229790945375	1.5282619322640307	-0.08778004529268801	1.6461439206357626	5.9155749299553655	-10.575462177058219	-5145.154815546615
4434	-5166.245543505698	-5145.154815546615	-21.09072795908311	1.0235521399752008	0.5154562544865575	-0.7244404955687024	-2.026229790945375	1.5282619322640307	-0.08778004529268801	1.6461439206357626	5.9155749299553655	-10.575462177058219	-5145.154815546615
4436	-5168.209871855586	-5145.295106982722	-22.914764872864033	1.0235521399752008	0.5154562544865575	-1.870913775600396	-2.026229790945375	1.5282619322640307	-0.08778004529268801	1.6461439206357626	5.918443508691398	-11.747013081250714	-5145.295106982722
4438	-5167.610532239581	-5144.642833116965	-22.967699122615052	1.0235521399752008	0.5154562544865575	-1.870913775600396	-2.026229790945375	1.5282619322640307	-0.08778004529268801	1.6461439206357626	5.924556749282585	-11.799947331001736	-5144.642833116965
4440	-5167.610532239581	-5144.642833116965	-22.967699122615052	1.0235521399752008	0.5154562544865575	-1.870913775600396	-2.026229790945375	1.5282619322640307	-0.08778004529268801	1.6461439206357626	5.924556749282585	-11.799947331001736	-5144.642833116965
4442	-5167.827660051835	-5145.407998269507	-22.41966178232851	1.0235521399752008	0.5154562544865575	-1.870913775600396	-1.491361690155316	1.5282619322640307	-0.08778004529268801	1.6461439206357626	5.973679957628693	-11.191941630243658	-5145.407998269507
4444	-5167.827660051835	-5145.407998269507	-22.41966178232851	1.0235521399752008	0.5154562544865575	-1.870913775600396	-1.491361690155316	1.5282619322640307	-0.08778004529268801	1.6461439206357626	5.973679957628693	-11.191941630243658	-5145.407998269507
4446	-5167.750196849692	-5145.350161513148	-22.400035336543965	1.0235521399752008	0.5154562544865575	-1.870913775600396	-1.491361690155316	1.5282619322640307	-0.08778004529268801	1.6461439206357626	5.972141604983635	-11.17231518445911	-5145.350161513148
4448	-5167.750196849692	-5145.350161513148	-22.400035336543965	1.0235521399752008	0.5154562544865575	-1.870913775600396	-1.491361690155316	1.5282619322640307	-0.08778004529268801	1.6461439206357626	5.972141604983635	-11.17231518445911	-5145.350161513148
4450	-5167.750196849692	-5145.350161513148	-22.400035336543965	1.0235521399752008	0.5154562544865575	-1.870913775600396	-1.491361690155316	1.5282619322640307	-0.08778004529268801	1.6461439206357626	5.972141604983635	-11.17231518445911	-5145.350161513148
4452	-5167.750196849692	-5145.350161513148	-22.400035336543965	1.0235521399752008	0.5154562544865575	-1.870913775600396	-1.491361690155316	1.5282619322640307	-0.08778004529268801	1.6461439206357626	5.972141604983635	-11.17231518445911	-5145.350161513148
4454	-5166.962478662896	-5145.064537114993	-21.897941547902427	0.34758872659786	0.5154562544865575	-1.870913775600396	-1.491361690155316	1.5282619322640307	-0.08778004529268801	1.7966982067974744	6.273250177307059	-11.19216197278604	-5145.064537114993
4456	-5166.962478662896	-5145.064537114993	-21.897941547902427	0.34758872659786	0.5154562544865575	-1.870913775600396	-1.491361690155316	1.5282619322640307	-0.08778004529268801	1.7966982067974744	6.273250177307059	-11.19216197278604	-5145.064537114993
4458	-5166.962478662896	-5145.064537114993	-21.897941547902427	0.34758872659786	0.5154562544865575	-1.870913775600396	-1.491361690155316	1.5282619322640307	-0.08778004529268801	1.7966982067974744	6.273250177307059	-11.19216197278604	-5145.064537114993
4460	-5166.962478662896	-5145.064537114993	-21.897941547902427	0.34758872659786	0.5154562544865575	-1.870913775600396	-1.491361690155316	1.5282619322640307	-0.08778004529268801	1.7966982067974744	6.273250177307059	-11.19216197278604	-5145.064537114993
4462	-5166.974207730151	-5144.919839320424	-22.054368409726244	0.5662135730482981	0.5154562544865575	-1.870913775600396	-1.491361690155316	1.5282619322640307	-0.08778004529268801	1.7966982067974744	6.265686016528351	-11.257224635166397	-5144.919839320424
4464	-5166.974207730151	-5144.919839320424	-22.054368409726244	0.5662135730482981	0.5154562544865575	-1.870913775600396	-1.491361690155316	1.5282619322640307	-0.08778004529268801	1.7966982067974744	6.265686016528351	-11.257224635166397	-5144.919839320424
4466	-5166.974207730151	-5144.919839320424	-22.054368409726244	0.5662135730482981	0.5154562544865575	-1.870913775600396	-1.491361690155316	1.5282619322640307	-0.08778004529268801	1.7966982067974744	6.265686016528351	-11.257224635166397	-5144.919839320424
4468	-5167.356457732824	-5145.286035062161	-22.07042267066319	0.5662135730482981	0.5154562544865575	-1.870913775600396	-1.491361690155316	1.5282619322640307	-0.08778004529268801	1.7966982067974744	6.274010002895247	-11.27327889610334	-5145.286035062161
4470	-5167.019244313827	-5144.897778020524	-22.121466293302227	0.5662135730482981	0.5154562544865575	-1.870913775600396	-1.491361690155316	1.5282619322640307	-0.08778004529268801	1.7966982067974744	6.279769995820562	-11.324322518742377	-5144.897778020524
4472	-5166.994163315011	-5144.89906462153	-22.095098693481006	0.5662135730482981	0.5154562544865575	-1.870913775600396	-1.491361690155316	1.5282619322640307	-0.08778004529268801	1.7966982067974744	6.284423799767842	-11.297954918921157	-5144.89906462153
4474	-5166.347231941409	-5144.663340720509	-21.68389122089914	0.5662135730482981	0.5154562544865575	-1.870913775600396	-1.491361690155316	1.5282619322640307	-0.08778004529268801	1.7082361838471831	5.975004643951269	-10.886747446339292	-5144.663340720509
4476	-5166.324972915757	-5144.663340720509	-21.661632195248213	0.5662135730482981	0.5154562544865575	-1.870913775600396	-1.491361690155316	1.5282619322640307	-0.2552327866963039	1.7082361838471831	5.975004643951269	-10.579857551021377	-5144.663340720509
4478	-5166.324972915757	-5144.663340720509	-21.661632195248213	0.5662135730482981	0.5154562544865575	-1.870913775600396	-1.491361690155316	1.5282619322640307	-0.2552327866963039	1.7082361838471831	5.975004643951269	-10.579857551021377	-5144.663340720509
4480	-5166.324972915757	-5144.663340720509	-21.661632195248213	0.5662135730482981	0.5154562544865575	-1.870913775600396	-1.491361690155316	1.5282619322640307	-0.2552327866963039	1.7082361838471831	5.975004643951269	-10.579857551021377	-5144.663340720509
4482	-5166.46580743551	-5144.663340720509	-21.802466715000946	0.5662135730482981	0.5154562544865575	-1.870913775600396	-1.491361690155316	1.5282619322640307	-0.5842608029585963	1.7082361838471831	5.975004643951269	-10.079742623637566	-5144.663340720509
4484	-5166.941174073999	-5144.663340720509	-22.277833353489914	0.5662135730482981	0.5154562544865575	-1.870913775600396	-1.491361690155316	1.5282619322640307	-0.9612705984576316	1.7082361838471831	5.975004643951269	-9.687599304782072	-5144.663340720509
4486	-5166.944856274558	-5144.697510008339	-22.24734626621895	0.5662135730482981	0.5154562544865575	-1.870913775600396	-1.491361690155316	1.5282619322640307	-0.9612705984576316	1.7082361838471831	5.972703181732619	-9.65711221751111	-5144.697510008339
4488	-5166.764131439446	-5144.5151310893825	-22.24900035006328	0.5662135730482981	0.5154562544865575	-1.870913775600396	-1.491361690155316	1.5282619322640307	-0.9612705984576316	1.7082361838471831	5.9769698262091	-9.658766301355438	-5144.5151310893825
4490	-5170.620043759031	-5146.800409766818	-23.819633992213465	1.114555081379209	0.5154562544865575	-1.870913775600396	-1.491361690155316	1.5282619322640307	-0.9612705984576316	1.884193642194044	6.592629668320087	-10.708037020470817	-5146.800409766818
4492	-5167.705840173061	-5144.515882973321	-23.18995719973989	1.114555081379209	0.5154562544865575	-1.870913775600396	-1.491361690155316	1.5282619322640307	-0.9612705984576316	1.7724030881433657	6.201484243153356	-10.078360227997246	-5144.515882973321
4494	-5167.705840173061	-5144.515882973321	-23.18995719973989	1.114555081379209	0.5154562544865575	-1.870913775600396	-1.491361690155316	1.5282619322640307	-0.9612705984576316	1.7724030881433657	6.201484243153356	-10.078360227997246	-5144.515882973321
4496	-5167.705840173061	-5144.515882973321	-23.18995719973989	1.114555081379209	0.5154562544865575	-1.870913775600396	-1.491361690155316	1.5282619322640307	-0.9612705984576316	1.7724030881433657	6.201484243153356	-10.078360227997246	-5144.515882973321
4498	-5167.721299563926	-5144.558169151682	-23.163130412244083	1.114555081379209	0.5154562544865575	-1.870913775600396	-1.491361690155316	1.5282619322640307	-0.9612705984576316	1.7724030881433657	6.19939489358574	-10.051533440501434	-5144.558169151682
4500	-5165.925134488625	-5144.558169151682	-21.36696533694303	1.114555081379209	0.5154562544865575	-0.8298608895557587	-1.491361690155316	1.5282619322640307	-0.9612705984576316	1.7724030881433657	6.19939489358574	-9.514431233244835	-5144.558169151682
4502	-5165.773134074991	-5144.40499607344	-21.368138001550474	1.114555081379209	0.5154562544865575	-0.8298608895557587	-1.491361690155316	1.5282619322640307	-0.9612705984576316	1.7724030881433657	6.206098546126279	-9.51560389785228	-5144.40499607344
4504	-5165.773134074991	-5144.40499607344	-21.368138001550474	1.114555081379209	0.5154562544865575	-0.8298608895557587	-1.491361690155316	1.5282619322640307	-0.9612705984576316	1.7724030881433657	6.206098546126279	-9.51560389785228	-5144.40499607344
4506	-5165.773134074991	-5144.40499607344	-21.368138001550474	1.114555081379209	0.5154562544865575	-0.8298608895557587	-1.491361690155316	1.5282619322640307	-0.9612705984576316	1.7724030881433657	6.206098546126279	-9.51560389785228	-5144.40499607344
4508	-5163.180599014467	-5144.40499607344	-18.775602941026794	1.114555081379209	0.5154562544865575	-0.8298608895557587	-1.491361690155316	0.8190590468812352	-0.9612705984576316	1.7724030881433657	6.206098546126279	-9.26953153071779	-5144.40499607344
4510	-5163.172747828991	-5144.356518185812	-18.816229643178865	1.114555081379209	0.5154562544865575	-0.8298608895557587	-1.491361690155316	0.8190590468812352	-0.9612705984576316	1.7724030881433657	6.210384316380778	-9.310158232869862	-5144.356518185812
4512	-5164.87899851787	-5146.019348690047	-18.859649827823183	1.114555081379209	0.5154562544865575	-0.8298608895557587	-1.491361690155316	0.8190590468812352	-0.9612705984576316	1.7724030881433657	6.231413367586363	-9.353578417514182	-5146.019348690047
4514	-5164.640369962224	-5145.801825268402	-18.83854469382212	1.114555081379209	0.5154562544865575	-0.8298608895557587	-1.491361690155316	0.8190590468812352	-0.9612705984576316	1.7724030881433657	6.2254437368815765	-9.332473283513115	-5145.801825268402
4516	-5164.298808642921	-5145.801825268402	-18.49698337451877	0.6565960243140213	0.5154562544865575	-0.8298608895557587	-1.491361690155316	0.8190590468812352	-0.9612705984576316	1.7724030881433657	6.2254437368815765	-9.437446370088887	-5145.801825268402
4518	-5163.611977945245	-5145.801825268402	-17.810152676842677	0.6565960243140213	0.5154562544865575	-0.8298608895557587	-1.491361690155316	0.4562489513136797	-0.9612705984576316	1.7724030881433657	6.2254437368815765	-9.562068966808653	-5145.801825268402
4520	-5163.7567151125895	-5145.801825268402	-17.9548898441874	0.6565960243140213	0.5154562544865575	-0.8298608895557587	-1.491361690155316	0.4562489513136797	-1.0349349243499355	1.7724030881433657	6.2254437368815765	-9.599672295625725	-5145.801825268402
4522	-5163.7567151125895	-5145.801825268402	-17.9548898441874	0.6565960243140213	0.5154562544865575	-0.8298608895557587	-1.491361690155316	0.4562489513136797	-1.0349349243499355	1.7724030881433657	6.2254437368815765	-9.599672295625725	-5145.801825268402
4524	-5163.7567151125895	-5145.801825268402	-17.9548898441874	0.6565960243140213	0.5154562544865575	-0.8298608895557587	-1.491361690155316	0.4562489513136797	-1.0349349243499355	1.7724030881433657	6.2254437368815765	-9.599672295625725	-5145.801825268402
4526	-5163.7567151125895	-5145.801825268402	-17.9548898441874	0.6565960243140213	0.5154562544865575	-0.8298608895557587	-1.491361690155316	0.4562489513136797	-1.0349349243499355	1.7724030881433657	6.2254437368815765	-9.599672295625725	-5145.801825268402
4528	-5163.7567151125895	-5145.801825268402	-17.9548898441874	0.6565960243140213	0.5154562544865575	-0.8298608895557587	-1.491361690155316	0.4562489513136797	-1.0349349243499355	1.7724030881433657	6.2254437368815765	-9.599672295625725	-5145.801825268402
4530	-5163.7567151125895	-5145.801825268402	-17.9548898441874	0.6565960243140213	0.5154562544865575	-0.8298608895557587	-1.491361690155316	0.4562489513136797	-1.0349349243499355	1.7724030881433657	6.2254437368815765	-9.599672295625725	-5145.801825268402
4532	-5164.553795353573	-5145.801825268402	-18.751970085171003	0.6565960243140213	0.5154562544865575	-0.8298608895557587	-1.491361690155316	0.8612121463287343	-1.0349349243499355	1.7724030881433657	6.2254437368815765	-9.444118727602602	-5145.801825268402
4534	-5164.553795353573	-5145.801825268402	-18.751970085171003	0.6565960243140213	0.5154562544865575	-0.8298608895557587	-1.491361690155316	0.8612121463287343	-1.0349349243499355	1.7724030881433657	6.2254437368815765	-9.444118727602602	-5145.801825268402
4536	-5164.553795353573	-5145.801825268402	-18.751970085171003	0.6565960243140213	0.5154562544865575	-0.8298608895557587	-1.491361690155316	0.8612121463287343	-1.0349349243499355	1.7724030881433657	6.2254437368815765	-9.444118727602602	-5145.801825268402
4538	-5164.553795353573	-5145.801825268402	-18.751970085171003	0.6565960243140213	0.5154562544865575	-0.8298608895557587	-1.491361690155316	0.8612121463287343	-1.0349349243499355	1.7724030881433657	6.2254437368815765	-9.444118727602602	-5145.801825268402
4540	-5164.329577540389	-5145.546568574575	-18.783008965814222	0.6565960243140213	0.5154562544865575	-0.8298608895557587	-1.491361690155316	0.8612121463287343	-1.0349349243499355	1.7724030881433657	6.230636484330145	-9.475157608245821	-5145.546568574575
4542	-5164.400929612662	-5145.570331241482	-18.830598371181015	0.6565960243140213	0.5154562544865575	-0.8298608895557587	-1.491361690155316	0.8612121463287343	-1.0349349243499355	1.7724030881433657	6.234278725309874	-9.522747013612616	-5145.570331241482
4544	-5164.400929612662	-5145.570331241482	-18.830598371181015	0.6565960243140213	0.5154562544865575	-0.8298608895557587	-1.491361690155316	0.8612121463287343	-1.0349349243499355	1.7724030881433657	6.234278725309874	-9.522747013612616	-5145.570331241482
4546	-5164.400929612662	-5145.570331241482	-18.830598371181015	0.6565960243140213	0.5154562544865575	-0.8298608895557587	-1.491361690155316	0.8612121463287343	-1.0349349243499355	1.7724030881433657	6.234278725309874	-9.522747013612616	-5145.570331241482
4548	-5164.400929612662	-5145.570331241482	-18.830598371181015	0.6565960243140213	0.5154562544865575	-0.8298608895557587	-1.491361690155316	0.8612121463287343	-1.0349349243499355	1.7724030881433657	6.234278725309874	-9.522747013612616	-5145.570331241482
4550	-5164.191904830519	-5145.383198610944	-18.808706219574233	0.6565960243140213	0.5154562544865575	-0.8298608895557587	-1.491361690155316	0.8612121463287343	-1.0349349243499355	1.7724030881433657	6.228660288973329	-9.500854862005832	-5145.383198610944
4552	-5164.203321687313	-5145.366403217529	-18.836918469784234	0.6565960243140213	0.5154562544865575	-0.8298608895557587	-1.491361690155316	0.8612121463287343	-1.0349349243499355	1.7724030881433657	6.231678270538603	-9.529067112215834	-5145.366403217529
4554	-5163.389306150709	-5145.366403217529	-18.02290293317948	0.6565960243140213	0.5154562544865575	-0.8298608895557587	-1.491361690155316	0.8612121463287343	-0.5267891417628414	1.7724030881433657	6.231678270538603	-9.549464644560796	-5145.366403217529
4556	-5163.389306150709	-5145.366403217529	-18.02290293317948	0.6565960243140213	0.5154562544865575	-0.8298608895557587	-1.491361690155316	0.8612121463287343	-0.5267891417628414	1.7724030881433657	6.231678270538603	-9.549464644560796	-5145.366403217529
4558	-5163.389306150709	-5145.366403217529	-18.02290293317948	0.6565960243140213	0.5154562544865575	-0.8298608895557587	-1.491361690155316	0.8612121463287343	-0.5267891417628414	1.7724030881433657	6.231678270538603	-9.549464644560796	-5145.366403217529
4560	-5163.389306150709	-5145.366403217529	-18.02290293317948	0.6565960243140213	0.5154562544865575	-0.8298608895557587	-1.491361690155316	0.8612121463287343	-0.5267891417628414	1.7724030881433657	6.231678270538603	-9.549464644560796	-5145.366403217529
4562	-5163.389306150709	-5145.366403217529	-18.02290293317948	0.6565960243140213	0.5154562544865575	-0.8298608895557587	-1.491361690155316	0.8612121463287343	-0.5267891417628414	1.7724030881433657	6.231678270538603	-9.549464644560796	-5145.366403217529
4564	-5163.389306150709	-5145.366403217529	-18.02290293317948	0.6565960243140213	0.5154562544865575	-0.8298608895557587	-1.491361690155316	0.8612121463287343	-0.5267891417628414	1.7724030881433657	6.231678270538603	-9.549464644560796	-5145.366403217529
4566	-5163.692550618184	-5145.366403217529	-18.326147400655017	0.6565960243140213	0.5154562544865575	-0.8298608895557587	-1.7802757063253887	0.8612121463287343	-0.5267891417628414	1.7724030881433657	6.231678270538603	-9.619856604665632	-5145.366403217529
4568	-5162.806730106646	-5144.500163979818	-18.306566126827697	0.6565960243140213	0.5154562544865575	-0.8298608895557587	-1.7802757063253887	0.8612121463287343	-0.5267891417628414	1.7724030881433657	6.2230810252682796	-9.60027533083831	-5144.500163979818
4570	-5162.806730106646	-5144.500163979818	-18.306566126827697	0.6565960243140213	0.5154562544865575	-0.8298608895557587	-1.7802757063253887	0.8612121463287343	-0.5267891417628414	1.7724030881433657	6.2230810252682796	-9.60027533083831	-5144.500163979818
4572	-5162.171215655508	-5143.925563743895	-18.245651911613372	0.6565960243140213	0.5154562544865575	-0.8298608895557587	-1.7802757063253887	0.8612121463287343	-0.5267891417628414	1.7724030881433657	6.184895829869771	-9.539361115623985	-5143.925563743895
4574	-5162.171215655508	-5143.925563743895	-18.245651911613372	0.6565960243140213	0.5154562544865575	-0.8298608895557587	-1.7802757063253887	0.8612121463287343	-0.5267891417628414	1.7724030881433657	6.184895829869771	-9.539361115623985	-5143.925563743895
4576	-5161.822359435037	-5143.925563743895	-17.896795691141747	0.6565960243140213	0.5154562544865575	-0.8298608895557587	-0.6369977439011689	0.8612121463287343	-0.5267891417628414	1.7724030881433657	6.184895829869771	-9.623550960644096	-5143.925563743895
4578	-5163.350576434857	-5143.49915227877	-19.851424156087177	0.6565960243140213	0.5154562544865575	-0.8298608895557587	-0.6369977439011689	0.8612121463287343	-0.5267891417628414	4.857913171359088	12.363301610374892	-11.578179425589523	-5143.49915227877
4580	-5162.445415801959	-5143.077458418429	-19.36795738352943	0.6565960243140213	0.5154562544865575	-0.8298608895557587	-0.6369977439011689	0.8612121463287343	-0.5267891417628414	4.5877392920699815	11.675713948950769	-11.09471265303178	-5143.077458418429
4582	-5162.636331743763	-5143.077458418429	-19.558873325333703	0.6565960243140213	0.6929048052095328	-0.8298608895557587	-0.6369977439011689	0.8612121463287343	-0.5267891417628414	4.5877392920699815	11.675713948950769	-11.14208183354959	-5143.077458418429
4584	-5162.636331743763	-5143.077458418429	-19.558873325333703	0.6565960243140213	0.6929048052095328	-0.8298608895557587	-0.6369977439011689	0.8612121463287343	-0.5267891417628414	4.5877392920699815	11.675713948950769	-11.14208183354959	-5143.077458418429
4586	-5162.636331743763	-5143.077458418429	-19.558873325333703	0.6565960243140213	0.6929048052095328	-0.8298608895557587	-0.6369977439011689	0.8612121463287343	-0.5267891417628414	4.5877392920699815	11.675713948950769	-11.14208183354959	-5143.077458418429
4588	-5162.636331743763	-5143.077458418429	-19.558873325333703	0.6565960243140213	0.6929048052095328	-0.8298608895557587	-0.6369977439011689	0.8612121463287343	-0.5267891417628414	4.5877392920699815	11.675713948950769	-11.14208183354959	-5143.077458418429
4590	-5162.636331743763	-5143.077458418429	-19.558873325333703	0.6565960243140213	0.6929048052095328	-0.8298608895557587	-0.6369977439011689	0.8612121463287343	-0.5267891417628414	4.5877392920699815	11.675713948950769	-11.14208183354959	-5143.077458418429
4592	-5162.636331743763	-5143.077458418429	-19.558873325333703	0.6565960243140213	0.6929048052095328	-0.8298608895557587	-0.6369977439011689	0.8612121463287343	-0.5267891417628414	4.5877392920699815	11.675713948950769	-11.14208183354959	-5143.077458418429
4594	-5162.636331743763	-5143.077458418429	-19.558873325333703	0.6565960243140213	0.6929048052095328	-0.8298608895557587	-0.6369977439011689	0.8612121463287343	-0.5267891417628414	4.5877392920699815	11.675713948950769	-11.14208183354959	-5143.077458418429
4596	-5162.618670348545	-5143.077458418429	-19.541211930114976	0.612064202358815	0.6929048052095328	-0.8298608895557587	-0.6369977439011689	0.8612121463287343	-0.5267891417628414	4.5877392920699815	11.675713948950769	-11.162640410687066	-5143.077458418429
4598	-5162.76827016578	-5143.077458418429	-19.690811747350942	0.612064202358815	0.6929048052095328	-0.8298608895557587	-0.367756377984338	0.8612121463287343	-0.5267891417628414	4.5877392920699815	11.675713948950769	-11.22406803459159	-5143.077458418429
4600	-5162.76827016578	-5143.077458418429	-19.690811747350942	0.612064202358815	0.6929048052095328	-0.8298608895557587	-0.367756377984338	0.8612121463287343	-0.5267891417628414	4.5877392920699815	11.675713948950769	-11.22406803459159	-5143.077458418429
4602	-5162.76827016578	-5143.077458418429	-19.690811747350942	0.612064202358815	0.6929048052095328	-0.8298608895557587	-0.367756377984338	0.8612121463287343	-0.5267891417628414	4.5877392920699815	11.675713948950769	-11.22406803459159	-5143.077458418429
4604	-5162.629005588442	-5142.90520822719	-19.723797361251762	0.612064202358815	0.6929048052095328	-0.8298608895557587	-0.367756377984338	0.8612121463287343	-0.5267891417628414	4.5877392920699815	11.68276945747721	-11.257053648492413	-5142.90520822719
4606	-5162.629005588442	-5142.90520822719	-19.723797361251762	0.612064202358815	0.6929048052095328	-0.8298608895557587	-0.367756377984338	0.8612121463287343	-0.5267891417628414	4.5877392920699815	11.68276945747721	-11.257053648492413	-5142.90520822719
4608	-5162.629005588442	-5142.90520822719	-19.723797361251762	0.612064202358815	0.6929048052095328	-0.8298608895557587	-0.367756377984338	0.8612121463287343	-0.5267891417628414	4.5877392920699815	11.68276945747721	-11.257053648492413	-5142.90520822719
4610	-5162.20467793228	-5142.697701724814	-19.506976207466504	0.612064202358815	0.6929048052095328	-0.8298608895557587	-0.367756377984338	0.8612121463287343	-0.3639232802576661	4.5877392920699815	11.672925531810304	-11.253027875840571	-5142.697701724814
4612	-5161.959242725274	-5142.697701724814	-19.261541000460248	0.612064202358815	0.350463541405998	-0.8298608895557587	-0.367756377984338	0.8612121463287343	-0.3639232802576661	4.5877392920699815	11.672925531810304	-11.206848060425155	-5142.697701724814
4614	-5161.959242725274	-5142.697701724814	-19.261541000460248	0.612064202358815	0.350463541405998	-0.8298608895557587	-0.367756377984338	0.8612121463287343	-0.3639232802576661	4.5877392920699815	11.672925531810304	-11.206848060425155	-5142.697701724814
4616	-5161.959242725274	-5142.697701724814	-19.261541000460248	0.612064202358815	0.350463541405998	-0.8298608895557587	-0.367756377984338	0.8612121463287343	-0.3639232802576661	4.5877392920699815	11.672925531810304	-11.206848060425155	-5142.697701724814
4618	-5161.959242725274	-5142.697701724814	-19.261541000460248	0.612064202358815	0.350463541405998	-0.8298608895557587	-0.367756377984338	0.8612121463287343	-0.3639232802576661	4.5877392920699815	11.672925531810304	-11.206848060425155	-5142.697701724814
4620	-5162.045906092982	-5142.697701724814	-19.34820436816816	0.612064202358815	0.5232850179899772	-0.8298608895557587	-0.367756377984338	0.8612121463287343	-0.3639232802576661	4.5877392920699815	11.672925531810304	-11.23260482280394	-5142.697701724814
4622	-5162.089662793869	-5142.716943162616	-19.37271963125273	0.612064202358815	0.5232850179899772	-0.8298608895557587	-0.367756377984338	0.8612121463287343	-0.3639232802576661	4.5877392920699815	11.67816519811091	-11.257120085888507	-5142.716943162616
4624	-5162.556095860607	-5142.73262558876	-19.823470271846105	0.612064202358815	0.5232850179899772	-1.156697477909552	-0.367756377984338	0.8612121463287343	-0.3639232802576661	4.5877392920699815	11.680187944809274	-11.178787007019592	-5142.73262558876
4626	-5162.690354648933	-5142.849612058939	-19.84074258999366	0.612064202358815	0.5232850179899772	-1.156697477909552	-0.367756377984338	0.8612121463287343	-0.3639232802576661	4.5877392920699815	11.686024242389475	-11.196059325167147	-5142.849612058939
4628	-5162.690354648933	-5142.849612058939	-19.84074258999366	0.612064202358815	0.5232850179899772	-1.156697477909552	-0.367756377984338	0.8612121463287343	-0.3639232802576661	4.5877392920699815	11.686024242389475	-11.196059325167147	-5142.849612058939
4630	-5162.690354648933	-5142.849612058939	-19.84074258999366	0.612064202358815	0.5232850179899772	-1.156697477909552	-0.367756377984338	0.8612121463287343	-0.3639232802576661	4.5877392920699815	11.686024242389475	-11.196059325167147	-5142.849612058939
4632	-5162.690354648933	-5142.849612058939	-19.84074258999366	0.612064202358815	0.5232850179899772	-1.156697477909552	-0.367756377984338	0.8612121463287343	-0.3639232802576661	4.5877392920699815	11.686024242389475	-11.196059325167147	-5142.849612058939
4634	-5162.690354648933	-5142.849612058939	-19.84074258999366	0.612064202358815	0.5232850179899772	-1.156697477909552	-0.367756377984338	0.8612121463287343	-0.3639232802576661	4.5877392920699815	11.686024242389475	-11.196059325167147	-5142.849612058939
4636	-5162.690354648933	-5142.849612058939	-19.84074258999366	0.612064202358815	0.5232850179899772	-1.156697477909552	-0.367756377984338	0.8612121463287343	-0.3639232802576661	4.5877392920699815	11.686024242389475	-11.196059325167147	-5142.849612058939
4638	-5162.690354648933	-5142.849612058939	-19.84074258999366	0.612064202358815	0.5232850179899772	-1.156697477909552	-0.367756377984338	0.8612121463287343	-0.3639232802576661	4.5877392920699815	11.686024242389475	-11.196059325167147	-5142.849612058939
4640	-5162.690354648933	-5142.849612058939	-19.84074258999366	0.612064202358815	0.5232850179899772	-1.156697477909552	-0.367756377984338	0.8612121463287343	-0.3639232802576661	4.5877392920699815	11.686024242389475	-11.196059325167147	-5142.849612058939
4642	-5162.4671919541015	-5142.657797801609	-19.80939415249248	0.612064202358815	0.5232850179899772	-1.156697477909552	-0.367756377984338	0.8612121463287343	-0.3639232802576661	4.5877392920699815	11.675400159075679	-11.164710887665969	-5142.657797801609
4644	-5162.4671919541015	-5142.657797801609	-19.80939415249248	0.612064202358815	0.5232850179899772	-1.156697477909552	-0.367756377984338	0.8612121463287343	-0.3639232802576661	4.5877392920699815	11.675400159075679	-11.164710887665969	-5142.657797801609
4646	-5161.874320047142	-5142.062440909549	-19.81187913759249	0.612064202358815	0.5232850179899772	-1.156697477909552	-0.367756377984338	0.8612121463287343	-0.3639232802576661	4.5877392920699815	11.661989318393797	-11.167195872765975	-5142.062440909549
4648	-5161.874320047142	-5142.062440909549	-19.81187913759249	0.612064202358815	0.5232850179899772	-1.156697477909552	-0.367756377984338	0.8612121463287343	-0.3639232802576661	4.5877392920699815	11.661989318393797	-11.167195872765975	-5142.062440909549
4650	-5161.874320047142	-5142.062440909549	-19.81187913759249	0.612064202358815	0.5232850179899772	-1.156697477909552	-0.367756377984338	0.8612121463287343	-0.3639232802576661	4.5877392920699815	11.661989318393797	-11.167195872765975	-5142.062440909549
4652	-5161.874320047142	-5142.062440909549	-19.81187913759249	0.612064202358815	0.5232850179899772	-1.156697477909552	-0.367756377984338	0.8612121463287343	-0.3639232802576661	4.5877392920699815	11.661989318393797	-11.167195872765975	-5142.062440909549
4654	-5162.406436988583	-5142.59702874505	-19.8094082435331	0.612064202358815	0.5232850179899772	-1.156697477909552	-0.367756377984338	0.8612121463287343	-0.3639232802576661	4.5877392920699815	11.67450150436291	-11.164724978706584	-5142.59702874505
4656	-5162.406436988583	-5142.59702874505	-19.8094082435331	0.612064202358815	0.5232850179899772	-1.156697477909552	-0.367756377984338	0.8612121463287343	-0.3639232802576661	4.5877392920699815	11.67450150436291	-11.164724978706584	-5142.59702874505
4658	-5162.406436988583	-5142.59702874505	-19.8094082435331	0.612064202358815	0.5232850179899772	-1.156697477909552	-0.367756377984338	0.8612121463287343	-0.3639232802576661	4.5877392920699815	11.67450150436291	-11.164724978706584	-5142.59702874505
4660	-5162.406436988583	-5142.59702874505	-19.8094082435331	0.612064202358815	0.5232850179899772	-1.156697477909552	-0.367756377984338	0.8612121463287343	-0.3639232802576661	4.5877392920699815	11.67450150436291	-11.164724978706584	-5142.59702874505
4662	-5162.442143625313	-5142.624695943968	-19.81744768134555	0.612064202358815	0.5232850179899772	-1.156697477909552	-0.367756377984338	0.8612121463287343	-0.3639232802576661	4.5877392920699815	11.67606991581033	-11.172764416519035	-5142.624695943968
4664	-5162.334898781877	-5142.540765625904	-19.794133155973178	0.612064202358815	0.5232850179899772	-1.156697477909552	-0.367756377984338	0.8612121463287343	-0.3639232802576661	4.5877392920699815	11.668070174189378	-11.149449891146661	-5142.540765625904
4666	-5162.389967812465	-5142.688075320718	-19.701892491747326	0.612064202358815	0.5232850179899772	-1.156697477909552	-0.367756377984338	0.8612121463287343	-0.24111622683015527	4.5877392920699815	11.67294434430464	-11.200123712523771	-5142.688075320718
4668	-5162.389967812465	-5142.688075320718	-19.701892491747326	0.612064202358815	0.5232850179899772	-1.156697477909552	-0.367756377984338	0.8612121463287343	-0.24111622683015527	4.5877392920699815	11.67294434430464	-11.200123712523771	-5142.688075320718
4670	-5161.195420494493	-5142.685508901307	-18.509911593186622	0.612064202358815	0.5232850179899772	-1.156697477909552	-0.367756377984338	0.8612121463287343	-0.24111622683015527	2.5421945678325777	7.581854895829831	-10.008142813963069	-5142.685508901307
4672	-5161.195420494493	-5142.685508901307	-18.509911593186622	0.612064202358815	0.5232850179899772	-1.156697477909552	-0.367756377984338	0.8612121463287343	-0.24111622683015527	2.5421945678325777	7.581854895829831	-10.008142813963069	-5142.685508901307
4674	-5161.195420494493	-5142.685508901307	-18.509911593186622	0.612064202358815	0.5232850179899772	-1.156697477909552	-0.367756377984338	0.8612121463287343	-0.24111622683015527	2.5421945678325777	7.581854895829831	-10.008142813963069	-5142.685508901307
4676	-5161.195420494493	-5142.685508901307	-18.509911593186622	0.612064202358815	0.5232850179899772	-1.156697477909552	-0.367756377984338	0.8612121463287343	-0.24111622683015527	2.5421945678325777	7.581854895829831	-10.008142813963069	-5142.685508901307
4678	-5160.948222484181	-5142.410777740304	-18.537444743876854	0.612064202358815	0.5232850179899772	-1.156697477909552	-0.367756377984338	0.8612121463287343	-0.24111622683015527	2.5421945678325777	7.583920620447773	-10.0356759646533	-5142.410777740304
4680	-5160.948222484181	-5142.410777740304	-18.537444743876854	0.612064202358815	0.5232850179899772	-1.156697477909552	-0.367756377984338	0.8612121463287343	-0.24111622683015527	2.5421945678325777	7.583920620447773	-10.0356759646533	-5142.410777740304
4682	-5160.826441858721	-5142.30865976896	-18.517782089761795	0.612064202358815	0.5232850179899772	-1.156697477909552	-0.367756377984338	0.8612121463287343	-0.24111622683015527	2.5421945678325777	7.57697673490638	-10.01601331053824	-5142.30865976896
4684	-5161.025457362056	-5142.477981679055	-18.54747568300079	0.612064202358815	0.5232850179899772	-1.156697477909552	-0.367756377984338	0.8612121463287343	-0.24111622683015527	2.5421945678325777	7.58743756635129	-10.045706903777235	-5142.477981679055
4686	-5161.025457362056	-5142.477981679055	-18.54747568300079	0.612064202358815	0.5232850179899772	-1.156697477909552	-0.367756377984338	0.8612121463287343	-0.24111622683015527	2.5421945678325777	7.58743756635129	-10.045706903777235	-5142.477981679055
4688	-5160.802151009985	-5142.289346054232	-18.51280495575339	0.612064202358815	0.5232850179899772	-1.156697477909552	-0.367756377984338	0.8612121463287343	-0.24111622683015527	2.5421945678325777	7.575208366711061	-10.011036176529835	-5142.289346054232
4690	-5160.802151009985	-5142.289346054232	-18.51280495575339	0.612064202358815	0.5232850179899772	-1.156697477909552	-0.367756377984338	0.8612121463287343	-0.24111622683015527	2.5421945678325777	7.575208366711061	-10.011036176529835	-5142.289346054232
4692	-5160.802151009985	-5142.289346054232	-18.51280495575339	0.612064202358815	0.5232850179899772	-1.156697477909552	-0.367756377984338	0.8612121463287343	-0.24111622683015527	2.5421945678325777	7.575208366711061	-10.011036176529835	-5142.289346054232
4694	-5160.709124874931	-5142.282330822878	-18.426794052052795	0.612064202358815	0.5232850179899772	-1.156697477909552	-0.367756377984338	0.8612121463287343	-0.24111622683015527	2.5421945678325777	7.511820720352646	-9.92502527282924	-5142.282330822878
4696	-5160.659470293903	-5142.245423326123	-18.414046967779864	0.612064202358815	0.5232850179899772	-1.156697477909552	-0.367756377984338	0.8612121463287343	-0.24111622683015527	2.5421945678325777	7.507249223473527	-9.912278188556309	-5142.245423326123
4698	-5161.006894980825	-5142.588960129057	-18.41793485176696	0.612064202358815	0.5232850179899772	-1.156697477909552	-0.367756377984338	0.8612121463287343	-0.24111622683015527	2.5421945678325777	7.500268913923565	-9.916166072543408	-5142.588960129057
4700	-5160.951634207976	-5142.554551973881	-18.397082234095283	0.612064202358815	0.5232850179899772	-1.156697477909552	-0.367756377984338	0.8612121463287343	-0.24111622683015527	2.5421945678325777	7.492769826633755	-9.89531345487173	-5142.554551973881
4702	-5163.359230786836	-5142.556602414362	-20.80262837247433	0.612064202358815	0.5232850179899772	-1.156697477909552	-0.367756377984338	0.8612121463287343	-0.24111622683015527	6.6712323443153645	15.75084537959933	-12.300859593250772	-5142.556602414362
4704	-5163.105050402878	-5142.269107502988	-20.83594289989052	0.612064202358815	0.5232850179899772	-1.156697477909552	-0.367756377984338	0.8612121463287343	-0.24111622683015527	6.6712323443153645	15.755599646728935	-12.33417412066696	-5142.269107502988
4706	-5164.763354845524	-5142.269107502988	-22.494247342536518	0.612064202358815	1.5037506132268461	-1.156697477909552	-0.367756377984338	0.8612121463287343	-0.24111622683015527	6.6712323443153645	15.755599646728935	-13.063382171161559	-5142.269107502988
4708	-5164.777579465141	-5142.315187632582	-22.462391832558314	0.612064202358815	1.5037506132268461	-1.156697477909552	-0.367756377984338	0.8612121463287343	-0.24111622683015527	6.6712323443153645	15.752997143578343	-13.031526661183356	-5142.315187632582
4710	-5164.777579465141	-5142.315187632582	-22.462391832558314	0.612064202358815	1.5037506132268461	-1.156697477909552	-0.367756377984338	0.8612121463287343	-0.24111622683015527	6.6712323443153645	15.752997143578343	-13.031526661183356	-5142.315187632582
4712	-5164.777579465141	-5142.315187632582	-22.462391832558314	0.612064202358815	1.5037506132268461	-1.156697477909552	-0.367756377984338	0.8612121463287343	-0.24111622683015527	6.6712323443153645	15.752997143578343	-13.031526661183356	-5142.315187632582
4714	-5164.777579465141	-5142.315187632582	-22.462391832558314	0.612064202358815	1.5037506132268461	-1.156697477909552	-0.367756377984338	0.8612121463287343	-0.24111622683015527	6.6712323443153645	15.752997143578343	-13.031526661183356	-5142.315187632582
4716	-5164.777579465141	-5142.315187632582	-22.462391832558314	0.612064202358815	1.5037506132268461	-1.156697477909552	-0.367756377984338	0.8612121463287343	-0.24111622683015527	6.6712323443153645	15.752997143578343	-13.031526661183356	-5142.315187632582
4718	-5164.777579465141	-5142.315187632582	-22.462391832558314	0.612064202358815	1.5037506132268461	-1.156697477909552	-0.367756377984338	0.8612121463287343	-0.24111622683015527	6.6712323443153645	15.752997143578343	-13.031526661183356	-5142.315187632582
4720	-5164.89099850149	-5142.436834638502	-22.454163862987926	0.612064202358815	1.5037506132268461	-1.156697477909552	-0.367756377984338	0.8612121463287343	-0.24111622683015527	6.6712323443153645	15.750042903819468	-13.023298691612968	-5142.436834638502
4722	-5164.311034319353	-5141.845434253582	-22.465600065770133	0.612064202358815	1.5037506132268461	-1.156697477909552	-0.367756377984338	0.8612121463287343	-0.24111622683015527	6.6712323443153645	15.763574685596465	-13.034734894395175	-5141.845434253582
4724	-5164.280119971907	-5141.845434253582	-22.434685718324232	0.612064202358815	1.5037506132268461	-1.156697477909552	-0.8075813185473807	0.8612121463287343	-0.24111622683015527	6.6712323443153645	15.763574685596465	-13.25409353016098	-5141.845434253582
4726	-5164.338223715043	-5141.8363186543675	-22.501905060674947	0.612064202358815	1.5037506132268461	-1.156697477909552	-0.8075813185473807	0.8612121463287343	-0.24111622683015527	6.6712323443153645	15.76840548749621	-13.321312872511696	-5141.8363186543675
4728	-5164.338223715043	-5141.8363186543675	-22.501905060674947	0.612064202358815	1.5037506132268461	-1.156697477909552	-0.8075813185473807	0.8612121463287343	-0.24111622683015527	6.6712323443153645	15.76840548749621	-13.321312872511696	-5141.8363186543675
4730	-5162.71137643378	-5141.8363186543675	-20.875057779412913	0.7163608004056352	0.6574850345343632	-1.156697477909552	-0.8075813185473807	0.8612121463287343	-0.24111622683015527	6.6712323443153645	15.76840548749621	-12.424576328516697	-5141.8363186543675
4732	-5162.885697392051	-5141.985472102591	-20.900225289459488	0.7163608004056352	0.6574850345343632	-1.156697477909552	-0.8075813185473807	0.8612121463287343	-0.24111622683015527	6.6712323443153645	15.804608929726857	-12.449743838563274	-5141.985472102591
4734	-5162.885697392051	-5141.985472102591	-20.900225289459488	0.7163608004056352	0.6574850345343632	-1.156697477909552	-0.8075813185473807	0.8612121463287343	-0.24111622683015527	6.6712323443153645	15.804608929726857	-12.449743838563274	-5141.985472102591
4736	-5162.885697392051	-5141.985472102591	-20.900225289459488	0.7163608004056352	0.6574850345343632	-1.156697477909552	-0.8075813185473807	0.8612121463287343	-0.24111622683015527	6.6712323443153645	15.804608929726857	-12.449743838563274	-5141.985472102591
4738	-5163.362772443094	-5141.9854720909825	-21.377300352111643	0.7163608004056352	0.6574850345343632	-1.156697477909552	-0.8075813185473807	0.8612121463287343	-0.5553785787694239	6.62138735175139	15.70491894459891	-12.531018181133929	-5141.9854720909825
4740	-5164.8905874374395	-5141.9854720909825	-22.905115346456903	0.7163608004056352	1.435600785017709	-1.156697477909552	-0.8075813185473807	0.8612121463287343	-0.5553785787694239	6.62138735175139	15.70491894459891	-13.300465382959578	-5141.9854720909825
4742	-5164.751426597871	-5141.834185107418	-22.917241490452255	0.7163608004056352	1.435600785017709	-1.156697477909552	-0.8075813185473807	0.8612121463287343	-0.5553785787694239	6.62138735175139	15.708920093828015	-13.31259152695493	-5141.834185107418
4744	-5164.751426597871	-5141.834185107418	-22.917241490452255	0.7163608004056352	1.435600785017709	-1.156697477909552	-0.8075813185473807	0.8612121463287343	-0.5553785787694239	6.62138735175139	15.708920093828015	-13.31259152695493	-5141.834185107418
4746	-5164.492029692307	-5141.585783251125	-22.90624644118231	0.7163608004056352	1.435600785017709	-1.156697477909552	-0.8075813185473807	0.8612121463287343	-0.5553785787694239	6.62138735175139	15.698980855740043	-13.301596477684985	-5141.585783251125
4748	-5164.758017942328	-5141.954482477434	-22.80353546489361	0.7163608004056352	1.435600785017709	-1.156697477909552	-0.8075813185473807	0.8612121463287343	-0.5553785787694239	6.62138735175139	15.635411953889992	-13.198885501396283	-5141.954482477434
4750	-5164.758017942328	-5141.954482477434	-22.80353546489361	0.7163608004056352	1.435600785017709	-1.156697477909552	-0.8075813185473807	0.8612121463287343	-0.5553785787694239	6.62138735175139	15.635411953889992	-13.198885501396283	-5141.954482477434
4752	-5164.758017942328	-5141.954482477434	-22.80353546489361	0.7163608004056352	1.435600785017709	-1.156697477909552	-0.8075813185473807	0.8612121463287343	-0.5553785787694239	6.62138735175139	15.635411953889992	-13.198885501396283	-5141.954482477434
4754	-5164.758017942328	-5141.954482477434	-22.80353546489361	0.7163608004056352	1.435600785017709	-1.156697477909552	-0.8075813185473807	0.8612121463287343	-0.5553785787694239	6.62138735175139	15.635411953889992	-13.198885501396283	-5141.954482477434
4756	-5164.758017942328	-5141.954482477434	-22.80353546489361	0.7163608004056352	1.435600785017709	-1.156697477909552	-0.8075813185473807	0.8612121463287343	-0.5553785787694239	6.62138735175139	15.635411953889992	-13.198885501396283	-5141.954482477434
4758	-5164.753004677703	-5141.970531586223	-22.78247309147984	0.7163608004056352	1.435600785017709	-1.156697477909552	-0.8075813185473807	0.8612121463287343	-0.5553785787694239	6.62138735175139	15.628992550420152	-13.177823127982514	-5141.970531586223
4760	-5165.240881333029	-5141.6228683540385	-23.618012978990734	0.7163608004056352	1.435600785017709	-1.156697477909552	-0.8075813185473807	0.8612121463287343	-0.5553785787694239	7.065179841633514	16.67651162004013	-14.01336301549341	-5141.6228683540385
4762	-5165.470505378861	-5141.622868359996	-23.847637018865946	0.7163608004056352	1.435600785017709	-1.156697477909552	-0.8075813185473807	0.8612121463287343	-0.5553785787694239	7.363374212738611	17.272900362250326	-14.24298705536862	-5141.622868359996
4764	-5165.747463656074	-5141.864321022851	-23.883142633222796	0.7163608004056352	1.435600785017709	-1.156697477909552	-0.8075813185473807	0.8612121463287343	-0.5553785787694239	7.363374212738611	17.275573606821375	-14.278492669725471	-5141.864321022851
4766	-5164.9273374601125	-5141.8966967862225	-23.03064067389048	0.7163608004056352	1.435600785017709	-1.156697477909552	-0.8075813185473807	0.8612121463287343	-0.5553785787694239	6.89458974462184	16.185112044414268	-13.425990710393156	-5141.8966967862225
4768	-5166.265190542041	-5142.191816788503	-24.07337375353711	0.7163608004056352	1.435600785017709	-1.156697477909552	-0.8075813185473807	0.8612121463287343	-0.5553785787694239	7.459412399568564	17.511038356805415	-14.468723790039784	-5142.191816788503
4770	-5166.265190542041	-5142.191816788503	-24.07337375353711	0.7163608004056352	1.435600785017709	-1.156697477909552	-0.8075813185473807	0.8612121463287343	-0.5553785787694239	7.459412399568564	17.511038356805415	-14.468723790039784	-5142.191816788503
4772	-5166.207614295777	-5142.149004936663	-24.05860935911413	0.7163608004056352	1.435600785017709	-1.156697477909552	-0.8075813185473807	0.8612121463287343	-0.5553785787694239	7.459412399568564	17.50649647294887	-14.453959395616803	-5142.149004936663
4774	-5166.1376621326835	-5142.1272373011825	-24.01042483150066	0.7163608004056352	1.435600785017709	-1.156697477909552	-0.8075813185473807	0.8612121463287343	-0.5553785787694239	7.459412399568564	17.491431930295846	-14.405774868003334	-5142.1272373011825
4776	-5166.1376621326835	-5142.1272373011825	-24.01042483150066	0.7163608004056352	1.435600785017709	-1.156697477909552	-0.8075813185473807	0.8612121463287343	-0.5553785787694239	7.459412399568564	17.491431930295846	-14.405774868003334	-5142.1272373011825
4778	-5166.1376621326835	-5142.1272373011825	-24.01042483150066	0.7163608004056352	1.435600785017709	-1.156697477909552	-0.8075813185473807	0.8612121463287343	-0.5553785787694239	7.459412399568564	17.491431930295846	-14.405774868003334	-5142.1272373011825
4780	-5169.401702513254	-5142.1272373011825	-27.274465212072137	0.7163608004056352	1.435600785017709	-2.053548129383845	-1.6388675563927753	0.8612121463287343	-0.5553785787694239	7.459412399568564	17.491431930295846	-16.205220873983823	-5142.1272373011825
4782	-5169.401702513254	-5142.1272373011825	-27.274465212072137	0.7163608004056352	1.435600785017709	-2.053548129383845	-1.6388675563927753	0.8612121463287343	-0.5553785787694239	7.459412399568564	17.491431930295846	-16.205220873983823	-5142.1272373011825
4784	-5169.401702513254	-5142.1272373011825	-27.274465212072137	0.7163608004056352	1.435600785017709	-2.053548129383845	-1.6388675563927753	0.8612121463287343	-0.5553785787694239	7.459412399568564	17.491431930295846	-16.205220873983823	-5142.1272373011825
4786	-5168.287925087306	-5142.227922254864	-26.060002832441356	0.7163608004056352	1.435600785017709	-2.053548129383845	-1.6388675563927753	0.8612121463287343	-0.5553785787694239	6.845443585973329	16.068656036293028	-14.990758494353042	-5142.227922254864
4788	-5168.287925087306	-5142.227922254864	-26.060002832441356	0.7163608004056352	1.435600785017709	-2.053548129383845	-1.6388675563927753	0.8612121463287343	-0.5553785787694239	6.845443585973329	16.068656036293028	-14.990758494353042	-5142.227922254864
4790	-5164.646119805308	-5142.2319986623925	-22.41412114291606	0.7163608004056352	1.435600785017709	-2.053548129383845	-1.6388675563927753	0.8612121463287343	-0.5553785787694239	2.511266281124685	7.400301426595741	-11.344876804827743	-5142.2319986623925
4792	-5164.387502134652	-5142.239632273347	-22.147869861305356	0.7163608004056352	1.435600785017709	-2.053548129383845	-0.9276395131711549	0.8612121463287343	-0.5553785787694239	2.3227207468767657	7.023210358099904	-10.530770405994154	-5142.239632273347
4794	-5164.387502134652	-5142.239632273347	-22.147869861305356	0.7163608004056352	1.435600785017709	-2.053548129383845	-0.9276395131711549	0.8612121463287343	-0.5553785787694239	2.3227207468767657	7.023210358099904	-10.530770405994154	-5142.239632273347
4796	-5164.387502134652	-5142.239632273347	-22.147869861305356	0.7163608004056352	1.435600785017709	-2.053548129383845	-0.9276395131711549	0.8612121463287343	-0.5553785787694239	2.3227207468767657	7.023210358099904	-10.530770405994154	-5142.239632273347
4798	-5164.671723505577	-5142.4827816721045	-22.188941833472622	0.7163608004056352	1.435600785017709	-2.053548129383845	-0.9276395131711549	0.8612121463287343	-0.5553785787694239	2.3227207468767657	7.030769840055722	-10.571842378161419	-5142.4827816721045
4800	-5167.361538304896	-5142.4827816721045	-24.878756632791685	0.7163608004056352	1.435600785017709	-2.053548129383845	-0.9276395131711549	1.51215188914659	-0.5553785787694239	2.3227207468767657	7.030769840055722	-11.355222213384312	-5142.4827816721045
4802	-5167.361538304896	-5142.4827816721045	-24.878756632791685	0.7163608004056352	1.435600785017709	-2.053548129383845	-0.9276395131711549	1.51215188914659	-0.5553785787694239	2.3227207468767657	7.030769840055722	-11.355222213384312	-5142.4827816721045
4804	-5168.110349516971	-5142.604061652712	-25.506287864259576	0.7163608004056352	1.435600785017709	-2.053548129383845	-0.9276395131711549	1.51215188914659	-0.5553785787694239	2.507626703734158	7.590471744155764	-11.982753444852204	-5142.604061652712
4806	-5168.110349516971	-5142.604061652712	-25.506287864259576	0.7163608004056352	1.435600785017709	-2.053548129383845	-0.9276395131711549	1.51215188914659	-0.5553785787694239	2.507626703734158	7.590471744155764	-11.982753444852204	-5142.604061652712
4808	-5168.110349516971	-5142.604061652712	-25.506287864259576	0.7163608004056352	1.435600785017709	-2.053548129383845	-0.9276395131711549	1.51215188914659	-0.5553785787694239	2.507626703734158	7.590471744155764	-11.982753444852204	-5142.604061652712
4810	-5167.937698439429	-5142.604061652712	-25.33363678671763	0.7163608004056352	1.435600785017709	-2.053548129383845	-1.6130416799669602	1.51215188914659	-0.5553785787694239	2.507626703734158	7.590471744155764	-12.346914507352311	-5142.604061652712
4812	-5168.181419342866	-5142.598152603456	-25.583266739410956	0.7163608004056352	1.435600785017709	-2.053548129383845	-1.6130416799669602	1.51215188914659	-0.5553785787694239	2.9145800546682783	8.404378446024003	-12.596544460045635	-5142.598152603456
4814	-5168.181419342866	-5142.598152603456	-25.583266739410956	0.7163608004056352	1.435600785017709	-2.053548129383845	-1.6130416799669602	1.51215188914659	-0.5553785787694239	2.9145800546682783	8.404378446024003	-12.596544460045635	-5142.598152603456
4816	-5168.181419342866	-5142.598152603456	-25.583266739410956	0.7163608004056352	1.435600785017709	-2.053548129383845	-1.6130416799669602	1.51215188914659	-0.5553785787694239	2.9145800546682783	8.404378446024003	-12.596544460045635	-5142.598152603456
4818	-5168.159635783709	-5142.541743694406	-25.617892089303027	0.7163608004056352	1.435600785017709	-2.053548129383845	-1.6130416799669602	1.51215188914659	-0.5553785787694239	2.9145800546682783	8.418553511576578	-12.631169809937706	-5142.541743694406
4820	-5168.053515648584	-5142.471061891159	-25.582453757425032	0.7163608004056352	1.435600785017709	-2.053548129383845	-1.6130416799669602	1.51215188914659	-0.5553785787694239	2.9145800546682783	8.399130252550174	-12.595731478059712	-5142.471061891159
4822	-5168.053515648584	-5142.471061891159	-25.582453757425032	0.7163608004056352	1.435600785017709	-2.053548129383845	-1.6130416799669602	1.51215188914659	-0.5553785787694239	2.9145800546682783	8.399130252550174	-12.595731478059712	-5142.471061891159
4824	-5168.688230148699	-5143.078672410479	-25.609557738220495	0.7163608004056352	1.435600785017709	-2.053548129383845	-1.6130416799669602	1.51215188914659	-0.5553785787694239	2.9145800546682783	8.410176423383334	-12.622835458855175	-5143.078672410479
4826	-5168.688230148699	-5143.078672410479	-25.609557738220495	0.7163608004056352	1.435600785017709	-2.053548129383845	-1.6130416799669602	1.51215188914659	-0.5553785787694239	2.9145800546682783	8.410176423383334	-12.622835458855175	-5143.078672410479
4828	-5168.688230148699	-5143.078672410479	-25.609557738220495	0.7163608004056352	1.435600785017709	-2.053548129383845	-1.6130416799669602	1.51215188914659	-0.5553785787694239	2.9145800546682783	8.410176423383334	-12.622835458855175	-5143.078672410479
4830	-5168.688230148699	-5143.078672410479	-25.609557738220495	0.7163608004056352	1.435600785017709	-2.053548129383845	-1.6130416799669602	1.51215188914659	-0.5553785787694239	2.9145800546682783	8.410176423383334	-12.622835458855175	-5143.078672410479
4832	-5166.341148382037	-5143.078672410479	-23.262475971558224	0.7163608004056352	1.435600785017709	-0.6498860265580398	-1.6130416799669602	1.51215188914659	-0.5553785787694239	2.9145800546682783	8.410176423383334	-11.806296287925305	-5143.078672410479
4834	-5166.341148382037	-5143.078672410479	-23.262475971558224	0.7163608004056352	1.435600785017709	-0.6498860265580398	-1.6130416799669602	1.51215188914659	-0.5553785787694239	2.9145800546682783	8.410176423383334	-11.806296287925305	-5143.078672410479
4836	-5165.213006197268	-5143.078672410479	-22.134333786788897	0.7163608004056352	0.8995955969337507	-0.6498860265580398	-1.6130416799669602	1.51215188914659	-0.5553785787694239	2.9145800546682783	8.410176423383334	-11.205320897913593	-5143.078672410479
4838	-5165.9310042708485	-5143.785832927136	-22.145171343712622	0.7163608004056352	0.8995955969337507	-0.6498860265580398	-1.6130416799669602	1.51215188914659	-0.5553785787694239	2.9145800546682783	8.421849513604961	-11.216158454837318	-5143.785832927136
4840	-5164.61064024375	-5142.809191439172	-21.801448804577987	0.7163608004056352	0.8995955969337507	-0.6498860265580398	-1.6130416799669602	1.51215188914659	-0.5553785787694239	2.800376766419813	8.091852433563567	-10.872435915702685	-5142.809191439172
4842	-5164.947909653688	-5143.15614457087	-21.791765082817317	0.7163608004056352	0.8995955969337507	-0.6498860265580398	-1.6130416799669602	1.51215188914659	-0.5553785787694239	2.800376766419813	8.078905076378026	-10.862752193942013	-5143.15614457087
4844	-5164.947909653688	-5143.15614457087	-21.791765082817317	0.7163608004056352	0.8995955969337507	-0.6498860265580398	-1.6130416799669602	1.51215188914659	-0.5553785787694239	2.800376766419813	8.078905076378026	-10.862752193942013	-5143.15614457087
4846	-5164.103675640455	-5143.15614457087	-20.947531069584613	0.7163608004056352	0.3742628516771658	-0.6498860265580398	-1.6130416799669602	1.51215188914659	-0.5553785787694239	2.800376766419813	8.078905076378026	-10.418158127404595	-5143.15614457087
4848	-5164.103675640455	-5143.15614457087	-20.947531069584613	0.7163608004056352	0.3742628516771658	-0.6498860265580398	-1.6130416799669602	1.51215188914659	-0.5553785787694239	2.800376766419813	8.078905076378026	-10.418158127404595	-5143.15614457087
4850	-5164.103675640455	-5143.15614457087	-20.947531069584613	0.7163608004056352	0.3742628516771658	-0.6498860265580398	-1.6130416799669602	1.51215188914659	-0.5553785787694239	2.800376766419813	8.078905076378026	-10.418158127404595	-5143.15614457087
4852	-5164.103675640455	-5143.15614457087	-20.947531069584613	0.7163608004056352	0.3742628516771658	-0.6498860265580398	-1.6130416799669602	1.51215188914659	-0.5553785787694239	2.800376766419813	8.078905076378026	-10.418158127404595	-5143.15614457087
4854	-5164.103675640455	-5143.15614457087	-20.947531069584613	0.7163608004056352	0.3742628516771658	-0.6498860265580398	-1.6130416799669602	1.51215188914659	-0.5553785787694239	2.800376766419813	8.078905076378026	-10.418158127404595	-5143.15614457087
4856	-5164.103675640455	-5143.15614457087	-20.947531069584613	0.7163608004056352	0.3742628516771658	-0.6498860265580398	-1.6130416799669602	1.51215188914659	-0.5553785787694239	2.800376766419813	8.078905076378026	-10.418158127404595	-5143.15614457087
4858	-5164.103675640455	-5143.15614457087	-20.947531069584613	0.7163608004056352	0.3742628516771658	-0.6498860265580398	-1.6130416799669602	1.51215188914659	-0.5553785787694239	2.800376766419813	8.078905076378026	-10.418158127404595	-5143.15614457087
4860	-5164.103675640455	-5143.15614457087	-20.947531069584613	0.7163608004056352	0.3742628516771658	-0.6498860265580398	-1.6130416799669602	1.51215188914659	-0.5553785787694239	2.800376766419813	8.078905076378026	-10.418158127404595	-5143.15614457087
4862	-5164.335956468541	-5143.15614457087	-21.179811897670522	0.7163608004056352	0.3742628516771658	-0.31082100103694293	-1.6130416799669602	1.51215188914659	-0.5553785787694239	2.800376766419813	8.078905076378026	-10.429255089935705	-5143.15614457087
4864	-5165.167928464487	-5143.15614457087	-22.01178389361627	0.7163608004056352	0.9658808848849578	-0.31082100103694293	-1.6130416799669602	1.51215188914659	-0.5553785787694239	2.800376766419813	8.078905076378026	-10.795487261589313	-5143.15614457087
4866	-5165.167928464487	-5143.15614457087	-22.01178389361627	0.7163608004056352	0.9658808848849578	-0.31082100103694293	-1.6130416799669602	1.51215188914659	-0.5553785787694239	2.800376766419813	8.078905076378026	-10.795487261589313	-5143.15614457087
4868	-5165.167928464487	-5143.15614457087	-22.01178389361627	0.7163608004056352	0.9658808848849578	-0.31082100103694293	-1.6130416799669602	1.51215188914659	-0.5553785787694239	2.800376766419813	8.078905076378026	-10.795487261589313	-5143.15614457087
4870	-5165.167928464487	-5143.15614457087	-22.01178389361627	0.7163608004056352	0.9658808848849578	-0.31082100103694293	-1.6130416799669602	1.51215188914659	-0.5553785787694239	2.800376766419813	8.078905076378026	-10.795487261589313	-5143.15614457087
4872	-5165.167928464487	-5143.15614457087	-22.01178389361627	0.7163608004056352	0.9658808848849578	-0.31082100103694293	-1.6130416799669602	1.51215188914659	-0.5553785787694239	2.800376766419813	8.078905076378026	-10.795487261589313	-5143.15614457087
4874	-5165.167928464487	-5143.15614457087	-22.01178389361627	0.7163608004056352	0.9658808848849578	-0.31082100103694293	-1.6130416799669602	1.51215188914659	-0.5553785787694239	2.800376766419813	8.078905076378026	-10.795487261589313	-5143.15614457087
4876	-5165.167928464487	-5143.15614457087	-22.01178389361627	0.7163608004056352	0.9658808848849578	-0.31082100103694293	-1.6130416799669602	1.51215188914659	-0.5553785787694239	2.800376766419813	8.078905076378026	-10.795487261589313	-5143.15614457087
4878	-5165.091291021396	-5143.15614457087	-21.935146450525174	0.7163608004056352	0.9658808848849578	-0.4609643201636624	-1.6130416799669602	1.51215188914659	-0.5553785787694239	2.800376766419813	8.078905076378026	-10.845158840439858	-5143.15614457087
4880	-5165.313895117282	-5143.388995103354	-21.92490001392839	0.7163608004056352	0.9658808848849578	-0.4609643201636624	-1.6130416799669602	1.51215188914659	-0.5553785787694239	2.800376766419813	8.07152686136413	-10.834912403843074	-5143.388995103354
4882	-5165.274583721835	-5143.388995103354	-21.885588618480867	1.2691791095279403	0.9658808848849578	-0.4609643201636624	-0.9914840253891375	1.51215188914659	-0.5553785787694239	2.800376766419813	8.07152686136413	-10.773799612648832	-5143.388995103354
4884	-5164.003946661222	-5143.388995103354	-20.614951557867467	0.6383278220005252	0.3477491185070025	-0.4609643201636624	-0.9914840253891375	1.51215188914659	-0.5553785787694239	2.800376766419813	8.07152686136413	-10.582393708426139	-5143.388995103354
4886	-5164.003946661222	-5143.388995103354	-20.614951557867467	0.6383278220005252	0.3477491185070025	-0.4609643201636624	-0.9914840253891375	1.51215188914659	-0.5553785787694239	2.800376766419813	8.07152686136413	-10.582393708426139	-5143.388995103354
4888	-5164.003946661222	-5143.388995103354	-20.614951557867467	0.6383278220005252	0.3477491185070025	-0.4609643201636624	-0.9914840253891375	1.51215188914659	-0.5553785787694239	2.800376766419813	8.07152686136413	-10.582393708426139	-5143.388995103354
4890	-5164.003946661222	-5143.388995103354	-20.614951557867467	0.6383278220005252	0.3477491185070025	-0.4609643201636624	-0.9914840253891375	1.51215188914659	-0.5553785787694239	2.800376766419813	8.07152686136413	-10.582393708426139	-5143.388995103354
4892	-5164.003946661222	-5143.388995103354	-20.614951557867467	0.6383278220005252	0.3477491185070025	-0.4609643201636624	-0.9914840253891375	1.51215188914659	-0.5553785787694239	2.800376766419813	8.07152686136413	-10.582393708426139	-5143.388995103354
4894	-5164.003946661222	-5143.388995103354	-20.614951557867467	0.6383278220005252	0.3477491185070025	-0.4609643201636624	-0.9914840253891375	1.51215188914659	-0.5553785787694239	2.800376766419813	8.07152686136413	-10.582393708426139	-5143.388995103354
4896	-5163.810784661325	-5143.179649730486	-20.631134930838584	0.6383278220005252	0.3477491185070025	-0.4609643201636624	-0.9914840253891375	1.51215188914659	-0.5553785787694239	2.800376766419813	8.073972023826084	-10.598577081397258	-5143.179649730486
4898	-5164.881774142162	-5143.938996484802	-20.942777657359063	0.6383278220005252	0.3477491185070025	-0.4609643201636624	-0.9914840253891375	1.51215188914659	-0.5553785787694239	2.958511946223355	8.525985790168834	-10.910219807917734	-5143.938996484802
4900	-5164.881774142162	-5143.938996484802	-20.942777657359063	0.6383278220005252	0.3477491185070025	-0.4609643201636624	-0.9914840253891375	1.51215188914659	-0.5553785787694239	2.958511946223355	8.525985790168834	-10.910219807917734	-5143.938996484802
4902	-5165.597851010745	-5144.611189418118	-20.98666159262745	0.6383278220005252	0.3477491185070025	-0.4609643201636624	-0.9914840253891375	1.51215188914659	-0.5553785787694239	2.958511946223355	8.5311348214317	-10.954103743186122	-5144.611189418118
4904	-5165.597851010745	-5144.611189418118	-20.98666159262745	0.6383278220005252	0.3477491185070025	-0.4609643201636624	-0.9914840253891375	1.51215188914659	-0.5553785787694239	2.958511946223355	8.5311348214317	-10.954103743186122	-5144.611189418118
4906	-5165.273738232847	-5143.945414710843	-21.328323522004155	1.244489061923716	0.3477491185070025	-0.4609643201636624	-0.9914840253891375	1.51215188914659	-0.5553785787694239	2.958511946223355	8.526048701254727	-10.704974080728704	-5143.945414710843
4908	-5163.935112046896	-5143.075995741862	-20.859116305034597	1.244489061923716	0.3477491185070025	-0.4609643201636624	-0.9914840253891375	1.51215188914659	-0.5553785787694239	2.7470228975441877	7.916564622232359	-10.235766863759144	-5143.075995741862
4910	-5164.866966406613	-5143.075995741862	-21.79097066475095	1.244489061923716	0.3477491185070025	-0.4609643201636624	-0.9914840253891375	1.51215188914659	-1.2020919721358385	2.7470228975441877	7.916564622232359	-9.621402472101332	-5143.075995741862
4912	-5164.926871992108	-5143.1066433299075	-21.820228662200492	1.244489061923716	0.3477491185070025	-0.4609643201636624	-0.9914840253891375	1.51215188914659	-1.2020919721358385	2.7470228975441877	7.931401372289998	-9.650660469550871	-5143.1066433299075
4914	-5164.684795360608	-5142.90353281546	-21.78126254514918	1.244489061923716	0.3477491185070025	-0.4609643201636624	-0.9914840253891375	1.51215188914659	-1.2020919721358385	2.7470228975441877	7.927025696581592	-9.61169435249956	-5142.90353281546
4916	-5164.540955019104	-5142.757552207338	-21.78340281176606	1.244489061923716	0.3477491185070025	-0.4609643201636624	-0.9914840253891375	1.51215188914659	-1.2020919721358385	2.7470228975441877	7.923801904140135	-9.61383461911644	-5142.757552207338
4918	-5164.520530564702	-5142.757552207338	-21.762978357363917	1.244489061923716	0.23828775710968347	-0.4609643201636624	-0.9914840253891375	1.51215188914659	-1.2020919721358385	2.7470228975441877	7.923801904140135	-9.500695605019596	-5142.757552207338
4920	-5164.520530564702	-5142.757552207338	-21.762978357363917	1.244489061923716	0.23828775710968347	-0.4609643201636624	-0.9914840253891375	1.51215188914659	-1.2020919721358385	2.7470228975441877	7.923801904140135	-9.500695605019596	-5142.757552207338
4922	-5164.348462396447	-5142.57170017138	-21.776762225066598	1.244489061923716	0.23828775710968347	-0.4609643201636624	-0.9914840253891375	1.51215188914659	-1.2020919721358385	2.7470228975441877	7.913429428831687	-9.514479472722277	-5142.57170017138
4924	-5164.390006707326	-5142.621572978756	-21.76843372856984	1.244489061923716	0.23828775710968347	-0.4609643201636624	-0.9914840253891375	1.51215188914659	-1.2020919721358385	2.7470228975441877	7.9192822815349775	-9.506150976225518	-5142.621572978756
4926	-5164.280732722939	-5142.621572978756	-21.659159744183214	0.6899833614794092	0.23828775710968347	-0.4609643201636624	-0.9914840253891375	1.51215188914659	-1.2020919721358385	2.7470228975441877	7.9192822815349775	-9.94175708954307	-5142.621572978756
4928	-5164.5148984277685	-5142.621572978756	-21.893325449011698	1.497737284359718	0.23828775710968347	-0.4609643201636624	-0.9914840253891375	1.51215188914659	-1.2020919721358385	2.7470228975441877	7.9192822815349775	-9.388142562945372	-5142.621572978756
4930	-5164.5148984277685	-5142.621572978756	-21.893325449011698	1.497737284359718	0.23828775710968347	-0.4609643201636624	-0.9914840253891375	1.51215188914659	-1.2020919721358385	2.7470228975441877	7.9192822815349775	-9.388142562945372	-5142.621572978756
4932	-5164.5148984277685	-5142.621572978756	-21.893325449011698	1.497737284359718	0.23828775710968347	-0.4609643201636624	-0.9914840253891375	1.51215188914659	-1.2020919721358385	2.7470228975441877	7.9192822815349775	-9.388142562945372	-5142.621572978756
4934	-5164.498184674359	-5142.741647836834	-21.756536837525537	1.497737284359718	0.23828775710968347	-0.4609643201636624	-0.9914840253891375	1.51215188914659	-1.2020919721358385	2.5027618935585005	7.438847806247558	-9.251353951459212	-5142.741647836834
4936	-5164.443483726108	-5142.69203663328	-21.751447092828265	1.497737284359718	0.23828775710968347	-0.4609643201636624	-0.9914840253891375	1.51215188914659	-1.2020919721358385	2.5027618935585005	7.435911586814979	-9.246264206761937	-5142.69203663328
4938	-5166.944238152603	-5142.692954520147	-24.251283632456072	1.497737284359718	0.23828775710968347	-0.4609643201636624	-0.9914840253891375	1.51215188914659	-1.2020919721358385	6.307020151552333	15.044428102802646	-11.746100746389745	-5142.692954520147
4940	-5166.944238152603	-5142.692954520147	-24.251283632456072	1.497737284359718	0.23828775710968347	-0.4609643201636624	-0.9914840253891375	1.51215188914659	-1.2020919721358385	6.307020151552333	15.044428102802646	-11.746100746389745	-5142.692954520147
4942	-5166.944238152603	-5142.692954520147	-24.251283632456072	1.497737284359718	0.23828775710968347	-0.4609643201636624	-0.9914840253891375	1.51215188914659	-1.2020919721358385	6.307020151552333	15.044428102802646	-11.746100746389745	-5142.692954520147
4944	-5166.944238152603	-5142.692954520147	-24.251283632456072	1.497737284359718	0.23828775710968347	-0.4609643201636624	-0.9914840253891375	1.51215188914659	-1.2020919721358385	6.307020151552333	15.044428102802646	-11.746100746389745	-5142.692954520147
4946	-5166.9810341237535	-5142.692954520147	-24.28807960360608	1.497737284359718	0.48261255654014873	-0.4609643201636624	-0.9914840253891375	1.51215188914659	-1.2020919721358385	6.307020151552333	15.044428102802646	-11.840349692687173	-5142.692954520147
4948	-5166.673323097338	-5142.407265014973	-24.26605808236458	1.497737284359718	0.48261255654014873	-0.4609643201636624	-0.9914840253891375	1.51215188914659	-1.2020919721358385	6.307020151552333	15.040003080569718	-11.818328171445673	-5142.407265014973
4950	-5167.141637788654	-5142.407265114357	-24.73437267429759	1.497737284359718	0.7115391703077181	-0.4609643201636624	-0.9914840253891375	1.51215188914659	-1.2020919721358385	6.525055530257067	15.476073837979186	-12.105902050245712	-5142.407265114357
4952	-5167.17816824952	-5142.407265114357	-24.77090313516357	1.497737284359718	0.7115391703077181	-0.22133550284042508	-0.9914840253891375	1.51215188914659	-1.2020919721358385	6.525055530257067	15.476073837979186	-12.068343066359136	-5142.407265114357
4954	-5167.17816824952	-5142.407265114357	-24.77090313516357	1.497737284359718	0.7115391703077181	-0.22133550284042508	-0.9914840253891375	1.51215188914659	-1.2020919721358385	6.525055530257067	15.476073837979186	-12.068343066359136	-5142.407265114357
4956	-5166.7024991454355	-5142.317992968192	-24.384506177243445	1.497737284359718	0.3510705283730676	-0.22133550284042508	-0.9914840253891375	1.51215188914659	-1.2020919721358385	6.525055530257067	15.477926550076278	-11.898438157234953	-5142.317992968192
4958	-5164.196739741581	-5142.317439438003	-21.879300303578255	1.497737284359718	0.19595785084688447	-0.22133550284042508	-0.9914840253891375	1.51215188914659	-1.2020919721358385	2.5041756417745398	7.436166773111221	-9.19596681819074	-5142.317439438003
4960	-5164.196739741581	-5142.317439438003	-21.879300303578255	1.497737284359718	0.19595785084688447	-0.22133550284042508	-0.9914840253891375	1.51215188914659	-1.2020919721358385	2.5041756417745398	7.436166773111221	-9.19596681819074	-5142.317439438003
4962	-5164.196739741581	-5142.317439438003	-21.879300303578255	1.497737284359718	0.19595785084688447	-0.22133550284042508	-0.9914840253891375	1.51215188914659	-1.2020919721358385	2.5041756417745398	7.436166773111221	-9.19596681819074	-5142.317439438003
4964	-5163.912403850312	-5142.016207380395	-21.896196469917584	1.497737284359718	0.19595785084688447	-0.22133550284042508	-0.9914840253891375	1.51215188914659	-1.2020919721358385	2.5041756417745398	7.440383877167022	-9.212862984530064	-5142.016207380395
4966	-5163.912403850312	-5142.016207380395	-21.896196469917584	1.497737284359718	0.19595785084688447	-0.22133550284042508	-0.9914840253891375	1.51215188914659	-1.2020919721358385	2.5041756417745398	7.440383877167022	-9.212862984530064	-5142.016207380395
4968	-5163.912403850312	-5142.016207380395	-21.896196469917584	1.497737284359718	0.19595785084688447	-0.22133550284042508	-0.9914840253891375	1.51215188914659	-1.2020919721358385	2.5041756417745398	7.440383877167022	-9.212862984530064	-5142.016207380395
4970	-5165.504948507118	-5142.016207380395	-23.488741126722577	3.8745924041632	0.19595785084688447	-0.22133550284042508	-0.9914840253891375	1.51215188914659	-1.2020919721358385	2.5041756417745398	7.440383877167022	-9.019258186927566	-5142.016207380395
4972	-5165.400355465082	-5142.016207380395	-23.384148084686466	3.8745924041632	0.19595785084688447	-0.5522618307558388	-0.9914840253891375	1.51215188914659	-1.2020919721358385	2.5041756417745398	7.440383877167022	-8.986769587708109	-5142.016207380395
4974	-5166.367933907024	-5142.016207380395	-24.351726526629534	3.8745924041632	0.19595785084688447	-1.343672256911728	-0.9914840253891375	1.51215188914659	-1.2020919721358385	2.5041756417745398	7.440383877167022	-9.238556820426682	-5142.016207380395
4976	-5166.5158213651	-5142.016207380395	-24.49961398470571	3.8745924041632	0.4677026921558551	-1.343672256911728	-0.9914840253891375	1.51215188914659	-1.2020919721358385	2.5041756417745398	7.440383877167022	-9.555984760288512	-5142.016207380395
4978	-5166.5158213651	-5142.016207380395	-24.49961398470571	3.8745924041632	0.4677026921558551	-1.343672256911728	-0.9914840253891375	1.51215188914659	-1.2020919721358385	2.5041756417745398	7.440383877167022	-9.555984760288512	-5142.016207380395
4980	-5166.5158213651	-5142.016207380395	-24.49961398470571	3.8745924041632	0.4677026921558551	-1.343672256911728	-0.9914840253891375	1.51215188914659	-1.2020919721358385	2.5041756417745398	7.440383877167022	-9.555984760288512	-5142.016207380395
4982	-5166.325615002043	-5141.748489178293	-24.577125823749697	3.8745924041632	0.4677026921558551	-1.343672256911728	-0.9914840253891375	1.51215188914659	-1.2020919721358385	2.5041756417745398	7.497955107161463	-9.633496599332501	-5141.748489178293
4984	-5165.815419177941	-5142.873440878685	-22.941978299256068	3.8745924041632	0.4677026921558551	-1.343672256911728	-0.9914840253891375	0.7777270829024742	-1.2020919721358385	2.671348664890439	7.99850139534564	-10.56293915893195	-5142.873440878685
4986	-5165.240198001539	-5142.3492443453315	-22.890953656207344	3.8745924041632	0.4677026921558551	-1.343672256911728	-0.9914840253891375	0.7777270829024742	-1.2020919721358385	2.671348664890439	7.991078034213487	-10.511914515883225	-5142.3492443453315
4988	-5165.240198001539	-5142.3492443453315	-22.890953656207344	3.8745924041632	0.4677026921558551	-1.343672256911728	-0.9914840253891375	0.7777270829024742	-1.2020919721358385	2.671348664890439	7.991078034213487	-10.511914515883225	-5142.3492443453315
4990	-5165.7099949501935	-5142.088160287777	-23.621834662416262	3.8745924041632	1.0047289074922403	-1.343672256911728	-0.9914840253891375	0.7777270829024742	-1.2020919721358385	2.671348664890439	7.95560112021721	-10.766885245181944	-5142.088160287777
4992	-5165.7099949501935	-5142.088160287777	-23.621834662416262	3.8745924041632	1.0047289074922403	-1.343672256911728	-0.9914840253891375	0.7777270829024742	-1.2020919721358385	2.671348664890439	7.95560112021721	-10.766885245181944	-5142.088160287777
4994	-5165.7099949501935	-5142.088160287777	-23.621834662416262	3.8745924041632	1.0047289074922403	-1.343672256911728	-0.9914840253891375	0.7777270829024742	-1.2020919721358385	2.671348664890439	7.95560112021721	-10.766885245181944	-5142.088160287777
4996	-5165.680029061617	-5143.317201603159	-22.362827458456692	3.8745924041632	1.0047289074922403	-1.343672256911728	-0.9914840253891375	0.7777270829024742	-1.2020919721358385	2.4257211547362374	7.178910792361805	-9.507878041222375	-5143.317201603159
4998	-5165.632667592746	-5142.115008613058	-23.517658979687887	3.8745924041632	1.0047289074922403	-1.343672256911728	-0.9914840253891375	0.7777270829024742	-1.2020919721358385	2.6679692542622377	7.895842947865656	-10.66270956245357	-5142.115008613058
5000	-5165.632667592746	-5142.115008613058	-23.517658979687887	3.8745924041632	1.0047289074922403	-1.343672256911728	-0.9914840253891375	0.7777270829024742	-1.2020919721358385	2.6679692542622377	7.895842947865656	-10.66270956245357	-5142.115008613058
