Sample	posterior	likelihood	prior	M.1	M.2	SkylineNe.A.1	SkylineNe.A.2	SkylineNe.B.1	SkylineNe.B.2	psi.height	psi.treeLength	Mascot	D.treeLikelihood
0	-6020.954893706313	-5998.450438438427	-22.50445526788527	0.5855216030678264	1.695099241710519	-0.6592781914061192	-1.708883147170379	0.3816821326348326	-0.18230901515238673	1.3508511056425143	6.77877399402178	-13.87791223962674	-5998.450438438427
2	-6020.954893706313	-5998.450438438427	-22.50445526788527	0.5855216030678264	1.695099241710519	-0.6592781914061192	-1.708883147170379	0.3816821326348326	-0.18230901515238673	1.3508511056425143	6.77877399402178	-13.87791223962674	-5998.450438438427
4	-6020.912480162051	-5998.4067212155305	-22.505758946520622	0.5855216030678264	1.695099241710519	-0.6592781914061192	-1.708883147170379	0.3816821326348326	-0.18230901515238673	1.3508511056425143	6.779440992885501	-13.879215918262092	-5998.4067212155305
6	-6009.09201540021	-5986.214238361283	-22.877777038926837	0.5855216030678264	1.695099241710519	-0.6592781914061192	-1.708883147170379	0.3816821326348326	-0.18230901515238673	1.3508511056425143	6.779440992885501	-14.251234010668307	-5986.214238361283
8	-6009.071501191517	-5986.192406154987	-22.879095036530444	0.5855216030678264	1.695099241710519	-0.6592781914061192	-1.708883147170379	0.3816821326348326	-0.18230901515238673	1.3508511056425143	6.780111299716032	-14.252552008271913	-5986.192406154987
10	-6009.476193070776	-5985.901276166313	-23.57491690446312	0.5855216030678264	1.695099241710519	-0.6592781914061192	-1.708883147170379	0.3816821326348326	-0.18230901515238673	1.449808327498009	7.276791485480709	-14.948373876204588	-5985.901276166313
12	-5989.640670682352	-5963.811858155966	-25.828812526386425	0.5855216030678264	1.695099241710519	-0.6592781914061192	-1.708883147170379	0.3816821326348326	-0.18230901515238673	1.449808327498009	8.048418880724466	-17.202269498127894	-5963.811858155966
14	-5976.446607675442	-5950.564468054071	-25.882139621370367	0.5855216030678264	1.695099241710519	-0.6592781914061192	-1.708883147170379	0.3816821326348326	-0.18230901515238673	1.449808327498009	8.08060950653667	-17.255596593111836	-5950.564468054071
16	-5977.169896569913	-5950.564468054071	-26.605428515842114	1.2900072912667933	1.695099241710519	-0.6592781914061192	-1.708883147170379	0.3816821326348326	-0.18230901515238673	1.449808327498009	8.08060950653667	-17.2998101069824	-5950.564468054071
18	-5977.16066163641	-5950.564468054071	-26.59619358233918	1.2900072912667933	1.695099241710519	-0.6592781914061192	-1.708883147170379	0.6226550907574221	-0.18230901515238673	1.449808327498009	8.08060950653667	-17.004625519132315	-5950.564468054071
20	-5886.820387639828	-5861.596878264177	-25.223509375651805	1.2900072912667933	1.695099241710519	-0.6592781914061192	-1.708883147170379	0.6226550907574221	-0.18230901515238673	1.3475768332910931	7.242339185937357	-15.63194131244494	-5861.596878264177
22	-5886.820387639828	-5861.596878264177	-25.223509375651805	1.2900072912667933	1.695099241710519	-0.6592781914061192	-1.708883147170379	0.6226550907574221	-0.18230901515238673	1.3475768332910931	7.242339185937357	-15.63194131244494	-5861.596878264177
24	-5879.841412550261	-5855.214767616169	-24.62664493409217	1.2900072912667933	1.695099241710519	-0.6592781914061192	-1.708883147170379	0.6226550907574221	-0.18230901515238673	1.2589220489734925	6.765878027937109	-15.035076870885304	-5855.214767616169
26	-5878.132890502418	-5854.4089262321995	-23.723964270218687	1.2900072912667933	1.695099241710519	-0.6592781914061192	-1.708883147170379	0.6226550907574221	-0.18230901515238673	1.1241718464600172	6.041684313807319	-14.132396207011825	-5854.4089262321995
28	-5878.132890502418	-5854.4089262321995	-23.723964270218687	1.2900072912667933	1.695099241710519	-0.6592781914061192	-1.708883147170379	0.6226550907574221	-0.18230901515238673	1.1241718464600172	6.041684313807319	-14.132396207011825	-5854.4089262321995
30	-5864.362805175859	-5838.717824626391	-25.64498054946791	2.232798755276211	1.695099241710519	-0.6592781914061192	-1.708883147170379	0.6226550907574221	-0.18230901515238673	3.110354144679097	10.014048910245478	-15.214617303091503	-5838.717824626391
32	-5864.362805175859	-5838.717824626391	-25.64498054946791	2.232798755276211	1.695099241710519	-0.6592781914061192	-1.708883147170379	0.6226550907574221	-0.18230901515238673	3.110354144679097	10.014048910245478	-15.214617303091503	-5838.717824626391
34	-5864.266069873357	-5838.717824626391	-25.548245246966033	2.232798755276211	1.695099241710519	-0.6592781914061192	-1.708883147170379	0.6226550907574221	-0.05150854427447148	3.110354144679097	10.014048910245478	-15.214617303091503	-5838.717824626391
36	-5848.783201841355	-5823.215859508128	-25.56734233322662	2.232798755276211	1.695099241710519	-0.6592781914061192	-1.708883147170379	0.6226550907574221	-0.05150854427447148	3.110354144679097	10.03161653250913	-15.23371438935209	-5823.215859508128
38	-5849.937849619687	-5823.195827683323	-26.74202193636397	2.232798755276211	1.695099241710519	-0.6592781914061192	-1.708883147170379	0.6226550907574221	-0.05150854427447148	5.686699194490996	15.184306632132927	-16.40839399248944	-5823.195827683323
40	-5849.937849619687	-5823.195827683323	-26.74202193636397	2.232798755276211	1.695099241710519	-0.6592781914061192	-1.708883147170379	0.6226550907574221	-0.05150854427447148	5.686699194490996	15.184306632132927	-16.40839399248944	-5823.195827683323
42	-5850.001658164156	-5823.195827683323	-26.80583048083286	2.232798755276211	1.695099241710519	-0.6592781914061192	-1.708883147170379	0.6226550907574221	-0.14030866705627656	5.686699194490996	15.184306632132927	-16.40839399248944	-5823.195827683323
44	-5849.955137154118	-5823.195827683323	-26.759309470795394	2.232798755276211	1.695099241710519	-0.6592781914061192	-1.708883147170379	0.33601842472605914	-0.14030866705627656	5.686699194490996	15.184306632132927	-16.67688157128304	-5823.195827683323
46	-5849.955137154118	-5823.195827683323	-26.759309470795394	2.232798755276211	1.695099241710519	-0.6592781914061192	-1.708883147170379	0.33601842472605914	-0.14030866705627656	5.686699194490996	15.184306632132927	-16.67688157128304	-5823.195827683323
48	-5848.6416281765505	-5821.846257351725	-26.79537082482508	2.232798755276211	1.695099241710519	-0.6592781914061192	-1.708883147170379	0.33601842472605914	-0.14030866705627656	5.686699194490996	15.201834675499793	-16.712942925312728	-5821.846257351725
50	-5847.609145279459	-5820.799770360916	-26.809374918543057	2.232798755276211	1.695099241710519	-0.6592781914061192	-1.708883147170379	0.6117798076718616	-0.14030866705627656	5.686699194490996	15.196901634363957	-16.426889155644346	-5820.799770360916
52	-5847.609145279459	-5820.799770360916	-26.809374918543057	2.232798755276211	1.695099241710519	-0.6592781914061192	-1.708883147170379	0.6117798076718616	-0.14030866705627656	5.686699194490996	15.196901634363957	-16.426889155644346	-5820.799770360916
54	-5847.609145279459	-5820.799770360916	-26.809374918543057	2.232798755276211	1.695099241710519	-0.6592781914061192	-1.708883147170379	0.6117798076718616	-0.14030866705627656	5.686699194490996	15.196901634363957	-16.426889155644346	-5820.799770360916
56	-5847.554251938528	-5820.799770360916	-26.75448157761166	2.232798755276211	1.695099241710519	-0.6592781914061192	-1.708883147170379	0.6117798076718616	-0.06338712868988193	5.686699194490996	15.196901634363957	-16.426889155644346	-5820.799770360916
58	-5793.23937119339	-5765.370303346697	-27.869067846692857	2.232798755276211	1.695099241710519	-0.6592781914061192	-1.708883147170379	0.6117798076718616	-0.06338712868988193	5.686699194490996	15.716318380298214	-17.541475424725544	-5765.370303346697
60	-5793.078299409019	-5765.370319992328	-27.7079794166907	2.232798755276211	1.695099241710519	-0.6592781914061192	-1.708883147170379	0.6117798076718616	-0.03374414607953589	5.3786682339839205	15.100256459284063	-17.39996160326802	-5765.370319992328
62	-5793.078299409019	-5765.370319992328	-27.7079794166907	2.232798755276211	1.695099241710519	-0.6592781914061192	-1.708883147170379	0.6117798076718616	-0.03374414607953589	5.3786682339839205	15.100256459284063	-17.39996160326802	-5765.370319992328
64	-5793.078299409019	-5765.370319992328	-27.7079794166907	2.232798755276211	1.695099241710519	-0.6592781914061192	-1.708883147170379	0.6117798076718616	-0.03374414607953589	5.3786682339839205	15.100256459284063	-17.39996160326802	-5765.370319992328
66	-5793.078299409019	-5765.370319992328	-27.7079794166907	2.232798755276211	1.695099241710519	-0.6592781914061192	-1.708883147170379	0.6117798076718616	-0.03374414607953589	5.3786682339839205	15.100256459284063	-17.39996160326802	-5765.370319992328
68	-5793.274223513723	-5765.555046282956	-27.71917723076658	2.232798755276211	1.695099241710519	-0.6592781914061192	-1.708883147170379	0.6117798076718616	-0.03374414607953589	5.3786682339839205	15.106195774785997	-17.4111594173439	-5765.555046282956
70	-5784.5270936598345	-5756.812545323053	-27.714548336781597	2.232798755276211	1.695099241710519	-0.6592781914061192	-1.708883147170379	0.6117798076718616	-0.03374414607953589	5.3786682339839205	15.106195774785997	-17.406530523358917	-5756.812545323053
72	-5784.5270936598345	-5756.812545323053	-27.714548336781597	2.232798755276211	1.695099241710519	-0.6592781914061192	-1.708883147170379	0.6117798076718616	-0.03374414607953589	5.3786682339839205	15.106195774785997	-17.406530523358917	-5756.812545323053
74	-5771.204997510547	-5744.778522839358	-26.426474671189755	2.232798755276211	1.695099241710519	-0.6592781914061192	-1.708883147170379	0.6117798076718616	-0.013626099429918258	4.757384960001149	13.361297900422734	-16.13124117088159	-5744.778522839358
76	-5767.2453866573605	-5740.810980703873	-26.434405953487683	2.232798755276211	1.695099241710519	-0.6592781914061192	-1.708883147170379	0.6117798076718616	-0.013626099429918258	4.757384960001149	13.361297900422736	-16.13917245317952	-5740.810980703873
78	-5767.2453866573605	-5740.810980703873	-26.434405953487683	2.232798755276211	1.695099241710519	-0.6592781914061192	-1.708883147170379	0.6117798076718616	-0.013626099429918258	4.757384960001149	13.361297900422736	-16.13917245317952	-5740.810980703873
80	-5765.208520987173	-5739.379790088634	-25.82873089853942	2.232798755276211	1.695099241710519	-0.6592781914061192	-1.708883147170379	0.6117798076718616	-0.013626099429918258	4.278134929998186	12.207282101624774	-15.533497398231253	-5739.379790088634
82	-5767.251479406669	-5739.379790088634	-27.87168931803572	2.232798755276211	4.057222228608668	-0.6592781914061192	-1.708883147170379	0.6117798076718616	-0.013626099429918258	4.278134929998186	12.207282101624774	-15.862255873855394	-5739.379790088634
84	-5767.251479406669	-5739.379790088634	-27.87168931803572	2.232798755276211	4.057222228608668	-0.6592781914061192	-1.708883147170379	0.6117798076718616	-0.013626099429918258	4.278134929998186	12.207282101624774	-15.862255873855394	-5739.379790088634
86	-5763.805855816125	-5735.993163667221	-27.8126921489039	2.232798755276211	4.057222228608668	-0.6592781914061192	-1.708883147170379	0.6117798076718616	-0.013626099429918258	4.278134929998186	12.188772098824838	-15.80325870472357	-5735.993163667221
88	-5762.308571250478	-5735.993163667221	-26.315407583256828	2.232798755276211	2.282438499377729	-0.6592781914061192	-1.708883147170379	0.6117798076718616	-0.013626099429918258	4.278134929998186	12.188772098824838	-15.521412266440288	-5735.993163667221
90	-5762.308571250478	-5735.993163667221	-26.315407583256828	2.232798755276211	2.282438499377729	-0.6592781914061192	-1.708883147170379	0.6117798076718616	-0.013626099429918258	4.278134929998186	12.188772098824838	-15.521412266440288	-5735.993163667221
92	-5763.061810201254	-5736.423053879015	-26.638756322238947	2.232798755276211	2.282438499377729	-0.6592781914061192	-1.708883147170379	0.6117798076718616	-0.013626099429918258	4.422902812294811	12.60122816985012	-15.844761005422411	-5736.423053879015
94	-5762.261407916975	-5736.423053879015	-25.838354037960062	1.4191911594386786	2.282438499377729	-0.6592781914061192	-1.708883147170379	0.6117798076718616	-0.013626099429918258	4.422902812294811	12.60122816985012	-15.75885695054684	-5736.423053879015
96	-5762.277074340647	-5736.423053879015	-25.8540204616323	1.4191911594386786	2.282438499377729	-0.6592781914061192	-1.708883147170379	0.6117798076718616	-0.038193573307907076	4.422902812294811	12.60122816985012	-15.75885695054684	-5736.423053879015
98	-5762.277074340647	-5736.423053879015	-25.8540204616323	1.4191911594386786	2.282438499377729	-0.6592781914061192	-1.708883147170379	0.6117798076718616	-0.038193573307907076	4.422902812294811	12.60122816985012	-15.75885695054684	-5736.423053879015
100	-5762.277074340647	-5736.423053879015	-25.8540204616323	1.4191911594386786	2.282438499377729	-0.6592781914061192	-1.708883147170379	0.6117798076718616	-0.038193573307907076	4.422902812294811	12.60122816985012	-15.75885695054684	-5736.423053879015
102	-5763.386400988497	-5736.4226795174145	-26.96372147108287	1.4191911594386786	2.282438499377729	-0.6592781914061192	-1.708883147170379	0.6117798076718616	-0.038193573307907076	6.666219580346747	17.087861705953994	-16.86855795999741	-5736.4226795174145
104	-5763.386400988497	-5736.4226795174145	-26.96372147108287	1.4191911594386786	2.282438499377729	-0.6592781914061192	-1.708883147170379	0.6117798076718616	-0.038193573307907076	6.666219580346747	17.087861705953994	-16.86855795999741	-5736.4226795174145
106	-5763.449420471923	-5736.4226795174145	-27.026740954508796	1.4191911594386786	2.282438499377729	-0.2925093264379873	-1.708883147170379	0.6117798076718616	-0.038193573307907076	6.666219580346747	17.087861705953994	-16.653898338783005	-5736.4226795174145
108	-5762.071787515456	-5735.028429133963	-27.043358381492595	1.4191911594386786	2.282438499377729	-0.2925093264379873	-1.708883147170379	0.6117798076718616	-0.038193573307907076	6.666219580346747	17.0985147192496	-16.670515765766808	-5735.028429133963
110	-5732.342465618428	-5704.684776637347	-27.65768898108152	1.4191911594386786	2.282438499377729	-0.2925093264379873	-1.708883147170379	0.6117798076718616	-0.038193573307907076	6.666219580346747	17.59176379412199	-17.284846365355733	-5704.684776637347
112	-5730.748490695259	-5703.083789405997	-27.664701289261707	1.4191911594386786	2.282438499377729	-0.2925093264379873	-1.708883147170379	0.6117798076718616	-0.038193573307907076	6.666219580346747	17.59176379412199	-17.29185867353592	-5703.083789405997
114	-5730.748490695259	-5703.083789405997	-27.664701289261707	1.4191911594386786	2.282438499377729	-0.2925093264379873	-1.708883147170379	0.6117798076718616	-0.038193573307907076	6.666219580346747	17.59176379412199	-17.29185867353592	-5703.083789405997
116	-5730.748490695259	-5703.083789405997	-27.664701289261707	1.4191911594386786	2.282438499377729	-0.2925093264379873	-1.708883147170379	0.6117798076718616	-0.038193573307907076	6.666219580346747	17.59176379412199	-17.29185867353592	-5703.083789405997
118	-5730.690248932208	-5703.083789405997	-27.606459526211232	1.4191911594386786	2.282438499377729	-0.5330865353831206	-1.708883147170379	0.6117798076718616	-0.038193573307907076	6.666219580346747	17.59176379412199	-17.446115700291493	-5703.083789405997
120	-5729.964403173345	-5703.083788855488	-26.880614317857095	0.558681095798974	2.282438499377729	-0.5330865353831206	-1.708883147170379	0.6117798076718616	-0.038193573307907076	6.918895420353422	18.09711547413534	-17.544349829533008	-5703.083788855488
122	-5728.837956805219	-5701.975467424406	-26.86248938081318	0.558681095798974	2.282438499377729	-0.5330865353831206	-1.708883147170379	0.6117798076718616	-0.038193573307907076	6.918895420353422	18.095625415900418	-17.526224892489093	-5701.975467424406
124	-5728.837956805219	-5701.975467424406	-26.86248938081318	0.558681095798974	2.282438499377729	-0.5330865353831206	-1.708883147170379	0.6117798076718616	-0.038193573307907076	6.918895420353422	18.095625415900418	-17.526224892489093	-5701.975467424406
126	-5728.837956805219	-5701.975467424406	-26.86248938081318	0.558681095798974	2.282438499377729	-0.5330865353831206	-1.708883147170379	0.6117798076718616	-0.038193573307907076	6.918895420353422	18.095625415900418	-17.526224892489093	-5701.975467424406
128	-5726.993319290411	-5699.688552195254	-27.304767095157704	0.558681095798974	2.282438499377729	-0.5330865353831206	-1.708883147170379	0.6117798076718616	-0.038193573307907076	6.918895420353422	18.526631503204573	-17.968502606833617	-5699.688552195254
130	-5726.993319290411	-5699.688552195254	-27.304767095157704	0.558681095798974	2.282438499377729	-0.5330865353831206	-1.708883147170379	0.6117798076718616	-0.038193573307907076	6.918895420353422	18.526631503204573	-17.968502606833617	-5699.688552195254
132	-5717.68010588643	-5691.421130325429	-26.25897556100188	0.558681095798974	2.282438499377729	-0.5330865353831206	-1.708883147170379	0.6117798076718616	-0.038193573307907076	6.336719675023719	16.967747483640082	-16.922711072677792	-5691.421130325429
134	-5716.70282352167	-5690.487427361996	-26.215396159674018	0.558681095798974	2.282438499377729	-0.5330865353831206	-1.708883147170379	0.6117798076718616	-0.038193573307907076	6.336719675023719	16.955231707042046	-16.87913167134993	-5690.487427361996
136	-5715.886904547773	-5689.726579379001	-26.16032516877182	0.558681095798974	2.282438499377729	-0.5330865353831206	-1.708883147170379	0.6117798076718616	-0.038193573307907076	6.336719675023719	16.939311351230423	-16.824060680447733	-5689.726579379001
138	-5716.606185959491	-5690.4670536549465	-26.139132304544948	0.558681095798974	2.282438499377729	-0.5330865353831206	-1.708883147170379	0.6117798076718616	-0.038193573307907076	6.336719675023719	16.928474257013935	-16.80286781622086	-5690.4670536549465
140	-5716.606185959491	-5690.4670536549465	-26.139132304544948	0.558681095798974	2.282438499377729	-0.5330865353831206	-1.708883147170379	0.6117798076718616	-0.038193573307907076	6.336719675023719	16.928474257013935	-16.80286781622086	-5690.4670536549465
142	-5716.33590914252	-5690.23722040924	-26.098688733280117	0.558681095798974	2.282438499377729	-0.5330865353831206	-1.708883147170379	0.6117798076718616	-0.038193573307907076	6.336719675023719	16.91670095312797	-16.76242424495603	-5690.23722040924
144	-5716.33590914252	-5690.23722040924	-26.098688733280117	0.558681095798974	2.282438499377729	-0.5330865353831206	-1.708883147170379	0.6117798076718616	-0.038193573307907076	6.336719675023719	16.91670095312797	-16.76242424495603	-5690.23722040924
146	-5716.33590914252	-5690.23722040924	-26.098688733280117	0.558681095798974	2.282438499377729	-0.5330865353831206	-1.708883147170379	0.6117798076718616	-0.038193573307907076	6.336719675023719	16.91670095312797	-16.76242424495603	-5690.23722040924
148	-5716.353032942979	-5690.283881298584	-26.06915164439524	0.558681095798974	2.282438499377729	-0.5330865353831206	-1.708883147170379	0.6117798076718616	-0.038193573307907076	6.336719675023719	16.90806456836912	-16.732887156071154	-5690.283881298584
150	-5716.353032942979	-5690.283881298584	-26.06915164439524	0.558681095798974	2.282438499377729	-0.5330865353831206	-1.708883147170379	0.6117798076718616	-0.038193573307907076	6.336719675023719	16.90806456836912	-16.732887156071154	-5690.283881298584
152	-5715.641968462467	-5690.304775619093	-25.33719284337458	0.558681095798974	2.282438499377729	-0.5330865353831206	-0.7820057981304275	0.6117798076718616	-0.038193573307907076	6.336719675023719	16.875515703141126	-16.661196791512364	-5690.304775619093
154	-5715.641968462467	-5690.304775619093	-25.33719284337458	0.558681095798974	2.282438499377729	-0.5330865353831206	-0.7820057981304275	0.6117798076718616	-0.038193573307907076	6.336719675023719	16.875515703141126	-16.661196791512364	-5690.304775619093
156	-5715.641968462467	-5690.304775619093	-25.33719284337458	0.558681095798974	2.282438499377729	-0.5330865353831206	-0.7820057981304275	0.6117798076718616	-0.038193573307907076	6.336719675023719	16.875515703141126	-16.661196791512364	-5690.304775619093
158	-5716.995851662412	-5691.658781889331	-25.33706977308023	0.558681095798974	2.282438499377729	-0.5330865353831206	-0.7820057981304275	0.6117798076718616	-0.038193573307907076	6.336719675023719	16.875515703141133	-16.66107372121801	-5691.658781889331
160	-5716.976988036145	-5691.658781889331	-25.318206146813385	0.558681095798974	2.282438499377729	-0.5330865353831206	-0.3774152572584287	0.6117798076718616	-0.038193573307907076	6.336719675023719	16.875515703141133	-16.66107372121801	-5691.658781889331
162	-5716.976988036145	-5691.658781889331	-25.318206146813385	0.558681095798974	2.282438499377729	-0.5330865353831206	-0.3774152572584287	0.6117798076718616	-0.038193573307907076	6.336719675023719	16.875515703141133	-16.66107372121801	-5691.658781889331
164	-5712.590603372166	-5687.3496480041085	-25.240955368057506	0.558681095798974	2.282438499377729	-0.5330865353831206	-0.3774152572584287	0.6117798076718616	-0.038193573307907076	6.336719675023719	16.869783454379025	-16.58382294246213	-5687.3496480041085
166	-5711.2411028263405	-5686.000024374311	-25.241078452029683	0.558681095798974	2.282438499377729	-0.5330865353831206	-0.3774152572584287	0.6117798076718616	-0.038193573307907076	6.336719675023719	16.869783454379018	-16.583946026434308	-5686.000024374311
168	-5711.665814727526	-5686.318038113672	-25.347776613853835	1.3055455776752454	2.282438499377729	-0.5330865353831206	-0.3774152572584287	0.6117798076718616	-0.038193573307907076	5.956112984538549	15.856522212118271	-15.975768039003103	-5686.318038113672
170	-5711.665814727526	-5686.318038113672	-25.347776613853835	1.3055455776752454	2.282438499377729	-0.5330865353831206	-0.3774152572584287	0.6117798076718616	-0.038193573307907076	5.956112984538549	15.856522212118271	-15.975768039003103	-5686.318038113672
172	-5711.665814727526	-5686.318038113672	-25.347776613853835	1.3055455776752454	2.282438499377729	-0.5330865353831206	-0.3774152572584287	0.6117798076718616	-0.038193573307907076	5.956112984538549	15.856522212118271	-15.975768039003103	-5686.318038113672
174	-5711.259641713036	-5687.028815965134	-24.230825747902713	1.3055455776752454	1.2341689381676053	-0.5330865353831206	-0.3774152572584287	0.6117798076718616	-0.038193573307907076	5.956112984538549	15.856522212118271	-15.79204427218801	-5687.028815965134
176	-5711.948456345619	-5687.776273153787	-24.17218319183201	1.3055455776752454	1.2341689381676053	-0.5330865353831206	-0.3774152572584287	0.6117798076718616	-0.038193573307907076	5.956112984538549	15.814596578844956	-15.733401716117307	-5687.776273153787
178	-5713.494484525625	-5687.776273153787	-25.718211371837942	2.161409675537167	1.2341689381676053	-0.5330865353831206	-0.3774152572584287	0.9168272144712354	-0.038193573307907076	5.956112984538549	15.814596578844956	-16.035849226717634	-5687.776273153787
180	-5713.494484525625	-5687.776273153787	-25.718211371837942	2.161409675537167	1.2341689381676053	-0.5330865353831206	-0.3774152572584287	0.9168272144712354	-0.038193573307907076	5.956112984538549	15.814596578844956	-16.035849226717634	-5687.776273153787
182	-5713.494484525625	-5687.776273153787	-25.718211371837942	2.161409675537167	1.2341689381676053	-0.5330865353831206	-0.3774152572584287	0.9168272144712354	-0.038193573307907076	5.956112984538549	15.814596578844956	-16.035849226717634	-5687.776273153787
184	-5713.508729583269	-5687.776273153787	-25.732456429481953	2.161409675537167	1.2341689381676053	-0.5330865353831206	-0.7627028721734276	0.9168272144712354	-0.038193573307907076	5.956112984538549	15.814596578844956	-16.035849226717634	-5687.776273153787
186	-5712.669376253382	-5687.776273153787	-24.893103099595184	2.161409675537167	1.2341689381676053	-0.5330865353831206	-0.7627028721734276	0.45059000541672317	-0.038193573307907076	5.956112984538549	15.814596578844956	-15.851843950067405	-5687.776273153787
188	-5711.799331685649	-5686.906058604835	-24.89327308081395	2.161409675537167	1.2341689381676053	-0.5330865353831206	-0.7627028721734276	0.45059000541672317	-0.038193573307907076	5.956112984538549	15.80823681525363	-15.852013931286173	-5686.906058604835
190	-5711.391932704533	-5686.459219422402	-24.9327132821307	2.161409675537167	1.2341689381676053	-0.5330865353831206	-0.7627028721734276	0.45059000541672317	-0.038193573307907076	5.956112984538549	15.827309263108114	-15.891454132602922	-5686.459219422402
192	-5711.391932704533	-5686.459219422402	-24.9327132821307	2.161409675537167	1.2341689381676053	-0.5330865353831206	-0.7627028721734276	0.45059000541672317	-0.038193573307907076	5.956112984538549	15.827309263108114	-15.891454132602922	-5686.459219422402
194	-5707.955901900351	-5683.092958993532	-24.862942906818773	2.161409675537167	1.2341689381676053	-0.5330865353831206	-0.7627028721734276	0.45059000541672317	-0.038193573307907076	5.956112984538549	15.821944647682837	-15.821683757290995	-5683.092958993532
196	-5707.955901900351	-5683.092958993532	-24.862942906818773	2.161409675537167	1.2341689381676053	-0.5330865353831206	-0.7627028721734276	0.45059000541672317	-0.038193573307907076	5.956112984538549	15.821944647682837	-15.821683757290995	-5683.092958993532
198	-5707.00475405274	-5683.092958993532	-23.91179505920851	1.1707114109942418	1.2341689381676053	-0.5330865353831206	-0.7627028721734276	0.45059000541672317	-0.038193573307907076	5.956112984538549	15.821944647682837	-15.768300208338612	-5683.092958993532
200	-5709.9564881640135	-5684.731493016814	-25.224995147199298	1.1707114109942418	1.2341689381676053	-0.5330865353831206	-0.7627028721734276	0.45059000541672317	-0.038193573307907076	6.7410125100333325	17.906968366777573	-17.0815002963294	-5684.731493016814
202	-5709.9564881640135	-5684.731493016814	-25.224995147199298	1.1707114109942418	1.2341689381676053	-0.5330865353831206	-0.7627028721734276	0.45059000541672317	-0.038193573307907076	6.7410125100333325	17.906968366777573	-17.0815002963294	-5684.731493016814
204	-5710.255560618078	-5685.038258680315	-25.21730193776245	1.1707114109942418	1.2341689381676053	-0.5330865353831206	-0.7627028721734276	0.45059000541672317	-0.038193573307907076	6.7410125100333325	17.901310587986092	-17.07380708689255	-5685.038258680315
206	-5711.361802127394	-5685.038258680315	-26.32354344707852	1.1707114109942418	1.2341689381676053	-1.1016509243588013	-0.7627028721734276	0.45059000541672317	-0.038193573307907076	6.7410125100333325	17.901310587986092	-17.68424078376208	-5685.038258680315
208	-5707.842809992507	-5682.803576159031	-25.03923383347609	1.1707114109942418	1.2341689381676053	-1.1016509243588013	-0.7627028721734276	0.45059000541672317	-0.038193573307907076	6.103431781919513	16.20816276755231	-16.399931170159647	-5682.803576159031
210	-5707.842809992507	-5682.803576159031	-25.03923383347609	1.1707114109942418	1.2341689381676053	-1.1016509243588013	-0.7627028721734276	0.45059000541672317	-0.038193573307907076	6.103431781919513	16.20816276755231	-16.399931170159647	-5682.803576159031
212	-5708.098765166616	-5682.803576159031	-25.29518900758542	1.1707114109942418	1.2341689381676053	-1.1016509243588013	-0.3099463517441619	0.45059000541672317	-0.038193573307907076	6.103431781919513	16.20816276755231	-16.399931170159647	-5682.803576159031
214	-5707.7888453289315	-5682.445819382802	-25.343025946129607	1.1707114109942418	1.2341689381676053	-1.1016509243588013	-0.3099463517441619	0.45059000541672317	-0.038193573307907076	6.103431781919513	16.232269145599716	-16.447768108703833	-5682.445819382802
216	-5707.837314438922	-5682.4238559097375	-25.41345852918434	1.1707114109942418	1.2341689381676053	-1.1016509243588013	-0.3099463517441619	0.45059000541672317	-0.038193573307907076	6.103431781919513	16.25978305327557	-16.518200691758565	-5682.4238559097375
218	-5707.837314438922	-5682.4238559097375	-25.41345852918434	1.1707114109942418	1.2341689381676053	-1.1016509243588013	-0.3099463517441619	0.45059000541672317	-0.038193573307907076	6.103431781919513	16.25978305327557	-16.518200691758565	-5682.4238559097375
220	-5707.837314438922	-5682.4238559097375	-25.41345852918434	1.1707114109942418	1.2341689381676053	-1.1016509243588013	-0.3099463517441619	0.45059000541672317	-0.038193573307907076	6.103431781919513	16.25978305327557	-16.518200691758565	-5682.4238559097375
222	-5707.837314438922	-5682.4238559097375	-25.41345852918434	1.1707114109942418	1.2341689381676053	-1.1016509243588013	-0.3099463517441619	0.45059000541672317	-0.038193573307907076	6.103431781919513	16.25978305327557	-16.518200691758565	-5682.4238559097375
224	-5707.837314438922	-5682.4238559097375	-25.41345852918434	1.1707114109942418	1.2341689381676053	-1.1016509243588013	-0.3099463517441619	0.45059000541672317	-0.038193573307907076	6.103431781919513	16.25978305327557	-16.518200691758565	-5682.4238559097375
226	-5707.871220492704	-5682.519287645491	-25.351932847212744	1.1707114109942418	1.2341689381676053	-1.1016509243588013	-0.3099463517441619	0.45059000541672317	-0.038193573307907076	6.103431781919513	16.20765029429007	-16.45667500978697	-5682.519287645491
228	-5707.819260596156	-5682.388205009137	-25.43105558701842	1.1707114109942418	1.2341689381676053	-1.1016509243588013	-0.3099463517441619	0.45059000541672317	-0.038193573307907076	6.103431781919513	16.254661635750026	-16.535797749592646	-5682.388205009137
230	-5707.819260596156	-5682.388205009137	-25.43105558701842	1.1707114109942418	1.2341689381676053	-1.1016509243588013	-0.3099463517441619	0.45059000541672317	-0.038193573307907076	6.103431781919513	16.254661635750026	-16.535797749592646	-5682.388205009137
232	-5706.979701183075	-5682.388205009137	-24.591496173938292	1.1707114109942418	1.2341689381676053	-0.7534780051170841	-0.3099463517441619	0.45059000541672317	-0.038193573307907076	6.103431781919513	16.254661635750026	-16.23422906536281	-5682.388205009137
234	-5705.357161701638	-5682.401937692235	-22.95522400940244	1.1707114109942418	1.2341689381676053	-0.7534780051170841	-0.3099463517441619	0.45059000541672317	-0.038193573307907076	3.115315274851938	10.278428621614875	-14.597956900826958	-5682.401937692235
236	-5705.357161701638	-5682.401937692235	-22.95522400940244	1.1707114109942418	1.2341689381676053	-0.7534780051170841	-0.3099463517441619	0.45059000541672317	-0.038193573307907076	3.115315274851938	10.278428621614875	-14.597956900826958	-5682.401937692235
238	-5705.731442803686	-5681.275819747604	-24.455623056081777	1.1707114109942418	1.2341689381676053	-0.7534780051170841	-0.3099463517441619	0.9975593639919185	-0.038193573307907076	3.115315274851938	10.278428621614875	-15.285371901505858	-5681.275819747604
240	-5705.731442803686	-5681.275819747604	-24.455623056081777	1.1707114109942418	1.2341689381676053	-0.7534780051170841	-0.3099463517441619	0.9975593639919185	-0.038193573307907076	3.115315274851938	10.278428621614875	-15.285371901505858	-5681.275819747604
242	-5705.731442803686	-5681.275819747604	-24.455623056081777	1.1707114109942418	1.2341689381676053	-0.7534780051170841	-0.3099463517441619	0.9975593639919185	-0.038193573307907076	3.115315274851938	10.278428621614875	-15.285371901505858	-5681.275819747604
244	-5705.731442803686	-5681.275819747604	-24.455623056081777	1.1707114109942418	1.2341689381676053	-0.7534780051170841	-0.3099463517441619	0.9975593639919185	-0.038193573307907076	3.115315274851938	10.278428621614875	-15.285371901505858	-5681.275819747604
246	-5705.461059592791	-5681.01048862505	-24.45057096774039	1.1707114109942418	1.2341689381676053	-0.7534780051170841	-0.3099463517441619	0.9975593639919185	-0.038193573307907076	3.115315274851938	10.27565920784214	-15.28031981316447	-5681.01048862505
248	-5705.765852576531	-5681.282778065639	-24.48307451089243	1.1707114109942418	1.2341689381676053	-0.7534780051170841	-0.3099463517441619	0.9975593639919185	-0.038193573307907076	3.115315274851938	10.307633546281723	-15.31282335631651	-5681.282778065639
250	-5705.765852576531	-5681.282778065639	-24.48307451089243	1.1707114109942418	1.2341689381676053	-0.7534780051170841	-0.3099463517441619	0.9975593639919185	-0.038193573307907076	3.115315274851938	10.307633546281723	-15.31282335631651	-5681.282778065639
252	-5705.765852576531	-5681.282778065639	-24.48307451089243	1.1707114109942418	1.2341689381676053	-0.7534780051170841	-0.3099463517441619	0.9975593639919185	-0.038193573307907076	3.115315274851938	10.307633546281723	-15.31282335631651	-5681.282778065639
254	-5705.765852576531	-5681.282778065639	-24.48307451089243	1.1707114109942418	1.2341689381676053	-0.7534780051170841	-0.3099463517441619	0.9975593639919185	-0.038193573307907076	3.115315274851938	10.307633546281723	-15.31282335631651	-5681.282778065639
256	-5705.765852576531	-5681.282778065639	-24.48307451089243	1.1707114109942418	1.2341689381676053	-0.7534780051170841	-0.3099463517441619	0.9975593639919185	-0.038193573307907076	3.115315274851938	10.307633546281723	-15.31282335631651	-5681.282778065639
258	-5705.765852576531	-5681.282778065639	-24.48307451089243	1.1707114109942418	1.2341689381676053	-0.7534780051170841	-0.3099463517441619	0.9975593639919185	-0.038193573307907076	3.115315274851938	10.307633546281723	-15.31282335631651	-5681.282778065639
260	-5705.765852576531	-5681.282778065639	-24.48307451089243	1.1707114109942418	1.2341689381676053	-0.7534780051170841	-0.3099463517441619	0.9975593639919185	-0.038193573307907076	3.115315274851938	10.307633546281723	-15.31282335631651	-5681.282778065639
262	-5706.159774245145	-5681.270427064639	-24.88934718050631	1.1707114109942418	1.2341689381676053	-0.7534780051170841	-0.3099463517441619	0.9975593639919185	-0.038193573307907076	4.278372425902696	12.63374784838324	-15.71909602593039	-5681.270427064639
264	-5705.915061743811	-5681.270427064639	-24.6446346791721	1.1707114109942418	0.6289940972670135	-0.7534780051170841	-0.3099463517441619	0.9975593639919185	-0.038193573307907076	4.278372425902696	12.63374784838324	-16.063070403484033	-5681.270427064639
266	-5705.898793779878	-5681.270427064639	-24.6283667152394	1.1707114109942418	0.6289940972670135	-0.7534780051170841	-0.3099463517441619	0.9975593639919185	-0.022366230970686202	4.278372425902696	12.63374784838324	-16.063070403484033	-5681.270427064639
268	-5706.187353910533	-5681.533227420617	-24.654126489916052	1.1707114109942418	0.6289940972670135	-0.7534780051170841	-0.3099463517441619	0.9975593639919185	-0.022366230970686202	4.278372425902696	12.655056724320765	-16.088830178160684	-5681.533227420617
270	-5698.000364849763	-5673.275421150334	-24.724943699428966	1.1707114109942418	0.6289940972670135	-0.7534780051170841	-0.7138778910037781	0.9975593639919185	-0.022366230970686202	4.278372425902696	12.817161116574404	-16.257223466926565	-5673.275421150334
272	-5698.190423868525	-5673.275421150334	-24.915002718190273	1.1707114109942418	0.6289940972670135	-0.32431013691849364	-0.7138778910037781	0.9975593639919185	-0.022366230970686202	4.278372425902696	12.817161116574404	-16.603461072338803	-5673.275421150334
274	-5698.190423868525	-5673.275421150334	-24.915002718190273	1.1707114109942418	0.6289940972670135	-0.32431013691849364	-0.7138778910037781	0.9975593639919185	-0.022366230970686202	4.278372425902696	12.817161116574404	-16.603461072338803	-5673.275421150334
276	-5698.190423868525	-5673.275421150334	-24.915002718190273	1.1707114109942418	0.6289940972670135	-0.32431013691849364	-0.7138778910037781	0.9975593639919185	-0.022366230970686202	4.278372425902696	12.817161116574404	-16.603461072338803	-5673.275421150334
278	-5698.143957235661	-5673.217312760914	-24.92664447474761	1.1707114109942418	0.6289940972670135	-0.32431013691849364	-0.7138778910037781	0.9975593639919185	-0.022366230970686202	4.278372425902696	12.836232879275972	-16.61510282889614	-5673.217312760914
280	-5698.924255370166	-5674.216056585869	-24.708198784297	1.1707114109942418	0.6289940972670135	-0.32431013691849364	-0.7138778910037781	0.9975593639919185	-0.022366230970686202	4.278372425902696	12.836232879275972	-16.39665713844553	-5674.216056585869
282	-5697.711830486092	-5674.216056585869	-23.49577390022288	1.1707114109942418	0.6289940972670135	-0.32431013691849364	-0.7138778910037781	0.4062291972596803	-0.022366230970686202	4.278372425902696	12.836232879275972	-16.027560605442194	-5674.216056585869
284	-5697.349939405462	-5673.9057296538895	-23.444209751572366	1.1707114109942418	0.6289940972670135	-0.32431013691849364	-0.7138778910037781	0.4062291972596803	-0.022366230970686202	4.278372425902696	12.800527533810659	-15.975996456791679	-5673.9057296538895
286	-5697.349939405462	-5673.9057296538895	-23.444209751572366	1.1707114109942418	0.6289940972670135	-0.32431013691849364	-0.7138778910037781	0.4062291972596803	-0.022366230970686202	4.278372425902696	12.800527533810659	-15.975996456791679	-5673.9057296538895
288	-5694.1996172967	-5670.807282648357	-23.392334648342995	1.1707114109942418	0.6289940972670135	-0.32431013691849364	-0.7138778910037781	0.4062291972596803	-0.022366230970686202	4.278372425902696	12.79538073025067	-15.92412135356231	-5670.807282648357
290	-5693.448894061752	-5670.770162475807	-22.67873158594456	1.1707114109942418	0.6289940972670135	-0.32431013691849364	-0.7138778910037781	0.4062291972596803	-0.022366230970686202	2.721695906671079	9.674619306852632	-15.210518291163874	-5670.770162475807
292	-5693.448894061752	-5670.770162475807	-22.67873158594456	1.1707114109942418	0.6289940972670135	-0.32431013691849364	-0.7138778910037781	0.4062291972596803	-0.022366230970686202	2.721695906671079	9.674619306852632	-15.210518291163874	-5670.770162475807
294	-5693.861742545667	-5670.770162475807	-23.091580069859404	1.1707114109942418	0.6289940972670135	-0.32431013691849364	-1.312975905949028	0.4062291972596803	-0.022366230970686202	2.721695906671079	9.674619306852632	-15.210518291163874	-5670.770162475807
296	-5692.61439263064	-5669.2385814823765	-23.375811148263764	1.1707114109942418	0.6289940972670135	-0.32431013691849364	-1.312975905949028	0.4062291972596803	-0.022366230970686202	2.721695906671079	9.674619306852632	-15.494749369568236	-5669.2385814823765
298	-5692.007144134617	-5669.2385814823765	-22.768562652240313	0.4786064646702965	0.6289940972670135	-0.32431013691849364	-1.312975905949028	0.4062291972596803	-0.022366230970686202	2.721695906671079	9.674619306852632	-15.52291622775287	-5669.2385814823765
300	-5693.250040942105	-5670.770162475807	-22.479878466297812	0.4786064646702965	0.6289940972670135	-0.32431013691849364	-1.312975905949028	0.4062291972596803	-0.06492951583903882	2.721695906671079	9.674619306852632	-15.215083795895936	-5670.770162475807
302	-5695.279729339603	-5670.813235796168	-24.46649354343583	0.4786064646702965	0.6289940972670135	-0.32431013691849364	-2.5552812047806213	0.4062291972596803	-0.06492951583903882	2.721695906671079	9.663688448061366	-15.201812921641384	-5670.813235796168
304	-5695.582192427157	-5670.813235796168	-24.76895663098918	0.4786064646702965	0.6289940972670135	-0.32431013691849364	-2.5552812047806213	0.6610380280385263	-0.06492951583903882	2.721695906671079	9.663688448061366	-15.215782281373931	-5670.813235796168
306	-5695.582192427157	-5670.813235796168	-24.76895663098918	0.4786064646702965	0.6289940972670135	-0.32431013691849364	-2.5552812047806213	0.6610380280385263	-0.06492951583903882	2.721695906671079	9.663688448061366	-15.215782281373931	-5670.813235796168
308	-5694.31065785048	-5669.281681372162	-25.028976478318164	0.4786064646702965	0.6289940972670135	-0.32431013691849364	-2.5552812047806213	0.6610380280385263	-0.06492951583903882	2.721695906671079	9.663688448061366	-15.475802128702913	-5669.281681372162
310	-5693.94981670159	-5668.929266841586	-25.0205498600042	0.4786064646702965	0.6289940972670135	-0.32431013691849364	-2.5552812047806213	0.6610380280385263	-0.06492951583903882	2.721695906671079	9.659602738742771	-15.467375510388948	-5668.929266841586
312	-5693.915113053236	-5668.868619274997	-25.046493778239004	0.4786064646702965	0.6289940972670135	-0.32431013691849364	-2.5552812047806213	0.6610380280385263	-0.06492951583903882	2.721695906671079	9.690290262289144	-15.493319428623753	-5668.868619274997
314	-5693.915113053236	-5668.868619274997	-25.046493778239004	0.4786064646702965	0.6289940972670135	-0.32431013691849364	-2.5552812047806213	0.6610380280385263	-0.06492951583903882	2.721695906671079	9.690290262289144	-15.493319428623753	-5668.868619274997
316	-5693.915113053236	-5668.868619274997	-25.046493778239004	0.4786064646702965	0.6289940972670135	-0.32431013691849364	-2.5552812047806213	0.6610380280385263	-0.06492951583903882	2.721695906671079	9.690290262289144	-15.493319428623753	-5668.868619274997
318	-5693.915113053236	-5668.868619274997	-25.046493778239004	0.4786064646702965	0.6289940972670135	-0.32431013691849364	-2.5552812047806213	0.6610380280385263	-0.06492951583903882	2.721695906671079	9.690290262289144	-15.493319428623753	-5668.868619274997
320	-5694.465719140782	-5669.444121229934	-25.021597910847653	0.4786064646702965	0.6289940972670135	-0.32431013691849364	-2.5552812047806213	0.6610380280385263	-0.06492951583903882	2.721695906671079	9.681826048280437	-15.468423561232404	-5669.444121229934
322	-5694.449401666093	-5669.410743103491	-25.038658562602066	0.4786064646702965	0.6289940972670135	-0.32431013691849364	-2.5552812047806213	0.6610380280385263	-0.06492951583903882	2.721695906671079	9.701187590019705	-15.485484212986814	-5669.410743103491
324	-5694.449401666093	-5669.410743103491	-25.038658562602066	0.4786064646702965	0.6289940972670135	-0.32431013691849364	-2.5552812047806213	0.6610380280385263	-0.06492951583903882	2.721695906671079	9.701187590019705	-15.485484212986814	-5669.410743103491
326	-5693.666735350368	-5668.603733126543	-25.063002223824526	0.4786064646702965	0.6289940972670135	-0.32431013691849364	-2.5552812047806213	0.6610380280385263	-0.06492951583903882	2.721695906671079	9.73117885442314	-15.509827874209275	-5668.603733126543
328	-5693.666735350368	-5668.603733126543	-25.063002223824526	0.4786064646702965	0.6289940972670135	-0.32431013691849364	-2.5552812047806213	0.6610380280385263	-0.06492951583903882	2.721695906671079	9.73117885442314	-15.509827874209275	-5668.603733126543
330	-5693.666735350368	-5668.603733126543	-25.063002223824526	0.4786064646702965	0.6289940972670135	-0.32431013691849364	-2.5552812047806213	0.6610380280385263	-0.06492951583903882	2.721695906671079	9.73117885442314	-15.509827874209275	-5668.603733126543
332	-5693.997290838634	-5668.9260658713265	-25.071224967307675	0.4786064646702965	0.6289940972670135	-0.32431013691849364	-2.5552812047806213	0.6610380280385263	-0.06492951583903882	2.721695906671079	9.734936605273676	-15.518050617692424	-5668.9260658713265
334	-5692.959856386734	-5668.9260658713265	-24.033790515407297	0.4786064646702965	0.6289940972670135	-0.32431013691849364	-1.2919757960478475	1.0084750842124577	-0.06492951583903882	2.721695906671079	9.734936605273676	-15.898434063875692	-5668.9260658713265
336	-5693.176585140274	-5668.9260658713265	-24.25051926894766	0.6786059885798765	0.6289940972670135	-0.32431013691849364	-1.2919757960478475	1.0084750842124577	-0.06492951583903882	2.721695906671079	9.734936605273676	-15.962333075800972	-5668.9260658713265
338	-5690.426252770856	-5665.803391943432	-24.622860827423914	0.6786059885798765	0.6289940972670135	-0.32431013691849364	-1.2919757960478475	1.0084750842124577	-0.06492951583903882	2.721695906671079	10.219221610273108	-16.334674634277224	-5665.803391943432
340	-5690.628178065686	-5665.996825999741	-24.631352065945165	0.6786059885798765	0.6289940972670135	-0.32431013691849364	-1.2919757960478475	1.0084750842124577	-0.06492951583903882	2.721695906671079	10.21493256608765	-16.34316587279848	-5665.996825999741
342	-5690.628178065686	-5665.996825999741	-24.631352065945165	0.6786059885798765	0.6289940972670135	-0.32431013691849364	-1.2919757960478475	1.0084750842124577	-0.06492951583903882	2.721695906671079	10.21493256608765	-16.34316587279848	-5665.996825999741
344	-5690.628178065686	-5665.996825999741	-24.631352065945165	0.6786059885798765	0.6289940972670135	-0.32431013691849364	-1.2919757960478475	1.0084750842124577	-0.06492951583903882	2.721695906671079	10.21493256608765	-16.34316587279848	-5665.996825999741
346	-5690.628178065686	-5665.996825999741	-24.631352065945165	0.6786059885798765	0.6289940972670135	-0.32431013691849364	-1.2919757960478475	1.0084750842124577	-0.06492951583903882	2.721695906671079	10.21493256608765	-16.34316587279848	-5665.996825999741
348	-5690.717957685609	-5666.59969868955	-24.1182589960589	0.6786059885798765	0.6289940972670135	-0.32431013691849364	-1.2919757960478475	1.0084750842124577	-0.11833308696999814	2.414186736461687	9.060804572051568	-15.771323193296293	-5666.59969868955
350	-5690.717957685609	-5666.59969868955	-24.1182589960589	0.6786059885798765	0.6289940972670135	-0.32431013691849364	-1.2919757960478475	1.0084750842124577	-0.11833308696999814	2.414186736461687	9.060804572051568	-15.771323193296293	-5666.59969868955
352	-5691.313723332583	-5666.503257764141	-24.81046556844226	0.6786059885798765	0.6289940972670135	-0.32431013691849364	-1.2919757960478475	1.0084750842124577	-0.11833308696999814	4.582972567877939	13.398376234884074	-16.463529765679652	-5666.503257764141
354	-5691.313723332583	-5666.503257764141	-24.81046556844226	0.6786059885798765	0.6289940972670135	-0.32431013691849364	-1.2919757960478475	1.0084750842124577	-0.11833308696999814	4.582972567877939	13.398376234884074	-16.463529765679652	-5666.503257764141
356	-5693.61155024086	-5668.999381066203	-24.612169174657772	0.6786059885798765	0.6289940972670135	-0.32431013691849364	-1.2919757960478475	1.0084750842124577	-0.11833308696999814	4.582972567877939	13.134838958994845	-16.265233371895167	-5668.999381066203
358	-5693.61155024086	-5668.999381066203	-24.612169174657772	0.6786059885798765	0.6289940972670135	-0.32431013691849364	-1.2919757960478475	1.0084750842124577	-0.11833308696999814	4.582972567877939	13.134838958994845	-16.265233371895167	-5668.999381066203
360	-5692.532362023194	-5667.927386264032	-24.604975759162244	0.6786059885798765	0.6289940972670135	-0.32431013691849364	-1.2919757960478475	1.0084750842124577	-0.11833308696999814	4.582972567877939	13.13677738026412	-16.258039956399635	-5667.927386264032
362	-5691.362041823947	-5666.181233342815	-25.180808481131777	0.6786059885798765	0.6289940972670135	-0.32431013691849364	-1.2919757960478475	1.0084750842124577	-0.11833308696999814	5.122044853559733	14.68199121342283	-16.833872678369172	-5666.181233342815
364	-5690.819711612411	-5665.817079540286	-25.002632072125095	0.6786059885798765	0.6289940972670135	-0.32431013691849364	-1.2919757960478475	1.0084750842124577	-0.11833308696999814	5.174607438940047	14.569119481086735	-16.65569626936249	-5665.817079540286
366	-5691.963406231525	-5665.817027577667	-26.146378653858108	0.6786059885798765	0.6289940972670135	-0.32431013691849364	-1.2919757960478475	1.0084750842124577	-0.11833308696999814	8.761552950003976	21.74301050321459	-17.799442851095503	-5665.817027577667
368	-5690.989456606443	-5665.817040126125	-25.17241648031819	0.6786059885798765	0.6289940972670135	-0.32431013691849364	-1.2919757960478475	1.0084750842124577	-0.11833308696999814	5.707344382567831	15.634593368342303	-16.825480677555582	-5665.817040126125
370	-5690.989456606443	-5665.817040126125	-25.17241648031819	0.6786059885798765	0.6289940972670135	-0.32431013691849364	-1.2919757960478475	1.0084750842124577	-0.11833308696999814	5.707344382567831	15.634593368342303	-16.825480677555582	-5665.817040126125
372	-5690.989456606443	-5665.817040126125	-25.17241648031819	0.6786059885798765	0.6289940972670135	-0.32431013691849364	-1.2919757960478475	1.0084750842124577	-0.11833308696999814	5.707344382567831	15.634593368342303	-16.825480677555582	-5665.817040126125
374	-5691.721660504537	-5666.485009874019	-25.236650630517723	0.6786059885798765	0.6289940972670135	-0.32431013691849364	-1.2919757960478475	1.0084750842124577	-0.11833308696999814	5.707344382567831	15.704798843125426	-16.889714827755114	-5666.485009874019
376	-5690.867196767627	-5666.505497453046	-24.361699314581088	0.6786059885798765	0.6289940972670135	-0.32431013691849364	-1.2919757960478475	1.0084750842124577	-0.11833308696999814	2.9617278248707857	10.213565727731334	-16.01476351181848	-5666.505497453046
378	-5688.4747367838645	-5664.088966865989	-24.385769917874867	0.6786059885798765	0.6289940972670135	-0.32431013691849364	-1.2919757960478475	1.0084750842124577	-0.18469076508218965	2.9617278248707857	10.210045738472871	-15.961860070472525	-5664.088966865989
380	-5688.4747367838645	-5664.088966865989	-24.385769917874867	0.6786059885798765	0.6289940972670135	-0.32431013691849364	-1.2919757960478475	1.0084750842124577	-0.18469076508218965	2.9617278248707857	10.210045738472871	-15.961860070472525	-5664.088966865989
382	-5688.4747367838645	-5664.088966865989	-24.385769917874867	0.6786059885798765	0.6289940972670135	-0.32431013691849364	-1.2919757960478475	1.0084750842124577	-0.18469076508218965	2.9617278248707857	10.210045738472871	-15.961860070472525	-5664.088966865989
384	-5689.784703311256	-5665.155107431865	-24.629595879390436	0.6786059885798765	0.6289940972670135	-0.32431013691849364	-1.2919757960478475	1.0084750842124577	-0.18469076508218965	3.1237818219796982	10.742828961222964	-16.205686031988094	-5665.155107431865
386	-5688.807400036219	-5664.374675953297	-24.43272408292281	0.6786059885798765	0.6289940972670135	-0.32431013691849364	-1.2919757960478475	1.0084750842124577	-0.18469076508218965	3.0022788859009344	10.324974791192183	-16.00881423552047	-5664.374675953297
388	-5689.691818885201	-5664.374675953297	-25.31714293190427	1.4203979232859165	0.6289940972670135	-0.32431013691849364	-1.2919757960478475	1.0084750842124577	-0.18469076508218965	3.0022788859009344	10.324974791192183	-16.16816431887504	-5664.374675953297
390	-5688.833376514319	-5664.374675953297	-24.458700561021566	0.7002118592895522	0.6289940972670135	-0.32431013691849364	-1.2919757960478475	1.0084750842124577	-0.18469076508218965	3.0022788859009344	10.324974791192183	-16.015109131587433	-5664.374675953297
392	-5688.169384735565	-5663.752247570215	-24.41713716534889	0.7002118592895522	0.6289940972670135	-0.32431013691849364	-1.2919757960478475	1.0084750842124577	-0.18469076508218965	3.0022788859009344	10.280789276675758	-15.973545735914758	-5663.752247570215
394	-5687.847818722064	-5663.752247570215	-24.095571151848738	0.3423223457740002	0.6289940972670135	-0.32431013691849364	-1.2919757960478475	1.0084750842124577	-0.18469076508218965	3.0022788859009344	10.280789276675758	-15.856515832177033	-5663.752247570215
396	-5687.847818722064	-5663.752247570215	-24.095571151848738	0.3423223457740002	0.6289940972670135	-0.32431013691849364	-1.2919757960478475	1.0084750842124577	-0.18469076508218965	3.0022788859009344	10.280789276675758	-15.856515832177033	-5663.752247570215
398	-5687.917217515504	-5663.837413368161	-24.079804147342948	0.3423223457740002	0.6289940972670135	-0.32431013691849364	-1.2919757960478475	1.0084750842124577	-0.18469076508218965	3.0022788859009344	10.257965610267972	-15.840748827671243	-5663.837413368161
400	-5687.917217515504	-5663.837413368161	-24.079804147342948	0.3423223457740002	0.6289940972670135	-0.32431013691849364	-1.2919757960478475	1.0084750842124577	-0.18469076508218965	3.0022788859009344	10.257965610267972	-15.840748827671243	-5663.837413368161
402	-5688.145406373971	-5664.058078609512	-24.08732776445845	0.3423223457740002	0.6289940972670135	-0.32431013691849364	-1.2919757960478475	1.0084750842124577	-0.18469076508218965	3.0022788859009344	10.254649748830136	-15.848272444786744	-5664.058078609512
404	-5686.948696772105	-5664.058078609512	-22.890618162592514	0.3423223457740002	0.6289940972670135	-0.32431013691849364	-1.2919757960478475	0.4906185633806583	-0.18469076508218965	3.0022788859009344	10.254649748830136	-15.523521580699656	-5664.058078609512
406	-5687.698597474839	-5665.12990568985	-22.568691784989362	0.3423223457740002	0.6289940972670135	-0.32431013691849364	-1.2919757960478475	0.4906185633806583	-0.18469076508218965	2.8563833486428525	9.756325745179133	-15.201595203096506	-5665.12990568985
408	-5687.698597474839	-5665.12990568985	-22.568691784989362	0.3423223457740002	0.6289940972670135	-0.32431013691849364	-1.2919757960478475	0.4906185633806583	-0.18469076508218965	2.8563833486428525	9.756325745179133	-15.201595203096506	-5665.12990568985
410	-5687.698597474839	-5665.12990568985	-22.568691784989362	0.3423223457740002	0.6289940972670135	-0.32431013691849364	-1.2919757960478475	0.4906185633806583	-0.18469076508218965	2.8563833486428525	9.756325745179133	-15.201595203096506	-5665.12990568985
412	-5687.8978011104455	-5664.919568846953	-22.9782322634929	0.3423223457740002	0.6289940972670135	-0.32431013691849364	-1.2919757960478475	0.4906185633806583	-0.18469076508218965	3.615869253371526	11.308157458420947	-15.611135681600041	-5664.919568846953
414	-5687.92368147554	-5664.340959032206	-23.582722443334205	0.3423223457740002	0.6289940972670135	-0.32431013691849364	-1.2919757960478475	0.4906185633806583	-0.18469076508218965	3.93931879647449	12.319703536823027	-16.215625861441346	-5664.340959032206
416	-5687.92368147554	-5664.340959032206	-23.582722443334205	0.3423223457740002	0.6289940972670135	-0.32431013691849364	-1.2919757960478475	0.4906185633806583	-0.18469076508218965	3.93931879647449	12.319703536823027	-16.215625861441346	-5664.340959032206
418	-5687.911696362828	-5664.305561188167	-23.606135174660288	0.3423223457740002	0.6289940972670135	-0.32431013691849364	-1.2919757960478475	0.4906185633806583	-0.18469076508218965	3.93931879647449	12.343190085895529	-16.23903859276743	-5664.305561188167
420	-5687.911696362828	-5664.305561188167	-23.606135174660288	0.3423223457740002	0.6289940972670135	-0.32431013691849364	-1.2919757960478475	0.4906185633806583	-0.18469076508218965	3.93931879647449	12.343190085895529	-16.23903859276743	-5664.305561188167
422	-5687.911696362828	-5664.305561188167	-23.606135174660288	0.3423223457740002	0.6289940972670135	-0.32431013691849364	-1.2919757960478475	0.4906185633806583	-0.18469076508218965	3.93931879647449	12.343190085895529	-16.23903859276743	-5664.305561188167
424	-5688.121484151332	-5664.305561188167	-23.815922963164883	0.3423223457740002	0.6289940972670135	-0.32431013691849364	-1.2919757960478475	0.717220900049323	-0.18469076508218965	3.93931879647449	12.343190085895529	-16.13327577760942	-5664.305561188167
426	-5688.121484151332	-5664.305561188167	-23.815922963164883	0.3423223457740002	0.6289940972670135	-0.32431013691849364	-1.2919757960478475	0.717220900049323	-0.18469076508218965	3.93931879647449	12.343190085895529	-16.13327577760942	-5664.305561188167
428	-5688.223998057905	-5664.305561188167	-23.91843686973748	0.542447145909043	0.6289940972670135	-0.32431013691849364	-1.2919757960478475	0.717220900049323	-0.18469076508218965	3.93931879647449	12.343190085895529	-16.162979679239307	-5664.305561188167
430	-5689.955903340752	-5666.308839783343	-23.64706355740976	0.542447145909043	0.6289940972670135	-0.32431013691849364	-1.2919757960478475	0.717220900049323	-0.18469076508218965	3.93931879647449	12.343190085895529	-15.891606366911583	-5666.308839783343
432	-5690.175088285689	-5666.549043896017	-23.626044389671918	0.542447145909043	0.6289940972670135	-0.32431013691849364	-1.2919757960478475	0.717220900049323	-0.18469076508218965	3.93931879647449	12.319316533810696	-15.870587199173743	-5666.549043896017
434	-5689.996016967031	-5666.549043896017	-23.446973071014483	0.542447145909043	0.6289940972670135	-1.0750412783287915	-1.2919757960478475	0.717220900049323	-0.18469076508218965	3.93931879647449	12.319316533810696	-15.610905659355078	-5666.549043896017
436	-5689.996016967031	-5666.549043896017	-23.446973071014483	0.542447145909043	0.6289940972670135	-1.0750412783287915	-1.2919757960478475	0.717220900049323	-0.18469076508218965	3.93931879647449	12.319316533810696	-15.610905659355078	-5666.549043896017
438	-5690.765485698322	-5667.317809050816	-23.447676647505872	0.542447145909043	0.6289940972670135	-1.0750412783287915	-1.2919757960478475	0.717220900049323	-0.18469076508218965	3.93931879647449	12.319316533810696	-15.611609235846467	-5667.317809050816
440	-5690.765485698322	-5667.317809050816	-23.447676647505872	0.542447145909043	0.6289940972670135	-1.0750412783287915	-1.2919757960478475	0.717220900049323	-0.18469076508218965	3.93931879647449	12.319316533810696	-15.611609235846467	-5667.317809050816
442	-5690.960293848839	-5668.2366508365185	-22.723643012320373	0.542447145909043	0.6289940972670135	-1.0750412783287915	-1.2919757960478475	0.717220900049323	-0.18469076508218965	3.6135727006995917	11.300620289400264	-14.88757560066097	-5668.2366508365185
444	-5690.542499964312	-5668.091049552767	-22.451450411544847	0.542447145909043	0.6289940972670135	-1.0750412783287915	-1.2919757960478475	0.717220900049323	-0.18469076508218965	1.8114399750339198	8.06039248075673	-14.615382999885444	-5668.091049552767
446	-5688.773389222404	-5666.261988363367	-22.5114008590368	0.542447145909043	0.6289940972670135	-1.0750412783287915	-1.2919757960478475	0.717220900049323	-0.18469076508218965	1.8114399750339198	8.077863126338787	-14.675333447377396	-5666.261988363367
448	-5688.663218994421	-5666.261988363367	-22.401230631054084	0.3083000808586962	0.6289940972670135	-1.0750412783287915	-1.2919757960478475	0.717220900049323	-0.18469076508218965	1.8114399750339198	8.077863126338787	-14.624957192706585	-5666.261988363367
450	-5687.282746377413	-5664.442341548339	-22.840404829073957	0.3083000808586962	0.6289940972670135	-1.0750412783287915	-1.2919757960478475	0.717220900049323	-0.18469076508218965	1.8114399750339198	8.412406822331228	-15.064131390726457	-5664.442341548339
452	-5687.263274857579	-5664.42293366686	-22.840341190718625	0.3083000808586962	0.6289940972670135	-1.0750412783287915	-1.2919757960478475	0.717220900049323	-0.18469076508218965	1.8114399750339198	8.412406822331228	-15.064067752371127	-5664.42293366686
454	-5687.5168755554705	-5664.632428398384	-22.884447157086836	0.3083000808586962	0.6289940972670135	-1.0750412783287915	-1.2919757960478475	0.717220900049323	-0.18469076508218965	1.8114399750339198	8.43885734682907	-15.108173718739337	-5664.632428398384
456	-5687.753944199671	-5664.877149872528	-22.876794327143482	0.3083000808586962	0.6289940972670135	-1.0750412783287915	-1.2919757960478475	0.717220900049323	-0.18469076508218965	1.8114399750339198	8.43597419037889	-15.100520888795984	-5664.877149872528
458	-5687.753944199671	-5664.877149872528	-22.876794327143482	0.3083000808586962	0.6289940972670135	-1.0750412783287915	-1.2919757960478475	0.717220900049323	-0.18469076508218965	1.8114399750339198	8.43597419037889	-15.100520888795984	-5664.877149872528
460	-5685.996463972826	-5663.570026182209	-22.426437790616525	0.3083000808586962	0.6289940972670135	-1.0750412783287915	-1.2919757960478475	0.717220900049323	-0.18469076508218965	1.6376752676788318	8.004820035685595	-14.650164352269025	-5663.570026182209
462	-5686.01003836946	-5663.5836046900085	-22.426433679451506	0.3083000808586962	0.6289940972670135	-1.0750412783287915	-1.2919757960478475	0.717220900049323	-0.18469076508218965	1.6376752676788318	8.004820035685595	-14.650160241104007	-5663.5836046900085
464	-5686.01003836946	-5663.5836046900085	-22.426433679451506	0.3083000808586962	0.6289940972670135	-1.0750412783287915	-1.2919757960478475	0.717220900049323	-0.18469076508218965	1.6376752676788318	8.004820035685595	-14.650160241104007	-5663.5836046900085
466	-5687.610252433633	-5663.5836046900085	-24.02664774362465	0.3083000808586962	0.6289940972670135	-1.0750412783287915	-1.2919757960478475	1.1459007964783214	-0.18469076508218965	1.6376752676788318	8.004820035685595	-15.372518271328238	-5663.5836046900085
468	-5687.610252433633	-5663.5836046900085	-24.02664774362465	0.3083000808586962	0.6289940972670135	-1.0750412783287915	-1.2919757960478475	1.1459007964783214	-0.18469076508218965	1.6376752676788318	8.004820035685595	-15.372518271328238	-5663.5836046900085
470	-5688.229258317567	-5663.797637803301	-24.43162051426593	0.3083000808586962	0.6289940972670135	-1.0750412783287915	-1.2919757960478475	1.1459007964783214	-0.18469076508218965	1.7543909931666006	8.57531676132052	-15.777491041969514	-5663.797637803301
472	-5688.229258317567	-5663.797637803301	-24.43162051426593	0.3083000808586962	0.6289940972670135	-1.0750412783287915	-1.2919757960478475	1.1459007964783214	-0.18469076508218965	1.7543909931666006	8.57531676132052	-15.777491041969514	-5663.797637803301
474	-5688.229258317567	-5663.797637803301	-24.43162051426593	0.3083000808586962	0.6289940972670135	-1.0750412783287915	-1.2919757960478475	1.1459007964783214	-0.18469076508218965	1.7543909931666006	8.57531676132052	-15.777491041969514	-5663.797637803301
476	-5688.229258317567	-5663.797637803301	-24.43162051426593	0.3083000808586962	0.6289940972670135	-1.0750412783287915	-1.2919757960478475	1.1459007964783214	-0.18469076508218965	1.7543909931666006	8.57531676132052	-15.777491041969514	-5663.797637803301
478	-5688.2114468227055	-5663.803636728388	-24.40781009431757	0.3083000808586962	0.6289940972670135	-1.0750412783287915	-1.2919757960478475	1.1459007964783214	-0.18469076508218965	1.7543909931666006	8.549880959283906	-15.753680622021152	-5663.803636728388
480	-5688.236980687195	-5663.797557996978	-24.439422690217228	0.3083000808586962	0.6289940972670135	-1.0750412783287915	-1.2919757960478475	1.1459007964783214	-0.18469076508218965	1.7543909931666006	8.583764547585973	-15.785293217920811	-5663.797557996978
482	-5687.927549813512	-5663.541084776112	-24.38646503740017	0.3083000808586962	0.6289940972670135	-1.0750412783287915	-1.2919757960478475	1.1459007964783214	-0.18469076508218965	1.7543909931666006	8.538251460226332	-15.732335565103758	-5663.541084776112
484	-5687.926965165276	-5663.5403807434695	-24.38658442180617	0.3083000808586962	0.6289940972670135	-1.0750412783287915	-1.2919757960478475	1.1459007964783214	-0.18469076508218965	1.7543909931666006	8.53844848077559	-15.732454949509753	-5663.5403807434695
486	-5687.474474922122	-5663.35996755955	-24.114507362572162	0.3083000808586962	0.6289940972670135	-1.0750412783287915	-1.2919757960478475	1.1459007964783214	-0.18469076508218965	1.6751983256460057	8.153025553780674	-15.460377890275748	-5663.35996755955
488	-5687.809185745421	-5663.35996755955	-24.44921818587176	0.3083000808586962	0.6289940972670135	-1.0750412783287915	-1.2919757960478475	1.1459007964783214	-0.416115704809432	1.6751983256460057	8.153025553780674	-15.460377890275748	-5663.35996755955
490	-5689.412721655183	-5664.500228832825	-24.912492822358644	0.3083000808586962	0.6289940972670135	-1.0750412783287915	-1.2919757960478475	1.1459007964783214	-0.416115704809432	1.8089921854626	8.80418711556351	-15.923652526762632	-5664.500228832825
492	-5689.412156712759	-5664.499520830378	-24.912635882380762	0.3083000808586962	0.6289940972670135	-1.0750412783287915	-1.2919757960478475	1.1459007964783214	-0.416115704809432	1.8089921854626	8.804423526265428	-15.923795586784749	-5664.499520830378
494	-5689.412156712759	-5664.499520830378	-24.912635882380762	0.3083000808586962	0.6289940972670135	-1.0750412783287915	-1.2919757960478475	1.1459007964783214	-0.416115704809432	1.8089921854626	8.804423526265428	-15.923795586784749	-5664.499520830378
496	-5689.722527306727	-5664.499520830378	-25.223006476348623	0.3083000808586962	0.3516618950488675	-1.0750412783287915	-1.2919757960478475	1.1459007964783214	-0.416115704809432	1.8089921854626	8.804423526265428	-16.376994409300703	-5664.499520830378
498	-5689.722527306727	-5664.499520830378	-25.223006476348623	0.3083000808586962	0.3516618950488675	-1.0750412783287915	-1.2919757960478475	1.1459007964783214	-0.416115704809432	1.8089921854626	8.804423526265428	-16.376994409300703	-5664.499520830378
500	-5689.722527306727	-5664.499520830378	-25.223006476348623	0.3083000808586962	0.3516618950488675	-1.0750412783287915	-1.2919757960478475	1.1459007964783214	-0.416115704809432	1.8089921854626	8.804423526265428	-16.376994409300703	-5664.499520830378
502	-5690.130287902889	-5664.7936506863	-25.336637216589324	0.3083000808586962	0.3516618950488675	-1.0750412783287915	-1.2919757960478475	1.1459007964783214	-0.416115704809432	2.1580432621220513	9.502525679584327	-16.490625149541405	-5664.7936506863
504	-5689.816076140726	-5664.7936506863	-25.022425454425985	0.3083000808586962	0.5945751136671793	-1.0750412783287915	-1.2919757960478475	1.1459007964783214	-0.416115704809432	2.1580432621220513	9.502525679584327	-16.06218566299165	-5664.7936506863
506	-5689.816076140726	-5664.7936506863	-25.022425454425985	0.3083000808586962	0.5945751136671793	-1.0750412783287915	-1.2919757960478475	1.1459007964783214	-0.416115704809432	2.1580432621220513	9.502525679584327	-16.06218566299165	-5664.7936506863
508	-5689.816076140726	-5664.7936506863	-25.022425454425985	0.3083000808586962	0.5945751136671793	-1.0750412783287915	-1.2919757960478475	1.1459007964783214	-0.416115704809432	2.1580432621220513	9.502525679584327	-16.06218566299165	-5664.7936506863
510	-5688.1511552883485	-5663.519747377204	-24.631407911144542	0.3083000808586962	0.5945751136671793	-1.0750412783287915	-1.2919757960478475	1.1459007964783214	-0.416115704809432	2.023935335380152	8.912007389210665	-15.671168119710204	-5663.519747377204
512	-5687.219244301338	-5662.3980779106905	-24.82116639064796	0.6486464149340501	0.5945751136671793	-1.0750412783287915	-1.2919757960478475	1.1459007964783214	-0.416115704809432	2.023935335380152	8.912007389210665	-15.71571518599495	-5662.3980779106905
514	-5687.390976159245	-5662.570740920311	-24.820235238933194	0.6486464149340501	0.5945751136671793	-1.0750412783287915	-1.2919757960478475	1.1459007964783214	-0.416115704809432	2.023935335380152	8.913586106870401	-15.714784034280186	-5662.570740920311
516	-5687.937969149888	-5662.570740920311	-25.367228229576483	0.6486464149340501	0.5945751136671793	-1.0750412783287915	-1.2919757960478475	1.1459007964783214	-0.7339613079276944	2.023935335380152	8.913586106870401	-15.714784034280186	-5662.570740920311
518	-5687.119624937144	-5661.725776375113	-25.39384856203089	0.6486464149340501	0.5945751136671793	-1.0750412783287915	-1.2919757960478475	1.1459007964783214	-0.7339613079276944	2.023935335380152	8.926655362721291	-15.741404366734592	-5661.725776375113
520	-5685.296951239963	-5659.747708541101	-25.549242698862408	0.6486464149340501	0.5945751136671793	-1.0750412783287915	-1.2919757960478475	1.1459007964783214	-0.7339613079276944	2.023935335380152	8.926655362721291	-15.89679850356611	-5659.747708541101
522	-5686.317210895644	-5661.206488520034	-25.110722375610138	0.6486464149340501	0.5945751136671793	-1.0750412783287915	-1.2919757960478475	1.1459007964783214	-0.7339613079276944	1.8727863983747866	8.260006361884937	-15.45827818031384	-5661.206488520034
524	-5686.264126238302	-5661.160050854233	-25.104075384069045	0.6486464149340501	0.5945751136671793	-1.0750412783287915	-1.2919757960478475	1.1459007964783214	-0.7339613079276944	1.8727863983747866	8.255814488273277	-15.451631188772748	-5661.160050854233
526	-5686.264126238302	-5661.160050854233	-25.104075384069045	0.6486464149340501	0.5945751136671793	-1.0750412783287915	-1.2919757960478475	1.1459007964783214	-0.7339613079276944	1.8727863983747866	8.255814488273277	-15.451631188772748	-5661.160050854233
528	-5686.264126238302	-5661.160050854233	-25.104075384069045	0.6486464149340501	0.5945751136671793	-1.0750412783287915	-1.2919757960478475	1.1459007964783214	-0.7339613079276944	1.8727863983747866	8.255814488273277	-15.451631188772748	-5661.160050854233
530	-5686.358973681423	-5661.160050854233	-25.19892282718966	0.6486464149340501	0.5945751136671793	-1.0750412783287915	-0.5884660310964357	1.1459007964783214	-0.7339613079276944	1.8727863983747866	8.255814488273277	-15.451631188772748	-5661.160050854233
532	-5686.326975851037	-5661.107189035894	-25.21978681514276	0.6486464149340501	0.5945751136671793	-1.0750412783287915	-0.5884660310964357	1.1459007964783214	-0.7339613079276944	1.8727863983747866	8.278796368786622	-15.472495176725849	-5661.107189035894
534	-5687.998329715965	-5661.885518705525	-26.112811010440076	0.6486464149340501	0.5945751136671793	-1.0750412783287915	-0.5884660310964357	1.1459007964783214	-0.7339613079276944	2.1802253822073987	9.63785405159852	-16.365519372023165	-5661.885518705525
536	-5685.087829499309	-5659.597184227503	-25.490645271806255	0.6486464149340501	0.5945751136671793	-1.0750412783287915	-0.5884660310964357	1.1459007964783214	-0.7339613079276944	1.966027303173714	8.690974962534217	-15.743353633389344	-5659.597184227503
538	-5685.568949058804	-5659.90207361433	-25.666875444473256	0.6486464149340501	0.5945751136671793	-1.0750412783287915	-0.5884660310964357	1.1459007964783214	-0.7339613079276944	1.966027303173714	8.984061119318898	-15.919583806056345	-5659.90207361433
540	-5685.69358128309	-5660.024617442784	-25.668963840305747	0.6486464149340501	0.5945751136671793	-1.0750412783287915	-0.5884660310964357	1.1459007964783214	-0.7339613079276944	1.966027303173714	8.982939281181348	-15.921672201888835	-5660.024617442784
542	-5685.6338649394365	-5660.203373996043	-25.430490943393345	0.6486464149340501	0.5945751136671793	-1.0750412783287915	-0.5884660310964357	1.1459007964783214	-0.7339613079276944	1.939361700376872	8.545666938499373	-15.683199304976434	-5660.203373996043
544	-5685.863422943836	-5659.978464378663	-25.884958565172212	0.6486464149340501	0.5945751136671793	-1.0750412783287915	-0.5884660310964357	1.1459007964783214	-0.7339613079276944	3.3187299039906586	11.324361027770912	-16.1376669267553	-5659.978464378663
546	-5687.83251223004	-5662.122479433691	-25.710032796348532	0.6486464149340501	0.5945751136671793	-1.0750412783287915	-0.5884660310964357	1.1459007964783214	-0.7339613079276944	3.3187299039906586	11.303140305769126	-15.962741157931621	-5662.122479433691
548	-5687.83251223004	-5662.122479433691	-25.710032796348532	0.6486464149340501	0.5945751136671793	-1.0750412783287915	-0.5884660310964357	1.1459007964783214	-0.7339613079276944	3.3187299039906586	11.303140305769126	-15.962741157931621	-5662.122479433691
550	-5687.140917256521	-5662.122479433691	-25.0184378228292	0.6486464149340501	0.5945751136671793	-1.0750412783287915	-0.5884660310964357	1.1459007964783214	-0.320622842793526	3.3187299039906586	11.303140305769126	-15.962741157931621	-5662.122479433691
552	-5687.140917256521	-5662.122479433691	-25.0184378228292	0.6486464149340501	0.5945751136671793	-1.0750412783287915	-0.5884660310964357	1.1459007964783214	-0.320622842793526	3.3187299039906586	11.303140305769126	-15.962741157931621	-5662.122479433691
554	-5687.140917256521	-5662.122479433691	-25.0184378228292	0.6486464149340501	0.5945751136671793	-1.0750412783287915	-0.5884660310964357	1.1459007964783214	-0.320622842793526	3.3187299039906586	11.303140305769126	-15.962741157931621	-5662.122479433691
556	-5687.140917256521	-5662.122479433691	-25.0184378228292	0.6486464149340501	0.5945751136671793	-1.0750412783287915	-0.5884660310964357	1.1459007964783214	-0.320622842793526	3.3187299039906586	11.303140305769126	-15.962741157931621	-5662.122479433691
558	-5688.27148664546	-5663.286753193053	-24.984733452406488	0.6486464149340501	0.5945751136671793	-1.0750412783287915	-0.5884660310964357	1.1459007964783214	-0.320622842793526	3.3187299039906586	11.274313540891178	-15.92903678750891	-5663.286753193053
560	-5688.27148664546	-5663.286753193053	-24.984733452406488	0.6486464149340501	0.5945751136671793	-1.0750412783287915	-0.5884660310964357	1.1459007964783214	-0.320622842793526	3.3187299039906586	11.274313540891178	-15.92903678750891	-5663.286753193053
562	-5688.296881416888	-5663.261041609902	-25.03583980698609	0.6486464149340501	0.5945751136671793	-1.0750412783287915	-0.5884660310964357	1.1459007964783214	-0.320622842793526	3.3187299039906586	11.329913346084016	-15.980143142088512	-5663.261041609902
564	-5688.296881416888	-5663.261041609902	-25.03583980698609	0.6486464149340501	0.5945751136671793	-1.0750412783287915	-0.5884660310964357	1.1459007964783214	-0.320622842793526	3.3187299039906586	11.329913346084016	-15.980143142088512	-5663.261041609902
566	-5688.326530463309	-5663.044774520347	-25.28175594296094	0.6486464149340501	0.5945751136671793	-1.0750412783287915	-0.5884660310964357	1.1459007964783214	-0.320622842793526	3.451897929116246	11.78453973292188	-16.226059278063367	-5663.044774520347
568	-5691.374880727076	-5665.66567783136	-25.7092028957156	0.6486464149340501	0.5945751136671793	-1.0750412783287915	-0.5884660310964357	1.1459007964783214	-0.6230000326938757	3.451897929116246	11.753927861802566	-16.164346951366554	-5665.66567783136
570	-5689.889799787551	-5664.239672919686	-25.650126867864564	0.6486464149340501	0.5945751136671793	-1.0750412783287915	-0.5884660310964357	1.1459007964783214	-0.6230000326938757	3.451897929116246	11.751361932369369	-16.105270923515516	-5664.239672919686
572	-5687.748904508522	-5661.943090736429	-25.805813772092577	0.6486464149340501	0.5945751136671793	-1.0750412783287915	-0.5884660310964357	1.1459007964783214	-0.6230000326938757	3.451897929116246	11.751361932369369	-16.260957827743532	-5661.943090736429
574	-5687.748904508522	-5661.943090736429	-25.805813772092577	0.6486464149340501	0.5945751136671793	-1.0750412783287915	-0.5884660310964357	1.1459007964783214	-0.6230000326938757	3.451897929116246	11.751361932369369	-16.260957827743532	-5661.943090736429
576	-5687.748904508522	-5661.943090736429	-25.805813772092577	0.6486464149340501	0.5945751136671793	-1.0750412783287915	-0.5884660310964357	1.1459007964783214	-0.6230000326938757	3.451897929116246	11.751361932369369	-16.260957827743532	-5661.943090736429
578	-5688.182963834952	-5662.345780740904	-25.837183094047887	0.6486464149340501	0.5945751136671793	-1.0750412783287915	-0.5884660310964357	1.1459007964783214	-0.6230000326938757	3.451897929116246	11.776231368237461	-16.292327149698842	-5662.345780740904
580	-5688.182963834952	-5662.345780740904	-25.837183094047887	0.6486464149340501	0.5945751136671793	-1.0750412783287915	-0.5884660310964357	1.1459007964783214	-0.6230000326938757	3.451897929116246	11.776231368237461	-16.292327149698842	-5662.345780740904
582	-5688.182963834952	-5662.345780740904	-25.837183094047887	0.6486464149340501	0.5945751136671793	-1.0750412783287915	-0.5884660310964357	1.1459007964783214	-0.6230000326938757	3.451897929116246	11.776231368237461	-16.292327149698842	-5662.345780740904
584	-5688.064903841724	-5662.28594709202	-25.778956749703756	0.6486464149340501	0.5945751136671793	-0.5991436553054158	-0.5884660310964357	1.1459007964783214	-0.6230000326938757	3.451897929116246	12.156327332272703	-16.750791850343983	-5662.28594709202
586	-5687.989332383598	-5662.342627706728	-25.64670467686941	0.6486464149340501	0.5945751136671793	-0.5991436553054158	-0.5884660310964357	1.1459007964783214	-0.6230000326938757	3.451897929116246	12.001519855711322	-16.618539777509636	-5662.342627706728
588	-5688.054965543219	-5662.358578738149	-25.696386805069793	0.6486464149340501	0.5945751136671793	-0.5991436553054158	-0.5884660310964357	1.1459007964783214	-0.6230000326938757	3.451897929116246	12.085003467037051	-16.66822190571002	-5662.358578738149
590	-5688.156229028815	-5662.3597639387235	-25.79646509009094	0.6486464149340501	0.5945751136671793	-0.5991436553054158	-0.5884660310964357	1.1459007964783214	-0.6230000326938757	3.786685266201147	12.754578141206855	-16.768300190731168	-5662.3597639387235
592	-5688.156229028815	-5662.3597639387235	-25.79646509009094	0.6486464149340501	0.5945751136671793	-0.5991436553054158	-0.5884660310964357	1.1459007964783214	-0.6230000326938757	3.786685266201147	12.754578141206855	-16.768300190731168	-5662.3597639387235
594	-5689.138739201673	-5663.369657613175	-25.76908158849795	0.6486464149340501	0.5945751136671793	-0.5991436553054158	-0.5884660310964357	1.1459007964783214	-0.6230000326938757	3.786685266201147	12.72097079771815	-16.740916689138178	-5663.369657613175
596	-5689.138739201673	-5663.369657613175	-25.76908158849795	0.6486464149340501	0.5945751136671793	-0.5991436553054158	-0.5884660310964357	1.1459007964783214	-0.6230000326938757	3.786685266201147	12.72097079771815	-16.740916689138178	-5663.369657613175
598	-5689.157828101732	-5663.214231938179	-25.943596163553043	0.6486464149340501	0.5945751136671793	-0.5991436553054158	-0.5884660310964357	1.1459007964783214	-0.6230000326938757	3.8863796032183293	13.104081394086945	-16.91543126419327	-5663.214231938179
600	-5688.78153269382	-5663.326544659176	-25.45498803464358	0.6486464149340501	0.5945751136671793	-0.5991436553054158	-0.5884660310964357	1.1459007964783214	-0.35781858515906845	3.8863796032183293	13.03977641320799	-16.860742217650884	-5663.326544659176
602	-5688.728852329853	-5663.313524958458	-25.415327371394447	0.6486464149340501	0.5945751136671793	-0.5991436553054158	-0.5884660310964357	1.1459007964783214	-0.35781858515906845	3.8863796032183293	12.972692073516045	-16.82108155440175	-5663.313524958458
604	-5688.728852329853	-5663.313524958458	-25.415327371394447	0.6486464149340501	0.5945751136671793	-0.5991436553054158	-0.5884660310964357	1.1459007964783214	-0.35781858515906845	3.8863796032183293	12.972692073516045	-16.82108155440175	-5663.313524958458
606	-5687.028831553682	-5661.571345001179	-25.45748655250319	0.6486464149340501	0.5945751136671793	-0.5991436553054158	-0.5884660310964357	1.1459007964783214	-0.35781858515906845	3.8863796032183293	12.994350739033015	-16.863240735510495	-5661.571345001179
608	-5687.028831553682	-5661.571345001179	-25.45748655250319	0.6486464149340501	0.5945751136671793	-0.5991436553054158	-0.5884660310964357	1.1459007964783214	-0.35781858515906845	3.8863796032183293	12.994350739033015	-16.863240735510495	-5661.571345001179
610	-5690.443811844233	-5663.896760871048	-26.54705097318481	0.6486464149340501	0.5945751136671793	-0.5991436553054158	-0.5884660310964357	1.1459007964783214	-0.35781858515906845	8.229403216704247	21.680397966004854	-17.952805156192113	-5663.896760871048
612	-5690.443811844233	-5663.896760871048	-26.54705097318481	0.6486464149340501	0.5945751136671793	-0.5991436553054158	-0.5884660310964357	1.1459007964783214	-0.35781858515906845	8.229403216704247	21.680397966004854	-17.952805156192113	-5663.896760871048
614	-5690.443811844233	-5663.896760871048	-26.54705097318481	0.6486464149340501	0.5945751136671793	-0.5991436553054158	-0.5884660310964357	1.1459007964783214	-0.35781858515906845	8.229403216704247	21.680397966004854	-17.952805156192113	-5663.896760871048
616	-5690.443811844233	-5663.896760871048	-26.54705097318481	0.6486464149340501	0.5945751136671793	-0.5991436553054158	-0.5884660310964357	1.1459007964783214	-0.35781858515906845	8.229403216704247	21.680397966004854	-17.952805156192113	-5663.896760871048
618	-5691.111067921825	-5663.896760871048	-27.214307050777343	1.2915840156280143	0.5945751136671793	-0.5991436553054158	-0.5884660310964357	1.1459007964783214	-0.35781858515906845	8.229403216704247	21.680397966004854	-17.992276900276583	-5663.896760871048
620	-5692.153024612746	-5664.968458485544	-27.184566127201535	1.2915840156280143	0.5945751136671793	-0.5991436553054158	-0.5884660310964357	1.1459007964783214	-0.35781858515906845	8.229403216704247	21.665174044473048	-17.962535976700774	-5664.968458485544
622	-5692.153024612746	-5664.968458485544	-27.184566127201535	1.2915840156280143	0.5945751136671793	-0.5991436553054158	-0.5884660310964357	1.1459007964783214	-0.35781858515906845	8.229403216704247	21.665174044473048	-17.962535976700774	-5664.968458485544
624	-5691.722336439343	-5664.968458485544	-26.7538779537988	0.8817333298356713	0.5945751136671793	-0.5991436553054158	-0.5884660310964357	1.1459007964783214	-0.35781858515906845	8.229403216704247	21.665174044473048	-17.938396297563767	-5664.968458485544
626	-5691.365107370877	-5664.968458485544	-26.39664888533258	0.8817333298356713	0.5945751136671793	-0.5991436553054158	-0.5884660310964357	1.1459007964783214	-0.0977687101750745	8.229403216704247	21.665174044473048	-17.938396297563767	-5664.968458485544
628	-5691.102556838774	-5664.9476705670795	-26.154886271694487	0.8817333298356713	0.5945751136671793	-0.5991436553054158	-0.5884660310964357	1.1459007964783214	-0.0977687101750745	7.69374141306427	20.447933633127302	-17.696633683925672	-5664.9476705670795
630	-5691.102556838774	-5664.9476705670795	-26.154886271694487	0.8817333298356713	0.5945751136671793	-0.5991436553054158	-0.5884660310964357	1.1459007964783214	-0.0977687101750745	7.69374141306427	20.447933633127302	-17.696633683925672	-5664.9476705670795
632	-5691.557330486003	-5665.496293007433	-26.061037478569165	0.8817333298356713	0.5945751136671793	-0.5991436553054158	-0.5884660310964357	1.1459007964783214	-0.0977687101750745	7.69374141306427	20.33395562926721	-17.60278489080035	-5665.496293007433
634	-5692.511288196476	-5665.496293007433	-27.014995189042825	1.8097926396382045	0.5945751136671793	-0.5991436553054158	-0.5884660310964357	1.1459007964783214	-0.0977687101750745	7.69374141306427	20.33395562926721	-17.66963538550801	-5665.496293007433
636	-5692.698680350765	-5665.496293007433	-27.202387343331733	1.8097926396382045	0.5945751136671793	-0.5991436553054158	-1.2114330641935382	1.1459007964783214	-0.0977687101750745	7.69374141306427	20.33395562926721	-17.66963538550801	-5665.496293007433
638	-5692.386091521502	-5665.184723709544	-27.201367811957304	1.8097926396382045	0.5945751136671793	-0.5991436553054158	-1.2114330641935382	1.1459007964783214	-0.0977687101750745	7.69374141306427	20.33395562926721	-17.66861585413358	-5665.184723709544
640	-5692.853789093911	-5665.184723709544	-27.6690653843666	1.8097926396382045	0.5945751136671793	-1.3860492809975906	-1.2114330641935382	1.1459007964783214	-0.0977687101750745	7.69374141306427	20.33395562926721	-17.52743743024508	-5665.184723709544
642	-5693.371381887473	-5665.450802869322	-27.920579018151052	1.8097926396382045	0.5945751136671793	-1.3860492809975906	-1.2114330641935382	1.1459007964783214	-0.0977687101750745	7.69374141306427	20.744864794232175	-17.77895106402953	-5665.450802869322
644	-5693.27818423431	-5665.071481640438	-28.206702593872038	1.8097926396382045	0.5945751136671793	-1.3860492809975906	-1.2114330641935382	0.451750956941699	-0.0977687101750745	7.69374141306427	20.74834914757185	-19.241950482502155	-5665.071481640438
646	-5693.27818423431	-5665.071481640438	-28.206702593872038	1.8097926396382045	0.5945751136671793	-1.3860492809975906	-1.2114330641935382	0.451750956941699	-0.0977687101750745	7.69374141306427	20.74834914757185	-19.241950482502155	-5665.071481640438
648	-5692.709171674692	-5665.071481640438	-27.63769003425428	1.1489103773965683	0.5945751136671793	-1.3860492809975906	-1.2114330641935382	0.451750956941699	-0.0977687101750745	7.69374141306427	20.74834914757185	-19.293651941511587	-5665.071481640438
650	-5693.538724589983	-5665.470809574765	-28.067915015217867	1.1489103773965683	0.5945751136671793	-1.3860492809975906	-1.2114330641935382	0.451750956941699	-0.0977687101750745	7.69374141306427	21.128797991423937	-19.723876922475174	-5665.470809574765
652	-5693.538724589983	-5665.470809574765	-28.067915015217867	1.1489103773965683	0.5945751136671793	-1.3860492809975906	-1.2114330641935382	0.451750956941699	-0.0977687101750745	7.69374141306427	21.128797991423937	-19.723876922475174	-5665.470809574765
654	-5697.00315231038	-5668.902905945819	-28.100246364560597	1.1489103773965683	0.5945751136671793	-1.3860492809975906	-1.2114330641935382	0.451750956941699	-0.0977687101750745	7.69374141306427	21.03326038153787	-19.756208271817904	-5668.902905945819
656	-5697.00315231038	-5668.902905945819	-28.100246364560597	1.1489103773965683	0.5945751136671793	-1.3860492809975906	-1.2114330641935382	0.451750956941699	-0.0977687101750745	7.69374141306427	21.03326038153787	-19.756208271817904	-5668.902905945819
658	-5696.696305357826	-5668.823853342051	-27.87245201577508	1.1489103773965683	0.5945751136671793	-1.3860492809975906	-1.8542501316145306	0.451750956941699	-0.0977687101750745	7.69374141306427	20.75373565284756	-19.434053316358654	-5668.823853342051
660	-5696.696305357826	-5668.823853342051	-27.87245201577508	1.1489103773965683	0.5945751136671793	-1.3860492809975906	-1.8542501316145306	0.451750956941699	-0.0977687101750745	7.69374141306427	20.75373565284756	-19.434053316358654	-5668.823853342051
662	-5696.696305357826	-5668.823853342051	-27.87245201577508	1.1489103773965683	0.5945751136671793	-1.3860492809975906	-1.8542501316145306	0.451750956941699	-0.0977687101750745	7.69374141306427	20.75373565284756	-19.434053316358654	-5668.823853342051
664	-5695.383968507842	-5667.3326992367965	-28.051269271045626	1.1489103773965683	0.5945751136671793	-1.3860492809975906	-1.8542501316145306	0.451750956941699	-0.0977687101750745	7.69374141306427	20.75373565284756	-19.612870571629202	-5667.3326992367965
666	-5694.285344649748	-5666.322049776467	-27.963294873281853	1.1489103773965683	0.5945751136671793	-1.3860492809975906	-1.8542501316145306	0.451750956941699	-0.0977687101750745	7.69374141306427	20.723095889864062	-19.524896173865425	-5666.322049776467
668	-5692.373683765216	-5664.857628271294	-27.516055493922174	1.1489103773965683	0.5945751136671793	-1.3860492809975906	-1.8542501316145306	0.451750956941699	-0.0977687101750745	7.69374141306427	20.290256040890895	-19.077656794505746	-5664.857628271294
670	-5692.373683765216	-5664.857628271294	-27.516055493922174	1.1489103773965683	0.5945751136671793	-1.3860492809975906	-1.8542501316145306	0.451750956941699	-0.0977687101750745	7.69374141306427	20.290256040890895	-19.077656794505746	-5664.857628271294
672	-5692.270851614799	-5664.857628271294	-27.41322334350452	1.1489103773965683	0.5945751136671793	-1.3860492809975906	-1.2696545402095314	0.451750956941699	-0.0977687101750745	7.69374141306427	20.290256040890895	-19.077656794505746	-5664.857628271294
674	-5692.270851614799	-5664.857628271294	-27.41322334350452	1.1489103773965683	0.5945751136671793	-1.3860492809975906	-1.2696545402095314	0.451750956941699	-0.0977687101750745	7.69374141306427	20.290256040890895	-19.077656794505746	-5664.857628271294
676	-5692.642144256811	-5664.857628271294	-27.784515985516723	1.1489103773965683	1.1533535432001796	-1.3860492809975906	-1.2696545402095314	0.451750956941699	-0.0977687101750745	7.69374141306427	20.290256040890895	-18.91134176041829	-5664.857628271294
678	-5693.509119485482	-5665.16052088177	-28.34859860371177	1.1489103773965683	1.1533535432001796	-1.3860492809975906	-1.2696545402095314	0.451750956941699	-0.0977687101750745	7.69374141306427	20.759190469272056	-19.475424378613337	-5665.16052088177
680	-5693.18893046215	-5664.3522338190005	-28.836696643149573	1.1489103773965683	1.1533535432001796	-1.3860492809975906	-1.2696545402095314	0.451750956941699	-0.0977687101750745	7.69374141306427	21.05454341143058	-19.963522418051138	-5664.3522338190005
682	-5693.18893046215	-5664.3522338190005	-28.836696643149573	1.1489103773965683	1.1533535432001796	-1.3860492809975906	-1.2696545402095314	0.451750956941699	-0.0977687101750745	7.69374141306427	21.05454341143058	-19.963522418051138	-5664.3522338190005
684	-5693.18893046215	-5664.3522338190005	-28.836696643149573	1.1489103773965683	1.1533535432001796	-1.3860492809975906	-1.2696545402095314	0.451750956941699	-0.0977687101750745	7.69374141306427	21.05454341143058	-19.963522418051138	-5664.3522338190005
686	-5693.239768573071	-5664.978639629739	-28.261128943332814	1.1489103773965683	1.1533535432001796	-1.3860492809975906	-1.2696545402095314	0.451750956941699	-0.0977687101750745	7.69374141306427	20.733974997154633	-19.38795471823438	-5664.978639629739
688	-5693.239768573071	-5664.978639629739	-28.261128943332814	1.1489103773965683	1.1533535432001796	-1.3860492809975906	-1.2696545402095314	0.451750956941699	-0.0977687101750745	7.69374141306427	20.733974997154633	-19.38795471823438	-5664.978639629739
690	-5693.727268355434	-5665.060944335481	-28.666324019953052	1.1489103773965683	1.1533535432001796	-1.3860492809975906	-1.2696545402095314	0.451750956941699	-0.0977687101750745	7.69374141306427	21.06989741349236	-19.793149794854617	-5665.060944335481
692	-5692.79881903596	-5664.046245308984	-28.752573726976483	1.1489103773965683	1.1533535432001796	-1.3860492809975906	-1.2696545402095314	0.451750956941699	-0.0977687101750745	7.69374141306427	21.106976973965775	-19.879399501878048	-5664.046245308984
694	-5692.605418815854	-5664.020247995623	-28.5851708202305	1.1489103773965683	1.1533535432001796	-1.3860492809975906	-1.2696545402095314	0.451750956941699	-0.0977687101750745	7.69374141306427	20.967827833356186	-19.711996595132064	-5664.020247995623
696	-5692.605418815854	-5664.020247995623	-28.5851708202305	1.1489103773965683	1.1533535432001796	-1.3860492809975906	-1.2696545402095314	0.451750956941699	-0.0977687101750745	7.69374141306427	20.967827833356186	-19.711996595132064	-5664.020247995623
698	-5692.29104379444	-5664.020247995623	-28.27079579881675	1.1489103773965683	0.46202191324298664	-1.3860492809975906	-1.2696545402095314	0.451750956941699	-0.0977687101750745	7.69374141306427	20.967827833356186	-20.024513891044776	-5664.020247995623
700	-5692.215106175394	-5664.630687754633	-27.58441842076065	1.1489103773965683	0.46202191324298664	-1.3860492809975906	-1.2696545402095314	0.451750956941699	-0.0977687101750745	7.330953499242126	19.979118425456356	-19.338136512988676	-5664.630687754633
702	-5689.749983297126	-5664.643944194518	-25.106039102608698	1.1489103773965683	1.051346423050912	-1.3860492809975906	-1.2696545402095314	0.451750956941699	-0.0977687101750745	2.9731972980109473	11.263606022994002	-16.33439137521647	-5664.643944194518
704	-5689.749983297126	-5664.643944194518	-25.106039102608698	1.1489103773965683	1.051346423050912	-1.3860492809975906	-1.2696545402095314	0.451750956941699	-0.0977687101750745	2.9731972980109473	11.263606022994002	-16.33439137521647	-5664.643944194518
706	-5688.544647425445	-5664.031859374079	-24.512788051365916	1.1489103773965683	1.051346423050912	-0.7479151847697515	-1.2696545402095314	0.451750956941699	-0.0977687101750745	3.0769685062330345	11.656730961835297	-16.29268595718027	-5664.031859374079
708	-5688.570467933994	-5664.036593800607	-24.53387413338728	1.1489103773965683	1.051346423050912	-0.7479151847697515	-1.2696545402095314	0.451750956941699	-0.0977687101750745	3.0769685062330345	11.677058150051867	-16.313772039201634	-5664.036593800607
710	-5688.570467933994	-5664.036593800607	-24.53387413338728	1.1489103773965683	1.051346423050912	-0.7479151847697515	-1.2696545402095314	0.451750956941699	-0.0977687101750745	3.0769685062330345	11.677058150051867	-16.313772039201634	-5664.036593800607
712	-5688.570467933994	-5664.036593800607	-24.53387413338728	1.1489103773965683	1.051346423050912	-0.7479151847697515	-1.2696545402095314	0.451750956941699	-0.0977687101750745	3.0769685062330345	11.677058150051867	-16.313772039201634	-5664.036593800607
714	-5688.183677318918	-5663.602183894798	-24.581493424119454	1.1489103773965683	1.051346423050912	-0.7479151847697515	-1.2696545402095314	0.451750956941699	-0.0977687101750745	3.0769685062330345	11.702626211689086	-16.36139132993381	-5663.602183894798
716	-5689.317402889701	-5664.931644486842	-24.385758402859206	1.1489103773965683	1.051346423050912	-0.7479151847697515	-1.2696545402095314	0.451750956941699	-0.0977687101750745	3.0769685062330345	11.702626211689086	-16.16565630867356	-5664.931644486842
718	-5687.495841835798	-5663.162096358496	-24.333745477302784	1.1489103773965683	1.051346423050912	-0.7479151847697515	-1.2696545402095314	0.451750956941699	-0.0977687101750745	3.0769685062330345	11.699595942195867	-16.11364338311714	-5663.162096358496
720	-5687.361889420039	-5663.162096358496	-24.19979306154359	1.1489103773965683	1.051346423050912	-0.7479151847697515	-0.8135438636863019	0.451750956941699	-0.0977687101750745	3.0769685062330345	11.699595942195867	-16.11364338311714	-5663.162096358496
722	-5687.361889420039	-5663.162096358496	-24.19979306154359	1.1489103773965683	1.051346423050912	-0.7479151847697515	-0.8135438636863019	0.451750956941699	-0.0977687101750745	3.0769685062330345	11.699595942195867	-16.11364338311714	-5663.162096358496
724	-5687.404220056919	-5663.203833451724	-24.200386605195362	1.1489103773965683	1.051346423050912	-0.7479151847697515	-0.8135438636863019	0.451750956941699	-0.0977687101750745	3.0769685062330345	11.699595942195867	-16.11423692676891	-5663.203833451724
726	-5687.016505829596	-5662.792190355297	-24.224315474299573	1.1489103773965683	1.051346423050912	-0.7479151847697515	-0.8135438636863019	0.451750956941699	-0.0977687101750745	3.0769685062330345	11.70468863307456	-16.13816579587312	-5662.792190355297
728	-5686.974187285604	-5662.750462430667	-24.22372485493681	1.1489103773965683	1.051346423050912	-0.7479151847697515	-0.8135438636863019	0.451750956941699	-0.0977687101750745	3.0769685062330345	11.70468863307456	-16.137575176510357	-5662.750462430667
730	-5687.016505829596	-5662.792190355297	-24.224315474299573	1.1489103773965683	1.051346423050912	-0.7479151847697515	-0.8135438636863019	0.451750956941699	-0.0977687101750745	3.0769685062330345	11.70468863307456	-16.13816579587312	-5662.792190355297
732	-5687.016505829596	-5662.792190355297	-24.224315474299573	1.1489103773965683	1.051346423050912	-0.7479151847697515	-0.8135438636863019	0.451750956941699	-0.0977687101750745	3.0769685062330345	11.70468863307456	-16.13816579587312	-5662.792190355297
734	-5687.529179497934	-5663.201136624829	-24.32804287310499	1.1489103773965683	1.051346423050912	-0.3695565102407144	-0.8135438636863019	0.451750956941699	-0.0977687101750745	3.1765593861702386	12.083529117791114	-16.356886926090834	-5663.201136624829
736	-5687.542882928626	-5663.201136624829	-24.341746303797123	1.1489103773965683	0.5804465216008465	-0.3695565102407144	-0.8135438636863019	0.451750956941699	-0.0977687101750745	3.1765593861702386	12.083529117791114	-16.817928260056835	-5663.201136624829
738	-5687.606317938574	-5663.202235661988	-24.404082276585992	1.1489103773965683	0.5804465216008465	-0.3695565102407144	-0.8135438636863019	0.451750956941699	-0.0977687101750745	3.31691810448105	12.364246554412738	-16.880264232845704	-5663.202235661988
740	-5687.623563262118	-5663.203366560914	-24.42019670120396	1.1489103773965683	0.5804465216008465	-0.3695565102407144	-0.8135438636863019	0.451750956941699	-0.0977687101750745	3.31691810448105	12.382460587907454	-16.89637865746367	-5663.203366560914
742	-5687.623563262118	-5663.203366560914	-24.42019670120396	1.1489103773965683	0.5804465216008465	-0.3695565102407144	-0.8135438636863019	0.451750956941699	-0.0977687101750745	3.31691810448105	12.382460587907454	-16.89637865746367	-5663.203366560914
744	-5687.623563262118	-5663.203366560914	-24.42019670120396	1.1489103773965683	0.5804465216008465	-0.3695565102407144	-0.8135438636863019	0.451750956941699	-0.0977687101750745	3.31691810448105	12.382460587907454	-16.89637865746367	-5663.203366560914
746	-5687.687091934268	-5663.266936186882	-24.42015574738638	1.1489103773965683	0.5804465216008465	-0.3695565102407144	-0.8135438636863019	0.451750956941699	-0.0977687101750745	3.31691810448105	12.382460587907454	-16.896337703646093	-5663.266936186882
748	-5687.687091934268	-5663.266936186882	-24.42015574738638	1.1489103773965683	0.5804465216008465	-0.3695565102407144	-0.8135438636863019	0.451750956941699	-0.0977687101750745	3.31691810448105	12.382460587907454	-16.896337703646093	-5663.266936186882
750	-5687.687091934268	-5663.266936186882	-24.42015574738638	1.1489103773965683	0.5804465216008465	-0.3695565102407144	-0.8135438636863019	0.451750956941699	-0.0977687101750745	3.31691810448105	12.382460587907454	-16.896337703646093	-5663.266936186882
752	-5687.469020675705	-5662.976006624139	-24.493014051565883	1.1489103773965683	0.5804465216008465	-0.3695565102407144	-0.8135438636863019	0.451750956941699	-0.0977687101750745	3.31691810448105	12.44352509069639	-16.969196007825595	-5662.976006624139
754	-5687.469020675705	-5662.976006624139	-24.493014051565883	1.1489103773965683	0.5804465216008465	-0.3695565102407144	-0.8135438636863019	0.451750956941699	-0.0977687101750745	3.31691810448105	12.44352509069639	-16.969196007825595	-5662.976006624139
756	-5687.469020675705	-5662.976006624139	-24.493014051565883	1.1489103773965683	0.5804465216008465	-0.3695565102407144	-0.8135438636863019	0.451750956941699	-0.0977687101750745	3.31691810448105	12.44352509069639	-16.969196007825595	-5662.976006624139
758	-5687.469020675705	-5662.976006624139	-24.493014051565883	1.1489103773965683	0.5804465216008465	-0.3695565102407144	-0.8135438636863019	0.451750956941699	-0.0977687101750745	3.31691810448105	12.44352509069639	-16.969196007825595	-5662.976006624139
760	-5687.469020675705	-5662.976006624139	-24.493014051565883	1.1489103773965683	0.5804465216008465	-0.3695565102407144	-0.8135438636863019	0.451750956941699	-0.0977687101750745	3.31691810448105	12.44352509069639	-16.969196007825595	-5662.976006624139
762	-5687.624066940395	-5663.187403997608	-24.436662942787024	1.1489103773965683	0.5804465216008465	-0.3695565102407144	-0.8135438636863019	0.451750956941699	-0.0977687101750745	3.31691810448105	12.396155032879951	-16.912844899046735	-5663.187403997608
764	-5687.624066940395	-5663.187403997608	-24.436662942787024	1.1489103773965683	0.5804465216008465	-0.3695565102407144	-0.8135438636863019	0.451750956941699	-0.0977687101750745	3.31691810448105	12.396155032879951	-16.912844899046735	-5663.187403997608
766	-5687.481254330593	-5662.994277796932	-24.486976533661345	1.1489103773965683	0.5804465216008465	-0.3695565102407144	-0.8135438636863019	0.451750956941699	-0.0977687101750745	3.31691810448105	12.438494748104373	-16.963158489921057	-5662.994277796932
768	-5686.87208444716	-5663.002801066561	-23.869283380599292	1.1489103773965683	0.5804465216008465	-0.3695565102407144	-0.8135438636863019	0.451750956941699	-0.0977687101750745	3.0833964682395267	11.562784961349365	-16.345465336859004	-5663.002801066561
770	-5686.399217772839	-5661.599770525437	-24.79944724740221	1.1489103773965683	0.5804465216008465	-0.3695565102407144	-0.8135438636863019	0.451750956941699	-0.0977687101750745	3.337617500330116	12.516117806150246	-17.27562920366192	-5661.599770525437
772	-5686.4701151052905	-5661.62059746632	-24.849517638970617	1.1489103773965683	0.5804465216008465	-0.3695565102407144	-0.8135438636863019	0.451750956941699	-0.0977687101750745	3.337617500330116	12.550860228758088	-17.32569959523033	-5661.62059746632
774	-5686.444462219089	-5661.62059746632	-24.823864752768454	1.1489103773965683	0.5804465216008465	-0.3695565102407144	-0.8135438636863019	0.451750956941699	-0.04891469211343487	3.337617500330116	12.550860228758088	-17.32569959523033	-5661.62059746632
776	-5686.444462219089	-5661.62059746632	-24.823864752768454	1.1489103773965683	0.5804465216008465	-0.3695565102407144	-0.8135438636863019	0.451750956941699	-0.04891469211343487	3.337617500330116	12.550860228758088	-17.32569959523033	-5661.62059746632
778	-5686.444462219089	-5661.62059746632	-24.823864752768454	1.1489103773965683	0.5804465216008465	-0.3695565102407144	-0.8135438636863019	0.451750956941699	-0.04891469211343487	3.337617500330116	12.550860228758088	-17.32569959523033	-5661.62059746632
780	-5686.352020645423	-5661.376906220437	-24.975114424985748	1.1489103773965683	0.5804465216008465	-0.3695565102407144	-0.8135438636863019	0.451750956941699	-0.04891469211343487	3.6976888089664994	13.26671252201259	-17.476949267447623	-5661.376906220437
782	-5686.627116686629	-5661.376906220437	-25.25021046619178	1.1489103773965683	0.5804465216008465	-0.3695565102407144	-0.8135438636863019	0.19953152043034633	-0.04891469211343487	3.6976888089664994	13.26671252201259	-17.92864864418813	-5661.376906220437
784	-5687.480520386724	-5661.383336122321	-26.097184264402145	1.1489103773965683	0.5804465216008465	-0.3695565102407144	-0.8135438636863019	0.19953152043034633	-0.04891469211343487	5.314240564500799	16.49981603308119	-18.775622442398493	-5661.383336122321
786	-5687.422238004318	-5661.329562201595	-26.092675802723804	1.1489103773965683	0.5804465216008465	-0.3695565102407144	-0.8135438636863019	0.19953152043034633	-0.022616604249686593	5.314240564500799	16.50314326180389	-18.7773018463344	-5661.329562201595
788	-5687.422238004318	-5661.329562201595	-26.092675802723804	1.1489103773965683	0.5804465216008465	-0.3695565102407144	-0.8135438636863019	0.19953152043034633	-0.022616604249686593	5.314240564500799	16.50314326180389	-18.7773018463344	-5661.329562201595
790	-5687.422238004318	-5661.329562201595	-26.092675802723804	1.1489103773965683	0.5804465216008465	-0.3695565102407144	-0.8135438636863019	0.19953152043034633	-0.022616604249686593	5.314240564500799	16.50314326180389	-18.7773018463344	-5661.329562201595
792	-5687.60483131448	-5661.464247443033	-26.14058387144708	1.1489103773965683	0.5804465216008465	-0.3695565102407144	-0.8135438636863019	0.19953152043034633	-0.022616604249686593	5.314240564500799	16.531374024198364	-18.825209915057677	-5661.464247443033
794	-5687.602710194145	-5661.464247443033	-26.138462751112826	1.1489103773965683	0.5804465216008465	-0.3695565102407144	-0.8135438636863019	0.19953152043034633	-0.012853857198017843	5.314240564500799	16.531374024198364	-18.825209915057677	-5661.464247443033
796	-5687.5921711903065	-5661.527625501066	-26.06454568924116	1.1489103773965683	0.5804465216008465	-0.3695565102407144	-0.8135438636863019	0.19953152043034633	-0.012853857198017843	5.314240564500799	16.459087747307215	-18.751292853186012	-5661.527625501066
798	-5687.5921711903065	-5661.527625501066	-26.06454568924116	1.1489103773965683	0.5804465216008465	-0.3695565102407144	-0.8135438636863019	0.19953152043034633	-0.012853857198017843	5.314240564500799	16.459087747307215	-18.751292853186012	-5661.527625501066
800	-5687.573764491318	-5661.593177446986	-25.980587044331426	1.1489103773965683	0.5804465216008465	-0.3695565102407144	-0.8135438636863019	0.19953152043034633	-0.012853857198017843	5.314240564500799	16.409716162659286	-18.667334208276277	-5661.593177446986
802	-5687.573764491318	-5661.593177446986	-25.980587044331426	1.1489103773965683	0.5804465216008465	-0.3695565102407144	-0.8135438636863019	0.19953152043034633	-0.012853857198017843	5.314240564500799	16.409716162659286	-18.667334208276277	-5661.593177446986
804	-5687.2026931984865	-5661.593177446986	-25.60951575149973	0.5400981663321491	0.5804465216008465	-0.3695565102407144	-0.8135438636863019	0.19953152043034633	-0.012853857198017843	5.314240564500799	16.409716162659286	-18.87098525009331	-5661.593177446986
806	-5685.051225362648	-5659.578767160023	-25.472458202625813	0.5400981663321491	0.5804465216008465	-0.3695565102407144	-0.8135438636863019	0.19953152043034633	-0.012853857198017843	5.314240564500799	16.312269021280418	-18.733927701219393	-5659.578767160023
808	-5684.8655665692695	-5659.40378581758	-25.461780751689837	0.5400981663321491	0.5804465216008465	-0.3695565102407144	-0.8135438636863019	0.19953152043034633	-0.012853857198017843	5.314240564500799	16.30848396064297	-18.723250250283417	-5659.40378581758
810	-5684.8655665692695	-5659.40378581758	-25.461780751689837	0.5400981663321491	0.5804465216008465	-0.3695565102407144	-0.8135438636863019	0.19953152043034633	-0.012853857198017843	5.314240564500799	16.30848396064297	-18.723250250283417	-5659.40378581758
812	-5684.8655665692695	-5659.40378581758	-25.461780751689837	0.5400981663321491	0.5804465216008465	-0.3695565102407144	-0.8135438636863019	0.19953152043034633	-0.012853857198017843	5.314240564500799	16.30848396064297	-18.723250250283417	-5659.40378581758
814	-5684.8655665692695	-5659.40378581758	-25.461780751689837	0.5400981663321491	0.5804465216008465	-0.3695565102407144	-0.8135438636863019	0.19953152043034633	-0.012853857198017843	5.314240564500799	16.30848396064297	-18.723250250283417	-5659.40378581758
816	-5684.30419762638	-5659.585113850287	-24.719083776093843	0.5400981663321491	0.5804465216008465	-0.3695565102407144	-0.8135438636863019	0.19953152043034633	-0.012853857198017843	4.951138395421473	15.194186286566724	-17.980553274687423	-5659.585113850287
818	-5685.2655097540855	-5659.585113850287	-25.68039590379899	0.5400981663321491	0.5804465216008465	-1.0801897382942884	-0.8135438636863019	0.19953152043034633	-0.012853857198017843	4.951138395421473	15.194186286566724	-18.489758847952153	-5659.585113850287
820	-5685.628507285828	-5659.138964363082	-26.489542922746132	0.5400981663321491	0.5804465216008465	-1.0801897382942884	-0.8135438636863019	0.19953152043034633	-0.012853857198017843	4.951138395421473	15.628961629181756	-19.2989058668993	-5659.138964363082
822	-5685.628507285828	-5659.138964363082	-26.489542922746132	0.5400981663321491	0.5804465216008465	-1.0801897382942884	-0.8135438636863019	0.19953152043034633	-0.012853857198017843	4.951138395421473	15.628961629181756	-19.2989058668993	-5659.138964363082
824	-5685.434746681515	-5659.138730011646	-26.296016669869644	0.5400981663321491	0.5804465216008465	-1.0801897382942884	-0.8135438636863019	0.19953152043034633	-0.012853857198017843	4.676959445794124	15.08060372992706	-19.10537961402281	-5659.138730011646
826	-5685.434746681515	-5659.138730011646	-26.296016669869644	0.5400981663321491	0.5804465216008465	-1.0801897382942884	-0.8135438636863019	0.19953152043034633	-0.012853857198017843	4.676959445794124	15.08060372992706	-19.10537961402281	-5659.138730011646
828	-5684.726350719604	-5659.138730011646	-25.58762070795803	0.5400981663321491	0.5804465216008465	-0.766364466447999	-0.8135438636863019	0.19953152043034633	-0.012853857198017843	4.676959445794124	15.08060372992706	-18.72116840321312	-5659.138730011646
830	-5684.726350719604	-5659.138730011646	-25.58762070795803	0.5400981663321491	0.5804465216008465	-0.766364466447999	-0.8135438636863019	0.19953152043034633	-0.012853857198017843	4.676959445794124	15.08060372992706	-18.72116840321312	-5659.138730011646
832	-5685.075513602421	-5659.543508405318	-25.532005197103423	0.5400981663321491	0.5804465216008465	-0.766364466447999	-0.8135438636863019	0.19953152043034633	-0.012853857198017843	4.676959445794124	15.048501289157034	-18.665552892358512	-5659.543508405318
834	-5685.244395191074	-5659.543508405318	-25.700886785755657	0.5400981663321491	1.0689696488150415	-0.766364466447999	-0.8135438636863019	0.19953152043034633	-0.012853857198017843	4.676959445794124	15.048501289157034	-18.369502446207065	-5659.543508405318
836	-5684.9554586834065	-5659.253715343864	-25.70174333954259	0.5400981663321491	1.0689696488150415	-0.766364466447999	-0.8135438636863019	0.19953152043034633	-0.012853857198017843	4.676959445794124	15.048501289157038	-18.370358999993996	-5659.253715343864
838	-5684.934265963286	-5659.230217572455	-25.704048390830096	0.5400981663321491	1.0689696488150415	-0.766364466447999	-0.8135438636863019	0.19953152043034633	-0.007696730819814113	4.676959445794124	15.048501289157038	-18.373746051538575	-5659.230217572455
840	-5685.0843048551205	-5659.380062112128	-25.70424274299204	0.5400981663321491	1.0689696488150415	-0.766364466447999	-0.8135438636863019	0.19953152043034633	-0.007696730819814113	4.676959445794124	15.048501289157038	-18.37394040370052	-5659.380062112128
842	-5685.0843048551205	-5659.380062112128	-25.70424274299204	0.5400981663321491	1.0689696488150415	-0.766364466447999	-0.8135438636863019	0.19953152043034633	-0.007696730819814113	4.676959445794124	15.048501289157038	-18.37394040370052	-5659.380062112128
844	-5685.0843048551205	-5659.380062112128	-25.70424274299204	0.5400981663321491	1.0689696488150415	-0.766364466447999	-0.8135438636863019	0.19953152043034633	-0.007696730819814113	4.676959445794124	15.048501289157038	-18.37394040370052	-5659.380062112128
846	-5686.699161665173	-5660.998339339167	-25.70082232600654	0.5400981663321491	1.0689696488150415	-0.766364466447999	-0.8135438636863019	0.19953152043034633	-0.007696730819814113	4.676959445794124	15.046628774451609	-18.37051998671502	-5660.998339339167
848	-5686.699161665173	-5660.998339339167	-25.70082232600654	0.5400981663321491	1.0689696488150415	-0.766364466447999	-0.8135438636863019	0.19953152043034633	-0.007696730819814113	4.676959445794124	15.046628774451609	-18.37051998671502	-5660.998339339167
850	-5686.699161665173	-5660.998339339167	-25.70082232600654	0.5400981663321491	1.0689696488150415	-0.766364466447999	-0.8135438636863019	0.19953152043034633	-0.007696730819814113	4.676959445794124	15.046628774451609	-18.37051998671502	-5660.998339339167
852	-5687.447469820529	-5661.812412215071	-25.635057605457803	0.5400981663321491	1.0689696488150415	-0.766364466447999	-0.8135438636863019	0.19953152043034633	-0.007696730819814113	4.676959445794124	15.01415837130062	-18.304755266166282	-5661.812412215071
854	-5687.605847032462	-5661.8488022961	-25.75704473636214	0.30164204855451354	1.0689696488150415	-0.766364466447999	-0.8135438636863019	0.19953152043034633	-0.007696730819814113	4.676959445794124	15.016802539063633	-18.48076476976032	-5661.8488022961
856	-5687.605847032462	-5661.8488022961	-25.75704473636214	0.30164204855451354	1.0689696488150415	-0.766364466447999	-0.8135438636863019	0.19953152043034633	-0.007696730819814113	4.676959445794124	15.016802539063633	-18.48076476976032	-5661.8488022961
858	-5690.3210724437	-5664.748376785702	-25.57269565799803	0.6322045354577356	1.0689696488150415	-0.766364466447999	-0.8135438636863019	0.19953152043034633	-0.007696730819814113	4.676959445794124	14.971282560851396	-18.16953142434064	-5664.748376785702
860	-5690.320311571378	-5664.748376785702	-25.571934785675992	0.6322045354577356	1.0689696488150415	-0.766364466447999	-0.8135438636863019	0.19953152043034633	-0.0039919511205592445	4.676959445794124	14.971282560851396	-18.16953142434064	-5664.748376785702
862	-5690.320311571378	-5664.748376785702	-25.571934785675992	0.6322045354577356	1.0689696488150415	-0.766364466447999	-0.8135438636863019	0.19953152043034633	-0.0039919511205592445	4.676959445794124	14.971282560851396	-18.16953142434064	-5664.748376785702
864	-5690.320311571378	-5664.748376785702	-25.571934785675992	0.6322045354577356	1.0689696488150415	-0.766364466447999	-0.8135438636863019	0.19953152043034633	-0.0039919511205592445	4.676959445794124	14.971282560851396	-18.16953142434064	-5664.748376785702
866	-5692.403557168821	-5666.926616353418	-25.47694081540329	0.6322045354577356	1.0689696488150415	-0.766364466447999	-0.8135438636863019	0.19953152043034633	-0.0039919511205592445	4.676959445794124	14.950621634895978	-18.074537454067936	-5666.926616353418
868	-5692.403557168821	-5666.926616353418	-25.47694081540329	0.6322045354577356	1.0689696488150415	-0.766364466447999	-0.8135438636863019	0.19953152043034633	-0.0039919511205592445	4.676959445794124	14.950621634895978	-18.074537454067936	-5666.926616353418
870	-5693.755102724008	-5668.343902937508	-25.411199786500546	0.6322045354577356	1.0689696488150415	-0.766364466447999	-0.8135438636863019	0.19953152043034633	-0.0039919511205592445	4.676959445794124	14.917311368198622	-18.00879642516519	-5668.343902937508
872	-5692.922026727747	-5667.547877786115	-25.374148941631603	0.6322045354577356	1.0689696488150415	-0.766364466447999	-0.8135438636863019	0.19953152043034633	-0.0039919511205592445	4.676959445794124	14.917311368198622	-17.97174558029625	-5667.547877786115
874	-5693.038891054948	-5667.6715207749	-25.36737028004775	0.6322045354577356	1.0689696488150415	-0.766364466447999	-0.8135438636863019	0.19953152043034633	-0.009245497773519865	4.676959445794124	14.917311368198622	-17.963883898783415	-5667.6715207749
876	-5693.038891054948	-5667.6715207749	-25.36737028004775	0.6322045354577356	1.0689696488150415	-0.766364466447999	-0.8135438636863019	0.19953152043034633	-0.009245497773519865	4.676959445794124	14.917311368198622	-17.963883898783415	-5667.6715207749
878	-5693.0403819085905	-5667.6715207749	-25.368861133689975	0.6322045354577356	1.0689696488150415	-0.766364466447999	-0.8135438636863019	0.19953152043034633	-0.01626827246700799	4.676959445794124	14.917311368198622	-17.963883898783415	-5667.6715207749
880	-5692.125730240461	-5664.468702218491	-27.6570280219702	0.6322045354577356	1.0689696488150415	-0.766364466447999	-0.8135438636863019	0.19953152043034633	-0.01626827246700799	5.433982180822009	17.33185953396721	-20.252050787063638	-5664.468702218491
882	-5691.970336742983	-5664.248269110208	-27.72206763277501	0.6322045354577356	1.0689696488150415	-0.766364466447999	-0.8135438636863019	0.19953152043034633	-0.01626827246700799	5.433982180822009	17.36160661207089	-20.317090397868448	-5664.248269110208
884	-5691.916691365563	-5664.194587068274	-27.722104297288354	0.6322045354577356	1.0689696488150415	-0.766364466447999	-0.8135438636863019	0.19953152043034633	-0.01626827246700799	5.433982180822009	17.36160661207089	-20.317127062381797	-5664.194587068274
886	-5690.408827551794	-5664.527894220262	-25.880933331532223	0.6322045354577356	1.0689696488150415	-0.766364466447999	-0.8135438636863019	0.19953152043034633	-0.009685036169893182	4.831121426897548	15.435462781781471	-18.477355088155104	-5664.527894220262
888	-5690.11555862839	-5663.073803578908	-27.04175504948239	0.6322045354577356	1.0689696488150415	-0.766364466447999	-0.8135438636863019	0.19953152043034633	-0.009685036169893182	5.211355813624742	16.650313994587794	-19.63817680610527	-5663.073803578908
890	-5690.11555862839	-5663.073803578908	-27.04175504948239	0.6322045354577356	1.0689696488150415	-0.766364466447999	-0.8135438636863019	0.19953152043034633	-0.009685036169893182	5.211355813624742	16.650313994587794	-19.63817680610527	-5663.073803578908
892	-5689.770770985923	-5663.073803578908	-26.696967407015016	0.6322045354577356	0.7325176975929906	-0.766364466447999	-0.8135438636863019	0.19953152043034633	-0.009685036169893182	5.211355813624742	16.650313994587794	-19.625132493719978	-5663.073803578908
894	-5689.770770985923	-5663.073803578908	-26.696967407015016	0.6322045354577356	0.7325176975929906	-0.766364466447999	-0.8135438636863019	0.19953152043034633	-0.009685036169893182	5.211355813624742	16.650313994587794	-19.625132493719978	-5663.073803578908
896	-5687.317770496875	-5660.681342454573	-26.636428042302185	0.6322045354577356	0.7325176975929906	-0.766364466447999	-0.8135438636863019	0.19953152043034633	-0.009685036169893182	5.211355813624742	16.646509108448356	-19.56459312900715	-5660.681342454573
898	-5687.317770496875	-5660.681342454573	-26.636428042302185	0.6322045354577356	0.7325176975929906	-0.766364466447999	-0.8135438636863019	0.19953152043034633	-0.009685036169893182	5.211355813624742	16.646509108448356	-19.56459312900715	-5660.681342454573
900	-5687.317770496875	-5660.681342454573	-26.636428042302185	0.6322045354577356	0.7325176975929906	-0.766364466447999	-0.8135438636863019	0.19953152043034633	-0.009685036169893182	5.211355813624742	16.646509108448356	-19.56459312900715	-5660.681342454573
902	-5687.989484343839	-5660.8141305393065	-27.175353804532577	0.6322045354577356	1.2197837785571712	-0.766364466447999	-0.8135438636863019	0.19953152043034633	-0.009685036169893182	5.211355813624742	16.646509108448356	-19.622285713685315	-5660.8141305393065
904	-5687.989484343839	-5660.8141305393065	-27.175353804532577	0.6322045354577356	1.2197837785571712	-0.766364466447999	-0.8135438636863019	0.19953152043034633	-0.009685036169893182	5.211355813624742	16.646509108448356	-19.622285713685315	-5660.8141305393065
906	-5687.989484343839	-5660.8141305393065	-27.175353804532577	0.6322045354577356	1.2197837785571712	-0.766364466447999	-0.8135438636863019	0.19953152043034633	-0.009685036169893182	5.211355813624742	16.646509108448356	-19.622285713685315	-5660.8141305393065
908	-5689.144264688414	-5660.8141305393065	-28.330134149108048	0.6322045354577356	1.2197837785571712	-1.116724329472292	-0.8135438636863019	0.19953152043034633	-0.009685036169893182	5.211355813624742	16.646509108448356	-20.40234044230496	-5660.8141305393065
910	-5689.144264688414	-5660.8141305393065	-28.330134149108048	0.6322045354577356	1.2197837785571712	-1.116724329472292	-0.8135438636863019	0.19953152043034633	-0.009685036169893182	5.211355813624742	16.646509108448356	-20.40234044230496	-5660.8141305393065
912	-5689.144264688414	-5660.8141305393065	-28.330134149108048	0.6322045354577356	1.2197837785571712	-1.116724329472292	-0.8135438636863019	0.19953152043034633	-0.009685036169893182	5.211355813624742	16.646509108448356	-20.40234044230496	-5660.8141305393065
914	-5688.221711230872	-5659.76542328937	-28.456287941501337	0.6322045354577356	1.2197837785571712	-1.116724329472292	-0.8135438636863019	0.19953152043034633	-0.009685036169893182	5.211355813624742	16.687971116875588	-20.52849423469825	-5659.76542328937
916	-5688.27381297263	-5659.76597693568	-28.507836036950287	0.6322045354577356	1.2197837785571712	-1.116724329472292	-0.8135438636863019	0.19953152043034633	-0.009685036169893182	5.211355813624742	16.711399186215676	-20.580042330147197	-5659.76597693568
918	-5688.140539843591	-5659.632380679151	-28.5081591644405	0.6322045354577356	1.2197837785571712	-1.116724329472292	-0.8135438636863019	0.19953152043034633	-0.009685036169893182	5.211355813624742	16.711399186215676	-20.58036545763741	-5659.632380679151
920	-5688.292664115142	-5659.6558178924515	-28.636846222689904	0.6322045354577356	1.2197837785571712	-1.116724329472292	-0.8135438636863019	0.19953152043034633	-0.009685036169893182	5.211355813624742	16.769960168455892	-20.709052515886818	-5659.6558178924515
922	-5688.034302527347	-5659.3929250547235	-28.64137747262304	0.6322045354577356	1.2197837785571712	-1.116724329472292	-0.8135438636863019	0.19953152043034633	-0.009685036169893182	5.211355813624742	16.769960168455892	-20.71358376581995	-5659.3929250547235
924	-5687.929094517272	-5659.228193053265	-28.700901464005973	0.6322045354577356	1.2197837785571712	-1.116724329472292	-0.8135438636863019	0.19953152043034633	-0.009685036169893182	5.211355813624742	16.792628770867683	-20.773107757202883	-5659.228193053265
926	-5689.284814735831	-5660.672792507883	-28.612022227947477	0.6322045354577356	1.2197837785571712	-1.116724329472292	-0.8135438636863019	0.19953152043034633	-0.009685036169893182	5.211355813624742	16.776362799687536	-20.68422852114439	-5660.672792507883
928	-5689.284814735831	-5660.672792507883	-28.612022227947477	0.6322045354577356	1.2197837785571712	-1.116724329472292	-0.8135438636863019	0.19953152043034633	-0.009685036169893182	5.211355813624742	16.776362799687536	-20.68422852114439	-5660.672792507883
930	-5689.355152288787	-5660.743193727904	-28.6119585608835	0.6322045354577356	1.2197837785571712	-1.116724329472292	-0.8135438636863019	0.19953152043034633	-0.009685036169893182	5.211355813624742	16.77636279968754	-20.684164854080414	-5660.743193727904
932	-5689.355152288787	-5660.743193727904	-28.6119585608835	0.6322045354577356	1.2197837785571712	-1.116724329472292	-0.8135438636863019	0.19953152043034633	-0.009685036169893182	5.211355813624742	16.77636279968754	-20.684164854080414	-5660.743193727904
934	-5689.1912976621325	-5661.015367131726	-28.175930530406518	0.6322045354577356	1.2197837785571712	-1.116724329472292	-0.8135438636863019	0.2956917506220718	-0.009685036169893182	5.211355813624742	16.832267060503476	-20.199584724555216	-5661.015367131726
936	-5689.1912976621325	-5661.015367131726	-28.175930530406518	0.6322045354577356	1.2197837785571712	-1.116724329472292	-0.8135438636863019	0.2956917506220718	-0.009685036169893182	5.211355813624742	16.832267060503476	-20.199584724555216	-5661.015367131726
938	-5690.660438638384	-5661.015367131726	-29.645071506658752	0.6322045354577356	2.3169688127953494	-1.116724329472292	-0.8135438636863019	0.2956917506220718	-0.009685036169893182	5.211355813624742	16.832267060503476	-20.693856876775616	-5661.015367131726
940	-5690.664350231802	-5661.015367131726	-29.648983100076247	0.6322045354577356	2.3169688127953494	-1.116724329472292	-0.8135438636863019	0.2956917506220718	-0.022236179491620187	5.211355813624742	16.832267060503476	-20.693856876775616	-5661.015367131726
942	-5690.664350231802	-5661.015367131726	-29.648983100076247	0.6322045354577356	2.3169688127953494	-1.116724329472292	-0.8135438636863019	0.2956917506220718	-0.022236179491620187	5.211355813624742	16.832267060503476	-20.693856876775616	-5661.015367131726
944	-5690.5944244117945	-5660.945430942782	-29.648993469012687	0.6322045354577356	2.3169688127953494	-1.116724329472292	-0.8135438636863019	0.2956917506220718	-0.022236179491620187	5.211355813624742	16.832267060503476	-20.693867245712056	-5660.945430942782
946	-5689.349846442983	-5660.949720990868	-28.40012545211497	0.6322045354577356	2.3169688127953494	-1.116724329472292	-0.8135438636863019	0.2956917506220718	-0.022236179491620187	3.4747054448186114	13.358966322891215	-19.44499922881434	-5660.949720990868
948	-5689.11238378788	-5660.956313962414	-28.156069825465803	0.6322045354577356	2.3169688127953494	-1.116724329472292	-0.8135438636863019	0.2956917506220718	-0.022236179491620187	3.1347383719929622	12.679032177239918	-19.20094360216517	-5660.956313962414
950	-5689.11238378788	-5660.956313962414	-28.156069825465803	0.6322045354577356	2.3169688127953494	-1.116724329472292	-0.8135438636863019	0.2956917506220718	-0.022236179491620187	3.1347383719929622	12.679032177239918	-19.20094360216517	-5660.956313962414
952	-5689.11238378788	-5660.956313962414	-28.156069825465803	0.6322045354577356	2.3169688127953494	-1.116724329472292	-0.8135438636863019	0.2956917506220718	-0.022236179491620187	3.1347383719929622	12.679032177239918	-19.20094360216517	-5660.956313962414
954	-5689.203321105061	-5661.007962754041	-28.195358351020403	0.6322045354577356	2.3169688127953494	-1.116724329472292	-0.8135438636863019	0.2956917506220718	-0.022236179491620187	3.1347383719929622	12.70649114038079	-19.24023212771977	-5661.007962754041
956	-5689.203321105061	-5661.007962754041	-28.195358351020403	0.6322045354577356	2.3169688127953494	-1.116724329472292	-0.8135438636863019	0.2956917506220718	-0.022236179491620187	3.1347383719929622	12.70649114038079	-19.24023212771977	-5661.007962754041
958	-5687.979901599823	-5661.007962754041	-26.97193884578256	0.6322045354577356	1.375563121383991	-1.116724329472292	-0.8135438636863019	0.2956917506220718	-0.022236179491620187	3.1347383719929622	12.70649114038079	-18.84039060387743	-5661.007962754041
960	-5688.686185488752	-5661.010756311281	-27.675429177471756	0.6322045354577356	1.375563121383991	-1.116724329472292	-1.7519235352572198	0.2956917506220718	-0.022236179491620187	3.1347383719929622	13.10881936193643	-19.38810111746883	-5661.010756311281
962	-5688.686185488752	-5661.010756311281	-27.675429177471756	0.6322045354577356	1.375563121383991	-1.116724329472292	-1.7519235352572198	0.2956917506220718	-0.022236179491620187	3.1347383719929622	13.10881936193643	-19.38810111746883	-5661.010756311281
964	-5688.055629414913	-5661.010756311281	-27.04487310363237	0.6322045354577356	1.375563121383991	-1.116724329472292	-1.7519235352572198	0.43645449244707235	-0.022236179491620187	3.1347383719929622	13.10881936193643	-18.651356105445203	-5661.010756311281
966	-5687.053738131276	-5660.6443690514925	-26.40936907978341	0.6322045354577356	1.375563121383991	-1.116724329472292	-1.7519235352572198	0.9090319777452027	-0.022236179491620187	3.1347383719929622	13.073187834724433	-17.36949715122333	-5660.6443690514925
968	-5688.0713691703795	-5660.6443690514925	-27.427000118886788	1.6716248773194236	1.375563121383991	-1.116724329472292	-1.7519235352572198	0.9090319777452027	-0.022236179491620187	3.1347383719929622	13.073187834724433	-17.387927040603138	-5660.6443690514925
970	-5688.0713691703795	-5660.6443690514925	-27.427000118886788	1.6716248773194236	1.375563121383991	-1.116724329472292	-1.7519235352572198	0.9090319777452027	-0.022236179491620187	3.1347383719929622	13.073187834724433	-17.387927040603138	-5660.6443690514925
972	-5687.240039797509	-5660.354949100738	-26.885090696771037	1.6716248773194236	1.375563121383991	-1.116724329472292	-1.7519235352572198	0.9090319777452027	-0.022236179491620187	2.9698959276450476	12.385724964665101	-16.846017618487387	-5660.354949100738
974	-5687.240039797509	-5660.354949100738	-26.885090696771037	1.6716248773194236	1.375563121383991	-1.116724329472292	-1.7519235352572198	0.9090319777452027	-0.022236179491620187	2.9698959276450476	12.385724964665101	-16.846017618487387	-5660.354949100738
976	-5687.2426089422515	-5660.3549662836585	-26.88764265859264	1.6716248773194236	1.375563121383991	-1.116724329472292	-1.7519235352572198	0.9090319777452027	-0.022236179491620187	2.9698959276450476	12.38931888451126	-16.848569580308993	-5660.3549662836585
978	-5687.2426089422515	-5660.3549662836585	-26.88764265859264	1.6716248773194236	1.375563121383991	-1.116724329472292	-1.7519235352572198	0.9090319777452027	-0.022236179491620187	2.9698959276450476	12.38931888451126	-16.848569580308993	-5660.3549662836585
980	-5687.110965599096	-5660.185805094482	-26.92516050461358	1.6716248773194236	1.375563121383991	-1.116724329472292	-1.7519235352572198	0.9090319777452027	-0.022236179491620187	2.9698959276450476	12.409150279248307	-16.886087426329933	-5660.185805094482
982	-5687.108088602609	-5660.185783547878	-26.92230505473149	1.6716248773194236	1.375563121383991	-1.116724329472292	-1.7519235352572198	0.9090319777452027	-0.022236179491620187	2.9698959276450476	12.405130954079738	-16.883231976447842	-5660.185783547878
984	-5687.108088602609	-5660.185783547878	-26.92230505473149	1.6716248773194236	1.375563121383991	-1.116724329472292	-1.7519235352572198	0.9090319777452027	-0.022236179491620187	2.9698959276450476	12.405130954079738	-16.883231976447842	-5660.185783547878
986	-5687.10300010028	-5660.180691378415	-26.922308721865463	1.6716248773194236	1.375563121383991	-1.116724329472292	-1.7519235352572198	0.9090319777452027	-0.022236179491620187	2.9698959276450476	12.405130954079738	-16.883235643581816	-5660.180691378415
988	-5686.86431041536	-5659.8712030384	-26.99310737695899	1.6716248773194236	1.375563121383991	-1.116724329472292	-1.7519235352572198	0.9090319777452027	-0.022236179491620187	2.9698959276450476	12.451325372003843	-16.95403429867534	-5659.8712030384
990	-5686.755496950115	-5659.949679954568	-26.805816995547524	1.6716248773194236	1.375563121383991	-1.116724329472292	-1.7519235352572198	0.9090319777452027	-0.022236179491620187	2.9136383865125497	12.215464935700588	-16.766743917263877	-5659.949679954568
992	-5686.755496950115	-5659.949679954568	-26.805816995547524	1.6716248773194236	1.375563121383991	-1.116724329472292	-1.7519235352572198	0.9090319777452027	-0.022236179491620187	2.9136383865125497	12.215464935700588	-16.766743917263877	-5659.949679954568
994	-5686.755496950115	-5659.949679954568	-26.805816995547524	1.6716248773194236	1.375563121383991	-1.116724329472292	-1.7519235352572198	0.9090319777452027	-0.022236179491620187	2.9136383865125497	12.215464935700588	-16.766743917263877	-5659.949679954568
996	-5686.811852339204	-5660.007752882067	-26.804099457137355	1.6716248773194236	1.375563121383991	-1.116724329472292	-1.7519235352572198	0.9090319777452027	-0.022236179491620187	2.9136383865125497	12.213145223494534	-16.765026378853708	-5660.007752882067
998	-5686.811852339204	-5660.007752882067	-26.804099457137355	1.6716248773194236	1.375563121383991	-1.116724329472292	-1.7519235352572198	0.9090319777452027	-0.022236179491620187	2.9136383865125497	12.213145223494534	-16.765026378853708	-5660.007752882067
1000	-5686.811852339204	-5660.007752882067	-26.804099457137355	1.6716248773194236	1.375563121383991	-1.116724329472292	-1.7519235352572198	0.9090319777452027	-0.022236179491620187	2.9136383865125497	12.213145223494534	-16.765026378853708	-5660.007752882067
1002	-5684.770784430019	-5658.059092019629	-26.711692410390036	1.6716248773194236	1.375563121383991	-1.116724329472292	-1.7519235352572198	0.9090319777452027	-0.022236179491620187	2.9136383865125497	12.212611827583437	-16.67261933210639	-5658.059092019629
1004	-5684.770651883582	-5658.064891116167	-26.705760767414922	1.6716248773194236	1.375563121383991	-1.116724329472292	-1.7519235352572198	0.9090319777452027	-0.022236179491620187	2.9136383865125497	12.204348721867145	-16.666687689131276	-5658.064891116167
1006	-5684.770651883582	-5658.064891116167	-26.705760767414922	1.6716248773194236	1.375563121383991	-1.116724329472292	-1.7519235352572198	0.9090319777452027	-0.022236179491620187	2.9136383865125497	12.204348721867145	-16.666687689131276	-5658.064891116167
1008	-5684.770651883582	-5658.064891116167	-26.705760767414922	1.6716248773194236	1.375563121383991	-1.116724329472292	-1.7519235352572198	0.9090319777452027	-0.022236179491620187	2.9136383865125497	12.204348721867145	-16.666687689131276	-5658.064891116167
1010	-5684.770651883582	-5658.064891116167	-26.705760767414922	1.6716248773194236	1.375563121383991	-1.116724329472292	-1.7519235352572198	0.9090319777452027	-0.022236179491620187	2.9136383865125497	12.204348721867145	-16.666687689131276	-5658.064891116167
1012	-5684.770651883582	-5658.064891116167	-26.705760767414922	1.6716248773194236	1.375563121383991	-1.116724329472292	-1.7519235352572198	0.9090319777452027	-0.022236179491620187	2.9136383865125497	12.204348721867145	-16.666687689131276	-5658.064891116167
1014	-5682.936883577121	-5656.316239850049	-26.620643727071744	1.6716248773194236	1.375563121383991	-1.116724329472292	-1.7519235352572198	0.9090319777452027	-0.022236179491620187	2.9136383865125497	12.206069329851399	-16.581570648788098	-5656.316239850049
1016	-5682.930703151112	-5656.310054536647	-26.620648614464763	1.6716248773194236	1.375563121383991	-1.116724329472292	-1.7519235352572198	0.9090319777452027	-0.022236179491620187	2.9136383865125497	12.206069329851399	-16.581575536181116	-5656.310054536647
1018	-5682.4519880582275	-5656.201758733846	-26.250229324381586	1.6716248773194236	1.375563121383991	-1.116724329472292	-1.7519235352572198	0.9090319777452027	-0.022236179491620187	2.9136383865125497	11.717907887816866	-16.21115624609794	-5656.201758733846
1020	-5682.4519880582275	-5656.201758733846	-26.250229324381586	1.6716248773194236	1.375563121383991	-1.116724329472292	-1.7519235352572198	0.9090319777452027	-0.022236179491620187	2.9136383865125497	11.717907887816866	-16.21115624609794	-5656.201758733846
1022	-5681.890304428714	-5656.201758733846	-25.688545694868527	1.1055176134785827	1.375563121383991	-1.116724329472292	-1.7519235352572198	0.9090319777452027	-0.022236179491620187	2.9136383865125497	11.717907887816866	-16.189916915624327	-5656.201758733846
1024	-5681.890304428714	-5656.201758733846	-25.688545694868527	1.1055176134785827	1.375563121383991	-1.116724329472292	-1.7519235352572198	0.9090319777452027	-0.022236179491620187	2.9136383865125497	11.717907887816866	-16.189916915624327	-5656.201758733846
1026	-5682.006671799895	-5656.318135943483	-25.68853585641192	1.1055176134785827	1.375563121383991	-1.116724329472292	-1.7519235352572198	0.9090319777452027	-0.022236179491620187	2.9136383865125497	11.717907887816866	-16.18990707716772	-5656.318135943483
1028	-5682.006671799895	-5656.318135943483	-25.68853585641192	1.1055176134785827	1.375563121383991	-1.116724329472292	-1.7519235352572198	0.9090319777452027	-0.022236179491620187	2.9136383865125497	11.717907887816866	-16.18990707716772	-5656.318135943483
1030	-5682.71133105041	-5656.318135943483	-26.393195106927543	1.1055176134785827	1.9810914960156807	-1.116724329472292	-1.7519235352572198	0.9090319777452027	-0.022236179491620187	2.9136383865125497	11.717907887816866	-16.346931169240243	-5656.318135943483
1032	-5682.912862769052	-5656.507628007101	-26.40523476195088	1.1055176134785827	1.9810914960156807	-1.116724329472292	-1.7519235352572198	0.9090319777452027	-0.022236179491620187	2.9136383865125497	11.723318026847384	-16.358970824263583	-5656.507628007101
1034	-5682.912862769052	-5656.507628007101	-26.40523476195088	1.1055176134785827	1.9810914960156807	-1.116724329472292	-1.7519235352572198	0.9090319777452027	-0.022236179491620187	2.9136383865125497	11.723318026847384	-16.358970824263583	-5656.507628007101
1036	-5682.912862769052	-5656.507628007101	-26.40523476195088	1.1055176134785827	1.9810914960156807	-1.116724329472292	-1.7519235352572198	0.9090319777452027	-0.022236179491620187	2.9136383865125497	11.723318026847384	-16.358970824263583	-5656.507628007101
1038	-5682.393222022862	-5656.4954370290225	-25.897784993839313	0.6153044200289476	1.9810914960156807	-1.116724329472292	-1.7519235352572198	0.9090319777452027	-0.022236179491620187	2.9136383865125497	11.69257797185994	-16.32458206387481	-5656.4954370290225
1040	-5682.393222022862	-5656.4954370290225	-25.897784993839313	0.6153044200289476	1.9810914960156807	-1.116724329472292	-1.7519235352572198	0.9090319777452027	-0.022236179491620187	2.9136383865125497	11.69257797185994	-16.32458206387481	-5656.4954370290225
1042	-5682.313130382167	-5656.409412571419	-25.90371781074808	0.6153044200289476	1.9810914960156807	-1.116724329472292	-1.7519235352572198	0.9090319777452027	-0.022236179491620187	2.9136383865125497	11.696602385785692	-16.33051488078358	-5656.409412571419
1044	-5682.313130382167	-5656.409412571419	-25.90371781074808	0.6153044200289476	1.9810914960156807	-1.116724329472292	-1.7519235352572198	0.9090319777452027	-0.022236179491620187	2.9136383865125497	11.696602385785692	-16.33051488078358	-5656.409412571419
1046	-5682.851846605709	-5656.530782399005	-26.321064206704	0.6153044200289476	1.9810914960156807	-1.116724329472292	-1.7519235352572198	0.9090319777452027	-0.022236179491620187	2.9136383865125497	12.223569787719896	-16.7478612767395	-5656.530782399005
1048	-5682.851846605709	-5656.530782399005	-26.321064206704	0.6153044200289476	1.9810914960156807	-1.116724329472292	-1.7519235352572198	0.9090319777452027	-0.022236179491620187	2.9136383865125497	12.223569787719896	-16.7478612767395	-5656.530782399005
1050	-5682.851846605709	-5656.530782399005	-26.321064206704	0.6153044200289476	1.9810914960156807	-1.116724329472292	-1.7519235352572198	0.9090319777452027	-0.022236179491620187	2.9136383865125497	12.223569787719896	-16.7478612767395	-5656.530782399005
1052	-5682.851846605709	-5656.530782399005	-26.321064206704	0.6153044200289476	1.9810914960156807	-1.116724329472292	-1.7519235352572198	0.9090319777452027	-0.022236179491620187	2.9136383865125497	12.223569787719896	-16.7478612767395	-5656.530782399005
1054	-5682.851846605709	-5656.530782399005	-26.321064206704	0.6153044200289476	1.9810914960156807	-1.116724329472292	-1.7519235352572198	0.9090319777452027	-0.022236179491620187	2.9136383865125497	12.223569787719896	-16.7478612767395	-5656.530782399005
1056	-5683.929073212876	-5658.19033279006	-25.73874042281553	0.6153044200289476	1.9810914960156807	-1.116724329472292	-1.7519235352572198	0.9090319777452027	-0.022236179491620187	2.745475201118249	11.518075776552337	-16.165537492851026	-5658.19033279006
1058	-5683.089739842131	-5657.05968534478	-26.030054497351138	0.6153044200289476	1.9810914960156807	-1.116724329472292	-1.7519235352572198	0.9090319777452027	-0.022236179491620187	2.8295395936860364	11.870750622535736	-16.456851567386636	-5657.05968534478
1060	-5683.089739842131	-5657.05968534478	-26.030054497351138	0.6153044200289476	1.9810914960156807	-1.116724329472292	-1.7519235352572198	0.9090319777452027	-0.022236179491620187	2.8295395936860364	11.870750622535736	-16.456851567386636	-5657.05968534478
1062	-5683.100794117437	-5657.0705418889875	-26.03025222844927	0.6153044200289476	1.9810914960156807	-1.116724329472292	-1.7519235352572198	0.9090319777452027	-0.022236179491620187	2.8295395936860364	11.870750622535734	-16.45704929848477	-5657.0705418889875
1064	-5681.839924216711	-5657.0705418889875	-24.769382327723612	0.6153044200289476	0.6682431495473716	-1.116724329472292	-1.7519235352572198	0.9090319777452027	-0.022236179491620187	2.8295395936860364	11.870750622535734	-16.435371703667165	-5657.0705418889875
1066	-5682.413634302702	-5657.116150015615	-25.29748428708762	0.6153044200289476	0.6682431495473716	-1.116724329472292	-1.7519235352572198	0.9090319777452027	-0.022236179491620187	4.16145145550388	14.534574346171423	-16.963473663031174	-5657.116150015615
1068	-5682.514896897147	-5657.216324986981	-25.29857191016634	0.6153044200289476	0.6682431495473716	-1.116724329472292	-1.7519235352572198	0.9090319777452027	-0.022236179491620187	4.16145145550388	14.530581842384388	-16.964561286109895	-5657.216324986981
1070	-5682.514896897147	-5657.216324986981	-25.29857191016634	0.6153044200289476	0.6682431495473716	-1.116724329472292	-1.7519235352572198	0.9090319777452027	-0.022236179491620187	4.16145145550388	14.530581842384388	-16.964561286109895	-5657.216324986981
1072	-5682.514896897147	-5657.216324986981	-25.29857191016634	0.6153044200289476	0.6682431495473716	-1.116724329472292	-1.7519235352572198	0.9090319777452027	-0.022236179491620187	4.16145145550388	14.530581842384388	-16.964561286109895	-5657.216324986981
1074	-5682.514896897147	-5657.216324986981	-25.29857191016634	0.6153044200289476	0.6682431495473716	-1.116724329472292	-1.7519235352572198	0.9090319777452027	-0.022236179491620187	4.16145145550388	14.530581842384388	-16.964561286109895	-5657.216324986981
1076	-5684.050225276371	-5657.741966301354	-26.308258975016685	0.6153044200289476	0.6682431495473716	-1.116724329472292	-1.7519235352572198	0.9090319777452027	-0.022236179491620187	4.62327898899863	16.143149679415526	-17.974248350960238	-5657.741966301354
1078	-5682.561896651829	-5657.283620272893	-25.278276378935157	0.6153044200289476	0.6682431495473716	-1.116724329472292	-1.7519235352572198	0.9090319777452027	-0.022236179491620187	4.1521337574825035	14.4980471426216	-16.94426575487871	-5657.283620272893
1080	-5682.513956244219	-5657.235664294708	-25.2782919495112	0.6153044200289476	0.6682431495473716	-1.116724329472292	-1.7519235352572198	0.9090319777452027	-0.022236179491620187	4.1521337574825035	14.4980471426216	-16.944281325454753	-5657.235664294708
1082	-5682.513956244219	-5657.235664294708	-25.2782919495112	0.6153044200289476	0.6682431495473716	-1.116724329472292	-1.7519235352572198	0.9090319777452027	-0.022236179491620187	4.1521337574825035	14.4980471426216	-16.944281325454753	-5657.235664294708
1084	-5682.513956244219	-5657.235664294708	-25.2782919495112	0.6153044200289476	0.6682431495473716	-1.116724329472292	-1.7519235352572198	0.9090319777452027	-0.022236179491620187	4.1521337574825035	14.4980471426216	-16.944281325454753	-5657.235664294708
1086	-5682.513956244219	-5657.235664294708	-25.2782919495112	0.6153044200289476	0.6682431495473716	-1.116724329472292	-1.7519235352572198	0.9090319777452027	-0.022236179491620187	4.1521337574825035	14.4980471426216	-16.944281325454753	-5657.235664294708
1088	-5682.318711078929	-5656.989122368401	-25.329588710528103	0.6153044200289476	0.6682431495473716	-1.116724329472292	-1.7519235352572198	0.9090319777452027	-0.022236179491620187	4.1521337574825035	14.530914643682042	-16.995578086471657	-5656.989122368401
1090	-5682.614498122469	-5657.243167026464	-25.371331096004848	0.6153044200289476	0.6682431495473716	-1.116724329472292	-1.7519235352572198	0.9090319777452027	-0.022236179491620187	4.1521337574825035	14.558419203664004	-17.0373204719484	-5657.243167026464
1092	-5682.614498122469	-5657.243167026464	-25.371331096004848	0.6153044200289476	0.6682431495473716	-1.116724329472292	-1.7519235352572198	0.9090319777452027	-0.022236179491620187	4.1521337574825035	14.558419203664004	-17.0373204719484	-5657.243167026464
1094	-5682.872546224832	-5657.271962989795	-25.60058323503746	0.6153044200289476	0.6682431495473716	-1.116724329472292	-1.7519235352572198	0.9090319777452027	-0.022236179491620187	4.1521337574825035	14.853161458694338	-17.26657261098101	-5657.271962989795
1096	-5682.909108976538	-5657.308176176212	-25.600932800325506	0.6153044200289476	0.6682431495473716	-1.116724329472292	-1.7519235352572198	0.9090319777452027	-0.022236179491620187	4.1521337574825035	14.853161458694341	-17.26692217626906	-5657.308176176212
1098	-5683.147470851354	-5657.308176176212	-25.83929467514198	0.6153044200289476	0.6682431495473716	-0.5260145669775005	-1.7519235352572198	0.9090319777452027	-0.017715770701691606	4.1521337574825035	14.853161458694341	-17.444987114743455	-5657.308176176212
1100	-5682.636393316016	-5657.308176176212	-25.32821713980388	0.6153044200289476	0.6682431495473716	-0.5260145669775005	-1.2193382488407787	0.9090319777452027	-0.017715770701691606	4.1521337574825035	14.853161458694341	-17.444987114743455	-5657.308176176212
1102	-5682.6044435369295	-5657.1706953718185	-25.43374816511079	0.6153044200289476	0.6682431495473716	-0.5260145669775005	-1.2193382488407787	0.9090319777452027	-0.017715770701691606	4.1521337574825035	14.984590685048719	-17.550518140050364	-5657.1706953718185
1104	-5682.6044435369295	-5657.1706953718185	-25.43374816511079	0.6153044200289476	0.6682431495473716	-0.5260145669775005	-1.2193382488407787	0.9090319777452027	-0.017715770701691606	4.1521337574825035	14.984590685048719	-17.550518140050364	-5657.1706953718185
1106	-5682.6044435369295	-5657.1706953718185	-25.43374816511079	0.6153044200289476	0.6682431495473716	-0.5260145669775005	-1.2193382488407787	0.9090319777452027	-0.017715770701691606	4.1521337574825035	14.984590685048719	-17.550518140050364	-5657.1706953718185
1108	-5682.766832544217	-5657.1706953718185	-25.596137172398812	0.6153044200289476	0.6682431495473716	-0.5260145669775005	-1.2193382488407787	0.3812819839386698	-0.017715770701691606	4.1521337574825035	14.984590685048719	-18.40321983050363	-5657.1706953718185
1110	-5683.142929588655	-5657.53970235682	-25.603227231834595	0.6153044200289476	0.6682431495473716	-0.5260145669775005	-1.2193382488407787	0.3812819839386698	-0.017715770701691606	4.1521337574825035	14.978320735532243	-18.410309889939413	-5657.53970235682
1112	-5683.142929588655	-5657.53970235682	-25.603227231834595	0.6153044200289476	0.6682431495473716	-0.5260145669775005	-1.2193382488407787	0.3812819839386698	-0.017715770701691606	4.1521337574825035	14.978320735532243	-18.410309889939413	-5657.53970235682
1114	-5683.161974488108	-5657.601496444101	-25.560478044007297	0.6153044200289476	0.6682431495473716	-0.5260145669775005	-1.2193382488407787	0.3812819839386698	-0.014848500988722656	4.1521337574825035	14.949696152132958	-18.368700625671732	-5657.601496444101
1116	-5683.161974488108	-5657.601496444101	-25.560478044007297	0.6153044200289476	0.6682431495473716	-0.5260145669775005	-1.2193382488407787	0.3812819839386698	-0.014848500988722656	4.1521337574825035	14.949696152132958	-18.368700625671732	-5657.601496444101
1118	-5683.161974488108	-5657.601496444101	-25.560478044007297	0.6153044200289476	0.6682431495473716	-0.5260145669775005	-1.2193382488407787	0.3812819839386698	-0.014848500988722656	4.1521337574825035	14.949696152132958	-18.368700625671732	-5657.601496444101
1120	-5683.161974488108	-5657.601496444101	-25.560478044007297	0.6153044200289476	0.6682431495473716	-0.5260145669775005	-1.2193382488407787	0.3812819839386698	-0.014848500988722656	4.1521337574825035	14.949696152132958	-18.368700625671732	-5657.601496444101
1122	-5683.151559403586	-5657.589866572724	-25.561692830862853	0.6153044200289476	0.6682431495473716	-0.5260145669775005	-1.2193382488407787	0.3812819839386698	-0.014848500988722656	4.1521337574825035	14.949696152132955	-18.36991541252729	-5657.589866572724
1124	-5683.151559403586	-5657.589866572724	-25.561692830862853	0.6153044200289476	0.6682431495473716	-0.5260145669775005	-1.2193382488407787	0.3812819839386698	-0.014848500988722656	4.1521337574825035	14.949696152132955	-18.36991541252729	-5657.589866572724
1126	-5683.151559403586	-5657.589866572724	-25.561692830862853	0.6153044200289476	0.6682431495473716	-0.5260145669775005	-1.2193382488407787	0.3812819839386698	-0.014848500988722656	4.1521337574825035	14.949696152132955	-18.36991541252729	-5657.589866572724
1128	-5683.23339448249	-5657.674957568204	-25.55843691428626	0.6153044200289476	0.6682431495473716	-0.5260145669775005	-1.2193382488407787	0.3812819839386698	-0.014848500988722656	4.1521337574825035	14.949696152132955	-18.3666594959507	-5657.674957568204
1130	-5682.751475919897	-5657.656996568993	-25.094479350903214	0.6153044200289476	0.6682431495473716	-0.5260145669775005	-1.2193382488407787	0.3812819839386698	-0.014848500988722656	3.2992889076193093	13.24400645240657	-17.902701932567652	-5657.656996568993
1132	-5682.487004325749	-5657.643269029366	-24.843735296382683	0.6153044200289476	0.6682431495473716	-0.5260145669775005	-1.2193382488407787	0.3812819839386698	-0.014848500988722656	3.1599619400108843	12.790122355420074	-17.651957878047117	-5657.643269029366
1134	-5682.428664788948	-5657.64119985455	-24.787464934397235	0.6153044200289476	0.6682431495473716	-0.5260145669775005	-1.2193382488407787	0.3812819839386698	-0.014848500988722656	3.1599619400108843	12.733591396651162	-17.59568751606167	-5657.64119985455
1136	-5682.428664788948	-5657.64119985455	-24.787464934397235	0.6153044200289476	0.6682431495473716	-0.5260145669775005	-1.2193382488407787	0.3812819839386698	-0.014848500988722656	3.1599619400108843	12.733591396651162	-17.59568751606167	-5657.64119985455
1138	-5682.428664788948	-5657.64119985455	-24.787464934397235	0.6153044200289476	0.6682431495473716	-0.5260145669775005	-1.2193382488407787	0.3812819839386698	-0.014848500988722656	3.1599619400108843	12.733591396651162	-17.59568751606167	-5657.64119985455
1140	-5682.428664788948	-5657.64119985455	-24.787464934397235	0.6153044200289476	0.6682431495473716	-0.5260145669775005	-1.2193382488407787	0.3812819839386698	-0.014848500988722656	3.1599619400108843	12.733591396651162	-17.59568751606167	-5657.64119985455
1142	-5682.428664788948	-5657.64119985455	-24.787464934397235	0.6153044200289476	0.6682431495473716	-0.5260145669775005	-1.2193382488407787	0.3812819839386698	-0.014848500988722656	3.1599619400108843	12.733591396651162	-17.59568751606167	-5657.64119985455
1144	-5682.133328389189	-5657.3621295166	-24.771198872589068	0.6153044200289476	0.6682431495473716	-0.5260145669775005	-1.2193382488407787	0.3812819839386698	-0.014848500988722656	3.1599619400108843	12.727645458368206	-17.579421454253502	-5657.3621295166
1146	-5682.133328389189	-5657.3621295166	-24.771198872589068	0.6153044200289476	0.6682431495473716	-0.5260145669775005	-1.2193382488407787	0.3812819839386698	-0.014848500988722656	3.1599619400108843	12.727645458368206	-17.579421454253502	-5657.3621295166
1148	-5681.495706576617	-5657.369664572279	-24.126042004337656	0.6153044200289476	0.6682431495473716	-0.5260145669775005	-1.2193382488407787	0.3812819839386698	-0.014848500988722656	3.1599619400108843	12.267494825094081	-16.934264586002094	-5657.369664572279
1150	-5681.495706576617	-5657.369664572279	-24.126042004337656	0.6153044200289476	0.6682431495473716	-0.5260145669775005	-1.2193382488407787	0.3812819839386698	-0.014848500988722656	3.1599619400108843	12.267494825094081	-16.934264586002094	-5657.369664572279
1152	-5681.485097332708	-5657.359406956806	-24.125690375901847	0.6153044200289476	0.6682431495473716	-0.5260145669775005	-1.2193382488407787	0.3812819839386698	-0.014848500988722656	3.1599619400108843	12.267494825094081	-16.93391295756628	-5657.359406956806
1154	-5681.657323298087	-5657.359406956806	-24.297916341280846	0.6153044200289476	0.6682431495473716	-0.9227498535019802	-1.2193382488407787	0.3812819839386698	-0.014848500988722656	3.1599619400108843	12.267494825094081	-17.015117465003986	-5657.359406956806
1156	-5681.626212252203	-5657.356833623363	-24.269378628840194	0.6153044200289476	0.6682431495473716	-0.9227498535019802	-1.2193382488407787	0.3812819839386698	-0.014848500988722656	3.1599619400108843	12.242136104531552	-16.986579752563337	-5657.356833623363
1158	-5681.545579000352	-5657.356833623363	-24.188745376988305	0.4091519814964555	0.6682431495473716	-0.9227498535019802	-1.2193382488407787	0.3812819839386698	-0.014848500988722656	3.1599619400108843	12.242136104531552	-17.0325773779219	-5657.356833623363
1160	-5681.545579000352	-5657.356833623363	-24.188745376988305	0.4091519814964555	0.6682431495473716	-0.9227498535019802	-1.2193382488407787	0.3812819839386698	-0.014848500988722656	3.1599619400108843	12.242136104531552	-17.0325773779219	-5657.356833623363
1162	-5681.478332906439	-5657.159095628968	-24.319237277471508	0.4091519814964555	0.6682431495473716	-0.9227498535019802	-1.2193382488407787	0.3812819839386698	-0.014848500988722656	3.1599619400108843	12.324056908526842	-17.163069278405104	-5657.159095628968
1164	-5678.638121088896	-5654.251274256069	-24.386846832826798	0.4091519814964555	0.6682431495473716	-0.9227498535019802	-1.2193382488407787	0.3812819839386698	-0.008854160002003151	3.1599619400108843	12.342363640884201	-17.23303540890035	-5654.251274256069
1166	-5678.846040452049	-5654.2038760462565	-24.642164405792577	0.4091519814964555	0.6682431495473716	-0.9227498535019802	-1.2193382488407787	0.3812819839386698	-0.008854160002003151	3.1599619400108843	12.49764403443889	-17.48835298186613	-5654.2038760462565
1168	-5678.846040452049	-5654.2038760462565	-24.642164405792577	0.4091519814964555	0.6682431495473716	-0.9227498535019802	-1.2193382488407787	0.3812819839386698	-0.008854160002003151	3.1599619400108843	12.49764403443889	-17.48835298186613	-5654.2038760462565
1170	-5678.867013889005	-5654.205622672624	-24.661391216380828	0.4091519814964555	0.6682431495473716	-0.9227498535019802	-1.2193382488407787	0.3812819839386698	-0.008854160002003151	3.1599619400108843	12.51415904221851	-17.507579792454383	-5654.205622672624
1172	-5679.05895253576	-5654.385221441433	-24.673731094326833	0.4091519814964555	0.6682431495473716	-0.9227498535019802	-1.2193382488407787	0.3812819839386698	-0.008854160002003151	3.1599619400108843	12.518274238317952	-17.519919670400384	-5654.385221441433
1174	-5678.869452854365	-5654.385221441433	-24.484231412931727	0.4091519814964555	0.6682431495473716	-0.4101338399383495	-1.2193382488407787	0.3812819839386698	-0.008854160002003151	3.1599619400108843	12.518274238317952	-17.388625202174214	-5654.385221441433
1176	-5678.54608688127	-5654.341394424977	-24.204692456292587	0.4091519814964555	0.6682431495473716	-0.4101338399383495	-1.2193382488407787	0.3812819839386698	-0.02443502117538602	3.1599619400108843	12.232564079687565	-17.102886206820163	-5654.341394424977
1178	-5678.54608688127	-5654.341394424977	-24.204692456292587	0.4091519814964555	0.6682431495473716	-0.4101338399383495	-1.2193382488407787	0.3812819839386698	-0.02443502117538602	3.1599619400108843	12.232564079687565	-17.102886206820163	-5654.341394424977
1180	-5678.358143125405	-5654.1645976814925	-24.193545443912498	0.4091519814964555	0.6682431495473716	-0.4101338399383495	-1.2193382488407787	0.3812819839386698	-0.02443502117538602	3.1599619400108843	12.22852646024401	-17.091739194440073	-5654.1645976814925
1182	-5678.555359387975	-5654.237077531545	-24.318281856430136	0.4091519814964555	0.6682431495473716	-0.4101338399383495	-1.2193382488407787	0.3812819839386698	-0.02443502117538602	3.1599619400108843	12.320944431419619	-17.21647560695771	-5654.237077531545
1184	-5678.59106923154	-5654.237077531545	-24.353991699995234	0.4091519814964555	0.6682431495473716	-0.4101338399383495	-1.2193382488407787	0.8047289606561704	-0.02443502117538602	3.1599619400108843	12.320944431419619	-16.739625765837513	-5654.237077531545
1186	-5678.62836393781	-5654.237077531545	-24.391286406265152	0.4091519814964555	0.6682431495473716	-0.4101338399383495	-1.2193382488407787	0.8047289606561704	-0.0682557593169757	3.1599619400108843	12.320944431419619	-16.739625765837513	-5654.237077531545
1188	-5679.226295128354	-5654.6257840874405	-24.600511040913045	0.4091519814964555	1.3467382292926806	-0.4101338399383495	-1.2193382488407787	0.8047289606561704	-0.0682557593169757	3.1599619400108843	12.315800977244416	-16.284999426574572	-5654.6257840874405
1190	-5679.226295128354	-5654.6257840874405	-24.600511040913045	0.4091519814964555	1.3467382292926806	-0.4101338399383495	-1.2193382488407787	0.8047289606561704	-0.0682557593169757	3.1599619400108843	12.315800977244416	-16.284999426574572	-5654.6257840874405
1192	-5679.5320149531935	-5654.667766210047	-24.86424874314642	0.4091519814964555	1.3467382292926806	-0.4101338399383495	-1.2193382488407787	0.8047289606561704	-0.0682557593169757	3.2575056627477914	12.695972985203198	-16.548737128807947	-5654.667766210047
1194	-5679.5320149531935	-5654.667766210047	-24.86424874314642	0.4091519814964555	1.3467382292926806	-0.4101338399383495	-1.2193382488407787	0.8047289606561704	-0.0682557593169757	3.2575056627477914	12.695972985203198	-16.548737128807947	-5654.667766210047
1196	-5679.482197124239	-5654.667766210047	-24.814430914191306	0.4091519814964555	1.3467382292926806	-0.4101338399383495	-1.2193382488407787	0.7647271785682821	-0.0682557593169757	3.2575056627477914	12.695972985203198	-16.56443069434103	-5654.667766210047
1198	-5679.482197124239	-5654.667766210047	-24.814430914191306	0.4091519814964555	1.3467382292926806	-0.4101338399383495	-1.2193382488407787	0.7647271785682821	-0.0682557593169757	3.2575056627477914	12.695972985203198	-16.56443069434103	-5654.667766210047
1200	-5679.482197124239	-5654.667766210047	-24.814430914191306	0.4091519814964555	1.3467382292926806	-0.4101338399383495	-1.2193382488407787	0.7647271785682821	-0.0682557593169757	3.2575056627477914	12.695972985203198	-16.56443069434103	-5654.667766210047
1202	-5679.482197124239	-5654.667766210047	-24.814430914191306	0.4091519814964555	1.3467382292926806	-0.4101338399383495	-1.2193382488407787	0.7647271785682821	-0.0682557593169757	3.2575056627477914	12.695972985203198	-16.56443069434103	-5654.667766210047
1204	-5678.823079385483	-5654.082639097558	-24.740440287924358	0.4091519814964555	1.3467382292926806	-0.4101338399383495	-1.2193382488407787	0.7647271785682821	-0.0682557593169757	3.2575056627477914	12.645597082143599	-16.490440068074083	-5654.082639097558
1206	-5678.823079385483	-5654.082639097558	-24.740440287924358	0.4091519814964555	1.3467382292926806	-0.4101338399383495	-1.2193382488407787	0.7647271785682821	-0.0682557593169757	3.2575056627477914	12.645597082143599	-16.490440068074083	-5654.082639097558
1208	-5678.787593020382	-5654.082639097558	-24.7049539228241	0.4091519814964555	1.3467382292926806	-0.7355418682131217	-1.2193382488407787	0.7647271785682821	-0.0682557593169757	3.2575056627477914	12.645597082143599	-16.47892408509724	-5654.082639097558
1210	-5679.485082499223	-5655.385757488345	-24.09932501087807	0.4091519814964555	1.3467382292926806	-0.7355418682131217	-1.2193382488407787	0.7647271785682821	-0.0682557593169757	3.0660378910864288	11.875037432765012	-15.873295173151208	-5655.385757488345
1212	-5679.485082499223	-5655.385757488345	-24.09932501087807	0.4091519814964555	1.3467382292926806	-0.7355418682131217	-1.2193382488407787	0.7647271785682821	-0.0682557593169757	3.0660378910864288	11.875037432765012	-15.873295173151208	-5655.385757488345
1214	-5679.485082499223	-5655.385757488345	-24.09932501087807	0.4091519814964555	1.3467382292926806	-0.7355418682131217	-1.2193382488407787	0.7647271785682821	-0.0682557593169757	3.0660378910864288	11.875037432765012	-15.873295173151208	-5655.385757488345
1216	-5678.820895179766	-5654.077934769015	-24.742960410751106	0.4091519814964555	1.3467382292926806	-0.7355418682131217	-1.2193382488407787	0.7647271785682821	-0.0682557593169757	3.278404917634348	12.697553813620285	-16.516930573024247	-5654.077934769015
1218	-5678.611617728494	-5653.868594399017	-24.743023329477396	0.4091519814964555	1.3467382292926806	-0.7355418682131217	-1.2193382488407787	0.7647271785682821	-0.0682557593169757	3.278404917634348	12.701474465154003	-16.516993491750537	-5653.868594399017
1220	-5678.4639894396	-5653.835554927827	-24.62843451177296	0.4091519814964555	1.3467382292926806	-0.7355418682131217	-0.8109424679098548	0.7647271785682821	-0.0682557593169757	3.278404917634348	12.701474465154003	-16.516591517783	-5653.835554927827
1222	-5678.753060796432	-5654.192634598219	-24.560426198212483	0.4091519814964555	1.3467382292926806	-0.7355418682131217	-0.8109424679098548	0.7647271785682821	-0.0682557593169757	3.278404917634348	12.666115752057777	-16.448583204222523	-5654.192634598219
1224	-5678.723233319514	-5654.192634598219	-24.53059872129493	0.4091519814964555	1.3467382292926806	-0.7355418682131217	-0.8109424679098548	0.6386083746641222	-0.0682557593169757	3.278404917634348	12.666115752057777	-16.60435106347945	-5654.192634598219
1226	-5678.723233319514	-5654.192634598219	-24.53059872129493	0.4091519814964555	1.3467382292926806	-0.7355418682131217	-0.8109424679098548	0.6386083746641222	-0.0682557593169757	3.278404917634348	12.666115752057777	-16.60435106347945	-5654.192634598219
1228	-5678.723233319514	-5654.192634598219	-24.53059872129493	0.4091519814964555	1.3467382292926806	-0.7355418682131217	-0.8109424679098548	0.6386083746641222	-0.0682557593169757	3.278404917634348	12.666115752057777	-16.60435106347945	-5654.192634598219
1230	-5678.723233319514	-5654.192634598219	-24.53059872129493	0.4091519814964555	1.3467382292926806	-0.7355418682131217	-0.8109424679098548	0.6386083746641222	-0.0682557593169757	3.278404917634348	12.666115752057777	-16.60435106347945	-5654.192634598219
1232	-5678.611479274282	-5653.9679752595	-24.643504014781442	0.4091519814964555	1.3467382292926806	-0.7355418682131217	-0.8109424679098548	0.6386083746641222	-0.0682557593169757	3.278404917634348	12.72255660287038	-16.71725635696596	-5653.9679752595
1234	-5678.563525023474	-5653.920196572782	-24.643328450691996	0.4091519814964555	1.3467382292926806	-0.7355418682131217	-0.8109424679098548	0.6386083746641222	-0.0682557593169757	3.278404917634348	12.72255660287038	-16.717080792876512	-5653.920196572782
1236	-5678.563525023474	-5653.920196572782	-24.643328450691996	0.4091519814964555	1.3467382292926806	-0.7355418682131217	-0.8109424679098548	0.6386083746641222	-0.0682557593169757	3.278404917634348	12.72255660287038	-16.717080792876512	-5653.920196572782
1238	-5679.148547905096	-5654.538722950987	-24.60982495410888	0.4091519814964555	1.3467382292926806	-0.7355418682131217	-0.8109424679098548	0.6386083746641222	-0.0682557593169757	3.278404917634348	12.70187813860084	-16.683577296293397	-5654.538722950987
1240	-5679.455361339817	-5654.84526125935	-24.610100080466367	0.4091519814964555	1.3467382292926806	-0.7355418682131217	-0.8109424679098548	0.6386083746641222	-0.0682557593169757	3.278404917634348	12.69707455316194	-16.683852422650883	-5654.84526125935
1242	-5679.455361339817	-5654.84526125935	-24.610100080466367	0.4091519814964555	1.3467382292926806	-0.7355418682131217	-0.8109424679098548	0.6386083746641222	-0.0682557593169757	3.278404917634348	12.69707455316194	-16.683852422650883	-5654.84526125935
1244	-5679.6181626864945	-5655.085185477022	-24.532977209472968	0.4091519814964555	1.3467382292926806	-0.7355418682131217	-0.8109424679098548	0.6386083746641222	-0.0682557593169757	3.278404917634348	12.654074620360898	-16.606729551657487	-5655.085185477022
1246	-5679.6181626864945	-5655.085185477022	-24.532977209472968	0.4091519814964555	1.3467382292926806	-0.7355418682131217	-0.8109424679098548	0.6386083746641222	-0.0682557593169757	3.278404917634348	12.654074620360898	-16.606729551657487	-5655.085185477022
1248	-5679.458113600326	-5654.996451210365	-24.461662389961425	0.4091519814964555	1.3467382292926806	-0.7355418682131217	-0.8109424679098548	0.6386083746641222	-0.0682557593169757	3.278404917634348	12.617803347639143	-16.53541473214594	-5654.996451210365
1250	-5679.458113600326	-5654.996451210365	-24.461662389961425	0.4091519814964555	1.3467382292926806	-0.7355418682131217	-0.8109424679098548	0.6386083746641222	-0.0682557593169757	3.278404917634348	12.617803347639143	-16.53541473214594	-5654.996451210365
1252	-5679.4967871596145	-5654.984443490841	-24.512343668773973	0.4091519814964555	1.3467382292926806	-0.7355418682131217	-0.8109424679098548	0.6386083746641222	-0.0682557593169757	3.278404917634348	12.643192809912946	-16.58609601095849	-5654.984443490841
1254	-5680.610676694067	-5655.435857098664	-25.17481959540256	1.1047546135484474	1.3467382292926806	-0.7355418682131217	-0.8109424679098548	0.6386083746641222	-0.0682557593169757	3.278404917634348	12.675133553991014	-16.649639484792214	-5655.435857098664
1256	-5680.610676694067	-5655.435857098664	-25.17481959540256	1.1047546135484474	1.3467382292926806	-0.7355418682131217	-0.8109424679098548	0.6386083746641222	-0.0682557593169757	3.278404917634348	12.675133553991014	-16.649639484792214	-5655.435857098664
1258	-5680.613518839222	-5655.435857098664	-25.177661740558026	1.1047546135484474	1.3467382292926806	-0.7355418682131217	-0.8109424679098548	0.6386083746641222	-0.0722651683938393	3.278404917634348	12.675133553991014	-16.649639484792214	-5655.435857098664
1260	-5680.613518839222	-5655.435857098664	-25.177661740558026	1.1047546135484474	1.3467382292926806	-0.7355418682131217	-0.8109424679098548	0.6386083746641222	-0.0722651683938393	3.278404917634348	12.675133553991014	-16.649639484792214	-5655.435857098664
1262	-5680.613518839222	-5655.435857098664	-25.177661740558026	1.1047546135484474	1.3467382292926806	-0.7355418682131217	-0.8109424679098548	0.6386083746641222	-0.0722651683938393	3.278404917634348	12.675133553991014	-16.649639484792214	-5655.435857098664
1264	-5680.156324720439	-5655.306488211257	-24.849836509182875	1.1047546135484474	1.3467382292926806	-0.7355418682131217	-0.8109424679098548	0.6386083746641222	-0.0722651683938393	3.278404917634348	12.32840694659937	-16.321814253417063	-5655.306488211257
1266	-5680.156324720439	-5655.306488211257	-24.849836509182875	1.1047546135484474	1.3467382292926806	-0.7355418682131217	-0.8109424679098548	0.6386083746641222	-0.0722651683938393	3.278404917634348	12.32840694659937	-16.321814253417063	-5655.306488211257
1268	-5681.392008531739	-5655.306488211257	-26.08552032048174	1.1047546135484474	2.563353562930121	-0.7355418682131217	-0.8109424679098548	0.6386083746641222	-0.0722651683938393	3.278404917634348	12.32840694659937	-16.515137291576238	-5655.306488211257
1270	-5681.392008531739	-5655.306488211257	-26.08552032048174	1.1047546135484474	2.563353562930121	-0.7355418682131217	-0.8109424679098548	0.6386083746641222	-0.0722651683938393	3.278404917634348	12.32840694659937	-16.515137291576238	-5655.306488211257
1272	-5681.392008531739	-5655.306488211257	-26.08552032048174	1.1047546135484474	2.563353562930121	-0.7355418682131217	-0.8109424679098548	0.6386083746641222	-0.0722651683938393	3.278404917634348	12.32840694659937	-16.515137291576238	-5655.306488211257
1274	-5682.055709312861	-5655.306488211257	-26.749221101603812	1.8145082261652938	2.563353562930121	-0.7355418682131217	-0.8109424679098548	0.6386083746641222	-0.0722651683938393	3.278404917634348	12.32840694659937	-16.510111779650842	-5655.306488211257
1276	-5682.055709312861	-5655.306488211257	-26.749221101603812	1.8145082261652938	2.563353562930121	-0.7355418682131217	-0.8109424679098548	0.6386083746641222	-0.0722651683938393	3.278404917634348	12.32840694659937	-16.510111779650842	-5655.306488211257
1278	-5682.055709312861	-5655.306488211257	-26.749221101603812	1.8145082261652938	2.563353562930121	-0.7355418682131217	-0.8109424679098548	0.6386083746641222	-0.0722651683938393	3.278404917634348	12.32840694659937	-16.510111779650842	-5655.306488211257
1280	-5682.055709312861	-5655.306488211257	-26.749221101603812	1.8145082261652938	2.563353562930121	-0.7355418682131217	-0.8109424679098548	0.6386083746641222	-0.0722651683938393	3.278404917634348	12.32840694659937	-16.510111779650842	-5655.306488211257
1282	-5682.365715618941	-5655.605249985114	-26.76046563382747	1.8145082261652938	2.563353562930121	-0.7355418682131217	-0.8109424679098548	0.6386083746641222	-0.0722651683938393	3.278404917634348	12.332398913392883	-16.5213563118745	-5655.605249985114
1284	-5682.350098766906	-5655.605249985114	-26.74484878179147	1.8145082261652938	2.563353562930121	-0.7355418682131217	-0.8109424679098548	0.6386083746641222	-0.049946263798060664	3.278404917634348	12.332398913392883	-16.5213563118745	-5655.605249985114
1286	-5683.605153753853	-5655.605249985114	-27.999903768739543	1.8145082261652938	2.563353562930121	-0.7355418682131217	-2.321667722088143	0.6386083746641222	-0.049946263798060664	3.278404917634348	12.332398913392883	-16.5213563118745	-5655.605249985114
1288	-5683.605153753853	-5655.605249985114	-27.999903768739543	1.8145082261652938	2.563353562930121	-0.7355418682131217	-2.321667722088143	0.6386083746641222	-0.049946263798060664	3.278404917634348	12.332398913392883	-16.5213563118745	-5655.605249985114
1290	-5682.447586959973	-5654.3901213626705	-28.057465597302397	1.8145082261652938	2.563353562930121	-0.7355418682131217	-2.321667722088143	0.6386083746641222	-0.049946263798060664	3.278404917634348	12.349210451215638	-16.578918140437352	-5654.3901213626705
1292	-5682.559463498948	-5654.036106083813	-28.523357415135372	1.8145082261652938	2.563353562930121	-0.7355418682131217	-2.321667722088143	0.6386083746641222	-0.049946263798060664	3.278404917634348	12.671515633897313	-17.044809958270328	-5654.036106083813
1294	-5682.574003370595	-5655.049658618775	-27.524344751820948	1.8145082261652938	2.563353562930121	-0.7355418682131217	-2.321667722088143	0.6386083746641222	-0.049946263798060664	2.9971662947294444	11.584487125665703	-16.045797294955904	-5655.049658618775
1296	-5682.574003370595	-5655.049658618775	-27.524344751820948	1.8145082261652938	2.563353562930121	-0.7355418682131217	-2.321667722088143	0.6386083746641222	-0.049946263798060664	2.9971662947294444	11.584487125665703	-16.045797294955904	-5655.049658618775
1298	-5682.574003370595	-5655.049658618775	-27.524344751820948	1.8145082261652938	2.563353562930121	-0.7355418682131217	-2.321667722088143	0.6386083746641222	-0.049946263798060664	2.9971662947294444	11.584487125665703	-16.045797294955904	-5655.049658618775
1300	-5683.112802482467	-5655.049658618775	-28.06314386369226	1.8145082261652938	3.161611541292895	-0.7355418682131217	-2.321667722088143	0.6386083746641222	-0.049946263798060664	2.9971662947294444	11.584487125665703	-16.155374438384413	-5655.049658618775
1302	-5682.2992387675195	-5654.273587552285	-28.02565121523502	1.8145082261652938	3.161611541292895	-0.7355418682131217	-2.321667722088143	0.6386083746641222	-0.049946263798060664	2.9971662947294444	11.583021811799984	-16.11788178992717	-5654.273587552285
1304	-5682.731608594926	-5654.705965907647	-28.025642687279532	1.8145082261652938	3.161611541292895	-0.7355418682131217	-2.321667722088143	0.6386083746641222	-0.049946263798060664	2.9971662947294444	11.583021811799984	-16.117873261971685	-5654.705965907647
1306	-5682.799965591951	-5654.7691173404255	-28.030848251525985	1.8145082261652938	3.161611541292895	-0.7355418682131217	-2.321667722088143	0.6386083746641222	-0.049946263798060664	2.9971662947294444	11.584893269817293	-16.123078826218137	-5654.7691173404255
1308	-5682.89027660695	-5653.659093778682	-29.231182828267436	1.8145082261652938	3.161611541292895	-0.7355418682131217	-2.321667722088143	0.6386083746641222	-0.049946263798060664	3.3238913768199994	12.847777885611713	-17.323413402959588	-5653.659093778682
1310	-5682.89027660695	-5653.659093778682	-29.231182828267436	1.8145082261652938	3.161611541292895	-0.7355418682131217	-2.321667722088143	0.6386083746641222	-0.049946263798060664	3.3238913768199994	12.847777885611713	-17.323413402959588	-5653.659093778682
1312	-5682.89027660695	-5653.659093778682	-29.231182828267436	1.8145082261652938	3.161611541292895	-0.7355418682131217	-2.321667722088143	0.6386083746641222	-0.049946263798060664	3.3238913768199994	12.847777885611713	-17.323413402959588	-5653.659093778682
1314	-5682.89027660695	-5653.659093778682	-29.231182828267436	1.8145082261652938	3.161611541292895	-0.7355418682131217	-2.321667722088143	0.6386083746641222	-0.049946263798060664	3.3238913768199994	12.847777885611713	-17.323413402959588	-5653.659093778682
1316	-5682.453138060215	-5653.474233955464	-28.978904104750477	1.8145082261652938	3.161611541292895	-0.7355418682131217	-2.321667722088143	0.6386083746641222	-0.049946263798060664	3.3238913768199994	12.59077717818599	-17.07113467944263	-5653.474233955464
1318	-5682.453138060215	-5653.474233955464	-28.978904104750477	1.8145082261652938	3.161611541292895	-0.7355418682131217	-2.321667722088143	0.6386083746641222	-0.049946263798060664	3.3238913768199994	12.59077717818599	-17.07113467944263	-5653.474233955464
1320	-5681.846580756501	-5653.080216339496	-28.7663644170049	1.8145082261652938	3.161611541292895	-0.7355418682131217	-2.321667722088143	0.6386083746641222	-0.049946263798060664	3.265245090085302	12.368627220532735	-16.858594991697053	-5653.080216339496
1322	-5682.330431402564	-5653.578802480966	-28.75162892159762	1.8145082261652938	3.161611541292895	-0.7355418682131217	-2.321667722088143	0.6386083746641222	-0.049946263798060664	3.265245090085302	12.362094480013768	-16.843859496289774	-5653.578802480966
1324	-5682.735696814663	-5653.578802480966	-29.15689433369705	1.8145082261652938	3.161611541292895	-0.27854267102026203	-2.321667722088143	0.6386083746641222	-0.049946263798060664	3.265245090085302	12.362094480013768	-16.651560443561692	-5653.578802480966
1326	-5682.439029185771	-5653.578802480966	-28.860226704804305	1.8145082261652938	3.161611541292895	-0.532425436561674	-2.321667722088143	0.6386083746641222	-0.049946263798060664	3.265245090085302	12.362094480013768	-16.73843341070213	-5653.578802480966
1328	-5682.404132113572	-5654.334130204191	-28.070001909381396	1.8145082261652938	3.161611541292895	-0.532425436561674	-2.321667722088143	0.6386083746641222	-0.049946263798060664	3.0324648665782927	11.480797353249788	-15.948208615279222	-5654.334130204191
1330	-5681.341209896364	-5654.334130204191	-27.007079692172894	1.8145082261652938	1.9687501853308915	-0.532425436561674	-2.321667722088143	0.6386083746641222	-0.02656325143995516	3.0324648665782927	11.480797353249788	-15.807856557593235	-5654.334130204191
1332	-5681.156596813233	-5654.149129242157	-27.00746757107582	1.8145082261652938	1.9687501853308915	-0.532425436561674	-2.321667722088143	0.6386083746641222	-0.02656325143995516	3.0324648665782927	11.480797353249786	-15.808244436496164	-5654.149129242157
1334	-5681.1749091698475	-5654.149129242157	-27.025779927690813	1.8145082261652938	1.9687501853308915	-0.532425436561674	-2.321667722088143	0.3431923772746781	-0.02656325143995516	3.0324648665782927	11.480797353249786	-16.1244436509009	-5654.149129242157
1336	-5681.257913740936	-5654.176977725339	-27.080936015596187	1.8145082261652938	1.9687501853308915	-0.532425436561674	-2.321667722088143	0.3431923772746781	-0.05797095234492374	3.0324648665782927	11.508373142113802	-16.16749334277361	-5654.176977725339
1338	-5680.542176808956	-5654.176977725339	-26.365199083616606	1.8145082261652938	1.0109057132722548	-0.532425436561674	-2.321667722088143	0.3431923772746781	-0.05797095234492374	3.0324648665782927	11.508373142113802	-16.347684475383364	-5654.176977725339
1340	-5679.772908898819	-5653.34667417079	-26.42623472802875	1.8145082261652938	1.0109057132722548	-0.532425436561674	-2.321667722088143	0.3431923772746781	-0.05797095234492374	3.0324648665782927	11.542030895294724	-16.408720119795507	-5653.34667417079
1342	-5680.966791272477	-5653.337206704935	-27.62958456754231	1.8145082261652938	2.2501828082080597	-0.532425436561674	-2.321667722088143	0.3431923772746781	-0.05797095234492374	3.414243837926672	12.305588837991483	-16.483094203365678	-5653.337206704935
1344	-5680.966791272477	-5653.337206704935	-27.62958456754231	1.8145082261652938	2.2501828082080597	-0.532425436561674	-2.321667722088143	0.3431923772746781	-0.05797095234492374	3.414243837926672	12.305588837991483	-16.483094203365678	-5653.337206704935
1346	-5680.715644093635	-5653.105554253428	-27.610089840207433	1.8145082261652938	2.2501828082080597	-0.532425436561674	-2.321667722088143	0.3431923772746781	-0.05797095234492374	3.414243837926672	12.299397478994226	-16.4635994760308	-5653.105554253428
1348	-5680.026805349046	-5653.105554253428	-26.921251095618366	1.8145082261652938	1.502845463039536	-0.532425436561674	-2.321667722088143	0.3431923772746781	-0.05797095234492374	3.414243837926672	12.299397478994226	-16.42431049940977	-5653.105554253428
1350	-5678.5222285755135	-5653.105554253428	-25.416674322085846	1.8145082261652938	1.502845463039536	-0.532425436561674	-0.9708708827131207	0.3431923772746781	-0.05797095234492374	3.414243837926672	12.299397478994226	-16.42431049940977	-5653.105554253428
1352	-5679.808325117241	-5653.257609057621	-26.55071605962009	1.8145082261652938	1.502845463039536	-0.532425436561674	-0.9708708827131207	0.3431923772746781	-0.05797095234492374	3.762021391650321	13.55222374758228	-17.558352236944014	-5653.257609057621
1354	-5679.326225007363	-5652.821586839741	-26.504638167622232	1.8145082261652938	1.502845463039536	-0.532425436561674	-0.9708708827131207	0.3431923772746781	-0.05797095234492374	3.762021391650321	13.537063223970696	-17.512274344946157	-5652.821586839741
1356	-5679.326225007363	-5652.821586839741	-26.504638167622232	1.8145082261652938	1.502845463039536	-0.532425436561674	-0.9708708827131207	0.3431923772746781	-0.05797095234492374	3.762021391650321	13.537063223970696	-17.512274344946157	-5652.821586839741
1358	-5679.585833322205	-5653.072074003065	-26.513759319140533	1.8145082261652938	1.502845463039536	-0.532425436561674	-0.9708708827131207	0.3431923772746781	-0.05797095234492374	3.762021391650321	13.540223881331068	-17.521395496464457	-5653.072074003065
1360	-5679.585833322205	-5653.072074003065	-26.513759319140533	1.8145082261652938	1.502845463039536	-0.532425436561674	-0.9708708827131207	0.3431923772746781	-0.05797095234492374	3.762021391650321	13.540223881331068	-17.521395496464457	-5653.072074003065
1362	-5679.585833322205	-5653.072074003065	-26.513759319140533	1.8145082261652938	1.502845463039536	-0.532425436561674	-0.9708708827131207	0.3431923772746781	-0.05797095234492374	3.762021391650321	13.540223881331068	-17.521395496464457	-5653.072074003065
1364	-5678.521614669292	-5652.5209406071235	-26.00067406216801	1.8145082261652938	1.502845463039536	-0.532425436561674	-0.9708708827131207	0.3431923772746781	-0.05797095234492374	3.6049351910331535	12.974841044926974	-17.008310239491934	-5652.5209406071235
1366	-5677.883474637361	-5652.225009511733	-25.658465125628215	1.8145082261652938	1.502845463039536	-0.532425436561674	-0.9708708827131207	0.3431923772746781	-0.05797095234492374	3.6049351910331535	12.678585266441054	-16.66610130295214	-5652.225009511733
1368	-5677.883474637361	-5652.225009511733	-25.658465125628215	1.8145082261652938	1.502845463039536	-0.532425436561674	-0.9708708827131207	0.3431923772746781	-0.05797095234492374	3.6049351910331535	12.678585266441054	-16.66610130295214	-5652.225009511733
1370	-5677.883474637361	-5652.225009511733	-25.658465125628215	1.8145082261652938	1.502845463039536	-0.532425436561674	-0.9708708827131207	0.3431923772746781	-0.05797095234492374	3.6049351910331535	12.678585266441054	-16.66610130295214	-5652.225009511733
1372	-5676.149054376487	-5650.545736874243	-25.603317502244344	1.8145082261652938	1.502845463039536	-0.532425436561674	-0.9708708827131207	0.3431923772746781	-0.05797095234492374	3.6049351910331535	12.67523057574233	-16.61095367956827	-5650.545736874243
1374	-5676.149054376487	-5650.545736874243	-25.603317502244344	1.8145082261652938	1.502845463039536	-0.532425436561674	-0.9708708827131207	0.3431923772746781	-0.05797095234492374	3.6049351910331535	12.67523057574233	-16.61095367956827	-5650.545736874243
1376	-5675.786499600216	-5650.880526709925	-24.905972890290816	1.8145082261652938	1.502845463039536	-0.532425436561674	-0.9708708827131207	0.3431923772746781	-0.05797095234492374	3.4229035913307215	11.91504743493093	-15.91360906761474	-5650.880526709925
1378	-5674.652941418489	-5650.611417745794	-24.041523672694602	0.9687464724900259	1.502845463039536	-0.532425436561674	-0.9708708827131207	0.3431923772746781	-0.05797095234492374	3.4229035913307215	11.910168618565923	-15.853720013359673	-5650.611417745794
1380	-5674.845894816223	-5650.727653570491	-24.118241245732094	0.9687464724900259	1.502845463039536	-0.532425436561674	-0.9708708827131207	0.3431923772746781	-0.05797095234492374	3.4229035913307215	11.976488579519025	-15.930437586397165	-5650.727653570491
1382	-5674.99532484106	-5650.727653570491	-24.267671270568542	0.9687464724900259	1.502845463039536	-0.532425436561674	-0.9708708827131207	0.23573721593380065	-0.05797095234492374	3.4229035913307215	11.976488579519025	-16.148305862114146	-5650.727653570491
1384	-5676.869821963656	-5650.727653570491	-26.142168393164713	0.9687464724900259	3.343602628991728	-0.532425436561674	-0.9708708827131207	0.23573721593380065	-0.05797095234492374	3.4229035913307215	11.976488579519025	-16.577602143840387	-5650.727653570491
1386	-5676.869821963656	-5650.727653570491	-26.142168393164713	0.9687464724900259	3.343602628991728	-0.532425436561674	-0.9708708827131207	0.23573721593380065	-0.05797095234492374	3.4229035913307215	11.976488579519025	-16.577602143840387	-5650.727653570491
1388	-5676.869821963656	-5650.727653570491	-26.142168393164713	0.9687464724900259	3.343602628991728	-0.532425436561674	-0.9708708827131207	0.23573721593380065	-0.05797095234492374	3.4229035913307215	11.976488579519025	-16.577602143840387	-5650.727653570491
1390	-5676.869821963656	-5650.727653570491	-26.142168393164713	0.9687464724900259	3.343602628991728	-0.532425436561674	-0.9708708827131207	0.23573721593380065	-0.05797095234492374	3.4229035913307215	11.976488579519025	-16.577602143840387	-5650.727653570491
1392	-5676.869821963656	-5650.727653570491	-26.142168393164713	0.9687464724900259	3.343602628991728	-0.532425436561674	-0.9708708827131207	0.23573721593380065	-0.05797095234492374	3.4229035913307215	11.976488579519025	-16.577602143840387	-5650.727653570491
1394	-5677.288177074086	-5651.156541632411	-26.131635441674824	0.9687464724900259	3.343602628991728	-0.532425436561674	-0.9708708827131207	0.23573721593380065	-0.05797095234492374	3.4229035913307215	11.972052944158026	-16.5670691923505	-5651.156541632411
1396	-5676.175751815252	-5650.411438951344	-25.764312863907037	0.9687464724900259	3.343602628991728	-0.532425436561674	-0.9708708827131207	0.45395731497267067	-0.05797095234492374	3.4229035913307215	11.972052944158024	-16.03659097877965	-5650.411438951344
1398	-5676.175751815252	-5650.411438951344	-25.764312863907037	0.9687464724900259	3.343602628991728	-0.532425436561674	-0.9708708827131207	0.45395731497267067	-0.05797095234492374	3.4229035913307215	11.972052944158024	-16.03659097877965	-5650.411438951344
1400	-5677.322278770525	-5652.251542569281	-25.070736201244735	0.9687464724900259	3.343602628991728	-0.532425436561674	-0.9708708827131207	0.45395731497267067	-0.05797095234492374	3.4229035913307215	11.570630805416291	-15.343014316117344	-5652.251542569281
1402	-5677.322278770525	-5652.251542569281	-25.070736201244735	0.9687464724900259	3.343602628991728	-0.532425436561674	-0.9708708827131207	0.45395731497267067	-0.05797095234492374	3.4229035913307215	11.570630805416291	-15.343014316117344	-5652.251542569281
1404	-5676.819359499941	-5651.682032273691	-25.1373272262501	0.9687464724900259	3.343602628991728	-0.532425436561674	-0.9708708827131207	0.45395731497267067	-0.05797095234492374	3.4229035913307215	11.58735071901169	-15.409605341122711	-5651.682032273691
1406	-5676.819359499941	-5651.682032273691	-25.1373272262501	0.9687464724900259	3.343602628991728	-0.532425436561674	-0.9708708827131207	0.45395731497267067	-0.05797095234492374	3.4229035913307215	11.58735071901169	-15.409605341122711	-5651.682032273691
1408	-5676.274832633884	-5651.126822035829	-25.148010598055166	0.9687464724900259	3.343602628991728	-0.532425436561674	-0.9708708827131207	0.45395731497267067	-0.05797095234492374	3.4229035913307215	11.593208145098709	-15.420288712927775	-5651.126822035829
1410	-5676.936706541672	-5651.126822035829	-25.809884505842735	1.6521533116742657	3.343602628991728	-0.532425436561674	-0.9708708827131207	0.45395731497267067	-0.05797095234492374	3.4229035913307215	11.593208145098709	-15.422793012817651	-5651.126822035829
1412	-5676.814501137772	-5651.01565464977	-25.79884648800183	1.6521533116742657	3.343602628991728	-0.532425436561674	-0.9708708827131207	0.45395731497267067	-0.05797095234492374	3.4229035913307215	11.590430380519958	-15.411754994976747	-5651.01565464977
1414	-5677.721175207019	-5651.01565464977	-26.705520557248576	1.6521533116742657	3.343602628991728	-1.1752523018601562	-0.9708708827131207	0.45395731497267067	-0.05797095234492374	3.4229035913307215	11.590430380519958	-15.844789822837832	-5651.01565464977
1416	-5675.8668491850185	-5651.01565464977	-24.85119453524874	1.6521533116742657	1.5113082542397014	-1.1752523018601562	-0.9708708827131207	0.45395731497267067	-0.05797095234492374	3.4229035913307215	11.590430380519958	-15.427746008730157	-5651.01565464977
1418	-5675.8668491850185	-5651.01565464977	-24.85119453524874	1.6521533116742657	1.5113082542397014	-1.1752523018601562	-0.9708708827131207	0.45395731497267067	-0.05797095234492374	3.4229035913307215	11.590430380519958	-15.427746008730157	-5651.01565464977
1420	-5675.8668491850185	-5651.01565464977	-24.85119453524874	1.6521533116742657	1.5113082542397014	-1.1752523018601562	-0.9708708827131207	0.45395731497267067	-0.05797095234492374	3.4229035913307215	11.590430380519958	-15.427746008730157	-5651.01565464977
1422	-5676.708980560731	-5651.01565464977	-25.693325910960542	1.6521533116742657	1.5113082542397014	-1.1752523018601562	-0.9708708827131207	1.028282471199073	-0.05797095234492374	3.4229035913307215	11.590430380519958	-15.385295611421792	-5651.01565464977
1424	-5677.0700083377205	-5651.3762706974585	-25.69373764026178	1.6521533116742657	1.5113082542397014	-1.1752523018601562	-0.9708708827131207	1.028282471199073	-0.05797095234492374	3.4229035913307215	11.590430380519958	-15.38570734072303	-5651.3762706974585
1426	-5677.0700083377205	-5651.3762706974585	-25.69373764026178	1.6521533116742657	1.5113082542397014	-1.1752523018601562	-0.9708708827131207	1.028282471199073	-0.05797095234492374	3.4229035913307215	11.590430380519958	-15.38570734072303	-5651.3762706974585
1428	-5677.0700083377205	-5651.3762706974585	-25.69373764026178	1.6521533116742657	1.5113082542397014	-1.1752523018601562	-0.9708708827131207	1.028282471199073	-0.05797095234492374	3.4229035913307215	11.590430380519958	-15.38570734072303	-5651.3762706974585
1430	-5677.0700083377205	-5651.3762706974585	-25.69373764026178	1.6521533116742657	1.5113082542397014	-1.1752523018601562	-0.9708708827131207	1.028282471199073	-0.05797095234492374	3.4229035913307215	11.590430380519958	-15.38570734072303	-5651.3762706974585
1432	-5677.0700083377205	-5651.3762706974585	-25.69373764026178	1.6521533116742657	1.5113082542397014	-1.1752523018601562	-0.9708708827131207	1.028282471199073	-0.05797095234492374	3.4229035913307215	11.590430380519958	-15.38570734072303	-5651.3762706974585
1434	-5677.0700083377205	-5651.3762706974585	-25.69373764026178	1.6521533116742657	1.5113082542397014	-1.1752523018601562	-0.9708708827131207	1.028282471199073	-0.05797095234492374	3.4229035913307215	11.590430380519958	-15.38570734072303	-5651.3762706974585
1436	-5676.974382874563	-5651.288209585857	-25.686173288706627	1.6521533116742657	1.5113082542397014	-1.1752523018601562	-0.9708708827131207	1.028282471199073	-0.05797095234492374	3.4229035913307215	11.587328289307866	-15.378142989167877	-5651.288209585857
1438	-5677.239790809672	-5651.2888609705515	-25.95092983912044	1.6521533116742657	1.5113082542397014	-1.1752523018601562	-0.9708708827131207	1.028282471199073	-0.16103431410613975	3.846329360225664	12.43417982709775	-15.525635581757856	-5651.2888609705515
1440	-5677.178488815051	-5651.235860717817	-25.94262809723515	1.6521533116742657	1.5113082542397014	-1.1752523018601562	-0.9708708827131207	1.028282471199073	-0.16103431410613975	3.846329360225664	12.43076438308361	-15.517333839872563	-5651.235860717817
1442	-5677.178488815051	-5651.235860717817	-25.94262809723515	1.6521533116742657	1.5113082542397014	-1.1752523018601562	-0.9708708827131207	1.028282471199073	-0.16103431410613975	3.846329360225664	12.43076438308361	-15.517333839872563	-5651.235860717817
1444	-5677.178488815051	-5651.235860717817	-25.94262809723515	1.6521533116742657	1.5113082542397014	-1.1752523018601562	-0.9708708827131207	1.028282471199073	-0.16103431410613975	3.846329360225664	12.43076438308361	-15.517333839872563	-5651.235860717817
1446	-5677.178488815051	-5651.235860717817	-25.94262809723515	1.6521533116742657	1.5113082542397014	-1.1752523018601562	-0.9708708827131207	1.028282471199073	-0.16103431410613975	3.846329360225664	12.43076438308361	-15.517333839872563	-5651.235860717817
1448	-5676.677748672916	-5651.234815573667	-25.442933099248915	1.6521533116742657	1.5113082542397014	-1.1752523018601562	-0.9708708827131207	1.028282471199073	-0.16103431410613975	2.4118595405594196	9.56182474375112	-15.017638841886328	-5651.234815573667
1450	-5676.677748672916	-5651.234815573667	-25.442933099248915	1.6521533116742657	1.5113082542397014	-1.1752523018601562	-0.9708708827131207	1.028282471199073	-0.16103431410613975	2.4118595405594196	9.56182474375112	-15.017638841886328	-5651.234815573667
1452	-5676.677748672916	-5651.234815573667	-25.442933099248915	1.6521533116742657	1.5113082542397014	-1.1752523018601562	-0.9708708827131207	1.028282471199073	-0.16103431410613975	2.4118595405594196	9.56182474375112	-15.017638841886328	-5651.234815573667
1454	-5676.677748672916	-5651.234815573667	-25.442933099248915	1.6521533116742657	1.5113082542397014	-1.1752523018601562	-0.9708708827131207	1.028282471199073	-0.16103431410613975	2.4118595405594196	9.56182474375112	-15.017638841886328	-5651.234815573667
1456	-5677.284545841369	-5651.8420989769575	-25.442446864412297	1.6521533116742657	1.5113082542397014	-1.1752523018601562	-0.9708708827131207	1.028282471199073	-0.16103431410613975	2.4118595405594196	9.561824743751119	-15.01715260704971	-5651.8420989769575
1458	-5676.5303408423315	-5651.8420989769575	-24.688241865373907	0.9184687885124344	1.5113082542397014	-1.1752523018601562	-0.9708708827131207	1.028282471199073	-0.16103431410613975	2.4118595405594196	9.561824743751119	-14.972499811293382	-5651.8420989769575
1460	-5674.8700717528955	-5651.228501268352	-23.64157048454283	0.9184687885124344	1.5113082542397014	-1.1752523018601562	-0.9708708827131207	0.4269401912369116	-0.16103431410613975	2.4118595405594196	9.606073798894537	-14.897752085740894	-5651.228501268352
1462	-5676.309813913329	-5651.8053197269555	-24.504494186373144	0.9184687885124344	1.5113082542397014	-1.1752523018601562	-0.9708708827131207	0.4269401912369116	-0.16103431410613975	2.5896085582981394	10.314021402544421	-15.760675787571211	-5651.8053197269555
1464	-5676.049322225215	-5651.703867115289	-24.34545510992711	0.9184687885124344	1.5113082542397014	-1.1752523018601562	-0.9708708827131207	0.4269401912369116	-0.16103431410613975	2.335678355518536	9.806160996985216	-15.601636711125176	-5651.703867115289
1466	-5676.17249466335	-5651.703867115289	-24.46862754806127	0.9184687885124344	1.5113082542397014	-1.1752523018601562	-0.6384873246486454	0.4269401912369116	-0.16103431410613975	2.335678355518536	9.806160996985216	-15.601636711125176	-5651.703867115289
1468	-5676.17249466335	-5651.703867115289	-24.46862754806127	0.9184687885124344	1.5113082542397014	-1.1752523018601562	-0.6384873246486454	0.4269401912369116	-0.16103431410613975	2.335678355518536	9.806160996985216	-15.601636711125176	-5651.703867115289
1470	-5675.109118683105	-5651.012809317035	-24.096309366070017	0.9184687885124344	1.5113082542397014	-1.1752523018601562	-0.6384873246486454	0.4269401912369116	-0.16103431410613975	2.2658108008420763	9.512827590009781	-15.229318529133923	-5651.012809317035
1472	-5674.502670259617	-5651.012809317035	-23.489860942582087	0.9184687885124344	0.834451224600817	-1.1752523018601562	-0.6384873246486454	0.4269401912369116	-0.16103431410613975	2.2658108008420763	9.512827590009781	-15.285724154156789	-5651.012809317035
1474	-5673.929587077756	-5651.012809317035	-22.91677776072109	0.9184687885124344	0.834451224600817	-0.6188421485640362	-0.6384873246486454	0.4269401912369116	-0.28678188484332257	2.2658108008420763	9.512827590009781	-15.273789918823214	-5651.012809317035
1476	-5674.081800501304	-5650.697080239512	-23.384720261792317	1.3993070741912512	0.834451224600817	-0.6188421485640362	-0.6384873246486454	0.4269401912369116	-0.28678188484332257	2.2658108008420763	9.466332263504464	-15.267884094933386	-5650.697080239512
1478	-5674.081800501304	-5650.697080239512	-23.384720261792317	1.3993070741912512	0.834451224600817	-0.6188421485640362	-0.6384873246486454	0.4269401912369116	-0.28678188484332257	2.2658108008420763	9.466332263504464	-15.267884094933386	-5650.697080239512
1480	-5674.081800501304	-5650.697080239512	-23.384720261792317	1.3993070741912512	0.834451224600817	-0.6188421485640362	-0.6384873246486454	0.4269401912369116	-0.28678188484332257	2.2658108008420763	9.466332263504464	-15.267884094933386	-5650.697080239512
1482	-5674.752498089399	-5650.697080239512	-24.055417849886588	1.3993070741912512	0.834451224600817	-0.6188421485640362	-0.6384873246486454	0.852249503670731	-0.28678188484332257	2.2658108008420763	9.466332263504464	-15.272559387152873	-5650.697080239512
1484	-5674.752498089399	-5650.697080239512	-24.055417849886588	1.3993070741912512	0.834451224600817	-0.6188421485640362	-0.6384873246486454	0.852249503670731	-0.28678188484332257	2.2658108008420763	9.466332263504464	-15.272559387152873	-5650.697080239512
1486	-5674.996033270192	-5650.731596953648	-24.26443631654465	1.3993070741912512	0.834451224600817	-0.6188421485640362	-1.2873974381815503	0.852249503670731	-0.28678188484332257	2.2658108008420763	9.446221430271768	-15.258287732644852	-5650.731596953648
1488	-5675.685343653853	-5651.284473527852	-24.400870126001244	1.3993070741912512	0.834451224600817	-0.6188421485640362	-1.2873974381815503	0.852249503670731	-0.28678188484332257	2.33149113918142	9.681126834189609	-15.394721542101449	-5651.284473527852
1490	-5675.685343653853	-5651.284473527852	-24.400870126001244	1.3993070741912512	0.834451224600817	-0.6188421485640362	-1.2873974381815503	0.852249503670731	-0.28678188484332257	2.33149113918142	9.681126834189609	-15.394721542101449	-5651.284473527852
1492	-5675.685343653853	-5651.284473527852	-24.400870126001244	1.3993070741912512	0.834451224600817	-0.6188421485640362	-1.2873974381815503	0.852249503670731	-0.28678188484332257	2.33149113918142	9.681126834189609	-15.394721542101449	-5651.284473527852
1494	-5675.587585259759	-5651.188782769737	-24.398802490021616	1.3993070741912512	0.834451224600817	-0.6188421485640362	-1.2873974381815503	0.852249503670731	-0.28678188484332257	2.33149113918142	9.68475223255471	-15.392653906121819	-5651.188782769737
1496	-5675.587585259759	-5651.188782769737	-24.398802490021616	1.3993070741912512	0.834451224600817	-0.6188421485640362	-1.2873974381815503	0.852249503670731	-0.28678188484332257	2.33149113918142	9.68475223255471	-15.392653906121819	-5651.188782769737
1498	-5675.587585259759	-5651.188782769737	-24.398802490021616	1.3993070741912512	0.834451224600817	-0.6188421485640362	-1.2873974381815503	0.852249503670731	-0.28678188484332257	2.33149113918142	9.68475223255471	-15.392653906121819	-5651.188782769737
1500	-5675.587585259759	-5651.188782769737	-24.398802490021616	1.3993070741912512	0.834451224600817	-0.6188421485640362	-1.2873974381815503	0.852249503670731	-0.28678188484332257	2.33149113918142	9.68475223255471	-15.392653906121819	-5651.188782769737
1502	-5675.587585259759	-5651.188782769737	-24.398802490021616	1.3993070741912512	0.834451224600817	-0.6188421485640362	-1.2873974381815503	0.852249503670731	-0.28678188484332257	2.33149113918142	9.68475223255471	-15.392653906121819	-5651.188782769737
1504	-5675.558646000331	-5651.160819555936	-24.39782644439507	1.3993070741912512	0.834451224600817	-0.6188421485640362	-1.2873974381815503	0.852249503670731	-0.28678188484332257	2.33149113918142	9.68656807808802	-15.391677860495271	-5651.160819555936
1506	-5675.6480375795045	-5651.247849707822	-24.400187871682398	1.3993070741912512	0.834451224600817	-0.6188421485640362	-1.2873974381815503	0.852249503670731	-0.28678188484332257	2.33149113918142	9.682291869831548	-15.3940392877826	-5651.247849707822
1508	-5675.6480375795045	-5651.247849707822	-24.400187871682398	1.3993070741912512	0.834451224600817	-0.6188421485640362	-1.2873974381815503	0.852249503670731	-0.28678188484332257	2.33149113918142	9.682291869831548	-15.3940392877826	-5651.247849707822
1510	-5675.6480375795045	-5651.247849707822	-24.400187871682398	1.3993070741912512	0.834451224600817	-0.6188421485640362	-1.2873974381815503	0.852249503670731	-0.28678188484332257	2.33149113918142	9.682291869831548	-15.3940392877826	-5651.247849707822
1512	-5675.8813499645985	-5651.362265417653	-24.51908454694549	1.3993070741912512	0.834451224600817	-0.6188421485640362	-1.2873974381815503	0.852249503670731	-0.28678188484332257	2.6421221641230996	10.303553919714908	-15.512935963045692	-5651.362265417653
1514	-5675.8813499645985	-5651.362265417653	-24.51908454694549	1.3993070741912512	0.834451224600817	-0.6188421485640362	-1.2873974381815503	0.852249503670731	-0.28678188484332257	2.6421221641230996	10.303553919714908	-15.512935963045692	-5651.362265417653
1516	-5676.268682521356	-5652.216325307758	-24.052357213597947	1.3993070741912512	0.834451224600817	-0.6188421485640362	-1.2873974381815503	0.852249503670731	-0.28678188484332257	2.459663499250033	9.592015022245803	-15.04620862969815	-5652.216325307758
1518	-5676.268682521356	-5652.216325307758	-24.052357213597947	1.3993070741912512	0.834451224600817	-0.6188421485640362	-1.2873974381815503	0.852249503670731	-0.28678188484332257	2.459663499250033	9.592015022245803	-15.04620862969815	-5652.216325307758
1520	-5676.2254026476585	-5651.61332358766	-24.61207905999862	1.3993070741912512	0.834451224600817	-0.6188421485640362	-1.2873974381815503	0.852249503670731	-0.28678188484332257	2.6780306895628416	10.443587349307908	-15.605930476098825	-5651.61332358766
1522	-5675.93780746034	-5651.338941936807	-24.598865523533714	1.3993070741912512	0.834451224600817	-0.6188421485640362	-1.2873974381815503	0.852249503670731	-0.28678188484332257	2.6780306895628416	10.43777905124998	-15.592716939633917	-5651.338941936807
1524	-5676.8233699484135	-5652.184078018801	-24.639291929612337	1.3993070741912512	0.834451224600817	-0.6188421485640362	-1.2873974381815503	0.852249503670731	-0.28678188484332257	2.6780306895628416	10.456008508774225	-15.63314334571254	-5652.184078018801
1526	-5679.796178846114	-5655.027442275147	-24.768736570967516	1.3993070741912512	0.834451224600817	-0.6188421485640362	-1.2873974381815503	0.852249503670731	-0.28678188484332257	3.382228157112984	11.864403443874512	-15.762587987067718	-5655.027442275147
1528	-5679.29700626748	-5655.027442275147	-24.269563992333527	1.3993070741912512	0.834451224600817	-0.6188421485640362	-1.2873974381815503	0.45803087269030257	-0.28678188484332257	3.382228157112984	11.864403443874512	-15.893007106636219	-5655.027442275147
1530	-5679.703399296452	-5655.307356651404	-24.3960426450475	1.3993070741912512	0.834451224600817	-0.6188421485640362	-1.2873974381815503	0.9266368565694928	-0.28678188484332257	3.09362567436028	10.852024582596071	-15.23623446842891	-5655.307356651404
1532	-5679.703399296452	-5655.307356651404	-24.3960426450475	1.3993070741912512	0.834451224600817	-0.6188421485640362	-1.2873974381815503	0.9266368565694928	-0.28678188484332257	3.09362567436028	10.852024582596071	-15.23623446842891	-5655.307356651404
1534	-5679.703399296452	-5655.307356651404	-24.3960426450475	1.3993070741912512	0.834451224600817	-0.6188421485640362	-1.2873974381815503	0.9266368565694928	-0.28678188484332257	3.09362567436028	10.852024582596071	-15.23623446842891	-5655.307356651404
1536	-5679.511389686472	-5655.187721422338	-24.323668264134753	1.3993070741912512	0.834451224600817	-0.6188421485640362	-1.2873974381815503	0.9266368565694928	-0.28678188484332257	2.803780119852931	10.31397946555253	-15.163860087516161	-5655.187721422338
1538	-5679.511389686472	-5655.187721422338	-24.323668264134753	1.3993070741912512	0.834451224600817	-0.6188421485640362	-1.2873974381815503	0.9266368565694928	-0.28678188484332257	2.803780119852931	10.31397946555253	-15.163860087516161	-5655.187721422338
1540	-5680.013271008931	-5655.187721422338	-24.825549586593304	1.3993070741912512	1.6449713071843637	-0.6188421485640362	-1.2873974381815503	0.9266368565694928	-0.28678188484332257	2.803780119852931	10.31397946555253	-14.879550477491883	-5655.187721422338
1542	-5677.353477356838	-5652.435473382522	-24.918003974316328	1.3993070741912512	1.6449713071843637	-0.6188421485640362	-1.2873974381815503	0.9266368565694928	-0.28678188484332257	2.803780119852931	10.31397946555253	-14.972004865214904	-5652.435473382522
1544	-5677.266870826063	-5652.435473382522	-24.83139744354007	1.3993070741912512	1.6449713071843637	-0.6188421485640362	-1.2873974381815503	0.9266368565694928	-0.21317540010234098	2.803780119852931	10.31397946555253	-14.972004865214904	-5652.435473382522
1546	-5676.26347981162	-5651.432026181545	-24.831453630075117	1.3993070741912512	1.6449713071843637	-0.6188421485640362	-1.2873974381815503	0.9266368565694928	-0.21317540010234098	2.803780119852931	10.313979465552528	-14.972061051749954	-5651.432026181545
1548	-5676.140949751196	-5651.359631923715	-24.78131782748134	1.3993070741912512	1.6449713071843637	-0.6188421485640362	-1.2873974381815503	0.9266368565694928	-0.21317540010234098	2.803780119852931	10.2464510707186	-14.921925249156178	-5651.359631923715
1550	-5675.29404354841	-5651.359631923715	-23.93441162469447	0.644679012856454	1.6449713071843637	-0.6188421485640362	-1.2873974381815503	0.9266368565694928	-0.21317540010234098	2.803780119852931	10.2464510707186	-14.810077579301085	-5651.359631923715
1552	-5677.608724170691	-5654.056167678542	-23.552556492149385	0.644679012856454	1.6449713071843637	-0.6188421485640362	-1.2873974381815503	0.9266368565694928	-0.21317540010234098	2.633286790535871	9.663242965043722	-14.428222446756001	-5654.056167678542
1554	-5677.557764971948	-5654.130905722409	-23.42685924953911	0.644679012856454	1.6449713071843637	-0.6188421485640362	-1.2873974381815503	0.9266368565694928	-0.21317540010234098	2.3038997603464746	9.004468904664929	-14.302525204145727	-5654.130905722409
1556	-5677.557764971948	-5654.130905722409	-23.42685924953911	0.644679012856454	1.6449713071843637	-0.6188421485640362	-1.2873974381815503	0.9266368565694928	-0.21317540010234098	2.3038997603464746	9.004468904664929	-14.302525204145727	-5654.130905722409
1558	-5675.406825679364	-5651.896686702451	-23.510138976913794	0.644679012856454	1.6449713071843637	-0.6188421485640362	-1.2873974381815503	0.9266368565694928	-0.21317540010234098	2.3038997603464746	9.055088690490782	-14.38580493152041	-5651.896686702451
1560	-5675.406825679364	-5651.896686702451	-23.510138976913794	0.644679012856454	1.6449713071843637	-0.6188421485640362	-1.2873974381815503	0.9266368565694928	-0.21317540010234098	2.3038997603464746	9.055088690490782	-14.38580493152041	-5651.896686702451
1562	-5675.406825679364	-5651.896686702451	-23.510138976913794	0.644679012856454	1.6449713071843637	-0.6188421485640362	-1.2873974381815503	0.9266368565694928	-0.21317540010234098	2.3038997603464746	9.055088690490782	-14.38580493152041	-5651.896686702451
1564	-5675.183530668293	-5651.896686702451	-23.286843965842493	0.644679012856454	1.6449713071843637	-0.6188421485640362	-0.6382368162063282	0.9266368565694928	-0.21317540010234098	2.3038997603464746	9.055088690490782	-14.38580493152041	-5651.896686702451
1566	-5675.916827351826	-5651.896686702451	-24.02014064937533	0.644679012856454	1.6449713071843637	-1.2482812883694492	-0.6382368162063282	0.9266368565694928	-0.21317540010234098	2.3038997603464746	9.055088690490782	-14.345592277584368	-5651.896686702451
1568	-5675.680502578745	-5651.655885169566	-24.024617409178525	0.644679012856454	1.6449713071843637	-1.2482812883694492	-0.6382368162063282	0.9266368565694928	-0.21317540010234098	2.3038997603464746	9.058633674626398	-14.350069037387563	-5651.655885169566
1570	-5675.680502578745	-5651.655885169566	-24.024617409178525	0.644679012856454	1.6449713071843637	-1.2482812883694492	-0.6382368162063282	0.9266368565694928	-0.21317540010234098	2.3038997603464746	9.058633674626398	-14.350069037387563	-5651.655885169566
1572	-5675.680502578745	-5651.655885169566	-24.024617409178525	0.644679012856454	1.6449713071843637	-1.2482812883694492	-0.6382368162063282	0.9266368565694928	-0.21317540010234098	2.3038997603464746	9.058633674626398	-14.350069037387563	-5651.655885169566
1574	-5674.739010327718	-5651.655885169566	-23.083125158150878	0.644679012856454	1.6449713071843637	-1.2482812883694492	-0.6382368162063282	0.46638817613820027	-0.21317540010234098	2.3038997603464746	9.058633674626398	-14.147828416068906	-5651.655885169566
1576	-5674.929375730814	-5651.857020782611	-23.072354948203547	0.644679012856454	1.6449713071843637	-1.2482812883694492	-0.6382368162063282	0.46638817613820027	-0.21317540010234098	2.3038997603464746	9.055953160458161	-14.137058206121573	-5651.857020782611
1578	-5674.929375730814	-5651.857020782611	-23.072354948203547	0.644679012856454	1.6449713071843637	-1.2482812883694492	-0.6382368162063282	0.46638817613820027	-0.21317540010234098	2.3038997603464746	9.055953160458161	-14.137058206121573	-5651.857020782611
1580	-5674.991944994038	-5651.887211904266	-23.10473308977203	0.644679012856454	1.6449713071843637	-1.2482812883694492	-0.6382368162063282	0.46638817613820027	-0.21317540010234098	2.3038997603464746	9.082646021334742	-14.169436347690056	-5651.887211904266
1582	-5675.419498523564	-5650.357866921944	-25.061631601619833	0.644679012856454	1.6449713071843637	-1.2482812883694492	-0.6382368162063282	0.924444141554399	-0.21317540010234098	2.611462824167617	10.295149484377998	-15.391609555828264	-5650.357866921944
1584	-5676.168961040961	-5650.357866921944	-25.81109411901724	1.3852611728940574	1.6449713071843637	-1.2482812883694492	-0.6382368162063282	0.924444141554399	-0.21317540010234098	2.611462824167617	10.295149484377998	-15.419440620883991	-5650.357866921944
1586	-5676.168961040961	-5650.357866921944	-25.81109411901724	1.3852611728940574	1.6449713071843637	-1.2482812883694492	-0.6382368162063282	0.924444141554399	-0.21317540010234098	2.611462824167617	10.295149484377998	-15.419440620883991	-5650.357866921944
1588	-5675.058870247061	-5649.829793261895	-25.229076985166113	1.3852611728940574	1.6449713071843637	-1.2482812883694492	-0.6382368162063282	0.924444141554399	-0.21317540010234098	2.43745745408708	9.609169473678577	-14.837423487032861	-5649.829793261895
1590	-5674.428875692299	-5649.684335414868	-24.74454027743074	0.9025154607410842	1.6449713071843637	-1.2482812883694492	-0.6382368162063282	0.924444141554399	-0.21317540010234098	2.43745745408708	9.6137595878004	-14.829186405257119	-5649.684335414868
1592	-5673.583840526306	-5649.684335414868	-23.899505111438216	0.9025154607410842	0.6524048422146406	-1.2482812883694492	-0.6382368162063282	0.924444141554399	-0.21317540010234098	2.43745745408708	9.6137595878004	-14.941625302188568	-5649.684335414868
1594	-5673.583840526306	-5649.684335414868	-23.899505111438216	0.9025154607410842	0.6524048422146406	-1.2482812883694492	-0.6382368162063282	0.924444141554399	-0.21317540010234098	2.43745745408708	9.6137595878004	-14.941625302188568	-5649.684335414868
1596	-5673.583840526306	-5649.684335414868	-23.899505111438216	0.9025154607410842	0.6524048422146406	-1.2482812883694492	-0.6382368162063282	0.924444141554399	-0.21317540010234098	2.43745745408708	9.6137595878004	-14.941625302188568	-5649.684335414868
1598	-5673.583840526306	-5649.684335414868	-23.899505111438216	0.9025154607410842	0.6524048422146406	-1.2482812883694492	-0.6382368162063282	0.924444141554399	-0.21317540010234098	2.43745745408708	9.6137595878004	-14.941625302188568	-5649.684335414868
1600	-5674.036553307123	-5650.188623546818	-23.847929760304464	0.9025154607410842	0.6524048422146406	-1.2482812883694492	-0.6382368162063282	0.924444141554399	-0.21317540010234098	2.43745745408708	9.581528072114534	-14.890049951054813	-5650.188623546818
1602	-5674.596443301656	-5650.188623546818	-24.40781975483757	0.9025154607410842	0.32609354084182407	-1.2482812883694492	-0.6382368162063282	0.924444141554399	-0.21317540010234098	2.43745745408708	9.581528072114534	-15.606784204133819	-5650.188623546818
1604	-5674.596443301656	-5650.188623546818	-24.40781975483757	0.9025154607410842	0.32609354084182407	-1.2482812883694492	-0.6382368162063282	0.924444141554399	-0.21317540010234098	2.43745745408708	9.581528072114534	-15.606784204133819	-5650.188623546818
1606	-5675.807391494034	-5650.817487034242	-24.989904459792022	0.9025154607410842	0.32609354084182407	-1.2482812883694492	-0.6382368162063282	0.924444141554399	-0.21317540010234098	2.6585690266559716	10.450707034022491	-16.188868909088274	-5650.817487034242
1608	-5675.631188452136	-5650.817487034242	-24.813701417894183	0.9025154607410842	0.32609354084182407	-1.2482812883694492	-1.107753091123828	0.924444141554399	-0.21317540010234098	2.6585690266559716	10.450707034022491	-16.188868909088274	-5650.817487034242
1610	-5674.356911686723	-5650.099227684046	-24.257684002676598	0.9025154607410842	0.32609354084182407	-1.2482812883694492	-1.107753091123828	0.924444141554399	-0.21317540010234098	2.447363371398207	9.620467756841116	-15.632851493870687	-5650.099227684046
1612	-5675.059972683127	-5650.854975307357	-24.20499737577063	0.9025154607410842	0.32609354084182407	-1.2482812883694492	-1.107753091123828	0.924444141554399	-0.21317540010234098	2.447363371398207	9.576404399238374	-15.58016486696472	-5650.854975307357
1614	-5674.477920504408	-5650.235472506629	-24.24244799777938	0.9025154607410842	0.32609354084182407	-1.2482812883694492	-1.107753091123828	0.924444141554399	-0.21317540010234098	2.447363371398207	9.607979915412354	-15.617615488973472	-5650.235472506629
1616	-5674.477920504408	-5650.235472506629	-24.24244799777938	0.9025154607410842	0.32609354084182407	-1.2482812883694492	-1.107753091123828	0.924444141554399	-0.21317540010234098	2.447363371398207	9.607979915412354	-15.617615488973472	-5650.235472506629
1618	-5674.316532015763	-5650.053754944596	-24.262777071166575	0.9025154607410842	0.32609354084182407	-1.2482812883694492	-1.107753091123828	0.924444141554399	-0.21317540010234098	2.447363371398207	9.627962633935688	-15.637944562360667	-5650.053754944596
1620	-5674.343239274712	-5650.083747428061	-24.259491846650807	0.9025154607410842	0.32609354084182407	-1.2482812883694492	-1.107753091123828	0.924444141554399	-0.21317540010234098	2.447363371398207	9.626494439726649	-15.634659337844898	-5650.083747428061
1622	-5674.682209237006	-5650.083747428061	-24.598461808944982	0.9025154607410842	0.32609354084182407	-0.5624885549900446	-1.107753091123828	0.924444141554399	-0.21317540010234098	2.447363371398207	9.626494439726649	-16.455753080266284	-5650.083747428061
1624	-5674.682209237006	-5650.083747428061	-24.598461808944982	0.9025154607410842	0.32609354084182407	-0.5624885549900446	-1.107753091123828	0.924444141554399	-0.21317540010234098	2.447363371398207	9.626494439726649	-16.455753080266284	-5650.083747428061
1626	-5674.682209237006	-5650.083747428061	-24.598461808944982	0.9025154607410842	0.32609354084182407	-0.5624885549900446	-1.107753091123828	0.924444141554399	-0.21317540010234098	2.447363371398207	9.626494439726649	-16.455753080266284	-5650.083747428061
1628	-5678.34853872663	-5653.112586834719	-25.2359518919107	0.9025154607410842	0.32609354084182407	-0.5624885549900446	-1.107753091123828	0.924444141554399	-0.21317540010234098	2.7909398096430102	10.94678013933509	-17.093243163232003	-5653.112586834719
1630	-5677.404965881879	-5652.197236208235	-25.207729673644714	0.9025154607410842	0.32609354084182407	-0.5624885549900446	-1.107753091123828	0.924444141554399	-0.21317540010234098	2.7909398096430102	10.9331874023991	-17.06502094496601	-5652.197236208235
1632	-5677.404965881879	-5652.197236208235	-25.207729673644714	0.9025154607410842	0.32609354084182407	-0.5624885549900446	-1.107753091123828	0.924444141554399	-0.21317540010234098	2.7909398096430102	10.9331874023991	-17.06502094496601	-5652.197236208235
1634	-5677.157386502584	-5652.197236208235	-24.960150294349063	0.9025154607410842	0.32609354084182407	-1.0359119503229635	-1.107753091123828	0.924444141554399	-0.21317540010234098	2.7909398096430102	10.9331874023991	-16.585157600933606	-5652.197236208235
1636	-5674.163831446103	-5649.574636781193	-24.58919466491083	0.9025154607410842	0.32609354084182407	-1.0359119503229635	-1.107753091123828	0.924444141554399	-0.47370345235148326	2.4950990935006163	9.774265243035702	-15.883882735102613	-5649.574636781193
1638	-5673.183227808601	-5648.648638344152	-24.53458946445012	0.9025154607410842	0.32609354084182407	-1.0359119503229635	-1.107753091123828	0.924444141554399	-0.47370345235148326	2.4950990935006163	9.772154305004024	-15.829277534641903	-5648.648638344152
1640	-5674.935311527197	-5649.82390654615	-25.11140498104692	0.9025154607410842	0.32609354084182407	-1.0359119503229635	-1.107753091123828	0.924444141554399	-0.47370345235148326	2.7562106879843857	10.793371919734994	-16.406093051238702	-5649.82390654615
1642	-5673.492871367632	-5649.192836924776	-24.300034442855328	0.9025154607410842	0.32609354084182407	-1.0359119503229635	-1.107753091123828	0.924444141554399	-0.47370345235148326	2.4086152030486296	9.432181585887223	-15.594722513047108	-5649.192836924776
1644	-5673.492871367632	-5649.192836924776	-24.300034442855328	0.9025154607410842	0.32609354084182407	-1.0359119503229635	-1.107753091123828	0.924444141554399	-0.47370345235148326	2.4086152030486296	9.432181585887223	-15.594722513047108	-5649.192836924776
1646	-5673.492871367632	-5649.192836924776	-24.300034442855328	0.9025154607410842	0.32609354084182407	-1.0359119503229635	-1.107753091123828	0.924444141554399	-0.47370345235148326	2.4086152030486296	9.432181585887223	-15.594722513047108	-5649.192836924776
1648	-5673.492871367632	-5649.192836924776	-24.300034442855328	0.9025154607410842	0.32609354084182407	-1.0359119503229635	-1.107753091123828	0.924444141554399	-0.47370345235148326	2.4086152030486296	9.432181585887223	-15.594722513047108	-5649.192836924776
1650	-5675.023255840884	-5649.192836924776	-25.830418916108524	2.499068133683984	0.32609354084182407	-1.0359119503229635	-1.107753091123828	0.924444141554399	-0.47370345235148326	2.4086152030486296	9.432181585887223	-15.692427045083559	-5649.192836924776
1652	-5675.455104434061	-5649.543895470921	-25.911208963140325	2.499068133683984	0.32609354084182407	-1.0359119503229635	-1.107753091123828	0.924444141554399	-0.47370345235148326	2.4086152030486296	9.466409248449137	-15.773217092115358	-5649.543895470921
1654	-5674.964289845942	-5649.281974054985	-25.682315790957915	2.499068133683984	0.32609354084182407	-1.0359119503229635	-1.107753091123828	0.924444141554399	-0.47370345235148326	2.4086152030486296	9.137349765860124	-15.544323919932951	-5649.281974054985
1656	-5674.4227982004195	-5648.649334281777	-25.773463918642584	2.499068133683984	0.32609354084182407	-1.0359119503229635	-0.5266659898561463	0.924444141554399	-0.47370345235148326	2.4086152030486296	9.135766785819555	-15.508386898247517	-5648.649334281777
1658	-5674.434625295869	-5648.729457827933	-25.705167467936164	2.499068133683984	0.32609354084182407	-1.0359119503229635	-0.5266659898561463	0.924444141554399	-0.47370345235148326	2.212474681174437	8.74348574207117	-15.4400904475411	-5648.729457827933
1660	-5674.449625074377	-5648.252281795157	-26.197343279220274	2.499068133683984	0.32609354084182407	-1.0359119503229635	-0.5266659898561463	0.924444141554399	-0.47370345235148326	2.41120081385495	9.528832179006065	-15.932266258825209	-5648.252281795157
1662	-5674.449625074377	-5648.252281795157	-26.197343279220274	2.499068133683984	0.32609354084182407	-1.0359119503229635	-0.5266659898561463	0.924444141554399	-0.47370345235148326	2.41120081385495	9.528832179006065	-15.932266258825209	-5648.252281795157
1664	-5673.671247215824	-5648.169883146265	-25.50136406955881	2.499068133683984	0.32609354084182407	-1.0359119503229635	-0.5266659898561463	0.5141029970421476	-0.47370345235148326	2.41120081385495	9.524937996823652	-16.020962145247587	-5648.169883146265
1666	-5674.200911682287	-5649.473758108736	-24.727153573552116	2.499068133683984	0.32609354084182407	-1.0359119503229635	-0.5266659898561463	0.5141029970421476	-0.47370345235148326	2.196863407891933	8.67824348242782	-15.246751649240895	-5649.473758108736
1668	-5674.250448677313	-5649.360193525657	-24.890255151655914	2.499068133683984	0.32609354084182407	-1.0359119503229635	-0.5266659898561463	0.5141029970421476	-0.47370345235148326	2.51698771202222	9.318492090688395	-15.40985322734469	-5649.360193525657
1670	-5674.250448677313	-5649.360193525657	-24.890255151655914	2.499068133683984	0.32609354084182407	-1.0359119503229635	-0.5266659898561463	0.5141029970421476	-0.47370345235148326	2.51698771202222	9.318492090688395	-15.40985322734469	-5649.360193525657
1672	-5675.338079938082	-5649.2927513871	-26.045328550981758	2.499068133683984	0.32609354084182407	-1.0359119503229635	-0.5266659898561463	0.5141029970421476	-0.47370345235148326	4.799259857571536	13.883036381787026	-16.564926626670538	-5649.2927513871
1674	-5674.6210611499355	-5649.2927513871	-25.328309762835474	2.499068133683984	0.7814306745759056	-1.0359119503229635	-0.5266659898561463	0.5141029970421476	-0.47370345235148326	4.799259857571536	13.883036381787026	-15.57139247054089	-5649.2927513871
1676	-5674.711386302538	-5648.485280611206	-26.22610569133186	2.499068133683984	0.7814306745759056	-1.0359119503229635	-0.5266659898561463	0.5141029970421476	-0.47370345235148326	5.208628029276686	15.086796714053639	-16.469188399037275	-5648.485280611206
1678	-5676.68305521602	-5650.00217004424	-26.680885171779885	2.499068133683984	0.7814306745759056	-1.0359119503229635	-0.5266659898561463	0.5141029970421476	-0.47370345235148326	5.208628029276686	15.504868212403853	-16.9239678794853	-5650.00217004424
1680	-5676.68305521602	-5650.00217004424	-26.680885171779885	2.499068133683984	0.7814306745759056	-1.0359119503229635	-0.5266659898561463	0.5141029970421476	-0.47370345235148326	5.208628029276686	15.504868212403853	-16.9239678794853	-5650.00217004424
1682	-5676.68305521602	-5650.00217004424	-26.680885171779885	2.499068133683984	0.7814306745759056	-1.0359119503229635	-0.5266659898561463	0.5141029970421476	-0.47370345235148326	5.208628029276686	15.504868212403853	-16.9239678794853	-5650.00217004424
1684	-5676.68305521602	-5650.00217004424	-26.680885171779885	2.499068133683984	0.7814306745759056	-1.0359119503229635	-0.5266659898561463	0.5141029970421476	-0.47370345235148326	5.208628029276686	15.504868212403853	-16.9239678794853	-5650.00217004424
1686	-5676.68305521602	-5650.00217004424	-26.680885171779885	2.499068133683984	0.7814306745759056	-1.0359119503229635	-0.5266659898561463	0.5141029970421476	-0.47370345235148326	5.208628029276686	15.504868212403853	-16.9239678794853	-5650.00217004424
1688	-5676.68305521602	-5650.00217004424	-26.680885171779885	2.499068133683984	0.7814306745759056	-1.0359119503229635	-0.5266659898561463	0.5141029970421476	-0.47370345235148326	5.208628029276686	15.504868212403853	-16.9239678794853	-5650.00217004424
1690	-5676.894941289215	-5650.00217004424	-26.892771244974625	2.499068133683984	0.7814306745759056	-1.0359119503229635	-0.20941113686828064	0.5141029970421476	-0.47370345235148326	5.208628029276686	15.504868212403853	-16.9239678794853	-5650.00217004424
1692	-5675.592005475178	-5649.321456665539	-26.27054880963864	2.499068133683984	0.7814306745759056	-1.0359119503229635	-0.20941113686828064	0.5141029970421476	-0.47370345235148326	4.917928301609923	14.639523069398743	-16.301745444149315	-5649.321456665539
1694	-5676.9705000544145	-5650.683494008661	-26.287006045753788	1.5844220774187465	0.7814306745759056	-1.0359119503229635	-0.20941113686828064	0.5141029970421476	-0.47370345235148326	5.302623520363631	15.784670819476498	-17.087452593748765	-5650.683494008661
1696	-5676.9705000544145	-5650.683494008661	-26.287006045753788	1.5844220774187465	0.7814306745759056	-1.0359119503229635	-0.20941113686828064	0.5141029970421476	-0.47370345235148326	5.302623520363631	15.784670819476498	-17.087452593748765	-5650.683494008661
1698	-5676.16325186131	-5650.272273126065	-25.890978735244968	1.5844220774187465	0.7814306745759056	-1.0359119503229635	-0.20941113686828064	0.5141029970421476	-0.47370345235148326	5.302623520363631	15.399356886564545	-16.691425283239944	-5650.272273126065
1700	-5676.16325186131	-5650.272273126065	-25.890978735244968	1.5844220774187465	0.7814306745759056	-1.0359119503229635	-0.20941113686828064	0.5141029970421476	-0.47370345235148326	5.302623520363631	15.399356886564545	-16.691425283239944	-5650.272273126065
1702	-5676.135102175752	-5650.248015091673	-25.887087084079337	1.5844220774187465	0.7814306745759056	-1.0359119503229635	-0.20941113686828064	0.5141029970421476	-0.47370345235148326	5.302623520363631	15.398179860128538	-16.687533632074313	-5650.248015091673
1704	-5676.135102175752	-5650.248015091673	-25.887087084079337	1.5844220774187465	0.7814306745759056	-1.0359119503229635	-0.20941113686828064	0.5141029970421476	-0.47370345235148326	5.302623520363631	15.398179860128538	-16.687533632074313	-5650.248015091673
1706	-5675.269615848662	-5650.248015091673	-25.021600756989482	0.7313861183545736	0.7814306745759056	-1.0359119503229635	-0.20941113686828064	0.5141029970421476	-0.47370345235148326	5.302623520363631	15.398179860128538	-16.652055652625112	-5650.248015091673
1708	-5675.269615848662	-5650.248015091673	-25.021600756989482	0.7313861183545736	0.7814306745759056	-1.0359119503229635	-0.20941113686828064	0.5141029970421476	-0.47370345235148326	5.302623520363631	15.398179860128538	-16.652055652625112	-5650.248015091673
1710	-5674.076288357888	-5649.543976105717	-24.532312252171714	0.7313861183545736	0.7814306745759056	-1.0359119503229635	-0.20941113686828064	0.5141029970421476	-0.47370345235148326	5.095090004279804	14.77152853588558	-16.162767147807344	-5649.543976105717
1712	-5674.713456403714	-5649.860825783437	-24.852630620277342	0.7313861183545736	0.7814306745759056	-1.0359119503229635	-0.20941113686828064	0.5141029970421476	-0.47370345235148326	5.095090004279804	15.06426367359154	-16.483085515912972	-5649.860825783437
1714	-5675.191497012541	-5649.860825783437	-25.330671229104087	0.7313861183545736	0.7814306745759056	-1.0359119503229635	-0.20941113686828064	0.27898242661649697	-0.47370345235148326	5.095090004279804	15.06426367359154	-17.25897424787609	-5649.860825783437
1716	-5674.839302556822	-5649.860825783437	-24.978476773385587	0.7313861183545736	0.7814306745759056	-0.8879990197334455	-0.20941113686828064	0.27898242661649697	-0.47370345235148326	5.095090004279804	15.06426367359154	-17.160376486979683	-5649.860825783437
1718	-5674.839302556822	-5649.860825783437	-24.978476773385587	0.7313861183545736	0.7814306745759056	-0.8879990197334455	-0.20941113686828064	0.27898242661649697	-0.47370345235148326	5.095090004279804	15.06426367359154	-17.160376486979683	-5649.860825783437
1720	-5674.839302556822	-5649.860825783437	-24.978476773385587	0.7313861183545736	0.7814306745759056	-0.8879990197334455	-0.20941113686828064	0.27898242661649697	-0.47370345235148326	5.095090004279804	15.06426367359154	-17.160376486979683	-5649.860825783437
1722	-5674.839302556822	-5649.860825783437	-24.978476773385587	0.7313861183545736	0.7814306745759056	-0.8879990197334455	-0.20941113686828064	0.27898242661649697	-0.47370345235148326	5.095090004279804	15.06426367359154	-17.160376486979683	-5649.860825783437
1724	-5674.839302556822	-5649.860825783437	-24.978476773385587	0.7313861183545736	0.7814306745759056	-0.8879990197334455	-0.20941113686828064	0.27898242661649697	-0.47370345235148326	5.095090004279804	15.06426367359154	-17.160376486979683	-5649.860825783437
1726	-5674.82162785152	-5649.841439459782	-24.980188391737848	0.7313861183545736	0.7814306745759056	-0.8879990197334455	-0.20941113686828064	0.27898242661649697	-0.47370345235148326	5.095090004279804	15.06731188606076	-17.162088105331943	-5649.841439459782
1728	-5674.82162785152	-5649.841439459782	-24.980188391737848	0.7313861183545736	0.7814306745759056	-0.8879990197334455	-0.20941113686828064	0.27898242661649697	-0.47370345235148326	5.095090004279804	15.06731188606076	-17.162088105331943	-5649.841439459782
1730	-5675.2223537698155	-5649.841439459782	-25.38091431003336	1.1830357808029606	0.7814306745759056	-0.8879990197334455	-0.20941113686828064	0.27898242661649697	-0.47370345235148326	5.095090004279804	15.06731188606076	-17.116716575289278	-5649.841439459782
1732	-5674.746043646371	-5649.242651132416	-25.503392513955163	1.1830357808029606	0.7814306745759056	-0.8879990197334455	-0.20941113686828064	0.27898242661649697	-0.33339898294225234	5.095090004279804	15.194573904652056	-17.3349573000234	-5649.242651132416
1734	-5674.75126703197	-5649.242651132416	-25.50861589955489	1.1830357808029606	0.7814306745759056	-0.8879990197334455	-0.20941113686828064	0.27898242661649697	-0.34187002121037224	5.095090004279804	15.194573904652056	-17.3349573000234	-5649.242651132416
1736	-5674.75126703197	-5649.242651132416	-25.50861589955489	1.1830357808029606	0.7814306745759056	-0.8879990197334455	-0.20941113686828064	0.27898242661649697	-0.34187002121037224	5.095090004279804	15.194573904652056	-17.3349573000234	-5649.242651132416
1738	-5675.846325439585	-5650.335892461593	-25.510432977991925	1.1830357808029606	0.7814306745759056	-0.8879990197334455	-0.20941113686828064	0.27898242661649697	-0.34187002121037224	5.095090004279804	15.194573904652056	-17.336774378460436	-5650.335892461593
1740	-5675.398053449802	-5650.335892461593	-25.06216098820883	1.1830357808029606	0.7814306745759056	-0.8879990197334455	-0.20941113686828064	0.6122403905608923	-0.34187002121037224	5.095090004279804	15.194573904652056	-16.47756438000182	-5650.335892461593
1742	-5674.252097178586	-5649.216027016054	-25.036070162532457	1.1830357808029606	0.7814306745759056	-0.8879990197334455	-0.20941113686828064	0.6122403905608923	-0.34187002121037224	5.095090004279804	15.170762520575273	-16.451473554325446	-5649.216027016054
1744	-5674.252097178586	-5649.216027016054	-25.036070162532457	1.1830357808029606	0.7814306745759056	-0.8879990197334455	-0.20941113686828064	0.6122403905608923	-0.34187002121037224	5.095090004279804	15.170762520575273	-16.451473554325446	-5649.216027016054
1746	-5674.252097178586	-5649.216027016054	-25.036070162532457	1.1830357808029606	0.7814306745759056	-0.8879990197334455	-0.20941113686828064	0.6122403905608923	-0.34187002121037224	5.095090004279804	15.170762520575273	-16.451473554325446	-5649.216027016054
1748	-5674.252097178586	-5649.216027016054	-25.036070162532457	1.1830357808029606	0.7814306745759056	-0.8879990197334455	-0.20941113686828064	0.6122403905608923	-0.34187002121037224	5.095090004279804	15.170762520575273	-16.451473554325446	-5649.216027016054
1750	-5673.71051329729	-5648.939415180059	-24.77109811723087	1.1830357808029606	0.7814306745759056	-0.8879990197334455	-0.20941113686828064	0.6122403905608923	-0.34187002121037224	5.095090004279804	14.894118672667659	-16.18650150902386	-5648.939415180059
1752	-5673.696925686938	-5648.89552818171	-24.801397505228085	1.1830357808029606	0.7814306745759056	-0.8879990197334455	-0.20941113686828064	0.6122403905608923	-0.34187002121037224	5.095090004279804	14.916697508910772	-16.216800897021074	-5648.89552818171
1754	-5673.696925686938	-5648.89552818171	-24.801397505228085	1.1830357808029606	0.7814306745759056	-0.8879990197334455	-0.20941113686828064	0.6122403905608923	-0.34187002121037224	5.095090004279804	14.916697508910772	-16.216800897021074	-5648.89552818171
1756	-5674.385438238407	-5648.879741275828	-25.505696962578924	1.1830357808029606	1.6789408707831097	-0.8879990197334455	-0.20941113686828064	0.6122403905608923	-0.34187002121037224	5.095090004279804	14.91961903504355	-16.052474714792805	-5648.879741275828
1758	-5674.385438238407	-5648.879741275828	-25.505696962578924	1.1830357808029606	1.6789408707831097	-0.8879990197334455	-0.20941113686828064	0.6122403905608923	-0.34187002121037224	5.095090004279804	14.91961903504355	-16.052474714792805	-5648.879741275828
1760	-5673.6957806273695	-5648.222500203913	-25.473280423456032	1.1830357808029606	1.6789408707831097	-0.8879990197334455	-0.20941113686828064	0.6122403905608923	-0.34187002121037224	5.095090004279804	14.908102460105468	-16.020058175669913	-5648.222500203913
1762	-5674.085681609791	-5648.222500203913	-25.863181405877675	2.2924967834568966	0.6756573329297966	-0.8879990197334455	-0.20941113686828064	0.6122403905608923	-0.34187002121037224	5.095090004279804	14.908102460105468	-16.385994809569166	-5648.222500203913
1764	-5674.085681609791	-5648.222500203913	-25.863181405877675	2.2924967834568966	0.6756573329297966	-0.8879990197334455	-0.20941113686828064	0.6122403905608923	-0.34187002121037224	5.095090004279804	14.908102460105468	-16.385994809569166	-5648.222500203913
1766	-5674.085681609791	-5648.222500203913	-25.863181405877675	2.2924967834568966	0.6756573329297966	-0.8879990197334455	-0.20941113686828064	0.6122403905608923	-0.34187002121037224	5.095090004279804	14.908102460105468	-16.385994809569166	-5648.222500203913
1768	-5674.085681609791	-5648.222500203913	-25.863181405877675	2.2924967834568966	0.6756573329297966	-0.8879990197334455	-0.20941113686828064	0.6122403905608923	-0.34187002121037224	5.095090004279804	14.908102460105468	-16.385994809569166	-5648.222500203913
1770	-5673.438305264029	-5647.61020385732	-25.828101406708953	2.2924967834568966	0.6756573329297966	-0.8879990197334455	-0.20941113686828064	0.6122403905608923	-0.34187002121037224	5.095090004279804	14.906398322095171	-16.350914810400443	-5647.61020385732
1772	-5673.519500555502	-5647.61020385732	-25.90929669818279	2.2924967834568966	1.0405787755560887	-0.8879990197334455	-0.20941113686828064	0.6122403905608923	-0.34187002121037224	5.095090004279804	14.906398322095171	-16.076331828047977	-5647.61020385732
1774	-5673.555415578555	-5647.624052506749	-25.931363071805812	2.2924967834568966	1.0405787755560887	-0.8879990197334455	-0.20941113686828064	0.6122403905608923	-0.34187002121037224	5.095090004279804	14.929832615366358	-16.098398201671	-5647.624052506749
1776	-5673.555415578555	-5647.624052506749	-25.931363071805812	2.2924967834568966	1.0405787755560887	-0.8879990197334455	-0.20941113686828064	0.6122403905608923	-0.34187002121037224	5.095090004279804	14.929832615366358	-16.098398201671	-5647.624052506749
1778	-5673.555415578555	-5647.624052506749	-25.931363071805812	2.2924967834568966	1.0405787755560887	-0.8879990197334455	-0.20941113686828064	0.6122403905608923	-0.34187002121037224	5.095090004279804	14.929832615366358	-16.098398201671	-5647.624052506749
1780	-5673.478314273541	-5647.5924616369	-25.88585263664121	2.2924967834568966	0.6539887199124333	-0.8879990197334455	-0.20941113686828064	0.6122403905608923	-0.34187002121037224	5.095090004279804	14.951785895077895	-16.427950867467985	-5647.5924616369
1782	-5673.824607699022	-5647.80386444153	-26.02074325749202	2.2924967834568966	0.6539887199124333	-0.8879990197334455	-0.20941113686828064	0.6122403905608923	-0.34187002121037224	5.167885819105543	15.165408703785477	-16.562841488318792	-5647.80386444153
1784	-5673.824607699022	-5647.80386444153	-26.02074325749202	2.2924967834568966	0.6539887199124333	-0.8879990197334455	-0.20941113686828064	0.6122403905608923	-0.34187002121037224	5.167885819105543	15.165408703785477	-16.562841488318792	-5647.80386444153
1786	-5673.811962051557	-5647.804278589733	-26.00768346182357	2.2924967834568966	0.6539887199124333	-0.8879990197334455	-0.20941113686828064	0.6122403905608923	-0.34187002121037224	5.167885819105543	15.160523665892793	-16.549781692650345	-5647.804278589733
1788	-5673.268997121034	-5647.295741380068	-25.97325574096622	2.2924967834568966	0.6539887199124333	-0.8879990197334455	-0.20941113686828064	0.6122403905608923	-0.34187002121037224	5.167885819105543	15.149986254600112	-16.515353971792994	-5647.295741380068
1790	-5673.268997121034	-5647.295741380068	-25.97325574096622	2.2924967834568966	0.6539887199124333	-0.8879990197334455	-0.20941113686828064	0.6122403905608923	-0.34187002121037224	5.167885819105543	15.149986254600112	-16.515353971792994	-5647.295741380068
1792	-5673.2470007120855	-5647.274449309762	-25.972551402323617	2.2924967834568966	0.6539887199124333	-0.8879990197334455	-0.20941113686828064	0.6122403905608923	-0.34187002121037224	5.167885819105543	15.148643275450219	-16.51464963315039	-5647.274449309762
1794	-5674.003748221646	-5648.034135692832	-25.969612528813904	2.2924967834568966	0.6539887199124333	-0.8879990197334455	-0.20941113686828064	0.6122403905608923	-0.34187002121037224	5.167885819105543	15.148643275450219	-16.51171075964068	-5648.034135692832
1796	-5674.098208793079	-5648.03410937911	-26.064099413968314	2.2924967834568966	0.6539887199124333	-0.8879990197334455	-0.20941113686828064	0.6122403905608923	-0.34187002121037224	5.379460358668212	15.571792354575557	-16.60619764479509	-5648.03410937911
1798	-5674.098208793079	-5648.03410937911	-26.064099413968314	2.2924967834568966	0.6539887199124333	-0.8879990197334455	-0.20941113686828064	0.6122403905608923	-0.34187002121037224	5.379460358668212	15.571792354575557	-16.60619764479509	-5648.03410937911
1800	-5674.201497587281	-5648.03410937911	-26.167388208170237	2.2924967834568966	0.6539887199124333	-0.8879990197334455	-0.07126215686066537	0.6122403905608923	-0.34187002121037224	5.379460358668212	15.571792354575557	-16.60619764479509	-5648.03410937911
1802	-5675.840517655436	-5650.5698189981	-25.2706986573354	2.2924967834568966	0.6539887199124333	-0.8879990197334455	-0.07126215686066537	0.6122403905608923	-0.34187002121037224	4.876209681509239	14.115044925552924	-15.70950809396025	-5650.5698189981
1804	-5675.810710338943	-5650.54954347181	-25.261166867133127	2.2924967834568966	0.6539887199124333	-0.8879990197334455	-0.07126215686066537	0.6122403905608923	-0.34187002121037224	4.876209681509239	14.104325390912743	-15.699976303757976	-5650.54954347181
1806	-5673.979206628078	-5647.962277384107	-26.01692924397004	2.2924967834568966	0.6539887199124333	-0.8879990197334455	-0.07126215686066537	0.6122403905608923	-0.34187002121037224	5.301172597014841	15.333520940499287	-16.45573868059489	-5647.962277384107
1808	-5674.075873703101	-5648.086445805931	-25.98942789716956	2.2924967834568966	0.6539887199124333	-0.8879990197334455	-0.07126215686066537	0.6122403905608923	-0.34187002121037224	5.301172597014841	15.312949857499369	-16.42823733379441	-5648.086445805931
1810	-5674.15797244206	-5648.17690923834	-25.98106320371937	2.2924967834568966	0.6539887199124333	-0.8879990197334455	-0.07126215686066537	0.6122403905608923	-0.34187002121037224	5.301172597014841	15.309785828221429	-16.41987264034422	-5648.17690923834
1812	-5674.15797244206	-5648.17690923834	-25.98106320371937	2.2924967834568966	0.6539887199124333	-0.8879990197334455	-0.07126215686066537	0.6122403905608923	-0.34187002121037224	5.301172597014841	15.309785828221429	-16.41987264034422	-5648.17690923834
1814	-5673.199885337217	-5648.191381028848	-25.00850430836948	2.2924967834568966	0.6539887199124333	-0.8879990197334455	-0.07126215686066537	0.6122403905608923	-0.34187002121037224	3.1196764904072696	10.946793615006289	-15.447313744994334	-5648.191381028848
1816	-5672.298164852437	-5647.2868332561475	-25.011331596290063	2.2924967834568966	0.6539887199124333	-0.8879990197334455	-0.07126215686066537	0.6122403905608923	-0.34187002121037224	3.1196764904072696	10.946793615006289	-15.450141032914912	-5647.2868332561475
1818	-5672.99469414112	-5648.453979131777	-24.54071500934367	2.2924967834568966	0.6539887199124333	-0.8879990197334455	-0.07126215686066537	0.6122403905608923	-0.34187002121037224	3.1196764904072696	10.4947598538632	-14.979524445968524	-5648.453979131777
1820	-5672.937768162611	-5648.38346932989	-24.5542988327204	2.2924967834568966	0.6539887199124333	-0.8879990197334455	-0.07126215686066537	0.6122403905608923	-0.34187002121037224	3.1196764904072696	10.50508457906896	-14.993108269345251	-5648.38346932989
1822	-5672.937768162611	-5648.38346932989	-24.5542988327204	2.2924967834568966	0.6539887199124333	-0.8879990197334455	-0.07126215686066537	0.6122403905608923	-0.34187002121037224	3.1196764904072696	10.50508457906896	-14.993108269345251	-5648.38346932989
1824	-5672.937768162611	-5648.38346932989	-24.5542988327204	2.2924967834568966	0.6539887199124333	-0.8879990197334455	-0.07126215686066537	0.6122403905608923	-0.34187002121037224	3.1196764904072696	10.50508457906896	-14.993108269345251	-5648.38346932989
1826	-5674.6306807821165	-5648.38346932989	-26.24721145222638	4.66840750050326	0.6539887199124333	-0.8879990197334455	-0.07126215686066537	0.6122403905608923	-0.34187002121037224	3.1196764904072696	10.50508457906896	-15.131936865624146	-5648.38346932989
1828	-5674.54764610251	-5648.2841709930235	-26.26347510948694	4.66840750050326	0.6539887199124333	-0.8879990197334455	-0.07126215686066537	0.6122403905608923	-0.34187002121037224	3.1196764904072696	10.52229425196167	-15.148200522884702	-5648.2841709930235
1830	-5674.375776753097	-5648.121711064664	-26.254065688432746	4.66840750050326	0.6539887199124333	-0.8879990197334455	-0.07126215686066537	0.6122403905608923	-0.34187002121037224	3.1196764904072696	10.521802157594642	-15.13879110183051	-5648.121711064664
1832	-5674.375776753097	-5648.121711064664	-26.254065688432746	4.66840750050326	0.6539887199124333	-0.8879990197334455	-0.07126215686066537	0.6122403905608923	-0.34187002121037224	3.1196764904072696	10.521802157594642	-15.13879110183051	-5648.121711064664
1834	-5674.452842292853	-5648.121711064664	-26.33113122818911	4.66840750050326	0.6539887199124333	-0.8879990197334455	-0.07126215686066537	0.6122403905608923	-0.41948523060156884	3.1196764904072696	10.521802157594642	-15.13879110183051	-5648.121711064664
1836	-5674.383109370768	-5648.033166681525	-26.349942689242695	4.66840750050326	0.6539887199124333	-0.8879990197334455	-0.07126215686066537	0.6122403905608923	-0.41948523060156884	3.1196764904072696	10.536056089866403	-15.157602562884096	-5648.033166681525
1838	-5674.314785619497	-5647.942966954528	-26.37181866496917	4.66840750050326	0.6539887199124333	-0.8879990197334455	-0.07126215686066537	0.6122403905608923	-0.41948523060156884	3.1196764904072696	10.552747737270778	-15.179478538610567	-5647.942966954528
1840	-5674.314785619497	-5647.942966954528	-26.37181866496917	4.66840750050326	0.6539887199124333	-0.8879990197334455	-0.07126215686066537	0.6122403905608923	-0.41948523060156884	3.1196764904072696	10.552747737270778	-15.179478538610567	-5647.942966954528
1842	-5674.290641877161	-5647.9208342491165	-26.369807628044608	4.66840750050326	0.6539887199124333	-0.8879990197334455	-0.07126215686066537	0.6122403905608923	-0.41948523060156884	3.1196764904072696	10.550698136924096	-15.177467501686007	-5647.9208342491165
1844	-5674.290641877161	-5647.9208342491165	-26.369807628044608	4.66840750050326	0.6539887199124333	-0.8879990197334455	-0.07126215686066537	0.6122403905608923	-0.41948523060156884	3.1196764904072696	10.550698136924096	-15.177467501686007	-5647.9208342491165
1846	-5674.290641877161	-5647.9208342491165	-26.369807628044608	4.66840750050326	0.6539887199124333	-0.8879990197334455	-0.07126215686066537	0.6122403905608923	-0.41948523060156884	3.1196764904072696	10.550698136924096	-15.177467501686007	-5647.9208342491165
1848	-5674.290641877161	-5647.9208342491165	-26.369807628044608	4.66840750050326	0.6539887199124333	-0.8879990197334455	-0.07126215686066537	0.6122403905608923	-0.41948523060156884	3.1196764904072696	10.550698136924096	-15.177467501686007	-5647.9208342491165
1850	-5675.347699357979	-5649.681587566159	-25.666111791820036	4.66840750050326	0.6539887199124333	-0.8879990197334455	-0.07126215686066537	0.6122403905608923	-0.41948523060156884	1.598000251789546	7.5073456596886485	-14.473771665461435	-5649.681587566159
1852	-5675.347699357979	-5649.681587566159	-25.666111791820036	4.66840750050326	0.6539887199124333	-0.8879990197334455	-0.07126215686066537	0.6122403905608923	-0.41948523060156884	1.598000251789546	7.5073456596886485	-14.473771665461435	-5649.681587566159
1854	-5676.000207227059	-5650.300684305945	-25.699522921113935	4.66840750050326	0.6539887199124333	-0.8879990197334455	-0.07126215686066537	0.6122403905608923	-0.41948523060156884	1.598000251789546	7.509100487436229	-14.507182794755334	-5650.300684305945
1856	-5675.980690213437	-5650.273145923709	-25.70754428972716	4.66840750050326	0.6539887199124333	-0.8879990197334455	-0.07126215686066537	0.6122403905608923	-0.41948523060156884	1.598000251789546	7.515289363248004	-14.515204163368557	-5650.273145923709
1858	-5675.980690213437	-5650.273145923709	-25.70754428972716	4.66840750050326	0.6539887199124333	-0.8879990197334455	-0.07126215686066537	0.6122403905608923	-0.41948523060156884	1.598000251789546	7.515289363248004	-14.515204163368557	-5650.273145923709
1860	-5675.925646160132	-5650.215253847846	-25.710392312285904	4.66840750050326	0.6539887199124333	-0.8879990197334455	-0.07126215686066537	0.6122403905608923	-0.41948523060156884	1.598000251789546	7.515289363248004	-14.518052185927303	-5650.215253847846
1862	-5676.532655287104	-5650.346258011146	-26.18639727595757	4.66840750050326	0.6539887199124333	-0.8879990197334455	-0.07126215686066537	0.6122403905608923	-0.41948523060156884	1.6971991671960682	7.981815293369419	-14.99405714959897	-5650.346258011146
1864	-5676.532655287104	-5650.346258011146	-26.18639727595757	4.66840750050326	0.6539887199124333	-0.8879990197334455	-0.07126215686066537	0.6122403905608923	-0.41948523060156884	1.6971991671960682	7.981815293369419	-14.99405714959897	-5650.346258011146
1866	-5676.532655287104	-5650.346258011146	-26.18639727595757	4.66840750050326	0.6539887199124333	-0.8879990197334455	-0.07126215686066537	0.6122403905608923	-0.41948523060156884	1.6971991671960682	7.981815293369419	-14.99405714959897	-5650.346258011146
1868	-5676.532655287104	-5650.346258011146	-26.18639727595757	4.66840750050326	0.6539887199124333	-0.8879990197334455	-0.07126215686066537	0.6122403905608923	-0.41948523060156884	1.6971991671960682	7.981815293369419	-14.99405714959897	-5650.346258011146
1870	-5676.532655287104	-5650.346258011146	-26.18639727595757	4.66840750050326	0.6539887199124333	-0.8879990197334455	-0.07126215686066537	0.6122403905608923	-0.41948523060156884	1.6971991671960682	7.981815293369419	-14.99405714959897	-5650.346258011146
1872	-5676.532655287104	-5650.346258011146	-26.18639727595757	4.66840750050326	0.6539887199124333	-0.8879990197334455	-0.07126215686066537	0.6122403905608923	-0.41948523060156884	1.6971991671960682	7.981815293369419	-14.99405714959897	-5650.346258011146
1874	-5676.532655287104	-5650.346258011146	-26.18639727595757	4.66840750050326	0.6539887199124333	-0.8879990197334455	-0.07126215686066537	0.6122403905608923	-0.41948523060156884	1.6971991671960682	7.981815293369419	-14.99405714959897	-5650.346258011146
1876	-5676.532655287104	-5650.346258011146	-26.18639727595757	4.66840750050326	0.6539887199124333	-0.8879990197334455	-0.07126215686066537	0.6122403905608923	-0.41948523060156884	1.6971991671960682	7.981815293369419	-14.99405714959897	-5650.346258011146
1878	-5675.757035841737	-5649.613448473232	-26.143587368504548	4.66840750050326	0.6539887199124333	-0.8879990197334455	-0.07126215686066537	0.6122403905608923	-0.41948523060156884	1.6971991671960682	7.979697184083728	-14.951247242145946	-5649.613448473232
1880	-5675.668953603968	-5648.331227329333	-27.33772627463416	4.66840750050326	0.6539887199124333	-0.8879990197334455	-0.07126215686066537	0.6122403905608923	-0.41948523060156884	4.293531487891663	13.172361825474917	-16.14538614827556	-5648.331227329333
1882	-5676.7909246401305	-5648.331227329333	-28.459697310796923	4.66840750050326	0.6539887199124333	-1.4286657530394058	-0.07126215686066537	0.6122403905608923	-0.41948523060156884	4.293531487891663	13.172361825474917	-16.05334268713642	-5648.331227329333
1884	-5676.818257354709	-5648.370235340035	-28.448022014674613	4.66840750050326	0.6539887199124333	-1.4286657530394058	-0.07126215686066537	0.6122403905608923	-0.41948523060156884	4.293531487891663	13.160200380816207	-16.041667391014112	-5648.370235340035
1886	-5678.804992200731	-5648.370235340035	-30.434756860695906	8.867817424047661	0.6539887199124333	-1.4286657530394058	-0.07126215686066537	0.6122403905608923	-0.41948523060156884	4.293531487891663	13.160200380816207	-16.192354083911848	-5648.370235340035
1888	-5678.902210896305	-5648.4532967779705	-30.44891411833499	8.867817424047661	0.6539887199124333	-1.4286657530394058	-0.07126215686066537	0.6122403905608923	-0.41948523060156884	4.293531487891663	13.165064564563242	-16.206511341550932	-5648.4532967779705
1890	-5678.902210896305	-5648.4532967779705	-30.44891411833499	8.867817424047661	0.6539887199124333	-1.4286657530394058	-0.07126215686066537	0.6122403905608923	-0.41948523060156884	4.293531487891663	13.165064564563242	-16.206511341550932	-5648.4532967779705
1892	-5678.902210896305	-5648.4532967779705	-30.44891411833499	8.867817424047661	0.6539887199124333	-1.4286657530394058	-0.07126215686066537	0.6122403905608923	-0.41948523060156884	4.293531487891663	13.165064564563242	-16.206511341550932	-5648.4532967779705
1894	-5679.314413111996	-5648.10009377991	-31.214319332086383	8.867817424047661	1.8588208979477476	-1.4286657530394058	-0.07126215686066537	0.6122403905608923	-0.41948523060156884	4.293531487891663	13.124916637872962	-15.825315009157466	-5648.10009377991
1896	-5679.299824192772	-5648.10009377991	-31.19973041286132	8.867817424047661	1.8588208979477476	-1.4286657530394058	-0.08205271119373427	0.6122403905608923	-0.41948523060156884	4.293531487891663	13.124916637872962	-15.825315009157466	-5648.10009377991
1898	-5679.299824192772	-5648.10009377991	-31.19973041286132	8.867817424047661	1.8588208979477476	-1.4286657530394058	-0.08205271119373427	0.6122403905608923	-0.41948523060156884	4.293531487891663	13.124916637872962	-15.825315009157466	-5648.10009377991
1900	-5679.299824192772	-5648.10009377991	-31.19973041286132	8.867817424047661	1.8588208979477476	-1.4286657530394058	-0.08205271119373427	0.6122403905608923	-0.41948523060156884	4.293531487891663	13.124916637872962	-15.825315009157466	-5648.10009377991
1902	-5678.675597273056	-5648.194619288862	-30.4809779841942	8.867817424047661	1.1760431380508962	-1.4286657530394058	-0.08205271119373427	0.6122403905608923	-0.41948523060156884	4.293531487891663	13.08002936626077	-15.743366467860923	-5648.194619288862
1904	-5678.568765754855	-5648.194619288862	-30.374146465993533	8.867817424047661	1.1760431380508962	-1.4286657530394058	-0.16387183778383546	0.6122403905608923	-0.41948523060156884	4.293531487891663	13.08002936626077	-15.743366467860923	-5648.194619288862
1906	-5679.154749713402	-5648.780615083246	-30.37413463015706	8.867817424047661	1.1760431380508962	-1.4286657530394058	-0.16387183778383546	0.6122403905608923	-0.41948523060156884	4.293531487891663	13.08002936626077	-15.743354632024447	-5648.780615083246
1908	-5679.019734362464	-5648.700955635704	-30.318778726759444	8.867817424047661	1.1760431380508962	-1.4286657530394058	-0.16387183778383546	0.6122403905608923	-0.41948523060156884	4.271326686410913	13.012383546902212	-15.687998728626834	-5648.700955635704
1910	-5679.019734362464	-5648.700955635704	-30.318778726759444	8.867817424047661	1.1760431380508962	-1.4286657530394058	-0.16387183778383546	0.6122403905608923	-0.41948523060156884	4.271326686410913	13.012383546902212	-15.687998728626834	-5648.700955635704
1912	-5679.019734362464	-5648.700955635704	-30.318778726759444	8.867817424047661	1.1760431380508962	-1.4286657530394058	-0.16387183778383546	0.6122403905608923	-0.41948523060156884	4.271326686410913	13.012383546902212	-15.687998728626834	-5648.700955635704
1914	-5679.019734362464	-5648.700955635704	-30.318778726759444	8.867817424047661	1.1760431380508962	-1.4286657530394058	-0.16387183778383546	0.6122403905608923	-0.41948523060156884	4.271326686410913	13.012383546902212	-15.687998728626834	-5648.700955635704
1916	-5681.729841418912	-5648.700955635704	-33.02888578320776	8.867817424047661	1.1760431380508962	-1.4286657530394058	-0.16387183778383546	1.3835155265184016	-0.41948523060156884	4.271326686410913	13.012383546902212	-16.535290340527425	-5648.700955635704
1918	-5681.729841418912	-5648.700955635704	-33.02888578320776	8.867817424047661	1.1760431380508962	-1.4286657530394058	-0.16387183778383546	1.3835155265184016	-0.41948523060156884	4.271326686410913	13.012383546902212	-16.535290340527425	-5648.700955635704
1920	-5681.257655028996	-5648.700955635704	-32.5566993932917	8.867817424047661	1.1760431380508962	-1.4286657530394058	-0.16387183778383546	1.3835155265184016	-0.13518093767155126	4.271326686410913	13.012383546902212	-16.535290340527425	-5648.700955635704
1922	-5682.061045047686	-5649.966987185389	-32.09405786229692	8.867817424047661	1.1760431380508962	-1.4286657530394058	-0.16387183778383546	1.3835155265184016	-0.13518093767155126	3.947530604439873	12.025954945457128	-16.07264880953264	-5649.966987185389
1924	-5682.061045047686	-5649.966987185389	-32.09405786229692	8.867817424047661	1.1760431380508962	-1.4286657530394058	-0.16387183778383546	1.3835155265184016	-0.13518093767155126	3.947530604439873	12.025954945457128	-16.07264880953264	-5649.966987185389
1926	-5682.061045047686	-5649.966987185389	-32.09405786229692	8.867817424047661	1.1760431380508962	-1.4286657530394058	-0.16387183778383546	1.3835155265184016	-0.13518093767155126	3.947530604439873	12.025954945457128	-16.07264880953264	-5649.966987185389
1928	-5682.749959807547	-5649.9655712144995	-32.78438859304805	8.867817424047661	1.1760431380508962	-1.4286657530394058	-0.16387183778383546	1.3835155265184016	-0.13518093767155126	6.820759640118842	17.77241301681507	-16.762979540283776	-5649.9655712144995
1930	-5681.042699930156	-5649.9655712144995	-31.077128715657167	5.035343471260061	1.1760431380508962	-1.4286657530394058	-0.16387183778383546	1.3835155265184016	-0.13518093767155126	6.820759640118842	17.77241301681507	-16.6966575395035	-5649.9655712144995
1932	-5681.012343569805	-5649.958941501273	-31.053402068531593	5.035343471260061	1.1760431380508962	-1.4286657530394058	-0.16387183778383546	1.3835155265184016	-0.13518093767155126	6.820759640118842	17.75615131811472	-16.672930892377927	-5649.958941501273
1934	-5680.968166850351	-5649.898691241391	-31.069475608959422	5.035343471260061	1.1760431380508962	-1.4286657530394058	-0.16387183778383546	1.3835155265184016	-0.13518093767155126	6.820759640118842	17.76717847850671	-16.689004432805756	-5649.898691241391
1936	-5680.968166850351	-5649.898691241391	-31.069475608959422	5.035343471260061	1.1760431380508962	-1.4286657530394058	-0.16387183778383546	1.3835155265184016	-0.13518093767155126	6.820759640118842	17.76717847850671	-16.689004432805756	-5649.898691241391
1938	-5679.177615735634	-5649.898691241391	-29.278924494242947	2.3111450235446624	1.1760431380508962	-1.4286657530394058	-0.16387183778383546	1.3835155265184016	-0.13518093767155126	6.820759640118842	17.76717847850671	-16.63279184808383	-5649.898691241391
1940	-5677.807070873909	-5649.898691241391	-27.908379632517835	0.8504262009325267	1.1760431380508962	-1.4286657530394058	-0.16387183778383546	1.3835155265184016	-0.13518093767155126	6.820759640118842	17.76717847850671	-16.599789589848093	-5649.898691241391
1942	-5677.807070873909	-5649.898691241391	-27.908379632517835	0.8504262009325267	1.1760431380508962	-1.4286657530394058	-0.16387183778383546	1.3835155265184016	-0.13518093767155126	6.820759640118842	17.76717847850671	-16.599789589848093	-5649.898691241391
1944	-5678.160803517834	-5649.898691241391	-28.262112276442767	0.8504262009325267	1.1760431380508962	-1.4286657530394058	-0.16387183778383546	1.3835155265184016	-0.35254444888363784	6.820759640118842	17.76717847850671	-16.599789589848093	-5649.898691241391
1946	-5678.160803517834	-5649.898691241391	-28.262112276442767	0.8504262009325267	1.1760431380508962	-1.4286657530394058	-0.16387183778383546	1.3835155265184016	-0.35254444888363784	6.820759640118842	17.76717847850671	-16.599789589848093	-5649.898691241391
1948	-5675.9637320227075	-5649.898691241391	-26.065040781316185	0.8504262009325267	1.1760431380508962	-1.4286657530394058	-0.16387183778383546	0.8449319135781489	-0.35254444888363784	6.820759640118842	17.76717847850671	-15.792798031257947	-5649.898691241391
1950	-5675.9637320227075	-5649.898691241391	-26.065040781316185	0.8504262009325267	1.1760431380508962	-1.4286657530394058	-0.16387183778383546	0.8449319135781489	-0.35254444888363784	6.820759640118842	17.76717847850671	-15.792798031257947	-5649.898691241391
1952	-5675.9637320227075	-5649.898691241391	-26.065040781316185	0.8504262009325267	1.1760431380508962	-1.4286657530394058	-0.16387183778383546	0.8449319135781489	-0.35254444888363784	6.820759640118842	17.76717847850671	-15.792798031257947	-5649.898691241391
1954	-5676.047764756614	-5648.911008839631	-27.13675591698304	0.8504262009325267	1.1760431380508962	-1.4286657530394058	-0.16387183778383546	0.8449319135781489	-0.35254444888363784	7.568297944877788	19.7144170825548	-16.864513166924805	-5648.911008839631
1956	-5675.008331913801	-5648.531889200864	-26.476442712937626	0.8504262009325267	1.1760431380508962	-1.4286657530394058	-0.16387183778383546	0.8449319135781489	-0.35254444888363784	7.110850310122014	18.522826380036662	-16.204199962879386	-5648.531889200864
1958	-5675.008331913801	-5648.531889200864	-26.476442712937626	0.8504262009325267	1.1760431380508962	-1.4286657530394058	-0.16387183778383546	0.8449319135781489	-0.35254444888363784	7.110850310122014	18.522826380036662	-16.204199962879386	-5648.531889200864
1960	-5675.008161534729	-5648.537864526035	-26.470297008693272	0.8504262009325267	1.1760431380508962	-1.4286657530394058	-0.16387183778383546	0.8449319135781489	-0.35254444888363784	7.110850310122014	18.51585317974102	-16.198054258635036	-5648.537864526035
1962	-5675.008161534729	-5648.537864526035	-26.470297008693272	0.8504262009325267	1.1760431380508962	-1.4286657530394058	-0.16387183778383546	0.8449319135781489	-0.35254444888363784	7.110850310122014	18.51585317974102	-16.198054258635036	-5648.537864526035
1964	-5675.000443732173	-5648.537892473244	-26.462551258929317	0.8504262009325267	1.1760431380508962	-1.4286657530394058	-0.16387183778383546	0.8449319135781489	-0.35254444888363784	7.110850310122014	18.513169034564967	-16.19030850887108	-5648.537892473244
1966	-5675.000443732173	-5648.537892473244	-26.462551258929317	0.8504262009325267	1.1760431380508962	-1.4286657530394058	-0.16387183778383546	0.8449319135781489	-0.35254444888363784	7.110850310122014	18.513169034564967	-16.19030850887108	-5648.537892473244
1968	-5675.032121891369	-5648.537892473244	-26.494229418124284	0.8504262009325267	1.1760431380508962	-1.4286657530394058	-0.13906892982005356	0.8449319135781489	-0.35254444888363784	7.110850310122014	18.513169034564967	-16.19030850887108	-5648.537892473244
1970	-5675.032896822006	-5648.529521710545	-26.50337511146098	0.8504262009325267	1.1760431380508962	-1.4286657530394058	-0.13906892982005356	0.8449319135781489	-0.35254444888363784	7.110850310122014	18.52355775003649	-16.199454202207775	-5648.529521710545
1972	-5674.004177532584	-5647.187221537227	-26.816955995357983	0.8504262009325267	1.1760431380508962	-1.4286657530394058	-0.13906892982005356	0.8449319135781489	-0.35254444888363784	7.110850310122014	18.834228237391127	-16.51303508610478	-5647.187221537227
1974	-5674.004177532584	-5647.187221537227	-26.816955995357983	0.8504262009325267	1.1760431380508962	-1.4286657530394058	-0.13906892982005356	0.8449319135781489	-0.35254444888363784	7.110850310122014	18.834228237391127	-16.51303508610478	-5647.187221537227
1976	-5674.015476595158	-5647.189705868716	-26.825770726441572	0.8504262009325267	1.1760431380508962	-1.4286657530394058	-0.13906892982005356	0.8449319135781489	-0.35254444888363784	7.110850310122014	18.83728259212337	-16.521849817188368	-5647.189705868716
1978	-5674.015476595158	-5647.189705868716	-26.825770726441572	0.8504262009325267	1.1760431380508962	-1.4286657530394058	-0.13906892982005356	0.8449319135781489	-0.35254444888363784	7.110850310122014	18.83728259212337	-16.521849817188368	-5647.189705868716
1980	-5674.027964996096	-5647.181652755324	-26.846312240772413	0.8504262009325267	1.1760431380508962	-1.4286657530394058	-0.13906892982005356	0.8449319135781489	-0.35254444888363784	7.110850310122014	18.853467407727354	-16.54239133151921	-5647.181652755324
1982	-5674.266153545072	-5647.181652755324	-27.084500789747587	0.8504262009325267	1.1760431380508962	-1.4286657530394058	-0.13906892982005356	0.8449319135781489	-0.5372137866304303	7.110850310122014	18.853467407727354	-16.54239133151921	-5647.181652755324
1984	-5674.810904631977	-5647.726544229215	-27.084360402762464	0.8504262009325267	1.1760431380508962	-1.4286657530394058	-0.13906892982005356	0.8449319135781489	-0.5372137866304303	7.110850310122014	18.853467407727354	-16.542250944534086	-5647.726544229215
1986	-5674.77289167688	-5647.6738702203	-27.09902145657963	0.8504262009325267	1.1760431380508962	-1.4286657530394058	-0.13906892982005356	0.8449319135781489	-0.5372137866304303	7.110850310122014	18.865080742269654	-16.556911998351254	-5647.6738702203
1988	-5674.389507062292	-5647.2047686721535	-27.184738390138854	0.8504262009325267	1.1760431380508962	-1.4286657530394058	-0.13906892982005356	0.8449319135781489	-0.5372137866304303	7.110850310122014	18.91567870924685	-16.642628931910476	-5647.2047686721535
1990	-5674.389507062292	-5647.2047686721535	-27.184738390138854	0.8504262009325267	1.1760431380508962	-1.4286657530394058	-0.13906892982005356	0.8449319135781489	-0.5372137866304303	7.110850310122014	18.91567870924685	-16.642628931910476	-5647.2047686721535
1992	-5674.389507062292	-5647.2047686721535	-27.184738390138854	0.8504262009325267	1.1760431380508962	-1.4286657530394058	-0.13906892982005356	0.8449319135781489	-0.5372137866304303	7.110850310122014	18.91567870924685	-16.642628931910476	-5647.2047686721535
1994	-5674.389507062292	-5647.2047686721535	-27.184738390138854	0.8504262009325267	1.1760431380508962	-1.4286657530394058	-0.13906892982005356	0.8449319135781489	-0.5372137866304303	7.110850310122014	18.91567870924685	-16.642628931910476	-5647.2047686721535
1996	-5674.389507062292	-5647.2047686721535	-27.184738390138854	0.8504262009325267	1.1760431380508962	-1.4286657530394058	-0.13906892982005356	0.8449319135781489	-0.5372137866304303	7.110850310122014	18.91567870924685	-16.642628931910476	-5647.2047686721535
1998	-5674.389507062292	-5647.2047686721535	-27.184738390138854	0.8504262009325267	1.1760431380508962	-1.4286657530394058	-0.13906892982005356	0.8449319135781489	-0.5372137866304303	7.110850310122014	18.91567870924685	-16.642628931910476	-5647.2047686721535
2000	-5674.574914756215	-5647.204768442688	-27.370146313527073	0.8504262009325267	1.1760431380508962	-1.4286657530394058	-0.13906892982005356	0.8449319135781489	-0.5372137866304303	7.549182612458232	19.792343313919286	-16.828036855298695	-5647.204768442688
2002	-5673.444652529676	-5647.204897597437	-26.23975493223986	0.8504262009325267	1.1760431380508962	-1.4286657530394058	-0.13906892982005356	0.8449319135781489	-0.5372137866304303	4.875294013877069	14.444566116756954	-15.697645474011482	-5647.204897597437
2004	-5673.444652529676	-5647.204897597437	-26.23975493223986	0.8504262009325267	1.1760431380508962	-1.4286657530394058	-0.13906892982005356	0.8449319135781489	-0.5372137866304303	4.875294013877069	14.444566116756954	-15.697645474011482	-5647.204897597437
2006	-5673.444652529676	-5647.204897597437	-26.23975493223986	0.8504262009325267	1.1760431380508962	-1.4286657530394058	-0.13906892982005356	0.8449319135781489	-0.5372137866304303	4.875294013877069	14.444566116756954	-15.697645474011482	-5647.204897597437
2008	-5673.444652529676	-5647.204897597437	-26.23975493223986	0.8504262009325267	1.1760431380508962	-1.4286657530394058	-0.13906892982005356	0.8449319135781489	-0.5372137866304303	4.875294013877069	14.444566116756954	-15.697645474011482	-5647.204897597437
2010	-5673.455300152224	-5647.219817825808	-26.235482326415863	0.8504262009325267	1.1760431380508962	-1.4286657530394058	-0.13906892982005356	0.8449319135781489	-0.5372137866304303	4.875294013877069	14.441182274999289	-15.693372868187485	-5647.219817825808
2012	-5673.40829441122	-5647.18714748351	-26.221146927709988	0.8504262009325267	1.1760431380508962	-1.4286657530394058	-0.13906892982005356	0.8449319135781489	-0.5372137866304303	4.875294013877069	14.424321859010274	-15.67903746948161	-5647.18714748351
2014	-5673.252074104245	-5647.18714748351	-26.064926620735967	0.8504262009325267	1.1760431380508962	-1.4286657530394058	-0.266504252855629	0.8449319135781489	-0.5372137866304303	4.875294013877069	14.424321859010274	-15.67903746948161	-5647.18714748351
2016	-5671.811689247296	-5647.18714748351	-24.624541763786656	0.8504262009325267	1.1760431380508962	-0.6731924641178733	-0.4905269839996647	0.8449319135781489	-0.5372137866304303	4.875294013877069	14.424321859010274	-15.691227820054872	-5647.18714748351
2018	-5672.259448166376	-5647.434429492214	-24.82501867416284	0.8504262009325267	1.1760431380508962	-0.6731924641178733	-0.4905269839996647	0.8449319135781489	-0.5372137866304303	4.994164962509511	14.776020201280437	-15.891704730431057	-5647.434429492214
2020	-5672.297255190704	-5647.4877620410325	-24.809493149671795	0.8504262009325267	1.1760431380508962	-0.6731924641178733	-0.4905269839996647	0.8449319135781489	-0.5372137866304303	4.994164962509511	14.762382866385119	-15.87617920594001	-5647.4877620410325
2022	-5672.297255190704	-5647.4877620410325	-24.809493149671795	0.8504262009325267	1.1760431380508962	-0.6731924641178733	-0.4905269839996647	0.8449319135781489	-0.5372137866304303	4.994164962509511	14.762382866385119	-15.87617920594001	-5647.4877620410325
2024	-5672.297255190704	-5647.4877620410325	-24.809493149671795	0.8504262009325267	1.1760431380508962	-0.6731924641178733	-0.4905269839996647	0.8449319135781489	-0.5372137866304303	4.994164962509511	14.762382866385119	-15.87617920594001	-5647.4877620410325
2026	-5672.297255190704	-5647.4877620410325	-24.809493149671795	0.8504262009325267	1.1760431380508962	-0.6731924641178733	-0.4905269839996647	0.8449319135781489	-0.5372137866304303	4.994164962509511	14.762382866385119	-15.87617920594001	-5647.4877620410325
2028	-5672.818230805322	-5647.977824564282	-24.840406241040313	0.8504262009325267	1.1760431380508962	-0.6731924641178733	-0.4905269839996647	0.8449319135781489	-0.5372137866304303	4.994164962509511	14.763790641926063	-15.907092297308528	-5647.977824564282
2030	-5672.632837517198	-5647.978056899858	-24.65478061734032	0.8504262009325267	1.1760431380508962	-0.6731924641178733	-0.4905269839996647	0.8449319135781489	-0.5372137866304303	4.53244863851974	13.840357993946519	-15.721466673608537	-5647.978056899858
2032	-5672.159215717774	-5647.502628863234	-24.656586854539622	0.8504262009325267	1.1760431380508962	-0.6731924641178733	-0.4905269839996647	0.8449319135781489	-0.5372137866304303	4.53244863851974	13.840357993946522	-15.723272910807838	-5647.502628863234
2034	-5672.159215717774	-5647.502628863234	-24.656586854539622	0.8504262009325267	1.1760431380508962	-0.6731924641178733	-0.4905269839996647	0.8449319135781489	-0.5372137866304303	4.53244863851974	13.840357993946522	-15.723272910807838	-5647.502628863234
2036	-5672.159215717774	-5647.502628863234	-24.656586854539622	0.8504262009325267	1.1760431380508962	-0.6731924641178733	-0.4905269839996647	0.8449319135781489	-0.5372137866304303	4.53244863851974	13.840357993946522	-15.723272910807838	-5647.502628863234
2038	-5672.159215717774	-5647.502628863234	-24.656586854539622	0.8504262009325267	1.1760431380508962	-0.6731924641178733	-0.4905269839996647	0.8449319135781489	-0.5372137866304303	4.53244863851974	13.840357993946522	-15.723272910807838	-5647.502628863234
2040	-5671.995015017862	-5647.503261505578	-24.491753512284326	0.8504262009325267	1.1760431380508962	-0.6731924641178733	-0.4905269839996647	0.8449319135781489	-0.5372137866304303	4.122256629297149	13.01997397550134	-15.558439568552544	-5647.503261505578
2042	-5671.439153568636	-5647.566243984833	-23.87290958380352	0.8504262009325267	1.1760431380508962	-0.6731924641178733	-0.4905269839996647	0.8449319135781489	-0.5372137866304303	2.5801126076854155	9.935685932277872	-14.939595640071735	-5647.566243984833
2044	-5671.439153568636	-5647.566243984833	-23.87290958380352	0.8504262009325267	1.1760431380508962	-0.6731924641178733	-0.4905269839996647	0.8449319135781489	-0.5372137866304303	2.5801126076854155	9.935685932277872	-14.939595640071735	-5647.566243984833
2046	-5673.176084878654	-5648.9868486166815	-24.189236261972873	0.8504262009325267	1.1760431380508962	-0.6731924641178733	-0.4905269839996647	0.8449319135781489	-0.5372137866304303	2.688920580327842	10.354691614387564	-15.255922318241089	-5648.9868486166815
2048	-5673.176084878654	-5648.9868486166815	-24.189236261972873	0.8504262009325267	1.1760431380508962	-0.6731924641178733	-0.4905269839996647	0.8449319135781489	-0.5372137866304303	2.688920580327842	10.354691614387564	-15.255922318241089	-5648.9868486166815
2050	-5673.208498415994	-5648.994665625152	-24.21383279084106	0.8504262009325267	1.1760431380508962	-0.6731924641178733	-0.4905269839996647	0.8449319135781489	-0.5372137866304303	2.688920580327842	10.376493802065609	-15.280518847109274	-5648.994665625152
2052	-5673.208498415994	-5648.994665625152	-24.21383279084106	0.8504262009325267	1.1760431380508962	-0.6731924641178733	-0.4905269839996647	0.8449319135781489	-0.5372137866304303	2.688920580327842	10.376493802065609	-15.280518847109274	-5648.994665625152
2054	-5673.208029675483	-5648.994138942542	-24.213890732941213	0.8504262009325267	1.1760431380508962	-0.6731924641178733	-0.4905269839996647	0.8449319135781489	-0.5372137866304303	2.688920580327842	10.376493802065609	-15.280576789209428	-5648.994138942542
2056	-5673.208029675483	-5648.994138942542	-24.213890732941213	0.8504262009325267	1.1760431380508962	-0.6731924641178733	-0.4905269839996647	0.8449319135781489	-0.5372137866304303	2.688920580327842	10.376493802065609	-15.280576789209428	-5648.994138942542
2058	-5673.275631589842	-5648.994138942542	-24.281492647300286	0.8504262009325267	1.1760431380508962	-0.6731924641178733	-1.083765851400784	0.8449319135781489	-0.5372137866304303	2.688920580327842	10.376493802065609	-15.280576789209428	-5648.994138942542
2060	-5671.829211846405	-5647.790777743386	-24.038434103019846	0.8504262009325267	1.1760431380508962	-0.6731924641178733	-1.083765851400784	0.8449319135781489	-0.5372137866304303	2.605697947268202	10.055339230802797	-15.037518244928986	-5647.790777743386
2062	-5671.829211846405	-5647.790777743386	-24.038434103019846	0.8504262009325267	1.1760431380508962	-0.6731924641178733	-1.083765851400784	0.8449319135781489	-0.5372137866304303	2.605697947268202	10.055339230802797	-15.037518244928986	-5647.790777743386
2064	-5671.049382761392	-5647.483335101762	-23.56604765962973	0.8504262009325267	1.1760431380508962	-0.6731924641178733	-1.083765851400784	0.8449319135781489	-0.5372137866304303	2.4411585743219155	9.42038489408351	-14.565131801538872	-5647.483335101762
2066	-5671.048167959002	-5647.5072278237885	-23.54094013521339	0.8504262009325267	1.1760431380508962	-0.6731924641178733	-1.083765851400784	0.8449319135781489	-0.5372137866304303	2.4411585743219155	9.395463197813228	-14.540024277122532	-5647.5072278237885
2068	-5671.048167959002	-5647.5072278237885	-23.54094013521339	0.8504262009325267	1.1760431380508962	-0.6731924641178733	-1.083765851400784	0.8449319135781489	-0.5372137866304303	2.4411585743219155	9.395463197813228	-14.540024277122532	-5647.5072278237885
2070	-5671.048167959002	-5647.5072278237885	-23.54094013521339	0.8504262009325267	1.1760431380508962	-0.6731924641178733	-1.083765851400784	0.8449319135781489	-0.5372137866304303	2.4411585743219155	9.395463197813228	-14.540024277122532	-5647.5072278237885
2072	-5671.593200965991	-5647.5072278237885	-24.08597314220237	1.313804342318867	1.1760431380508962	-0.6731924641178733	-1.083765851400784	0.8449319135781489	-0.5372137866304303	2.4411585743219155	9.395463197813228	-14.625992917913903	-5647.5072278237885
2074	-5671.593200965991	-5647.5072278237885	-24.08597314220237	1.313804342318867	1.1760431380508962	-0.6731924641178733	-1.083765851400784	0.8449319135781489	-0.5372137866304303	2.4411585743219155	9.395463197813228	-14.625992917913903	-5647.5072278237885
2076	-5671.593200965991	-5647.5072278237885	-24.08597314220237	1.313804342318867	1.1760431380508962	-0.6731924641178733	-1.083765851400784	0.8449319135781489	-0.5372137866304303	2.4411585743219155	9.395463197813228	-14.625992917913903	-5647.5072278237885
2078	-5673.6293019423865	-5648.857485159388	-24.771816782999082	1.313804342318867	1.1760431380508962	-0.6731924641178733	-1.083765851400784	0.8449319135781489	-0.5372137866304303	2.681971664412171	10.322297918545429	-15.311836558710613	-5648.857485159388
2080	-5674.5218802658555	-5648.809212842265	-25.71266742359062	1.313804342318867	1.1760431380508962	-0.6731924641178733	-1.083765851400784	0.8449319135781489	-0.5372137866304303	5.095177761031566	15.148710111784219	-16.25268719930215	-5648.809212842265
2082	-5674.5218802658555	-5648.809212842265	-25.71266742359062	1.313804342318867	1.1760431380508962	-0.6731924641178733	-1.083765851400784	0.8449319135781489	-0.5372137866304303	5.095177761031566	15.148710111784219	-16.25268719930215	-5648.809212842265
2084	-5674.5218802658555	-5648.809212842265	-25.71266742359062	1.313804342318867	1.1760431380508962	-0.6731924641178733	-1.083765851400784	0.8449319135781489	-0.5372137866304303	5.095177761031566	15.148710111784219	-16.25268719930215	-5648.809212842265
2086	-5674.5218802658555	-5648.809212842265	-25.71266742359062	1.313804342318867	1.1760431380508962	-0.6731924641178733	-1.083765851400784	0.8449319135781489	-0.5372137866304303	5.095177761031566	15.148710111784219	-16.25268719930215	-5648.809212842265
2088	-5674.5218802658555	-5648.809212842265	-25.71266742359062	1.313804342318867	1.1760431380508962	-0.6731924641178733	-1.083765851400784	0.8449319135781489	-0.5372137866304303	5.095177761031566	15.148710111784219	-16.25268719930215	-5648.809212842265
2090	-5674.287096473821	-5648.638545362297	-25.648551111523844	1.313804342318867	1.1760431380508962	-0.6731924641178733	-1.083765851400784	0.8449319135781489	-0.5372137866304303	5.095177761031566	15.104964587276449	-16.188570887235375	-5648.638545362297
2092	-5672.763956052818	-5648.426252221949	-24.33770383086872	0.9218145528797025	1.1760431380508962	-0.6731924641178733	-1.083765851400784	0.8449319135781489	-0.5372137866304303	4.572715796258544	13.556094293397319	-15.265992507378606	-5648.426252221949
2094	-5672.763956052818	-5648.426252221949	-24.33770383086872	0.9218145528797025	1.1760431380508962	-0.6731924641178733	-1.083765851400784	0.8449319135781489	-0.5372137866304303	4.572715796258544	13.556094293397319	-15.265992507378606	-5648.426252221949
2096	-5673.092148619625	-5648.419471206946	-24.67267741267954	0.9218145528797025	1.1760431380508962	-0.6731924641178733	-1.5902894600900743	0.8449319135781489	-0.5372137866304303	4.572715796258544	13.559255090549687	-15.264717892351289	-5648.419471206946
2098	-5672.134085572549	-5647.391395856938	-24.74268971561144	0.9218145528797025	1.1760431380508962	-0.6731924641178733	-1.5902894600900743	0.8449319135781489	-0.5372137866304303	4.572715796258544	13.604267327550035	-15.334730195283191	-5647.391395856938
2100	-5672.309548207442	-5647.391214430717	-24.91833377672571	0.9218145528797025	1.1760431380508962	-0.6731924641178733	-1.5902894600900743	0.8449319135781489	-0.5372137866304303	5.0124525232257575	14.483740781484464	-15.51037425639746	-5647.391214430717
2102	-5672.309548207442	-5647.391214430717	-24.91833377672571	0.9218145528797025	1.1760431380508962	-0.6731924641178733	-1.5902894600900743	0.8449319135781489	-0.5372137866304303	5.0124525232257575	14.483740781484464	-15.51037425639746	-5647.391214430717
2104	-5672.877282405138	-5647.443258011529	-25.434024393609132	0.9218145528797025	1.1760431380508962	-0.6731924641178733	-1.5902894600900743	0.8449319135781489	-0.5372137866304303	5.338058654014514	15.424596534901458	-16.02606487328088	-5647.443258011529
2106	-5672.877282405138	-5647.443258011529	-25.434024393609132	0.9218145528797025	1.1760431380508962	-0.6731924641178733	-1.5902894600900743	0.8449319135781489	-0.5372137866304303	5.338058654014514	15.424596534901458	-16.02606487328088	-5647.443258011529
2108	-5672.457125075049	-5647.443258011529	-25.01386706351953	0.9218145528797025	1.1760431380508962	-0.6731924641178733	-0.7006194552403221	0.8449319135781489	-0.5372137866304303	5.338058654014514	15.424596534901458	-16.02606487328088	-5647.443258011529
2110	-5672.453449147047	-5647.450350592096	-25.003098554950753	0.9218145528797025	1.1760431380508962	-0.6731924641178733	-0.7006194552403221	0.8449319135781489	-0.5372137866304303	5.338058654014514	15.412119968806403	-16.015296364712103	-5647.450350592096
2112	-5673.845972844322	-5648.929021782898	-24.91695106142364	0.9218145528797025	1.1760431380508962	-0.6731924641178733	-0.7006194552403221	0.8449319135781489	-0.5372137866304303	5.338058654014514	15.351520343224575	-15.92914887118499	-5648.929021782898
2114	-5672.8752626142	-5648.957128068022	-23.91813454617849	0.9218145528797025	1.1760431380508962	-0.6731924641178733	-0.7006194552403221	0.8449319135781489	-0.5372137866304303	2.8389707104218953	10.353344456039338	-14.93033235593984	-5648.957128068022
2116	-5672.803900778918	-5648.886308140211	-23.917592638706896	0.9218145528797025	1.1760431380508962	-0.6731924641178733	-0.7006194552403221	0.8449319135781489	-0.5372137866304303	2.8389707104218953	10.350570266736915	-14.929790448468246	-5648.886308140211
2118	-5672.690041158063	-5648.886308140211	-23.80373301785108	0.9218145528797025	1.1760431380508962	-0.6731924641178733	-1.2294332777551795	0.8449319135781489	-0.32722673267225005	2.8389707104218953	10.350570266736915	-14.929790448468246	-5648.886308140211
2120	-5672.571557758817	-5648.967262759547	-23.60429499926957	0.9218145528797025	1.1760431380508962	-0.6731924641178733	-1.2294332777551795	0.8449319135781489	-0.32722673267225005	2.756827102676784	10.062015278923589	-14.730352429886738	-5648.967262759547
2122	-5672.604929140491	-5649.001293777238	-23.6036353632524	0.9218145528797025	1.1760431380508962	-0.6731924641178733	-1.2294332777551795	0.8449319135781489	-0.32722673267225005	2.756827102676784	10.064212853153418	-14.729692793869567	-5649.001293777238
2124	-5672.604929140491	-5649.001293777238	-23.6036353632524	0.9218145528797025	1.1760431380508962	-0.6731924641178733	-1.2294332777551795	0.8449319135781489	-0.32722673267225005	2.756827102676784	10.064212853153418	-14.729692793869567	-5649.001293777238
2126	-5672.604929140491	-5649.001293777238	-23.6036353632524	0.9218145528797025	1.1760431380508962	-0.6731924641178733	-1.2294332777551795	0.8449319135781489	-0.32722673267225005	2.756827102676784	10.064212853153418	-14.729692793869567	-5649.001293777238
2128	-5673.061651686248	-5649.402137066121	-23.659514620127162	0.9218145528797025	1.1760431380508962	-0.6731924641178733	-1.2294332777551795	0.8449319135781489	-0.32722673267225005	2.756827102676784	10.09908372867097	-14.785572050744328	-5649.402137066121
2130	-5673.109844875362	-5649.440051609788	-23.669793265573894	0.9218145528797025	1.1760431380508962	-0.6731924641178733	-1.2294332777551795	0.8449319135781489	-0.32722673267225005	2.756827102676784	10.103132153413647	-14.795850696191062	-5649.440051609788
2132	-5673.179470716413	-5649.509181051658	-23.670289664754698	0.9218145528797025	1.1760431380508962	-0.6731924641178733	-1.2294332777551795	0.8449319135781489	-0.32722673267225005	2.756827102676784	10.106622821856666	-14.796347095371862	-5649.509181051658
2134	-5673.247563781453	-5649.493988411147	-23.75357537030593	0.9218145528797025	1.1760431380508962	-0.6731924641178733	-1.2294332777551795	0.8449319135781489	-0.32722673267225005	2.9653732685561898	10.523715153615479	-14.8796328009231	-5649.493988411147
2136	-5673.250440441811	-5649.483985050852	-23.766455390959184	0.9218145528797025	1.1760431380508962	-0.6731924641178733	-1.2294332777551795	0.8449319135781489	-0.32722673267225005	2.9653732685561898	10.535344642407619	-14.89251282157635	-5649.483985050852
2138	-5673.255852006005	-5649.497209023223	-23.75864298278185	0.9218145528797025	1.1760431380508962	-0.6731924641178733	-1.2294332777551795	0.8449319135781489	-0.32722673267225005	2.9653732685561898	10.526233171880898	-14.884700413399015	-5649.497209023223
2140	-5673.367530990683	-5649.449033962451	-23.91849702823262	0.9218145528797025	1.1760431380508962	-0.6731924641178733	-1.2294332777551795	0.8449319135781489	-0.32722673267225005	3.365100163222286	11.32568696121309	-15.044554458849785	-5649.449033962451
2142	-5673.367530990683	-5649.449033962451	-23.91849702823262	0.9218145528797025	1.1760431380508962	-0.6731924641178733	-1.2294332777551795	0.8449319135781489	-0.32722673267225005	3.365100163222286	11.32568696121309	-15.044554458849785	-5649.449033962451
2144	-5676.075997743748	-5651.539594896794	-24.536402846954267	0.9218145528797025	1.1760431380508962	-0.6731924641178733	-1.2294332777551795	0.8449319135781489	-0.32722673267225005	3.6323560943067257	12.244218677195677	-15.662460277571434	-5651.539594896794
2146	-5673.596373820695	-5649.53442390634	-24.061949914355267	0.9218145528797025	1.1760431380508962	-0.6731924641178733	-1.2294332777551795	0.8449319135781489	-0.32722673267225005	3.4224318315055537	11.536590208881309	-15.188007344972432	-5649.53442390634
2148	-5673.596410843199	-5649.526231875707	-24.070178967492225	0.9218145528797025	1.1760431380508962	-0.6731924641178733	-1.2294332777551795	0.8449319135781489	-0.32722673267225005	3.4224318315055537	11.546036046520278	-15.196236398109393	-5649.526231875707
2150	-5673.333449320771	-5649.803934645533	-23.52951467523741	0.9218145528797025	1.1760431380508962	-0.6731924641178733	-1.2294332777551795	0.8449319135781489	-0.32722673267225005	2.070795178068885	8.842762739646941	-14.655572105854578	-5649.803934645533
2152	-5673.333449320771	-5649.803934645533	-23.52951467523741	0.9218145528797025	1.1760431380508962	-0.6731924641178733	-1.2294332777551795	0.8449319135781489	-0.32722673267225005	2.070795178068885	8.842762739646941	-14.655572105854578	-5649.803934645533
2154	-5673.891929010579	-5649.761303531267	-24.1306254793116	0.9218145528797025	1.1760431380508962	-0.6731924641178733	-1.2294332777551795	0.8449319135781489	-0.7643443700693866	2.070795178068885	8.8400962189145	-14.648775777363339	-5649.761303531267
2156	-5673.891929010579	-5649.761303531267	-24.1306254793116	0.9218145528797025	1.1760431380508962	-0.6731924641178733	-1.2294332777551795	0.8449319135781489	-0.7643443700693866	2.070795178068885	8.8400962189145	-14.648775777363339	-5649.761303531267
2158	-5674.60634898097	-5650.969864654489	-23.636484326480584	0.9218145528797025	1.1760431380508962	-0.6731924641178733	-1.2294332777551795	0.8449319135781489	-0.7643443700693866	1.9235528796478467	8.213376254253483	-14.154634624532322	-5650.969864654489
2160	-5674.60634898097	-5650.969864654489	-23.636484326480584	0.9218145528797025	1.1760431380508962	-0.6731924641178733	-1.2294332777551795	0.8449319135781489	-0.7643443700693866	1.9235528796478467	8.213376254253483	-14.154634624532322	-5650.969864654489
2162	-5674.198743708924	-5649.975133937984	-24.223609770939873	0.9218145528797025	1.1760431380508962	-0.6731924641178733	-1.2294332777551795	0.8449319135781489	-0.7643443700693866	2.0962345241001943	8.95070941160864	-14.74176006899161	-5649.975133937984
2164	-5674.198743708924	-5649.975133937984	-24.223609770939873	0.9218145528797025	1.1760431380508962	-0.6731924641178733	-1.2294332777551795	0.8449319135781489	-0.7643443700693866	2.0962345241001943	8.95070941160864	-14.74176006899161	-5649.975133937984
2166	-5674.363696334111	-5650.128871318509	-24.234825015602475	0.9218145528797025	1.1760431380508962	-0.6731924641178733	-1.2294332777551795	0.8449319135781489	-0.7643443700693866	2.0962345241001943	8.955093537538112	-14.752975313654211	-5650.128871318509
2168	-5673.54974757931	-5649.3666791381465	-24.183068441163016	0.9218145528797025	1.1760431380508962	-0.6731924641178733	-1.2294332777551795	0.8449319135781489	-0.7643443700693866	2.0962345241001943	8.9527272111272	-14.701218739214752	-5649.3666791381465
2170	-5673.54974757931	-5649.3666791381465	-24.183068441163016	0.9218145528797025	1.1760431380508962	-0.6731924641178733	-1.2294332777551795	0.8449319135781489	-0.7643443700693866	2.0962345241001943	8.9527272111272	-14.701218739214752	-5649.3666791381465
2172	-5673.54974757931	-5649.3666791381465	-24.183068441163016	0.9218145528797025	1.1760431380508962	-0.6731924641178733	-1.2294332777551795	0.8449319135781489	-0.7643443700693866	2.0962345241001943	8.9527272111272	-14.701218739214752	-5649.3666791381465
2174	-5675.051128119377	-5649.396348990766	-25.65477912861108	2.276053478824109	1.1760431380508962	-0.6731924641178733	-1.2294332777551795	0.8449319135781489	-0.7643443700693866	2.0962345241001943	8.9527272111272	-14.93418284045323	-5649.396348990766
2176	-5675.8321443322375	-5649.133371070495	-26.698773261742453	2.276053478824109	1.1760431380508962	-0.6731924641178733	-1.2294332777551795	0.8449319135781489	-0.7643443700693866	4.900216517657528	14.560691198241866	-15.978176973584603	-5649.133371070495
2178	-5676.574283652247	-5649.133371070495	-27.440912581751512	2.276053478824109	2.031823385320167	-0.6731924641178733	-1.2294332777551795	0.8449319135781489	-0.7643443700693866	4.900216517657528	14.560691198241866	-15.935391992062309	-5649.133371070495
2180	-5675.9034973502385	-5649.133371070495	-26.770126279743902	2.276053478824109	2.031823385320167	-0.6731924641178733	-1.2294332777551795	0.8449319135781489	-0.2722957056182283	4.900216517657528	14.560691198241866	-15.935391992062309	-5649.133371070495
2182	-5675.9034973502385	-5649.133371070495	-26.770126279743902	2.276053478824109	2.031823385320167	-0.6731924641178733	-1.2294332777551795	0.8449319135781489	-0.2722957056182283	4.900216517657528	14.560691198241866	-15.935391992062309	-5649.133371070495
2184	-5675.630179079451	-5648.916658583352	-26.71352049609933	2.276053478824109	2.031823385320167	-0.6731924641178733	-1.2294332777551795	0.8449319135781489	-0.2722957056182283	4.900216517657528	14.537159180393331	-15.878786208417738	-5648.916658583352
2186	-5674.768504722904	-5648.916658583352	-25.851846139552215	2.276053478824109	0.9609099460379583	-0.6731924641178733	-1.2294332777551795	0.8449319135781489	-0.2722957056182283	4.900216517657528	14.537159180393331	-16.016418484124817	-5648.916658583352
2188	-5674.504765393876	-5648.670970936296	-25.833794457580353	2.276053478824109	0.9609099460379583	-0.6731924641178733	-1.2294332777551795	0.8449319135781489	-0.2722957056182283	4.900216517657528	14.536258677635661	-15.998366802152956	-5648.670970936296
2190	-5674.504765393876	-5648.670970936296	-25.833794457580353	2.276053478824109	0.9609099460379583	-0.6731924641178733	-1.2294332777551795	0.8449319135781489	-0.2722957056182283	4.900216517657528	14.536258677635661	-15.998366802152956	-5648.670970936296
2192	-5674.504765393876	-5648.670970936296	-25.833794457580353	2.276053478824109	0.9609099460379583	-0.6731924641178733	-1.2294332777551795	0.8449319135781489	-0.2722957056182283	4.900216517657528	14.536258677635661	-15.998366802152956	-5648.670970936296
2194	-5674.504765393876	-5648.670970936296	-25.833794457580353	2.276053478824109	0.9609099460379583	-0.6731924641178733	-1.2294332777551795	0.8449319135781489	-0.2722957056182283	4.900216517657528	14.536258677635661	-15.998366802152956	-5648.670970936296
2196	-5674.504765393876	-5648.670970936296	-25.833794457580353	2.276053478824109	0.9609099460379583	-0.6731924641178733	-1.2294332777551795	0.8449319135781489	-0.2722957056182283	4.900216517657528	14.536258677635661	-15.998366802152956	-5648.670970936296
2198	-5673.176426726536	-5648.670970936296	-24.505455790240354	0.9920444585989994	0.9609099460379583	-0.6731924641178733	-1.2294332777551795	0.8449319135781489	-0.2722957056182283	4.900216517657528	14.536258677635661	-15.838632858969818	-5648.670970936296
2200	-5672.426445053151	-5648.695586717319	-23.730858335831957	0.9920444585989994	0.9609099460379583	-0.6731924641178733	-1.2294332777551795	0.8449319135781489	-0.2722957056182283	2.950237634611122	10.623298714826806	-15.064035404561423	-5648.695586717319
2202	-5675.113664520034	-5648.695586717319	-26.41807780271475	0.9920444585989994	2.2567675009547568	-1.7140432206948508	-1.2294332777551795	0.8449319135781489	-0.2722957056182283	2.950237634611122	10.623298714826806	-15.361898433156387	-5648.695586717319
2204	-5675.113664520034	-5648.695586717319	-26.41807780271475	0.9920444585989994	2.2567675009547568	-1.7140432206948508	-1.2294332777551795	0.8449319135781489	-0.2722957056182283	2.950237634611122	10.623298714826806	-15.361898433156387	-5648.695586717319
2206	-5675.393043785069	-5648.695586717319	-26.697457067749067	0.9920444585989994	2.2567675009547568	-1.7140432206948508	-2.6048885085336724	0.8449319135781489	-0.2722957056182283	2.950237634611122	10.623298714826806	-15.361898433156387	-5648.695586717319
2208	-5675.393043785069	-5648.695586717319	-26.697457067749067	0.9920444585989994	2.2567675009547568	-1.7140432206948508	-2.6048885085336724	0.8449319135781489	-0.2722957056182283	2.950237634611122	10.623298714826806	-15.361898433156387	-5648.695586717319
2210	-5675.638767792059	-5648.929982686974	-26.708785105085727	0.9920444585989994	2.2567675009547568	-1.7140432206948508	-2.6048885085336724	0.8449319135781489	-0.2722957056182283	2.950237634611122	10.627686872416962	-15.373226470493048	-5648.929982686974
2212	-5675.638767792059	-5648.929982686974	-26.708785105085727	0.9920444585989994	2.2567675009547568	-1.7140432206948508	-2.6048885085336724	0.8449319135781489	-0.2722957056182283	2.950237634611122	10.627686872416962	-15.373226470493048	-5648.929982686974
2214	-5675.638767792059	-5648.929982686974	-26.708785105085727	0.9920444585989994	2.2567675009547568	-1.7140432206948508	-2.6048885085336724	0.8449319135781489	-0.2722957056182283	2.950237634611122	10.627686872416962	-15.373226470493048	-5648.929982686974
2216	-5676.336166651506	-5648.929982686974	-27.406183964531735	0.9920444585989994	2.2567675009547568	-1.7140432206948508	-2.6048885085336724	0.8449319135781489	-0.7807972372914591	2.950237634611122	10.627686872416962	-15.373226470493048	-5648.929982686974
2218	-5676.507806529059	-5649.095180927613	-27.412625601446116	0.9920444585989994	2.2567675009547568	-1.7140432206948508	-2.6048885085336724	0.8449319135781489	-0.7807972372914591	2.950237634611122	10.630184551160937	-15.37966810740743	-5649.095180927613
2220	-5676.128549703358	-5649.095180927613	-27.03336877574443	0.9920444585989994	2.2567675009547568	-1.7140432206948508	-1.5267154986106248	0.8449319135781489	-0.7807972372914591	2.950237634611122	10.630184551160937	-15.37966810740743	-5649.095180927613
2222	-5675.688466910722	-5649.095180927613	-26.593285983108714	0.9920444585989994	2.2567675009547568	-1.7140432206948508	-1.5267154986106248	0.5271296592820459	-0.7807972372914591	2.950237634611122	10.630184551160937	-15.623768697819136	-5649.095180927613
2224	-5675.13484131015	-5648.647542889166	-26.487298420983354	0.9920444585989994	2.2567675009547568	-1.7140432206948508	-1.5267154986106248	0.5271296592820459	-0.7807972372914591	2.950237634611122	10.628144988666193	-15.517781135693774	-5648.647542889166
2226	-5675.13484131015	-5648.647542889166	-26.487298420983354	0.9920444585989994	2.2567675009547568	-1.7140432206948508	-1.5267154986106248	0.5271296592820459	-0.7807972372914591	2.950237634611122	10.628144988666193	-15.517781135693774	-5648.647542889166
2228	-5675.13484131015	-5648.647542889166	-26.487298420983354	0.9920444585989994	2.2567675009547568	-1.7140432206948508	-1.5267154986106248	0.5271296592820459	-0.7807972372914591	2.950237634611122	10.628144988666193	-15.517781135693774	-5648.647542889166
2230	-5675.951619473712	-5648.89174456072	-27.059874912991123	0.9920444585989994	2.2567675009547568	-1.7140432206948508	-1.5267154986106248	0.5271296592820459	-0.7807972372914591	2.950237634611122	11.058568906188045	-16.090357627701543	-5648.89174456072
2232	-5675.951619473712	-5648.89174456072	-27.059874912991123	0.9920444585989994	2.2567675009547568	-1.7140432206948508	-1.5267154986106248	0.5271296592820459	-0.7807972372914591	2.950237634611122	11.058568906188045	-16.090357627701543	-5648.89174456072
2234	-5675.951619473712	-5648.89174456072	-27.059874912991123	0.9920444585989994	2.2567675009547568	-1.7140432206948508	-1.5267154986106248	0.5271296592820459	-0.7807972372914591	2.950237634611122	11.058568906188045	-16.090357627701543	-5648.89174456072
2236	-5676.4484688375705	-5649.374453138334	-27.074015699236583	0.9920444585989994	2.2567675009547568	-1.7140432206948508	-1.5267154986106248	0.5271296592820459	-0.7807972372914591	2.950237634611122	11.070436755250164	-16.104498413947002	-5649.374453138334
2238	-5676.4484688375705	-5649.374453138334	-27.074015699236583	0.9920444585989994	2.2567675009547568	-1.7140432206948508	-1.5267154986106248	0.5271296592820459	-0.7807972372914591	2.950237634611122	11.070436755250164	-16.104498413947002	-5649.374453138334
2240	-5676.4484688375705	-5649.374453138334	-27.074015699236583	0.9920444585989994	2.2567675009547568	-1.7140432206948508	-1.5267154986106248	0.5271296592820459	-0.7807972372914591	2.950237634611122	11.070436755250164	-16.104498413947002	-5649.374453138334
2242	-5676.4484688375705	-5649.374453138334	-27.074015699236583	0.9920444585989994	2.2567675009547568	-1.7140432206948508	-1.5267154986106248	0.5271296592820459	-0.7807972372914591	2.950237634611122	11.070436755250164	-16.104498413947002	-5649.374453138334
2244	-5675.42508746276	-5649.374453138334	-26.050634324425925	1.3390073221818755	1.0413116627003187	-1.7140432206948508	-1.5267154986106248	0.5271296592820459	-0.7807972372914591	2.950237634611122	11.070436755250164	-15.842498754050593	-5649.374453138334
2246	-5675.294890237011	-5649.332142420679	-25.96274781633238	1.3390073221818755	1.0413116627003187	-1.7140432206948508	-1.5267154986106248	0.5271296592820459	-0.7807972372914591	2.950237634611122	11.019052811785347	-15.754612245957048	-5649.332142420679
2248	-5675.169035641192	-5649.301945733279	-25.867089907912682	1.3390073221818755	1.0413116627003187	-1.7140432206948508	-1.5267154986106248	0.5271296592820459	-0.7807972372914591	2.950237634611122	10.9632926959577	-15.65895433753735	-5649.301945733279
2250	-5675.169035641192	-5649.301945733279	-25.867089907912682	1.3390073221818755	1.0413116627003187	-1.7140432206948508	-1.5267154986106248	0.5271296592820459	-0.7807972372914591	2.950237634611122	10.9632926959577	-15.65895433753735	-5649.301945733279
2252	-5675.52474720132	-5649.595978687512	-25.928768513807814	1.3390073221818755	1.0413116627003187	-1.7140432206948508	-1.5267154986106248	0.5271296592820459	-0.7807972372914591	2.950237634611122	10.964704638461649	-15.720632943432483	-5649.595978687512
2254	-5674.734553073209	-5648.964716363054	-25.769836710155083	1.3390073221818755	1.0413116627003187	-1.7140432206948508	-1.5267154986106248	0.5271296592820459	-0.7807972372914591	2.950237634611122	10.907305564251892	-15.561701139779752	-5648.964716363054
2256	-5675.31127614272	-5649.976116796254	-25.335159346465915	1.3390073221818755	1.0413116627003187	-1.7140432206948508	-1.5267154986106248	0.5271296592820459	-0.7807972372914591	2.950237634611122	10.571398042095424	-15.127023776090585	-5649.976116796254
2258	-5675.31127614272	-5649.976116796254	-25.335159346465915	1.3390073221818755	1.0413116627003187	-1.7140432206948508	-1.5267154986106248	0.5271296592820459	-0.7807972372914591	2.950237634611122	10.571398042095424	-15.127023776090585	-5649.976116796254
2260	-5675.668874517775	-5650.232802887468	-25.43607163030761	1.3390073221818755	1.0413116627003187	-1.7140432206948508	-1.5267154986106248	0.5271296592820459	-0.7807972372914591	2.950237634611122	10.607784921275389	-15.227936059932276	-5650.232802887468
2262	-5675.668874517775	-5650.232802887468	-25.43607163030761	1.3390073221818755	1.0413116627003187	-1.7140432206948508	-1.5267154986106248	0.5271296592820459	-0.7807972372914591	2.950237634611122	10.607784921275389	-15.227936059932276	-5650.232802887468
2264	-5675.316345016176	-5649.942313440326	-25.374031575849664	1.3390073221818755	1.0413116627003187	-1.7140432206948508	-1.5267154986106248	0.5271296592820459	-0.7807972372914591	2.950237634611122	10.606363103769944	-15.16589600547433	-5649.942313440326
2266	-5675.316345016176	-5649.942313440326	-25.374031575849664	1.3390073221818755	1.0413116627003187	-1.7140432206948508	-1.5267154986106248	0.5271296592820459	-0.7807972372914591	2.950237634611122	10.606363103769944	-15.16589600547433	-5649.942313440326
2268	-5675.316345016176	-5649.942313440326	-25.374031575849664	1.3390073221818755	1.0413116627003187	-1.7140432206948508	-1.5267154986106248	0.5271296592820459	-0.7807972372914591	2.950237634611122	10.606363103769944	-15.16589600547433	-5649.942313440326
2270	-5675.137142919199	-5650.040662366846	-25.096480552352816	1.3390073221818755	1.0413116627003187	-1.7140432206948508	-1.5267154986106248	0.5271296592820459	-0.7807972372914591	2.950237634611122	10.443946743865798	-14.888344981977486	-5650.040662366846
2272	-5675.137142919199	-5650.040662366846	-25.096480552352816	1.3390073221818755	1.0413116627003187	-1.7140432206948508	-1.5267154986106248	0.5271296592820459	-0.7807972372914591	2.950237634611122	10.443946743865798	-14.888344981977486	-5650.040662366846
2274	-5675.137142919199	-5650.040662366846	-25.096480552352816	1.3390073221818755	1.0413116627003187	-1.7140432206948508	-1.5267154986106248	0.5271296592820459	-0.7807972372914591	2.950237634611122	10.443946743865798	-14.888344981977486	-5650.040662366846
2276	-5675.137142919199	-5650.040662366846	-25.096480552352816	1.3390073221818755	1.0413116627003187	-1.7140432206948508	-1.5267154986106248	0.5271296592820459	-0.7807972372914591	2.950237634611122	10.443946743865798	-14.888344981977486	-5650.040662366846
2278	-5675.7314626614025	-5650.0991689875445	-25.63229367385766	1.3390073221818755	1.0413116627003187	-1.7140432206948508	-1.5267154986106248	0.5271296592820459	-0.7807972372914591	2.950237634611122	10.903363340190793	-15.424158103482329	-5650.0991689875445
2280	-5675.7314626614025	-5650.0991689875445	-25.63229367385766	1.3390073221818755	1.0413116627003187	-1.7140432206948508	-1.5267154986106248	0.5271296592820459	-0.7807972372914591	2.950237634611122	10.903363340190793	-15.424158103482329	-5650.0991689875445
2282	-5676.482640771684	-5650.769808898591	-25.712831873093144	1.3390073221818755	1.0413116627003187	-1.7140432206948508	-1.5267154986106248	0.5271296592820459	-0.7807972372914591	3.1476400955722084	11.283687418348874	-15.504696302717814	-5650.769808898591
2284	-5676.482640771684	-5650.769808898591	-25.712831873093144	1.3390073221818755	1.0413116627003187	-1.7140432206948508	-1.5267154986106248	0.5271296592820459	-0.7807972372914591	3.1476400955722084	11.283687418348874	-15.504696302717814	-5650.769808898591
2286	-5678.663425120994	-5652.065234604089	-26.598190516905305	1.3390073221818755	1.0413116627003187	-1.7140432206948508	-1.5267154986106248	0.5271296592820459	-0.7807972372914591	3.376258871405354	12.103241981812339	-16.390054946529972	-5652.065234604089
2288	-5678.663425120994	-5652.065234604089	-26.598190516905305	1.3390073221818755	1.0413116627003187	-1.7140432206948508	-1.5267154986106248	0.5271296592820459	-0.7807972372914591	3.376258871405354	12.103241981812339	-16.390054946529972	-5652.065234604089
2290	-5678.663425120994	-5652.065234604089	-26.598190516905305	1.3390073221818755	1.0413116627003187	-1.7140432206948508	-1.5267154986106248	0.5271296592820459	-0.7807972372914591	3.376258871405354	12.103241981812339	-16.390054946529972	-5652.065234604089
2292	-5676.723802752122	-5651.864134006425	-24.859668745696542	1.3390073221818755	1.0413116627003187	-1.7140432206948508	-1.5267154986106248	0.5271296592820459	-0.7807972372914591	3.0102776717815	10.507899952087515	-14.65153317532121	-5651.864134006425
2294	-5676.5735658552185	-5651.721822735997	-24.851743119221226	1.3390073221818755	1.0413116627003187	-1.7140432206948508	-1.5267154986106248	0.5271296592820459	-0.7807972372914591	3.0102776717815	10.505526907741071	-14.643607548845894	-5651.721822735997
2296	-5676.5735658552185	-5651.721822735997	-24.851743119221226	1.3390073221818755	1.0413116627003187	-1.7140432206948508	-1.5267154986106248	0.5271296592820459	-0.7807972372914591	3.0102776717815	10.505526907741071	-14.643607548845894	-5651.721822735997
2298	-5676.111605608484	-5651.721822735997	-24.38978287248669	1.3390073221818755	1.0413116627003187	-1.7140432206948508	-1.5267154986106248	0.5271296592820459	-0.3598609118692668	3.0102776717815	10.505526907741071	-14.643607548845894	-5651.721822735997
2300	-5676.014415842352	-5650.714924543695	-25.299491298657347	1.3390073221818755	1.0413116627003187	-1.7140432206948508	-1.5267154986106248	0.5271296592820459	-0.3598609118692668	3.2530127057823606	11.352644585638986	-15.553315975016549	-5650.714924543695
2302	-5676.39310949563	-5650.714924543695	-25.678184951935222	1.3390073221818755	1.0413116627003187	-1.7140432206948508	-1.5267154986106248	0.5271296592820459	-0.7155044702456628	3.2530127057823606	11.352644585638986	-15.553315975016549	-5650.714924543695
2304	-5676.602169105671	-5651.87473672882	-24.727432376851226	1.3390073221818755	1.0413116627003187	-1.7140432206948508	-1.5267154986106248	0.5271296592820459	-0.7155044702456628	2.9993318037737207	10.467327072568972	-14.60256339993255	-5651.87473672882
2306	-5678.220587962734	-5651.880844618275	-26.339743344458967	1.3390073221818755	1.0413116627003187	-1.7140432206948508	-1.5267154986106248	0.5271296592820459	-0.7155044702456628	5.811007512608571	16.090678490238673	-16.214874367540293	-5651.880844618275
2308	-5678.220587962734	-5651.880844618275	-26.339743344458967	1.3390073221818755	1.0413116627003187	-1.7140432206948508	-1.5267154986106248	0.5271296592820459	-0.7155044702456628	5.811007512608571	16.090678490238673	-16.214874367540293	-5651.880844618275
2310	-5678.508753918163	-5652.30401569236	-26.204738225803325	1.3390073221818755	1.0413116627003187	-1.7140432206948508	-1.5267154986106248	0.5271296592820459	-0.7155044702456628	5.811007512608571	16.011959299064035	-16.079869248884652	-5652.30401569236
2312	-5679.18264911324	-5652.304011137972	-26.87863797526707	1.3390073221818755	1.0413116627003187	-1.7140432206948508	-1.5267154986106248	0.5271296592820459	-1.2737367529678703	5.504603744310665	15.399151762468225	-15.904278870896995	-5652.304011137972
2314	-5679.18264911324	-5652.304011137972	-26.87863797526707	1.3390073221818755	1.0413116627003187	-1.7140432206948508	-1.5267154986106248	0.5271296592820459	-1.2737367529678703	5.504603744310665	15.399151762468225	-15.904278870896995	-5652.304011137972
2316	-5679.18264911324	-5652.304011137972	-26.87863797526707	1.3390073221818755	1.0413116627003187	-1.7140432206948508	-1.5267154986106248	0.5271296592820459	-1.2737367529678703	5.504603744310665	15.399151762468225	-15.904278870896995	-5652.304011137972
2318	-5679.18264911324	-5652.304011137972	-26.87863797526707	1.3390073221818755	1.0413116627003187	-1.7140432206948508	-1.5267154986106248	0.5271296592820459	-1.2737367529678703	5.504603744310665	15.399151762468225	-15.904278870896995	-5652.304011137972
2320	-5680.722903839904	-5652.304011137972	-28.41889270193134	3.224380840504989	1.0413116627003187	-1.7140432206948508	-1.5267154986106248	0.5271296592820459	-1.2737367529678703	5.504603744310665	15.399151762468225	-15.923015143656853	-5652.304011137972
2322	-5680.5702711014765	-5652.304011137972	-28.26625996350426	3.224380840504989	0.5066528032587106	-1.7140432206948508	-1.5267154986106248	0.5271296592820459	-1.2737367529678703	5.504603744310665	15.399151762468225	-16.26046027758232	-5652.304011137972
2324	-5680.5702711014765	-5652.304011137972	-28.26625996350426	3.224380840504989	0.5066528032587106	-1.7140432206948508	-1.5267154986106248	0.5271296592820459	-1.2737367529678703	5.504603744310665	15.399151762468225	-16.26046027758232	-5652.304011137972
2326	-5678.0501779974975	-5649.285682007091	-28.764495990406317	3.224380840504989	0.5066528032587106	-1.7140432206948508	-1.5267154986106248	0.5271296592820459	-1.2737367529678703	5.504603744310665	15.630684064282605	-16.758696304484378	-5649.285682007091
2328	-5678.0501779974975	-5649.285682007091	-28.764495990406317	3.224380840504989	0.5066528032587106	-1.7140432206948508	-1.5267154986106248	0.5271296592820459	-1.2737367529678703	5.504603744310665	15.630684064282605	-16.758696304484378	-5649.285682007091
2330	-5682.123273061457	-5654.79795114915	-27.32532191230733	3.224380840504989	0.5066528032587106	-1.7140432206948508	-1.5267154986106248	0.5271296592820459	-1.2737367529678703	4.842650341448607	13.751023876915328	-15.319522226385391	-5654.79795114915
2332	-5682.123273061457	-5654.79795114915	-27.32532191230733	3.224380840504989	0.5066528032587106	-1.7140432206948508	-1.5267154986106248	0.5271296592820459	-1.2737367529678703	4.842650341448607	13.751023876915328	-15.319522226385391	-5654.79795114915
2334	-5678.731013296432	-5649.58327622763	-29.147737068801863	3.224380840504989	0.26801703010533207	-1.7140432206948508	-1.5267154986106248	0.5271296592820459	-1.2737367529678703	5.333091072633712	15.143662562185508	-17.143009053180972	-5649.58327622763
2336	-5677.673438037165	-5648.525862536496	-29.147575500669088	3.224380840504989	0.26801703010533207	-1.7140432206948508	-1.5267154986106248	0.5271296592820459	-1.2737367529678703	5.333091072633712	15.143662562185508	-17.142847485048197	-5648.525862536496
2338	-5677.66565738367	-5648.520304218666	-29.145353165004412	3.224380840504989	0.26801703010533207	-1.7140432206948508	-1.5267154986106248	0.5271296592820459	-1.2737367529678703	5.333091072633712	15.146297471688733	-17.14062514938352	-5648.520304218666
2340	-5676.645193197373	-5648.520304218666	-28.12488897870777	3.224380840504989	0.26801703010533207	-1.7140432206948508	-1.5267154986106248	0.5271296592820459	-0.5693152605277009	5.333091072633712	15.146297471688733	-17.14062514938352	-5648.520304218666
2342	-5677.749548890701	-5648.888731247589	-28.860817643111236	3.224380840504989	0.26801703010533207	-1.7140432206948508	-1.5267154986106248	0.5271296592820459	-0.5693152605277009	5.679542804421044	16.130241101708396	-17.876553813786987	-5648.888731247589
2344	-5676.607582033533	-5648.892636118559	-27.71494591497414	3.224380840504989	0.26801703010533207	-1.7140432206948508	-1.5267154986106248	0.5271296592820459	-0.5693152605277009	3.5396253417458907	11.850406176358089	-16.730682085649892	-5648.892636118559
2346	-5676.607582033533	-5648.892636118559	-27.71494591497414	3.224380840504989	0.26801703010533207	-1.7140432206948508	-1.5267154986106248	0.5271296592820459	-0.5693152605277009	3.5396253417458907	11.850406176358089	-16.730682085649892	-5648.892636118559
2348	-5676.607582033533	-5648.892636118559	-27.71494591497414	3.224380840504989	0.26801703010533207	-1.7140432206948508	-1.5267154986106248	0.5271296592820459	-0.5693152605277009	3.5396253417458907	11.850406176358089	-16.730682085649892	-5648.892636118559
2350	-5676.607582033533	-5648.892636118559	-27.71494591497414	3.224380840504989	0.26801703010533207	-1.7140432206948508	-1.5267154986106248	0.5271296592820459	-0.5693152605277009	3.5396253417458907	11.850406176358089	-16.730682085649892	-5648.892636118559
2352	-5675.3980826786565	-5648.430039303295	-26.96804337536094	3.224380840504989	0.26801703010533207	-1.7140432206948508	-1.5267154986106248	0.5271296592820459	-0.5693152605277009	3.3166274153807236	11.102472978041613	-15.98377954603669	-5648.430039303295
2354	-5674.908517236932	-5648.430039303295	-26.47847793363692	3.224380840504989	0.26801703010533207	-0.6639658313466854	-1.5267154986106248	0.5271296592820459	-0.5693152605277009	3.3166274153807236	11.102472978041613	-16.388138216468324	-5648.430039303295
2356	-5674.87205106381	-5648.4250205505705	-26.447030513240264	3.224380840504989	0.26801703010533207	-0.6639658313466854	-1.5267154986106248	0.5271296592820459	-0.5693152605277009	3.3166274153807236	11.072243285693267	-16.356690796071668	-5648.4250205505705
2358	-5674.94091963115	-5648.439515221297	-26.501404409852647	3.224380840504989	0.26801703010533207	-0.6639658313466854	-1.5267154986106248	0.5271296592820459	-0.5693152605277009	3.3166274153807236	11.124702678126292	-16.41106469268405	-5648.439515221297
2360	-5674.967954856024	-5648.439515221297	-26.528439634726514	3.224380840504989	0.26801703010533207	-1.3266397785010546	-1.5267154986106248	0.5271296592820459	-0.5693152605277009	3.3166274153807236	11.124702678126292	-16.13069202649854	-5648.439515221297
2362	-5674.967954856024	-5648.439515221297	-26.528439634726514	3.224380840504989	0.26801703010533207	-1.3266397785010546	-1.5267154986106248	0.5271296592820459	-0.5693152605277009	3.3166274153807236	11.124702678126292	-16.13069202649854	-5648.439515221297
2364	-5674.967954856024	-5648.439515221297	-26.528439634726514	3.224380840504989	0.26801703010533207	-1.3266397785010546	-1.5267154986106248	0.5271296592820459	-0.5693152605277009	3.3166274153807236	11.124702678126292	-16.13069202649854	-5648.439515221297
2366	-5674.831429171405	-5648.275286333363	-26.556142838042412	3.224380840504989	0.26801703010533207	-1.3266397785010546	-1.5267154986106248	0.5271296592820459	-0.5693152605277009	3.3166274153807236	11.143350630058256	-16.158395229814438	-5648.275286333363
2368	-5673.666071630423	-5647.063468509763	-26.602603120660547	3.224380840504989	0.26801703010533207	-1.3266397785010546	-1.5267154986106248	0.5271296592820459	-0.5693152605277009	3.3166274153807236	11.156147237125568	-16.204855512432573	-5647.063468509763
2370	-5673.666071630423	-5647.063468509763	-26.602603120660547	3.224380840504989	0.26801703010533207	-1.3266397785010546	-1.5267154986106248	0.5271296592820459	-0.5693152605277009	3.3166274153807236	11.156147237125568	-16.204855512432573	-5647.063468509763
2372	-5675.2897124459405	-5647.063468509763	-28.226243936177532	3.224380840504989	0.26801703010533207	-1.3266397785010546	-1.5267154986106248	1.219564542120397	-0.5693152605277009	3.3166274153807236	11.156147237125568	-16.224810587525447	-5647.063468509763
2374	-5674.660699905468	-5646.238662452224	-28.422037453243824	3.224380840504989	0.26801703010533207	-1.3266397785010546	-1.5267154986106248	1.219564542120397	-0.5693152605277009	3.3166274153807236	11.395647164125592	-16.420604104591735	-5646.238662452224
2376	-5674.692074650956	-5646.273796698671	-28.418277952285557	3.224380840504989	0.26801703010533207	-1.3266397785010546	-1.5267154986106248	1.219564542120397	-0.5693152605277009	3.3166274153807236	11.398868439541205	-16.41684460363347	-5646.273796698671
2378	-5674.692074650956	-5646.273796698671	-28.418277952285557	3.224380840504989	0.26801703010533207	-1.3266397785010546	-1.5267154986106248	1.219564542120397	-0.5693152605277009	3.3166274153807236	11.398868439541205	-16.41684460363347	-5646.273796698671
2380	-5678.907297759992	-5649.918685646999	-28.988612112992683	3.224380840504989	0.26801703010533207	-1.3266397785010546	-1.5267154986106248	1.219564542120397	-0.5693152605277009	3.677682330452313	12.644057165693095	-16.987178764340594	-5649.918685646999
2382	-5678.907297759992	-5649.918685646999	-28.988612112992683	3.224380840504989	0.26801703010533207	-1.3266397785010546	-1.5267154986106248	1.219564542120397	-0.5693152605277009	3.677682330452313	12.644057165693095	-16.987178764340594	-5649.918685646999
2384	-5678.907297759992	-5649.918685646999	-28.988612112992683	3.224380840504989	0.26801703010533207	-1.3266397785010546	-1.5267154986106248	1.219564542120397	-0.5693152605277009	3.677682330452313	12.644057165693095	-16.987178764340594	-5649.918685646999
2386	-5678.907297759992	-5649.918685646999	-28.988612112992683	3.224380840504989	0.26801703010533207	-1.3266397785010546	-1.5267154986106248	1.219564542120397	-0.5693152605277009	3.677682330452313	12.644057165693095	-16.987178764340594	-5649.918685646999
2388	-5674.816857794163	-5646.380172470282	-28.43668532388157	3.224380840504989	0.26801703010533207	-1.3266397785010546	-1.5267154986106248	1.219564542120397	-0.5693152605277009	3.3269780265491273	11.45115291294616	-16.43525197522948	-5646.380172470282
2390	-5674.816857794163	-5646.380172470282	-28.43668532388157	3.224380840504989	0.26801703010533207	-1.3266397785010546	-1.5267154986106248	1.219564542120397	-0.5693152605277009	3.3269780265491273	11.45115291294616	-16.43525197522948	-5646.380172470282
2392	-5674.816857794163	-5646.380172470282	-28.43668532388157	3.224380840504989	0.26801703010533207	-1.3266397785010546	-1.5267154986106248	1.219564542120397	-0.5693152605277009	3.3269780265491273	11.45115291294616	-16.43525197522948	-5646.380172470282
2394	-5674.138731980961	-5645.678474701353	-28.460257279608726	3.224380840504989	0.26801703010533207	-1.3266397785010546	-1.5267154986106248	1.219564542120397	-0.5693152605277009	3.3269780265491273	11.46315016047363	-16.458823930956637	-5645.678474701353
2396	-5674.207720182112	-5646.011504743193	-28.196215438919054	3.224380840504989	0.26801703010533207	-1.3266397785010546	-1.5267154986106248	1.219564542120397	-0.5693152605277009	3.1631242792267935	10.898589741100961	-16.19478209026697	-5646.011504743193
2398	-5674.212793804015	-5646.023241765154	-28.189552038861045	3.224380840504989	0.26801703010533207	-1.3266397785010546	-1.5267154986106248	1.219564542120397	-0.5693152605277009	3.1631242792267935	10.8904548041807	-16.18811869020896	-5646.023241765154
2400	-5674.212793804015	-5646.023241765154	-28.189552038861045	3.224380840504989	0.26801703010533207	-1.3266397785010546	-1.5267154986106248	1.219564542120397	-0.5693152605277009	3.1631242792267935	10.8904548041807	-16.18811869020896	-5646.023241765154
2402	-5674.307579907331	-5646.121985656717	-28.18559425061465	3.224380840504989	0.26801703010533207	-1.3266397785010546	-1.5267154986106248	1.219564542120397	-0.5693152605277009	3.1631242792267935	10.887853592122442	-16.184160901962564	-5646.121985656717
2404	-5674.40206930004	-5646.176847975572	-28.225221324468507	3.224380840504989	0.26801703010533207	-1.3266397785010546	-1.5267154986106248	1.219564542120397	-0.5693152605277009	3.1631242792267935	10.923412131943326	-16.22378797581642	-5646.176847975572
2406	-5674.40206930004	-5646.176847975572	-28.225221324468507	3.224380840504989	0.26801703010533207	-1.3266397785010546	-1.5267154986106248	1.219564542120397	-0.5693152605277009	3.1631242792267935	10.923412131943326	-16.22378797581642	-5646.176847975572
2408	-5674.393490449421	-5646.1550903594	-28.238400090020995	3.224380840504989	0.26801703010533207	-1.3266397785010546	-1.5267154986106248	1.219564542120397	-0.5693152605277009	3.1631242792267935	10.939498042437057	-16.23696674136891	-5646.1550903594
2410	-5673.630503635239	-5645.36113495249	-28.26936868274852	3.224380840504989	0.26801703010533207	-1.3266397785010546	-1.5267154986106248	1.219564542120397	-0.5693152605277009	3.1631242792267935	10.95454789672949	-16.267935334096435	-5645.36113495249
2412	-5673.643001232642	-5645.3882741837515	-28.254727048890317	3.224380840504989	0.26801703010533207	-1.3266397785010546	-1.5267154986106248	1.219564542120397	-0.5693152605277009	3.1631242792267935	10.936676012645627	-16.25329370023823	-5645.3882741837515
2414	-5674.271066777722	-5646.172195914825	-28.098870862896604	3.224380840504989	0.26801703010533207	-1.3266397785010546	-1.2700443418841034	1.219564542120397	-0.5693152605277009	3.1631242792267935	10.76834743886712	-16.115851139410267	-5646.172195914825
2416	-5674.384961244267	-5646.276332468385	-28.108628775882806	3.224380840504989	0.26801703010533207	-1.3266397785010546	-1.2700443418841034	1.219564542120397	-0.5693152605277009	3.1631242792267935	10.776464001145241	-16.125609052396467	-5646.276332468385
2418	-5674.384961244267	-5646.276332468385	-28.108628775882806	3.224380840504989	0.26801703010533207	-1.3266397785010546	-1.2700443418841034	1.219564542120397	-0.5693152605277009	3.1631242792267935	10.776464001145241	-16.125609052396467	-5646.276332468385
2420	-5674.384961244267	-5646.276332468385	-28.108628775882806	3.224380840504989	0.26801703010533207	-1.3266397785010546	-1.2700443418841034	1.219564542120397	-0.5693152605277009	3.1631242792267935	10.776464001145241	-16.125609052396467	-5646.276332468385
2422	-5674.83015879846	-5646.675379554909	-28.154779243550664	3.224380840504989	0.26801703010533207	-1.3266397785010546	-1.2700443418841034	1.219564542120397	-0.5693152605277009	3.1631242792267935	10.819900686572495	-16.171759520064327	-5646.675379554909
2424	-5675.172337516998	-5646.675379554909	-28.496957962087944	3.224380840504989	0.26801703010533207	-0.5576214045786261	-1.2700443418841034	1.219564542120397	-0.5693152605277009	3.1631242792267935	10.819900686572495	-16.9862822750536	-5646.675379554909
2426	-5675.172337516998	-5646.675379554909	-28.496957962087944	3.224380840504989	0.26801703010533207	-0.5576214045786261	-1.2700443418841034	1.219564542120397	-0.5693152605277009	3.1631242792267935	10.819900686572495	-16.9862822750536	-5646.675379554909
2428	-5675.172337516998	-5646.675379554909	-28.496957962087944	3.224380840504989	0.26801703010533207	-0.5576214045786261	-1.2700443418841034	1.219564542120397	-0.5693152605277009	3.1631242792267935	10.819900686572495	-16.9862822750536	-5646.675379554909
2430	-5676.595575480075	-5648.020194520577	-28.575380959498446	3.224380840504989	0.26801703010533207	-0.5576214045786261	-1.2700443418841034	1.219564542120397	-0.5693152605277009	3.1631242792267935	10.891443194846223	-17.064705272464103	-5648.020194520577
2432	-5676.593161945107	-5648.036150694947	-28.557011250159974	3.224380840504989	0.26801703010533207	-0.5576214045786261	-1.2700443418841034	1.219564542120397	-0.5693152605277009	3.1631242792267935	10.860184315223945	-17.04633556312563	-5648.036150694947
2434	-5676.593161945107	-5648.036150694947	-28.557011250159974	3.224380840504989	0.26801703010533207	-0.5576214045786261	-1.2700443418841034	1.219564542120397	-0.5693152605277009	3.1631242792267935	10.860184315223945	-17.04633556312563	-5648.036150694947
2436	-5676.593161945107	-5648.036150694947	-28.557011250159974	3.224380840504989	0.26801703010533207	-0.5576214045786261	-1.2700443418841034	1.219564542120397	-0.5693152605277009	3.1631242792267935	10.860184315223945	-17.04633556312563	-5648.036150694947
2438	-5676.593161945107	-5648.036150694947	-28.557011250159974	3.224380840504989	0.26801703010533207	-0.5576214045786261	-1.2700443418841034	1.219564542120397	-0.5693152605277009	3.1631242792267935	10.860184315223945	-17.04633556312563	-5648.036150694947
2440	-5677.070096844797	-5648.024452470155	-29.045644374642812	3.224380840504989	0.26801703010533207	-0.5576214045786261	-1.2700443418841034	1.219564542120397	-0.5693152605277009	4.970951340380705	14.47583843753177	-17.53496868760847	-5648.024452470155
2442	-5677.070096844797	-5648.024452470155	-29.045644374642812	3.224380840504989	0.26801703010533207	-0.5576214045786261	-1.2700443418841034	1.219564542120397	-0.5693152605277009	4.970951340380705	14.47583843753177	-17.53496868760847	-5648.024452470155
2444	-5676.084218706547	-5647.174111114215	-28.91010759233292	3.224380840504989	0.26801703010533207	-1.323998848628637	-1.2700443418841034	1.219564542120397	-0.5693152605277009	4.970951340380705	14.722739951091722	-16.930733921536177	-5647.174111114215
2446	-5676.084218706547	-5647.174111114215	-28.91010759233292	3.224380840504989	0.26801703010533207	-1.323998848628637	-1.2700443418841034	1.219564542120397	-0.5693152605277009	4.970951340380705	14.722739951091722	-16.930733921536177	-5647.174111114215
2448	-5676.084218706547	-5647.174111114215	-28.91010759233292	3.224380840504989	0.26801703010533207	-1.323998848628637	-1.2700443418841034	1.219564542120397	-0.5693152605277009	4.970951340380705	14.722739951091722	-16.930733921536177	-5647.174111114215
2450	-5676.084218706547	-5647.174111114215	-28.91010759233292	3.224380840504989	0.26801703010533207	-1.323998848628637	-1.2700443418841034	1.219564542120397	-0.5693152605277009	4.970951340380705	14.722739951091722	-16.930733921536177	-5647.174111114215
2452	-5676.144458475148	-5647.234445619714	-28.910012855433866	3.224380840504989	0.26801703010533207	-1.323998848628637	-1.2700443418841034	1.219564542120397	-0.5693152605277009	4.970951340380705	14.722739951091725	-16.930639184637123	-5647.234445619714
2454	-5676.144458475148	-5647.234445619714	-28.910012855433866	3.224380840504989	0.26801703010533207	-1.323998848628637	-1.2700443418841034	1.219564542120397	-0.5693152605277009	4.970951340380705	14.722739951091725	-16.930639184637123	-5647.234445619714
2456	-5676.149796803685	-5647.251773800447	-28.898023003237935	3.224380840504989	0.26801703010533207	-1.323998848628637	-1.2700443418841034	1.219564542120397	-0.5693152605277009	4.970951340380705	14.708128407595307	-16.91864933244119	-5647.251773800447
2458	-5676.149796803685	-5647.251773800447	-28.898023003237935	3.224380840504989	0.26801703010533207	-1.323998848628637	-1.2700443418841034	1.219564542120397	-0.5693152605277009	4.970951340380705	14.708128407595307	-16.91864933244119	-5647.251773800447
2460	-5676.036591550681	-5647.134382817033	-28.902208733648422	3.224380840504989	0.26801703010533207	-1.323998848628637	-1.2700443418841034	1.219564542120397	-0.5693152605277009	4.970951340380705	14.711070739884432	-16.92283506285168	-5647.134382817033
2462	-5676.078230993283	-5647.510629608051	-28.567601385231335	3.224380840504989	0.26801703010533207	-1.323998848628637	-1.2700443418841034	1.219564542120397	-0.5693152605277009	4.694937664243244	13.89423379323213	-16.58822771443459	-5647.510629608051
2464	-5676.078230993283	-5647.510629608051	-28.567601385231335	3.224380840504989	0.26801703010533207	-1.323998848628637	-1.2700443418841034	1.219564542120397	-0.5693152605277009	4.694937664243244	13.89423379323213	-16.58822771443459	-5647.510629608051
2466	-5676.054596537305	-5647.477928678236	-28.57666785906873	3.224380840504989	0.26801703010533207	-1.323998848628637	-1.2700443418841034	1.219564542120397	-0.5693152605277009	4.694937664243244	13.910822685655914	-16.597294188271988	-5647.477928678236
2468	-5676.905167331722	-5647.830796220608	-29.074371111113727	3.224380840504989	0.26801703010533207	-2.1318208588542817	-1.2700443418841034	1.219564542120397	-0.5693152605277009	2.027586831085277	8.576121019339983	-15.329279990577255	-5647.830796220608
2470	-5676.731150981466	-5647.25615405802	-29.4749969234461	3.224380840504989	0.26801703010533207	-2.1318208588542817	-1.2700443418841034	1.219564542120397	-0.5693152605277009	2.1575260686697124	9.14226383922101	-15.729905802909625	-5647.25615405802
2472	-5676.975970356344	-5647.015285852836	-29.960684503507412	3.224380840504989	0.26801703010533207	-2.1318208588542817	-1.2700443418841034	1.219564542120397	-0.5693152605277009	3.8421092006677844	12.511430103217155	-16.21559338297094	-5647.015285852836
2474	-5676.975970356344	-5647.015285852836	-29.960684503507412	3.224380840504989	0.26801703010533207	-2.1318208588542817	-1.2700443418841034	1.219564542120397	-0.5693152605277009	3.8421092006677844	12.511430103217155	-16.21559338297094	-5647.015285852836
2476	-5676.975970356344	-5647.015285852836	-29.960684503507412	3.224380840504989	0.26801703010533207	-2.1318208588542817	-1.2700443418841034	1.219564542120397	-0.5693152605277009	3.8421092006677844	12.511430103217155	-16.21559338297094	-5647.015285852836
2478	-5676.975970356344	-5647.015285852836	-29.960684503507412	3.224380840504989	0.26801703010533207	-2.1318208588542817	-1.2700443418841034	1.219564542120397	-0.5693152605277009	3.8421092006677844	12.511430103217155	-16.21559338297094	-5647.015285852836
2480	-5677.60088347562	-5647.379409010657	-30.221474464963986	3.224380840504989	0.26801703010533207	-2.1318208588542817	-1.2700443418841034	1.219564542120397	-0.5693152605277009	3.8421092006677844	12.962287340345295	-16.476383344427514	-5647.379409010657
2482	-5677.60088347562	-5647.379409010657	-30.221474464963986	3.224380840504989	0.26801703010533207	-2.1318208588542817	-1.2700443418841034	1.219564542120397	-0.5693152605277009	3.8421092006677844	12.962287340345295	-16.476383344427514	-5647.379409010657
2484	-5677.60088347562	-5647.379409010657	-30.221474464963986	3.224380840504989	0.26801703010533207	-2.1318208588542817	-1.2700443418841034	1.219564542120397	-0.5693152605277009	3.8421092006677844	12.962287340345295	-16.476383344427514	-5647.379409010657
2486	-5676.695747595052	-5646.650990883678	-30.044756711374234	3.224380840504989	0.26801703010533207	-2.1318208588542817	-1.2700443418841034	1.219564542120397	-0.5693152605277009	3.6739091991460944	12.540987238096584	-16.299665590837762	-5646.650990883678
2488	-5677.124254051476	-5647.434955588318	-29.689298463157854	3.224380840504989	0.26801703010533207	-2.1318208588542817	-1.2700443418841034	1.219564542120397	-0.5693152605277009	3.4829626731208876	11.889186168381098	-15.944207342621382	-5647.434955588318
2490	-5677.131851153482	-5647.417801537566	-29.714049615915556	3.224380840504989	0.26801703010533207	-2.1318208588542817	-1.2700443418841034	1.219564542120397	-0.5693152605277009	3.4829626731208876	11.917766139212757	-15.968958495379086	-5647.417801537566
2492	-5679.162207244775	-5648.559309628361	-30.602897616414076	3.224380840504989	0.26801703010533207	-2.1318208588542817	-1.2700443418841034	1.219564542120397	-0.5693152605277009	3.9639580955196747	13.563603748217082	-16.857806495877604	-5648.559309628361
2494	-5679.162207244775	-5648.559309628361	-30.602897616414076	3.224380840504989	0.26801703010533207	-2.1318208588542817	-1.2700443418841034	1.219564542120397	-0.5693152605277009	3.9639580955196747	13.563603748217082	-16.857806495877604	-5648.559309628361
2496	-5679.416796757438	-5648.7117618866205	-30.705034870816824	3.224380840504989	0.26801703010533207	-2.1318208588542817	-1.2700443418841034	1.219564542120397	-0.5693152605277009	3.9639580955196747	13.56532046266453	-16.959943750280353	-5648.7117618866205
2498	-5679.416796757438	-5648.7117618866205	-30.705034870816824	3.224380840504989	0.26801703010533207	-2.1318208588542817	-1.2700443418841034	1.219564542120397	-0.5693152605277009	3.9639580955196747	13.56532046266453	-16.959943750280353	-5648.7117618866205
2500	-5679.416796757438	-5648.7117618866205	-30.705034870816824	3.224380840504989	0.26801703010533207	-2.1318208588542817	-1.2700443418841034	1.219564542120397	-0.5693152605277009	3.9639580955196747	13.56532046266453	-16.959943750280353	-5648.7117618866205
2502	-5676.98467551082	-5646.769621611482	-30.215053899338546	3.224380840504989	0.26801703010533207	-2.1318208588542817	-1.2700443418841034	1.219564542120397	-0.5693152605277009	3.699102507390248	12.658940818196536	-16.469962778802074	-5646.769621611482
2504	-5676.007457608445	-5645.843233874882	-30.164223733563734	3.224380840504989	0.26801703010533207	-2.1318208588542817	-1.2700443418841034	1.219564542120397	-0.5693152605277009	3.699102507390248	12.629561776830926	-16.419132613027262	-5645.843233874882
2506	-5675.670604370262	-5645.843233874882	-29.82737049538012	3.224380840504989	0.3836135360279089	-2.1318208588542817	-1.2700443418841034	1.219564542120397	-0.5693152605277009	3.699102507390248	12.629561776830926	-16.13155334399725	-5645.843233874882
2508	-5675.1657628285075	-5645.843233874882	-29.322528953625657	3.224380840504989	0.3836135360279089	-2.1318208588542817	-1.2700443418841034	1.219564542120397	-0.26043811490876306	3.699102507390248	12.629561776830926	-16.13155334399725	-5645.843233874882
2510	-5675.1657628285075	-5645.843233874882	-29.322528953625657	3.224380840504989	0.3836135360279089	-2.1318208588542817	-1.2700443418841034	1.219564542120397	-0.26043811490876306	3.699102507390248	12.629561776830926	-16.13155334399725	-5645.843233874882
2512	-5676.198544619702	-5645.875040907301	-30.323503712401113	3.224380840504989	0.3836135360279089	-2.1318208588542817	-1.2700443418841034	1.219564542120397	-0.26043811490876306	7.144230919411843	19.52401463152593	-17.132528102772707	-5645.875040907301
2514	-5676.255072265399	-5645.9113005309555	-30.34377173444348	3.224380840504989	0.3836135360279089	-2.1318208588542817	-1.2700443418841034	1.219564542120397	-0.26043811490876306	7.144230919411843	19.55958282872892	-17.152796124815072	-5645.9113005309555
2516	-5676.255072265399	-5645.9113005309555	-30.34377173444348	3.224380840504989	0.3836135360279089	-2.1318208588542817	-1.2700443418841034	1.219564542120397	-0.26043811490876306	7.144230919411843	19.55958282872892	-17.152796124815072	-5645.9113005309555
2518	-5676.300139872635	-5645.928225911127	-30.37191396150794	3.224380840504989	0.3836135360279089	-2.1318208588542817	-1.2700443418841034	1.219564542120397	-0.26043811490876306	7.144230919411843	19.591819018388428	-17.180938351879533	-5645.928225911127
2520	-5676.179671414991	-5645.863633948722	-30.316037466269467	3.224380840504989	0.3836135360279089	-2.1318208588542817	-1.2700443418841034	1.219564542120397	-0.26043811490876306	7.144230919411843	19.59078820480779	-17.12506185664106	-5645.863633948722
2522	-5676.179671414991	-5645.863633948722	-30.316037466269467	3.224380840504989	0.3836135360279089	-2.1318208588542817	-1.2700443418841034	1.219564542120397	-0.26043811490876306	7.144230919411843	19.59078820480779	-17.12506185664106	-5645.863633948722
2524	-5677.801635532387	-5647.8686465775145	-29.93298895487247	3.224380840504989	0.3836135360279089	-2.1318208588542817	-1.2700443418841034	1.219564542120397	-0.26043811490876306	7.144230919411843	19.149912905536425	-16.742013345244064	-5647.8686465775145
2526	-5677.801635532387	-5647.8686465775145	-29.93298895487247	3.224380840504989	0.3836135360279089	-2.1318208588542817	-1.2700443418841034	1.219564542120397	-0.26043811490876306	7.144230919411843	19.149912905536425	-16.742013345244064	-5647.8686465775145
2528	-5677.801635532387	-5647.8686465775145	-29.93298895487247	3.224380840504989	0.3836135360279089	-2.1318208588542817	-1.2700443418841034	1.219564542120397	-0.26043811490876306	7.144230919411843	19.149912905536425	-16.742013345244064	-5647.8686465775145
2530	-5676.720080048613	-5647.874068100124	-28.846011948490087	3.224380840504989	0.3836135360279089	-2.1318208588542817	-1.2700443418841034	1.219564542120397	-0.26043811490876306	3.394239954476561	11.649930975665864	-15.655036338861681	-5647.874068100124
2532	-5676.720080048613	-5647.874068100124	-28.846011948490087	3.224380840504989	0.3836135360279089	-2.1318208588542817	-1.2700443418841034	1.219564542120397	-0.26043811490876306	3.394239954476561	11.649930975665864	-15.655036338861681	-5647.874068100124
2534	-5676.720080048613	-5647.874068100124	-28.846011948490087	3.224380840504989	0.3836135360279089	-2.1318208588542817	-1.2700443418841034	1.219564542120397	-0.26043811490876306	3.394239954476561	11.649930975665864	-15.655036338861681	-5647.874068100124
2536	-5675.559180050301	-5647.874068100124	-27.68511195017681	3.224380840504989	0.3836135360279089	-2.1318208588542817	-1.2700443418841034	0.6177448592525363	-0.26043811490876306	3.394239954476561	11.649930975665864	-15.756602085533897	-5647.874068100124
2538	-5675.668715051685	-5647.874068100124	-27.794646951561297	3.224380840504989	0.3836135360279089	-2.1318208588542817	-1.2700443418841034	0.6177448592525363	-0.37738093122611394	3.394239954476561	11.649930975665864	-15.756602085533897	-5647.874068100124
2540	-5675.851278013559	-5648.065696890573	-27.785581122986034	3.224380840504989	0.3836135360279089	-2.1318208588542817	-1.2700443418841034	0.6177448592525363	-0.37738093122611394	3.394239954476561	11.647236261705007	-15.747536256958636	-5648.065696890573
2542	-5675.851278013559	-5648.065696890573	-27.785581122986034	3.224380840504989	0.3836135360279089	-2.1318208588542817	-1.2700443418841034	0.6177448592525363	-0.37738093122611394	3.394239954476561	11.647236261705007	-15.747536256958636	-5648.065696890573
2544	-5677.826492215506	-5650.073566782443	-27.752925433062764	3.224380840504989	0.3836135360279089	-2.1318208588542817	-1.2700443418841034	0.6177448592525363	-0.37738093122611394	3.394239954476561	11.647236261705007	-15.714880567035367	-5650.073566782443
2546	-5677.590681159072	-5650.073566782443	-27.51711437662917	3.224380840504989	0.3836135360279089	-2.1318208588542817	-1.2700443418841034	0.6177448592525363	-0.10243097067274302	3.394239954476561	11.647236261705007	-15.714880567035367	-5650.073566782443
2548	-5677.590681159072	-5650.073566782443	-27.51711437662917	3.224380840504989	0.3836135360279089	-2.1318208588542817	-1.2700443418841034	0.6177448592525363	-0.10243097067274302	3.394239954476561	11.647236261705007	-15.714880567035367	-5650.073566782443
2550	-5677.443741712026	-5649.987530728221	-27.456210983805413	3.224380840504989	0.3836135360279089	-2.1318208588542817	-1.2700443418841034	0.6177448592525363	-0.10243097067274302	3.394239954476561	11.62266603638772	-15.653977174211608	-5649.987530728221
2552	-5677.17208511801	-5649.68565139048	-27.486433727529395	3.224380840504989	0.3836135360279089	-2.1318208588542817	-1.2700443418841034	0.6177448592525363	-0.10243097067274302	3.394239954476561	11.642411649993463	-15.684199917935594	-5649.68565139048
2554	-5677.17208511801	-5649.68565139048	-27.486433727529395	3.224380840504989	0.3836135360279089	-2.1318208588542817	-1.2700443418841034	0.6177448592525363	-0.10243097067274302	3.394239954476561	11.642411649993463	-15.684199917935594	-5649.68565139048
2556	-5677.17208511801	-5649.68565139048	-27.486433727529395	3.224380840504989	0.3836135360279089	-2.1318208588542817	-1.2700443418841034	0.6177448592525363	-0.10243097067274302	3.394239954476561	11.642411649993463	-15.684199917935594	-5649.68565139048
2558	-5678.518564134752	-5650.210294083436	-28.308270051315965	3.224380840504989	0.3836135360279089	-2.1318208588542817	-1.2700443418841034	1.1533605503664353	-0.10243097067274302	3.394239954476561	11.642411649993463	-15.502540758565184	-5650.210294083436
2560	-5676.535783194752	-5648.206257424212	-28.329525770540464	3.224380840504989	0.3836135360279089	-2.1318208588542817	-1.2700443418841034	1.1533605503664353	-0.10243097067274302	3.394239954476561	11.642411649993463	-15.52379647778968	-5648.206257424212
2562	-5676.535783194752	-5648.206257424212	-28.329525770540464	3.224380840504989	0.3836135360279089	-2.1318208588542817	-1.2700443418841034	1.1533605503664353	-0.10243097067274302	3.394239954476561	11.642411649993463	-15.52379647778968	-5648.206257424212
2564	-5677.0294692043535	-5647.583563166766	-29.4459060375872	3.224380840504989	0.3836135360279089	-2.1318208588542817	-1.2700443418841034	1.1533605503664353	-0.10243097067274302	3.394239954476561	12.890878204486615	-16.640176744836417	-5647.583563166766
2566	-5677.0294692043535	-5647.583563166766	-29.4459060375872	3.224380840504989	0.3836135360279089	-2.1318208588542817	-1.2700443418841034	1.1533605503664353	-0.10243097067274302	3.394239954476561	12.890878204486615	-16.640176744836417	-5647.583563166766
2568	-5677.303394729954	-5647.815513216947	-29.487881513007164	3.224380840504989	0.3836135360279089	-2.1318208588542817	-1.2700443418841034	1.1533605503664353	-0.10243097067274302	3.394239954476561	12.913387251794607	-16.68215222025638	-5647.815513216947
2570	-5677.290891956354	-5647.7754822118195	-29.51540974453435	3.224380840504989	0.3836135360279089	-2.1318208588542817	-1.2700443418841034	1.1533605503664353	-0.10243097067274302	3.394239954476561	12.931673303378606	-16.709680451783566	-5647.7754822118195
2572	-5677.3343639182385	-5647.677611470687	-29.656752447551636	3.224380840504989	0.3836135360279089	-2.1318208588542817	-1.2700443418841034	1.1533605503664353	-0.10243097067274302	3.394239954476561	13.08411858105892	-16.851023154800853	-5647.677611470687
2574	-5677.3343639182385	-5647.677611470687	-29.656752447551636	3.224380840504989	0.3836135360279089	-2.1318208588542817	-1.2700443418841034	1.1533605503664353	-0.10243097067274302	3.394239954476561	13.08411858105892	-16.851023154800853	-5647.677611470687
2576	-5677.148412601035	-5647.581403486867	-29.567009114167792	3.224380840504989	0.3836135360279089	-2.1318208588542817	-1.2700443418841034	1.1533605503664353	-0.10243097067274302	3.394239954476561	13.082592158882171	-16.76127982141701	-5647.581403486867
2578	-5677.4598061637	-5647.628842627979	-29.83096353572048	3.224380840504989	0.3836135360279089	-2.1318208588542817	-1.2700443418841034	1.1533605503664353	-0.10243097067274302	3.394239954476561	13.510115932010212	-17.025234242969695	-5647.628842627979
2580	-5677.4598061637	-5647.628842627979	-29.83096353572048	3.224380840504989	0.3836135360279089	-2.1318208588542817	-1.2700443418841034	1.1533605503664353	-0.10243097067274302	3.394239954476561	13.510115932010212	-17.025234242969695	-5647.628842627979
2582	-5677.4598061637	-5647.628842627979	-29.83096353572048	3.224380840504989	0.3836135360279089	-2.1318208588542817	-1.2700443418841034	1.1533605503664353	-0.10243097067274302	3.394239954476561	13.510115932010212	-17.025234242969695	-5647.628842627979
2584	-5677.4598061637	-5647.628842627979	-29.83096353572048	3.224380840504989	0.3836135360279089	-2.1318208588542817	-1.2700443418841034	1.1533605503664353	-0.10243097067274302	3.394239954476561	13.510115932010212	-17.025234242969695	-5647.628842627979
2586	-5677.252253434869	-5647.415030210799	-29.837223224069852	3.224380840504989	0.3836135360279089	-2.1318208588542817	-1.2700443418841034	1.1533605503664353	-0.10243097067274302	3.394239954476561	13.513190679204264	-17.03149393131907	-5647.415030210799
2588	-5677.690521849791	-5648.441715862059	-29.2488059877324	3.224380840504989	0.3836135360279089	-2.1318208588542817	-1.2700443418841034	1.1533605503664353	-0.10243097067274302	3.1576407263201496	12.571238864509068	-16.443076694981617	-5648.441715862059
2590	-5677.662588331586	-5648.437789611794	-29.224798719792325	3.224380840504989	0.3836135360279089	-2.1318208588542817	-1.2700443418841034	1.1533605503664353	-0.10243097067274302	3.1576407263201496	12.532712494643473	-16.419069427041542	-5648.437789611794
2592	-5677.71301785483	-5648.593695214207	-29.119322640621903	3.224380840504989	0.3836135360279089	-2.1318208588542817	-1.2700443418841034	1.1533605503664353	-0.10243097067274302	3.1576407263201496	12.53103684488613	-16.31359334787112	-5648.593695214207
2594	-5677.164890603854	-5647.480084180591	-29.684806423263026	3.224380840504989	0.3836135360279089	-2.1318208588542817	-1.2700443418841034	1.1533605503664353	-0.10243097067274302	3.38770190178255	13.444030220689472	-16.879077130512243	-5647.480084180591
2596	-5677.164890603854	-5647.480084180591	-29.684806423263026	3.224380840504989	0.3836135360279089	-2.1318208588542817	-1.2700443418841034	1.1533605503664353	-0.10243097067274302	3.38770190178255	13.444030220689472	-16.879077130512243	-5647.480084180591
2598	-5677.164890603854	-5647.480084180591	-29.684806423263026	3.224380840504989	0.3836135360279089	-2.1318208588542817	-1.2700443418841034	1.1533605503664353	-0.10243097067274302	3.38770190178255	13.444030220689472	-16.879077130512243	-5647.480084180591
2600	-5677.183807734162	-5647.499257928455	-29.684549805706116	3.224380840504989	0.3836135360279089	-2.1318208588542817	-1.2700443418841034	1.1533605503664353	-0.10243097067274302	3.38770190178255	13.444030220689472	-16.878820512955333	-5647.499257928455
2602	-5677.183807734162	-5647.499257928455	-29.684549805706116	3.224380840504989	0.3836135360279089	-2.1318208588542817	-1.2700443418841034	1.1533605503664353	-0.10243097067274302	3.38770190178255	13.444030220689472	-16.878820512955333	-5647.499257928455
2604	-5677.336614118795	-5647.656779276844	-29.679834841951823	3.224380840504989	0.3836135360279089	-2.1318208588542817	-1.2700443418841034	1.1533605503664353	-0.10243097067274302	3.38770190178255	13.441721808152002	-16.87410554920104	-5647.656779276844
2606	-5677.870949038041	-5648.279056545737	-29.591892492303423	3.224380840504989	0.3836135360279089	-2.1318208588542817	-1.2700443418841034	1.1533605503664353	-0.10243097067274302	3.38770190178255	13.370531312293691	-16.78616319955264	-5648.279056545737
2608	-5677.890611445042	-5648.27936013431	-29.611251310731927	3.224380840504989	0.3836135360279089	-2.1318208588542817	-1.2700443418841034	1.1533605503664353	-0.10243097067274302	3.38770190178255	13.401952703983634	-16.805522017981144	-5648.27936013431
2610	-5677.953861388675	-5648.20874880428	-29.745112584395354	3.224380840504989	0.3836135360279089	-2.1318208588542817	-1.2700443418841034	1.1533605503664353	-0.10243097067274302	3.38770190178255	13.404134936378183	-16.93938329164457	-5648.20874880428
2612	-5678.318483734634	-5648.8415217910015	-29.47696194363255	3.224380840504989	0.3836135360279089	-2.1318208588542817	-1.2700443418841034	1.1533605503664353	-0.10243097067274302	3.278648018459141	12.972640959108858	-16.671232650881766	-5648.8415217910015
2614	-5678.627683580199	-5649.566507558116	-29.06117602208244	3.224380840504989	0.3836135360279089	-2.1318208588542817	-1.2700443418841034	1.1533605503664353	-0.10243097067274302	3.278648018459141	12.52406779817674	-16.255446729331656	-5649.566507558116
2616	-5678.387110456499	-5649.550105007198	-28.83700544930035	3.224380840504989	0.3836135360279089	-2.1318208588542817	-1.2700443418841034	1.1533605503664353	-0.10243097067274302	3.278648018459141	12.162532354906805	-16.031276156549566	-5649.550105007198
2618	-5678.387110456499	-5649.550105007198	-28.83700544930035	3.224380840504989	0.3836135360279089	-2.1318208588542817	-1.2700443418841034	1.1533605503664353	-0.10243097067274302	3.278648018459141	12.162532354906805	-16.031276156549566	-5649.550105007198
2620	-5678.387110456499	-5649.550105007198	-28.83700544930035	3.224380840504989	0.3836135360279089	-2.1318208588542817	-1.2700443418841034	1.1533605503664353	-0.10243097067274302	3.278648018459141	12.162532354906805	-16.031276156549566	-5649.550105007198
2622	-5677.506247365591	-5649.346217531692	-28.16002983389869	2.323827295160182	0.3836135360279089	-2.1318208588542817	-1.2700443418841034	1.1533605503664353	-0.10243097067274302	3.278648018459141	12.162532354906805	-16.01163693353957	-5649.346217531692
2624	-5677.506247365591	-5649.346217531692	-28.16002983389869	2.323827295160182	0.3836135360279089	-2.1318208588542817	-1.2700443418841034	1.1533605503664353	-0.10243097067274302	3.278648018459141	12.162532354906805	-16.01163693353957	-5649.346217531692
2626	-5677.405542751528	-5649.266769076989	-28.138773674538733	2.323827295160182	0.3836135360279089	-2.1318208588542817	-1.2700443418841034	1.1533605503664353	-0.10243097067274302	3.278648018459141	12.145449052647221	-15.990380774179613	-5649.266769076989
2628	-5678.24885439628	-5649.266769076989	-28.98208531929114	3.468715718159711	0.3836135360279089	-2.1318208588542817	-1.2700443418841034	1.1533605503664353	-0.10243097067274302	3.278648018459141	12.145449052647221	-16.015129898914424	-5649.266769076989
2630	-5676.54678909397	-5649.266769076989	-27.28002001698131	1.368838930452725	0.3836135360279089	-2.1318208588542817	-1.2700443418841034	1.1533605503664353	-0.10243097067274302	3.278648018459141	12.145449052647221	-15.967099617112876	-5649.266769076989
2632	-5675.556358670864	-5648.215367380418	-27.340991290445956	1.368838930452725	0.3836135360279089	-2.1318208588542817	-1.2700443418841034	1.1533605503664353	-0.10243097067274302	3.278648018459141	12.18565970386756	-16.02807089057752	-5648.215367380418
2634	-5676.21751135652	-5648.221460388002	-27.996050968517483	1.368838930452725	0.8559337420365083	-2.1318208588542817	-1.2700443418841034	1.1533605503664353	-0.10243097067274302	4.98402978419701	15.596423235343298	-16.327470044369992	-5648.221460388002
2636	-5675.133991920729	-5648.221460388002	-26.912531532726987	0.6912382609482324	0.8559337420365083	-2.1318208588542817	-1.2700443418841034	0.7026991937728905	-0.10243097067274302	4.98402978419701	15.596423235343298	-16.79090620241653	-5648.221460388002
2638	-5675.7844134621455	-5648.817784657469	-26.96662880467673	0.6912382609482324	0.8559337420365083	-2.1318208588542817	-1.2700443418841034	0.7026991937728905	-0.10243097067274302	4.98402978419701	15.614703380395689	-16.845003474366273	-5648.817784657469
2640	-5675.860164685616	-5648.817784657469	-27.04238002814695	0.6912382609482324	0.8559337420365083	-2.1318208588542817	-1.2700443418841034	0.7026991937728905	-0.1915809796854582	4.98402978419701	15.614703380395689	-16.845003474366273	-5648.817784657469
2642	-5675.799955048273	-5648.817784657469	-26.982170390804136	0.6912382609482324	0.8559337420365083	-2.1318208588542817	-2.920642442303683	0.7026991937728905	-0.1915809796854582	4.98402978419701	15.614703380395689	-16.845003474366273	-5648.817784657469
2644	-5675.799955048273	-5648.817784657469	-26.982170390804136	0.6912382609482324	0.8559337420365083	-2.1318208588542817	-2.920642442303683	0.7026991937728905	-0.1915809796854582	4.98402978419701	15.614703380395689	-16.845003474366273	-5648.817784657469
2646	-5675.816874552223	-5648.830378837083	-26.986495715140293	0.6912382609482324	0.8559337420365083	-2.1318208588542817	-2.920642442303683	0.7026991937728905	-0.1915809796854582	4.98402978419701	15.616341784395097	-16.84932879870243	-5648.830378837083
2648	-5674.458745597214	-5647.472009325982	-26.986736271231972	0.6912382609482324	0.8559337420365083	-2.1318208588542817	-2.920642442303683	0.7026991937728905	-0.1915809796854582	4.98402978419701	15.616341784395097	-16.84956935479411	-5647.472009325982
2650	-5674.458745597214	-5647.472009325982	-26.986736271231972	0.6912382609482324	0.8559337420365083	-2.1318208588542817	-2.920642442303683	0.7026991937728905	-0.1915809796854582	4.98402978419701	15.616341784395097	-16.84956935479411	-5647.472009325982
2652	-5674.118995661705	-5647.655223661494	-26.463772000211286	0.6912382609482324	0.8559337420365083	-2.1318208588542817	-2.920642442303683	0.7026991937728905	-0.1915809796854582	4.98402978419701	15.262193916732885	-16.326605083773423	-5647.655223661494
2654	-5674.868294792876	-5647.655223661494	-27.213071131382353	0.6912382609482324	0.8559337420365083	-2.1318208588542817	-3.5881304938075633	0.7026991937728905	-0.1915809796854582	4.98402978419701	15.262193916732885	-16.326605083773423	-5647.655223661494
2656	-5674.868294792876	-5647.655223661494	-27.213071131382353	0.6912382609482324	0.8559337420365083	-2.1318208588542817	-3.5881304938075633	0.7026991937728905	-0.1915809796854582	4.98402978419701	15.262193916732885	-16.326605083773423	-5647.655223661494
2658	-5674.868294792876	-5647.655223661494	-27.213071131382353	0.6912382609482324	0.8559337420365083	-2.1318208588542817	-3.5881304938075633	0.7026991937728905	-0.1915809796854582	4.98402978419701	15.262193916732885	-16.326605083773423	-5647.655223661494
2660	-5675.0703867568955	-5647.655263398582	-27.415123358313554	0.6912382609482324	0.8559337420365083	-2.1318208588542817	-3.5881304938075633	0.7026991937728905	-0.1915809796854582	5.394751889060392	16.08363812645965	-16.528657310704624	-5647.655263398582
2662	-5674.600184027546	-5647.304262587187	-27.295921440359287	0.6912382609482324	0.8559337420365083	-2.1318208588542817	-3.5881304938075633	0.7026991937728905	-0.1915809796854582	5.394751889060392	16.04228402193601	-16.409455392750356	-5647.304262587187
2664	-5675.369973095548	-5646.854800509876	-28.515172585671433	0.6912382609482324	0.8559337420365083	-2.1318208588542817	-3.5881304938075633	0.7026991937728905	-0.1915809796854582	5.940525984437741	17.66524337760409	-17.628706538062502	-5646.854800509876
2666	-5673.585958369634	-5646.642370943861	-26.943587425772417	0.6912382609482324	0.8559337420365083	-2.1318208588542817	-1.2075158050408576	0.7026991937728905	-0.1915809796854582	5.520522634305707	16.41628639653406	-16.690370338339847	-5646.642370943861
2668	-5673.724938633087	-5646.781075499306	-26.943863133780912	0.6912382609482324	0.8559337420365083	-2.1318208588542817	-1.2075158050408576	0.7026991937728905	-0.1915809796854582	5.520522634305707	16.416286396534055	-16.69064604634834	-5646.781075499306
2670	-5674.014421822574	-5646.692172801899	-27.32224902067512	0.6912382609482324	0.8559337420365083	-2.1318208588542817	-1.2075158050408576	0.7026991937728905	-0.1915809796854582	5.520522634305707	16.800728545853165	-17.06903193324255	-5646.692172801899
2672	-5674.014421822574	-5646.692172801899	-27.32224902067512	0.6912382609482324	0.8559337420365083	-2.1318208588542817	-1.2075158050408576	0.7026991937728905	-0.1915809796854582	5.520522634305707	16.800728545853165	-17.06903193324255	-5646.692172801899
2674	-5674.014421822574	-5646.692172801899	-27.32224902067512	0.6912382609482324	0.8559337420365083	-2.1318208588542817	-1.2075158050408576	0.7026991937728905	-0.1915809796854582	5.520522634305707	16.800728545853165	-17.06903193324255	-5646.692172801899
2676	-5674.014421822574	-5646.692172801899	-27.32224902067512	0.6912382609482324	0.8559337420365083	-2.1318208588542817	-1.2075158050408576	0.7026991937728905	-0.1915809796854582	5.520522634305707	16.800728545853165	-17.06903193324255	-5646.692172801899
2678	-5673.714014671373	-5646.692172801899	-27.021841869474265	0.6912382609482324	0.8559337420365083	-2.1318208588542817	-2.6353340464703825	0.7026991937728905	-0.1915809796854582	5.520522634305707	16.800728545853165	-17.06903193324255	-5646.692172801899
2680	-5673.714014671373	-5646.692172801899	-27.021841869474265	0.6912382609482324	0.8559337420365083	-2.1318208588542817	-2.6353340464703825	0.7026991937728905	-0.1915809796854582	5.520522634305707	16.800728545853165	-17.06903193324255	-5646.692172801899
2682	-5673.714014671373	-5646.692172801899	-27.021841869474265	0.6912382609482324	0.8559337420365083	-2.1318208588542817	-2.6353340464703825	0.7026991937728905	-0.1915809796854582	5.520522634305707	16.800728545853165	-17.06903193324255	-5646.692172801899
2684	-5674.239514491832	-5646.506027541837	-27.733486949994784	0.6912382609482324	0.8559337420365083	-2.1318208588542817	-2.6353340464703825	0.7026991937728905	-0.1915809796854582	5.829828019506248	17.742044460805193	-17.78067701376307	-5646.506027541837
2686	-5674.239514491832	-5646.506027541837	-27.733486949994784	0.6912382609482324	0.8559337420365083	-2.1318208588542817	-2.6353340464703825	0.7026991937728905	-0.1915809796854582	5.829828019506248	17.742044460805193	-17.78067701376307	-5646.506027541837
2688	-5674.077028790221	-5646.396529989648	-27.68049880057297	0.6912382609482324	0.8559337420365083	-2.1318208588542817	-2.6353340464703825	0.7026991937728905	-0.1915809796854582	5.829828019506248	17.72028527127411	-17.727688864341257	-5646.396529989648
2690	-5674.077028790221	-5646.396529989648	-27.68049880057297	0.6912382609482324	0.8559337420365083	-2.1318208588542817	-2.6353340464703825	0.7026991937728905	-0.1915809796854582	5.829828019506248	17.72028527127411	-17.727688864341257	-5646.396529989648
2692	-5673.15295059344	-5646.396529989648	-26.756420603792506	0.6912382609482324	0.8559337420365083	-1.035915396795709	-2.6353340464703825	0.7026991937728905	-0.1915809796854582	5.829828019506248	17.72028527127411	-17.387073156612775	-5646.396529989648
2694	-5672.180683301845	-5646.396529989648	-25.78415331219717	0.6912382609482324	0.8559337420365083	-1.035915396795709	-1.8192451062645127	0.7026991937728905	-0.1915809796854582	5.829828019506248	17.72028527127411	-17.387073156612775	-5646.396529989648
2696	-5670.921058569774	-5646.377122900828	-24.543935668945863	0.6912382609482324	0.8559337420365083	-1.035915396795709	-1.8192451062645127	0.7026991937728905	-0.1915809796854582	3.199643989648031	12.459917211557677	-16.14685551336147	-5646.377122900828
2698	-5671.9316245402815	-5646.396475201182	-25.53514933910034	0.6912382609482324	0.8559337420365083	-1.035915396795709	-1.8192451062645127	0.7026991937728905	-0.1915809796854582	5.300993187534971	16.662615607331556	-17.138069183515945	-5646.396475201182
2700	-5671.9316245402815	-5646.396475201182	-25.53514933910034	0.6912382609482324	0.8559337420365083	-1.035915396795709	-1.8192451062645127	0.7026991937728905	-0.1915809796854582	5.300993187534971	16.662615607331556	-17.138069183515945	-5646.396475201182
2702	-5671.9316245402815	-5646.396475201182	-25.53514933910034	0.6912382609482324	0.8559337420365083	-1.035915396795709	-1.8192451062645127	0.7026991937728905	-0.1915809796854582	5.300993187534971	16.662615607331556	-17.138069183515945	-5646.396475201182
2704	-5671.824868350774	-5646.4098619800725	-25.415006370700745	0.6912382609482324	0.8559337420365083	-1.035915396795709	-1.8192451062645127	0.7026991937728905	-0.1915809796854582	5.300993187534971	16.533887441830643	-17.01792621511635	-5646.4098619800725
2706	-5671.4809547990735	-5646.582303763204	-24.898651035868784	0.6912382609482324	0.8559337420365083	-1.035915396795709	-1.8192451062645127	0.7026991937728905	-0.1915809796854582	5.300993187534971	15.981920546477493	-16.50157088028439	-5646.582303763204
2708	-5671.4809547990735	-5646.582303763204	-24.898651035868784	0.6912382609482324	0.8559337420365083	-1.035915396795709	-1.8192451062645127	0.7026991937728905	-0.1915809796854582	5.300993187534971	15.981920546477493	-16.50157088028439	-5646.582303763204
2710	-5671.4809547990735	-5646.582303763204	-24.898651035868784	0.6912382609482324	0.8559337420365083	-1.035915396795709	-1.8192451062645127	0.7026991937728905	-0.1915809796854582	5.300993187534971	15.981920546477493	-16.50157088028439	-5646.582303763204
2712	-5672.562162267862	-5647.278208723867	-25.283953543995224	0.6912382609482324	0.8559337420365083	-1.035915396795709	-1.8192451062645127	0.7026991937728905	-0.1915809796854582	5.495212327007163	16.56747022478093	-16.88687338841083	-5647.278208723867
2714	-5672.562162267862	-5647.278208723867	-25.283953543995224	0.6912382609482324	0.8559337420365083	-1.035915396795709	-1.8192451062645127	0.7026991937728905	-0.1915809796854582	5.495212327007163	16.56747022478093	-16.88687338841083	-5647.278208723867
2716	-5672.826926617587	-5647.414702206787	-25.412224410799094	0.6912382609482324	0.8559337420365083	-1.035915396795709	-1.8192451062645127	0.7026991937728905	-0.1915809796854582	5.763063407670824	17.10574435956608	-17.0151442552147	-5647.414702206787
2718	-5672.184958277611	-5647.914640510589	-24.270317767021677	0.6912382609482324	0.8559337420365083	-1.035915396795709	-1.8192451062645127	0.7026991937728905	-0.1915809796854582	5.158873450072998	15.312406645195438	-15.873237611437283	-5647.914640510589
2720	-5672.336815134462	-5647.914697282663	-24.422117851799413	0.6912382609482324	0.8559337420365083	-1.035915396795709	-1.8192451062645127	0.7026991937728905	-0.1915809796854582	5.480667304238958	15.955994353527359	-16.02503769621502	-5647.914697282663
2722	-5671.899278186034	-5647.633722432814	-24.265555753221104	0.5052161977482043	0.8559337420365083	-1.035915396795709	-1.8192451062645127	0.7026991937728905	-0.1915809796854582	5.480667304238958	15.955994353527357	-16.01706750855305	-5647.633722432814
2724	-5671.601312134002	-5647.633722432814	-23.96758970118806	0.5052161977482043	0.8559337420365083	-1.035915396795709	-1.1688564727293411	0.7026991937728905	-0.1915809796854582	5.480667304238958	15.955994353527357	-16.01706750855305	-5647.633722432814
2726	-5671.601312134002	-5647.633722432814	-23.96758970118806	0.5052161977482043	0.8559337420365083	-1.035915396795709	-1.1688564727293411	0.7026991937728905	-0.1915809796854582	5.480667304238958	15.955994353527357	-16.01706750855305	-5647.633722432814
2728	-5671.716273755876	-5647.633722432814	-24.082551323062393	0.5052161977482043	0.5179291079909041	-1.035915396795709	-1.1688564727293411	0.7026991937728905	-0.1915809796854582	5.480667304238958	15.955994353527357	-16.4300562140329	-5647.633722432814
2730	-5671.716273755876	-5647.633722432814	-24.082551323062393	0.5052161977482043	0.5179291079909041	-1.035915396795709	-1.1688564727293411	0.7026991937728905	-0.1915809796854582	5.480667304238958	15.955994353527357	-16.4300562140329	-5647.633722432814
2732	-5671.617029658432	-5647.633722432814	-23.983307225618397	0.5052161977482043	0.898067044650748	-1.035915396795709	-1.1688564727293411	0.7026991937728905	-0.1915809796854582	5.480667304238958	15.955994353527357	-15.991053833072877	-5647.633722432814
2734	-5671.529114413007	-5647.633722432814	-23.895391980193615	0.5052161977482043	0.898067044650748	-1.035915396795709	-1.1688564727293411	0.7026991937728905	-0.08717835230062836	5.480667304238958	15.955994353527357	-15.991053833072877	-5647.633722432814
2736	-5671.547288676185	-5647.62347719341	-23.923811482775506	0.5052161977482043	0.898067044650748	-1.035915396795709	-1.1688564727293411	0.7026991937728905	-0.08717835230062836	5.480667304238958	15.98597287550293	-16.01947333565477	-5647.62347719341
2738	-5671.656022383856	-5647.8044907749545	-23.85153160890159	0.5052161977482043	0.898067044650748	-1.035915396795709	-1.1688564727293411	0.7026991937728905	-0.08717835230062836	5.480667304238958	15.943695677326431	-15.947193461780852	-5647.8044907749545
2740	-5671.525713213591	-5647.631916062432	-23.893797151159802	0.5052161977482043	0.898067044650748	-1.035915396795709	-1.1688564727293411	0.7026991937728905	-0.08717835230062836	5.480667304238958	15.96825273741153	-15.989459004039066	-5647.631916062432
2742	-5671.525713213591	-5647.631916062432	-23.893797151159802	0.5052161977482043	0.898067044650748	-1.035915396795709	-1.1688564727293411	0.7026991937728905	-0.08717835230062836	5.480667304238958	15.96825273741153	-15.989459004039066	-5647.631916062432
2744	-5671.525713213591	-5647.631916062432	-23.893797151159802	0.5052161977482043	0.898067044650748	-1.035915396795709	-1.1688564727293411	0.7026991937728905	-0.08717835230062836	5.480667304238958	15.96825273741153	-15.989459004039066	-5647.631916062432
2746	-5671.752299794331	-5647.864777609227	-23.88752218510379	0.5052161977482043	0.898067044650748	-1.035915396795709	-1.1688564727293411	0.7026991937728905	-0.08717835230062836	5.480667304238958	15.966131612872145	-15.983184037983053	-5647.864777609227
2748	-5671.9125897164395	-5647.9807599420465	-23.931829774393172	0.5052161977482043	0.898067044650748	-1.035915396795709	-1.1688564727293411	0.7026991937728905	-0.08717835230062836	5.480667304238958	15.967783412155095	-16.027491627272436	-5647.9807599420465
2750	-5672.355416850551	-5647.238394220341	-25.117022630209465	0.5052161977482043	0.898067044650748	-1.035915396795709	-1.1688564727293411	0.7026991937728905	-0.08717835230062836	6.125158785245295	17.8454927873855	-17.21268448308873	-5647.238394220341
2752	-5672.355416850551	-5647.238394220341	-25.117022630209465	0.5052161977482043	0.898067044650748	-1.035915396795709	-1.1688564727293411	0.7026991937728905	-0.08717835230062836	6.125158785245295	17.8454927873855	-17.21268448308873	-5647.238394220341
2754	-5673.0533064517085	-5648.417476657294	-24.635829794414608	0.5052161977482043	0.898067044650748	-1.035915396795709	-1.1688564727293411	0.7026991937728905	-0.08717835230062836	5.877550071270994	17.091155975975063	-16.731491647293872	-5648.417476657294
2756	-5673.3699833707215	-5648.700183861562	-24.669799509158864	0.5052161977482043	0.898067044650748	-1.035915396795709	-1.1688564727293411	0.7026991937728905	-0.08717835230062836	5.877550071270994	17.109357010092605	-16.765461362038128	-5648.700183861562
2758	-5673.3699833707215	-5648.700183861562	-24.669799509158864	0.5052161977482043	0.898067044650748	-1.035915396795709	-1.1688564727293411	0.7026991937728905	-0.08717835230062836	5.877550071270994	17.109357010092605	-16.765461362038128	-5648.700183861562
2760	-5673.3699833707215	-5648.700183861562	-24.669799509158864	0.5052161977482043	0.898067044650748	-1.035915396795709	-1.1688564727293411	0.7026991937728905	-0.08717835230062836	5.877550071270994	17.109357010092605	-16.765461362038128	-5648.700183861562
2762	-5675.366416332077	-5648.700188938186	-26.666227393891365	0.5052161977482043	0.898067044650748	-1.035915396795709	-1.1688564727293411	0.7026991937728905	-0.08717835230062836	10.057764044252357	25.469784956055328	-18.76188924677063	-5648.700188938186
2764	-5674.449120411034	-5648.624444100857	-25.824676310176685	0.5052161977482043	0.898067044650748	-1.035915396795709	-1.1688564727293411	0.7026991937728905	-0.08717835230062836	9.397359949002784	23.797410239756722	-17.92033816305595	-5648.624444100857
2766	-5673.959936415272	-5648.62444409468	-25.335492320591943	0.5052161977482043	0.898067044650748	-1.035915396795709	-1.1688564727293411	0.7026991937728905	-0.08717835230062836	8.372715051375403	21.748120444501957	-17.431154173471207	-5648.62444409468
2768	-5674.197312120424	-5648.861367394306	-25.335944726117614	0.5052161977482043	0.898067044650748	-1.035915396795709	-1.1688564727293411	0.7026991937728905	-0.08717835230062836	8.372715051375403	21.748120444501957	-17.431606578996877	-5648.861367394306
2770	-5675.1838091095	-5648.861367394306	-26.32244171519305	0.5052161977482043	1.9002072997272141	-1.035915396795709	-1.1688564727293411	0.7026991937728905	-0.08717835230062836	8.372715051375403	21.748120444501957	-17.4683510515157	-5648.861367394306
2772	-5675.1285881203985	-5648.808821333413	-26.31976678698533	0.5052161977482043	1.9002072997272141	-1.035915396795709	-1.1688564727293411	0.7026991937728905	-0.08717835230062836	8.372715051375403	21.746777835756387	-17.46567612330798	-5648.808821333413
2774	-5676.549799435095	-5648.808821333413	-27.740978101682593	0.5052161977482043	1.9002072997272141	-1.7437258107581903	-1.1688564727293411	0.7026991937728905	-0.08717835230062836	8.372715051375403	21.746777835756387	-17.74675722804463	-5648.808821333413
2776	-5676.757631136564	-5648.808821333413	-27.948809803150898	0.5052161977482043	1.9002072997272141	-1.7437258107581903	-2.607518701874071	0.7026991937728905	-0.08717835230062836	8.372715051375403	21.746777835756387	-17.74675722804463	-5648.808821333413
2778	-5676.757631136564	-5648.808821333413	-27.948809803150898	0.5052161977482043	1.9002072997272141	-1.7437258107581903	-2.607518701874071	0.7026991937728905	-0.08717835230062836	8.372715051375403	21.746777835756387	-17.74675722804463	-5648.808821333413
2780	-5676.757631136564	-5648.808821333413	-27.948809803150898	0.5052161977482043	1.9002072997272141	-1.7437258107581903	-2.607518701874071	0.7026991937728905	-0.08717835230062836	8.372715051375403	21.746777835756387	-17.74675722804463	-5648.808821333413
2782	-5676.757631136564	-5648.808821333413	-27.948809803150898	0.5052161977482043	1.9002072997272141	-1.7437258107581903	-2.607518701874071	0.7026991937728905	-0.08717835230062836	8.372715051375403	21.746777835756387	-17.74675722804463	-5648.808821333413
2784	-5676.757631136564	-5648.808821333413	-27.948809803150898	0.5052161977482043	1.9002072997272141	-1.7437258107581903	-2.607518701874071	0.7026991937728905	-0.08717835230062836	8.372715051375403	21.746777835756387	-17.74675722804463	-5648.808821333413
2786	-5677.42937044536	-5648.808821343805	-28.620549101555362	1.095864140756344	1.9002072997272141	-1.7437258107581903	-2.607518701874071	0.7026991937728905	-0.08717835230062836	8.648541497924711	22.298430728855003	-17.873081032624544	-5648.808821343805
2788	-5677.42937044536	-5648.808821343805	-28.620549101555362	1.095864140756344	1.9002072997272141	-1.7437258107581903	-2.607518701874071	0.7026991937728905	-0.08717835230062836	8.648541497924711	22.298430728855003	-17.873081032624544	-5648.808821343805
2790	-5677.585145093922	-5648.673546945828	-28.91159814809407	1.095864140756344	1.9002072997272141	-1.7437258107581903	-2.607518701874071	0.7026991937728905	-0.08717835230062836	8.648541497924711	22.594871409426126	-18.16413007916325	-5648.673546945828
2792	-5681.909074077872	-5654.280074332209	-27.628999745663414	1.095864140756344	1.9002072997272141	-1.7437258107581903	-2.607518701874071	0.7026991937728905	-0.08717835230062836	7.8498035026800785	20.508116978438437	-16.881531676732596	-5654.280074332209
2794	-5681.909074077872	-5654.280074332209	-27.628999745663414	1.095864140756344	1.9002072997272141	-1.7437258107581903	-2.607518701874071	0.7026991937728905	-0.08717835230062836	7.8498035026800785	20.508116978438437	-16.881531676732596	-5654.280074332209
2796	-5681.909074077872	-5654.280074332209	-27.628999745663414	1.095864140756344	1.9002072997272141	-1.7437258107581903	-2.607518701874071	0.7026991937728905	-0.08717835230062836	7.8498035026800785	20.508116978438437	-16.881531676732596	-5654.280074332209
2798	-5681.8992789636795	-5654.2757473124375	-27.623531651242093	1.095864140756344	1.9002072997272141	-1.7437258107581903	-2.607518701874071	0.7026991937728905	-0.08717835230062836	7.8498035026800785	20.506412851739967	-16.876063582311275	-5654.2757473124375
2800	-5685.394328397044	-5654.2757473124375	-31.118581084606117	1.095864140756344	1.9002072997272141	-1.7437258107581903	-2.607518701874071	1.6239322608280318	-0.08717835230062836	7.8498035026800785	20.506412851739967	-18.147431603975605	-5654.2757473124375
2802	-5685.394328397044	-5654.2757473124375	-31.118581084606117	1.095864140756344	1.9002072997272141	-1.7437258107581903	-2.607518701874071	1.6239322608280318	-0.08717835230062836	7.8498035026800785	20.506412851739967	-18.147431603975605	-5654.2757473124375
2804	-5686.142222575327	-5655.052059018191	-31.090163557135753	1.095864140756344	1.9002072997272141	-1.7437258107581903	-2.607518701874071	1.6239322608280318	-0.08717835230062836	7.8498035026800785	20.46992130859088	-18.11901407650524	-5655.052059018191
2806	-5685.961151510246	-5654.870852233692	-31.0902992765545	1.095864140756344	1.9002072997272141	-1.7437258107581903	-2.607518701874071	1.6239322608280318	-0.08717835230062836	7.8498035026800785	20.469921308590884	-18.119149795923988	-5654.870852233692
2808	-5685.961151510246	-5654.870852233692	-31.0902992765545	1.095864140756344	1.9002072997272141	-1.7437258107581903	-2.607518701874071	1.6239322608280318	-0.08717835230062836	7.8498035026800785	20.469921308590884	-18.119149795923988	-5654.870852233692
2810	-5685.961151510246	-5654.870852233692	-31.0902992765545	1.095864140756344	1.9002072997272141	-1.7437258107581903	-2.607518701874071	1.6239322608280318	-0.08717835230062836	7.8498035026800785	20.469921308590884	-18.119149795923988	-5654.870852233692
2812	-5681.26026406668	-5649.729870651829	-31.530393414851467	1.095864140756344	1.9002072997272141	-1.7437258107581903	-2.607518701874071	1.6239322608280318	-0.08717835230062836	8.400321931186038	21.905507423147583	-18.559243934220955	-5649.729870651829
2814	-5681.26026406668	-5649.729870651829	-31.530393414851467	1.095864140756344	1.9002072997272141	-1.7437258107581903	-2.607518701874071	1.6239322608280318	-0.08717835230062836	8.400321931186038	21.905507423147583	-18.559243934220955	-5649.729870651829
2816	-5680.779412489202	-5649.2330089730085	-31.5464035161934	1.095864140756344	1.9002072997272141	-1.7437258107581903	-2.607518701874071	1.6239322608280318	-0.08717835230062836	8.400321931186038	21.931433601457762	-18.57525403556289	-5649.2330089730085
2818	-5680.779412489202	-5649.2330089730085	-31.5464035161934	1.095864140756344	1.9002072997272141	-1.7437258107581903	-2.607518701874071	1.6239322608280318	-0.08717835230062836	8.400321931186038	21.931433601457762	-18.57525403556289	-5649.2330089730085
2820	-5680.789719933783	-5649.215460583037	-31.57425935074593	1.095864140756344	1.9002072997272141	-1.7437258107581903	-2.607518701874071	1.6239322608280318	-0.08717835230062836	8.400321931186038	21.955118003344396	-18.603109870115418	-5649.215460583037
2822	-5681.296138994602	-5649.7550296238305	-31.54110937077148	1.095864140756344	1.9002072997272141	-1.7437258107581903	-2.607518701874071	1.6239322608280318	-0.08717835230062836	8.400321931186038	21.921581982027767	-18.569959890140968	-5649.7550296238305
2824	-5681.029464937081	-5649.611566852399	-31.417898084681543	1.095864140756344	1.9002072997272141	-1.7437258107581903	-2.607518701874071	1.6239322608280318	-0.08717835230062836	8.400321931186038	21.919296552348065	-18.44674860405103	-5649.611566852399
2826	-5680.62847095084	-5649.190183579796	-31.438287371043586	1.095864140756344	1.9002072997272141	-1.7437258107581903	-2.607518701874071	1.6239322608280318	-0.08717835230062836	8.400321931186038	21.939561070168246	-18.467137890413074	-5649.190183579796
2828	-5681.231560754757	-5650.087326805406	-31.14423394935117	1.095864140756344	1.9002072997272141	-1.7437258107581903	-2.607518701874071	1.6239322608280318	-0.08717835230062836	8.243015606488946	21.527149054946086	-18.17308446872066	-5650.087326805406
2830	-5681.338045414681	-5650.087326813361	-31.250718601319683	1.095864140756344	1.9002072997272141	-1.7437258107581903	-2.607518701874071	1.6239322608280318	-0.08717835230062836	8.784674577923532	22.61046699781526	-18.27956912068917	-5650.087326813361
2832	-5681.338045414681	-5650.087326813361	-31.250718601319683	1.095864140756344	1.9002072997272141	-1.7437258107581903	-2.607518701874071	1.6239322608280318	-0.08717835230062836	8.784674577923532	22.61046699781526	-18.27956912068917	-5650.087326813361
2834	-5681.338045414681	-5650.087326813361	-31.250718601319683	1.095864140756344	1.9002072997272141	-1.7437258107581903	-2.607518701874071	1.6239322608280318	-0.08717835230062836	8.784674577923532	22.61046699781526	-18.27956912068917	-5650.087326813361
2836	-5681.415972924569	-5650.186908028871	-31.229064895698478	1.095864140756344	1.9002072997272141	-1.7437258107581903	-2.607518701874071	1.6239322608280318	-0.08717835230062836	8.784674577923532	22.592324540878238	-18.257915415067966	-5650.186908028871
2838	-5679.089917060519	-5647.184760470243	-31.90515659027516	1.095864140756344	1.9002072997272141	-1.7437258107581903	-2.607518701874071	1.6239322608280318	-0.08717835230062836	9.681248314153747	24.89812251256914	-18.934007109644647	-5647.184760470243
2840	-5676.961060186143	-5647.536414216814	-29.424645969329603	1.095864140756344	1.9002072997272141	-1.7437258107581903	-2.607518701874071	0.7732122657672083	-0.08717835230062836	9.681248314153747	24.868049336905333	-18.566959635962874	-5647.536414216814
2842	-5676.580893115483	-5647.398043070001	-29.18285004548187	1.095864140756344	1.9002072997272141	-1.7437258107581903	-2.607518701874071	0.7732122657672083	-0.08717835230062836	9.272970729159661	24.03119849788045	-18.325163712115145	-5647.398043070001
2844	-5676.480828923012	-5647.29796931781	-29.182859605202232	1.095864140756344	1.9002072997272141	-1.7437258107581903	-2.607518701874071	0.7732122657672083	-0.08717835230062836	9.272970729159661	24.03119849788045	-18.325173271835503	-5647.29796931781
2846	-5677.684816848058	-5647.281373859867	-30.403442988190925	2.458505235728487	1.9002072997272141	-1.7437258107581903	-2.607518701874071	0.7732122657672083	-0.08717835230062836	9.272970729159661	24.04388587130015	-18.337338136284753	-5647.281373859867
2848	-5677.4171758440825	-5647.046342425113	-30.37083341896956	2.458505235728487	1.9002072997272141	-1.7437258107581903	-2.607518701874071	0.7732122657672083	-0.08717835230062836	9.272970729159661	24.019731421333134	-18.304728567063385	-5647.046342425113
2850	-5676.301626690397	-5647.148216230698	-29.15341045969854	1.0574731823050663	1.9002072997272141	-1.7437258107581903	-2.607518701874071	0.7732122657672083	-0.08717835230062836	9.272970729159661	24.021801600982535	-18.334013742466215	-5647.148216230698
2852	-5676.301626690397	-5647.148216230698	-29.15341045969854	1.0574731823050663	1.9002072997272141	-1.7437258107581903	-2.607518701874071	0.7732122657672083	-0.08717835230062836	9.272970729159661	24.021801600982535	-18.334013742466215	-5647.148216230698
2854	-5676.301626690397	-5647.148216230698	-29.15341045969854	1.0574731823050663	1.9002072997272141	-1.7437258107581903	-2.607518701874071	0.7732122657672083	-0.08717835230062836	9.272970729159661	24.021801600982535	-18.334013742466215	-5647.148216230698
2856	-5676.05898289111	-5647.090591267416	-28.96839162369357	1.0574731823050663	1.9002072997272141	-0.7557496763843299	-2.607518701874071	0.7732122657672083	-0.08717835230062836	9.272970729159661	24.02067216177651	-18.04225078882544	-5647.090591267416
2858	-5676.6174254502985	-5648.342532199766	-28.274893250532518	1.0574731823050663	1.9002072997272141	-0.7557496763843299	-2.607518701874071	0.7732122657672083	-0.08717835230062836	8.733907904624179	22.624285635714273	-17.34875241566439	-5648.342532199766
2860	-5677.626037606876	-5649.07193363923	-28.554103967645613	1.4244733178439735	1.9002072997272141	-0.7557496763843299	-2.607518701874071	0.7732122657672083	-0.08717835230062836	8.733907904624179	22.58187390842154	-17.26901669664098	-5649.07193363923
2862	-5676.816659043196	-5648.702034842378	-28.114624200817588	1.4244733178439735	1.9002072997272141	-0.7557496763843299	-2.607518701874071	0.7732122657672083	-0.08717835230062836	8.733907904624179	22.07028896370068	-16.829536929812953	-5648.702034842378
2864	-5676.807217711578	-5648.702034842575	-28.105182869002984	1.4244733178439735	1.9002072997272141	-0.7557496763843299	-2.607518701874071	0.7732122657672083	-0.08717835230062836	8.712371688365218	22.02721653118276	-16.82009559799835	-5648.702034842575
2866	-5676.784616826339	-5648.680204761862	-28.10441206447685	1.4244733178439735	1.9002072997272141	-0.7557496763843299	-2.607518701874071	0.7732122657672083	-0.08717835230062836	8.712371688365218	22.026593308445367	-16.819324793472216	-5648.680204761862
2868	-5676.854914891336	-5648.707511669968	-28.14740322136853	1.4244733178439735	1.9002072997272141	-0.7557496763843299	-2.607518701874071	0.7732122657672083	-0.08717835230062836	8.712371688365218	22.028109306968272	-16.862315950363897	-5648.707511669968
2870	-5676.790929394675	-5648.67282721305	-28.118102181624565	1.4244733178439735	1.9002072997272141	-0.7557496763843299	-2.607518701874071	0.7732122657672083	-0.08717835230062836	8.712371688365218	22.02707480468015	-16.83301491061993	-5648.67282721305
2872	-5677.3006321952935	-5648.67282721305	-28.627804982243156	1.4244733178439735	1.9002072997272141	-2.0083779673102633	-2.607518701874071	0.7732122657672083	-0.08717835230062836	8.712371688365218	22.02707480468015	-17.146544920102162	-5648.67282721305
2874	-5678.203354027088	-5647.927322557236	-30.27603146985167	1.4244733178439735	1.9002072997272141	-2.0083779673102633	-2.607518701874071	0.7732122657672083	-0.08717835230062836	9.866680830142457	24.945459685757726	-18.794771407710677	-5647.927322557236
2876	-5678.203354027088	-5647.927322557236	-30.27603146985167	1.4244733178439735	1.9002072997272141	-2.0083779673102633	-2.607518701874071	0.7732122657672083	-0.08717835230062836	9.866680830142457	24.945459685757726	-18.794771407710677	-5647.927322557236
2878	-5678.203354027088	-5647.927322557236	-30.27603146985167	1.4244733178439735	1.9002072997272141	-2.0083779673102633	-2.607518701874071	0.7732122657672083	-0.08717835230062836	9.866680830142457	24.945459685757726	-18.794771407710677	-5647.927322557236
2880	-5678.339120880234	-5649.940228104199	-28.398892776035073	1.4244733178439735	1.9002072997272141	-2.0083779673102633	-2.607518701874071	0.7732122657672083	-0.08717835230062836	8.515207903130577	21.548432796684907	-16.91763271389408	-5649.940228104199
2882	-5678.339120880234	-5649.940228104199	-28.398892776035073	1.4244733178439735	1.9002072997272141	-2.0083779673102633	-2.607518701874071	0.7732122657672083	-0.08717835230062836	8.515207903130577	21.548432796684907	-16.91763271389408	-5649.940228104199
2884	-5678.339120880234	-5649.940228104199	-28.398892776035073	1.4244733178439735	1.9002072997272141	-2.0083779673102633	-2.607518701874071	0.7732122657672083	-0.08717835230062836	8.515207903130577	21.548432796684907	-16.91763271389408	-5649.940228104199
2886	-5677.231451942472	-5647.783014770488	-29.44843717198397	1.4244733178439735	1.9002072997272141	-2.0083779673102633	-2.607518701874071	0.7732122657672083	-0.08717835230062836	9.243849146942377	23.392319294089045	-17.967177109842975	-5647.783014770488
2888	-5677.259381012685	-5647.783014770488	-29.47636624219632	1.4244733178439735	1.9002072997272141	-2.0083779673102633	-2.607518701874071	0.7732122657672083	-0.11904899422554609	9.243849146942377	23.392319294089045	-17.967177109842975	-5647.783014770488
2890	-5677.698284908337	-5648.270729937656	-29.427554970680465	1.4244733178439735	1.9002072997272141	-2.0083779673102633	-2.607518701874071	0.7732122657672083	-0.11904899422554609	9.243849146942377	23.356844596469532	-17.91836583832712	-5648.270729937656
2892	-5677.6684497741135	-5648.23756259544	-29.43088717867362	1.4244733178439735	1.9002072997272141	-2.0083779673102633	-2.607518701874071	0.7732122657672083	-0.11904899422554609	9.243849146942377	23.357873133449196	-17.921698046320273	-5648.23756259544
2894	-5677.221336816225	-5647.740576758635	-29.480760057589936	1.4244733178439735	1.9002072997272141	-2.0083779673102633	-2.607518701874071	0.7732122657672083	-0.11904899422554609	9.243849146942377	23.394114424652855	-17.97157092523659	-5647.740576758635
2896	-5677.395724001645	-5647.7405767580885	-29.655147243556364	1.4244733178439735	1.9002072997272141	-2.0083779673102633	-2.607518701874071	0.7732122657672083	-0.11904899422554609	9.624780587070711	24.15597730490952	-18.14595811120302	-5647.7405767580885
2898	-5677.395724001645	-5647.7405767580885	-29.655147243556364	1.4244733178439735	1.9002072997272141	-2.0083779673102633	-2.607518701874071	0.7732122657672083	-0.11904899422554609	9.624780587070711	24.15597730490952	-18.14595811120302	-5647.7405767580885
2900	-5677.395724001645	-5647.7405767580885	-29.655147243556364	1.4244733178439735	1.9002072997272141	-2.0083779673102633	-2.607518701874071	0.7732122657672083	-0.11904899422554609	9.624780587070711	24.15597730490952	-18.14595811120302	-5647.7405767580885
2902	-5677.986885282831	-5648.209839117746	-29.777046165085014	1.4244733178439735	1.9002072997272141	-2.0083779673102633	-2.607518701874071	0.7732122657672083	-0.11904899422554609	9.624780587070711	24.157869651495975	-18.26785703273167	-5648.209839117746
2904	-5677.986885282831	-5648.209839117746	-29.777046165085014	1.4244733178439735	1.9002072997272141	-2.0083779673102633	-2.607518701874071	0.7732122657672083	-0.11904899422554609	9.624780587070711	24.157869651495975	-18.26785703273167	-5648.209839117746
2906	-5677.986885282831	-5648.209839117746	-29.777046165085014	1.4244733178439735	1.9002072997272141	-2.0083779673102633	-2.607518701874071	0.7732122657672083	-0.11904899422554609	9.624780587070711	24.157869651495975	-18.26785703273167	-5648.209839117746
2908	-5678.127076561768	-5648.104057606287	-30.02301895548126	1.4244733178439735	1.9002072997272141	-2.0083779673102633	-2.607518701874071	0.7732122657672083	-0.11904899422554609	9.624780587070711	24.425937199785125	-18.513829823127914	-5648.104057606287
2910	-5677.428606466554	-5646.826046976928	-30.602559489625527	1.4244733178439735	1.9002072997272141	-2.0083779673102633	-2.607518701874071	0.7732122657672083	-0.11904899422554609	9.624780587070711	24.84710355189363	-19.093370357272182	-5646.826046976928
2912	-5677.428606466554	-5646.826046976928	-30.602559489625527	1.4244733178439735	1.9002072997272141	-2.0083779673102633	-2.607518701874071	0.7732122657672083	-0.11904899422554609	9.624780587070711	24.84710355189363	-19.093370357272182	-5646.826046976928
2914	-5677.276017798882	-5646.611610444646	-30.664407354235678	1.4244733178439735	1.9002072997272141	-2.0083779673102633	-2.607518701874071	0.7732122657672083	-0.11904899422554609	9.624780587070711	24.88074616981168	-19.155218221882333	-5646.611610444646
2916	-5676.255017520341	-5646.4536504172065	-29.801367103134545	1.4244733178439735	1.9002072997272141	-2.0083779673102633	-2.607518701874071	0.7732122657672083	-0.11904899422554609	9.046445368776585	23.385708268712037	-18.2921779707812	-5646.4536504172065
2918	-5677.423318430151	-5646.746346660451	-30.676971769699616	1.4244733178439735	1.9002072997272141	-2.0083779673102633	-2.607518701874071	0.7732122657672083	-0.11904899422554609	9.692101977413106	24.989490551665583	-19.16778263734627	-5646.746346660451
2920	-5677.423318430151	-5646.746346660451	-30.676971769699616	1.4244733178439735	1.9002072997272141	-2.0083779673102633	-2.607518701874071	0.7732122657672083	-0.11904899422554609	9.692101977413106	24.989490551665583	-19.16778263734627	-5646.746346660451
2922	-5676.909539963377	-5646.746346660451	-30.163193302926125	0.8954490359111604	1.9002072997272141	-2.0083779673102633	-2.607518701874071	0.7732122657672083	-0.11904899422554609	9.692101977413106	24.989490551665583	-19.174726874209913	-5646.746346660451
2924	-5674.431148797915	-5646.746810606177	-27.68433819173776	0.8954490359111604	1.9002072997272141	-2.0083779673102633	-2.607518701874071	0.7732122657672083	-0.11904899422554609	4.297253875729322	14.199794348298019	-16.695871763021543	-5646.746810606177
2926	-5674.431148797915	-5646.746810606177	-27.68433819173776	0.8954490359111604	1.9002072997272141	-2.0083779673102633	-2.607518701874071	0.7732122657672083	-0.11904899422554609	4.297253875729322	14.199794348298019	-16.695871763021543	-5646.746810606177
2928	-5674.038770228671	-5646.746810606177	-27.29195962249402	0.3927184716139404	1.9002072997272141	-2.0083779673102633	-2.607518701874071	0.7732122657672083	-0.11904899422554609	4.297253875729322	14.199794348298019	-16.69702610377901	-5646.746810606177
2930	-5673.463867778935	-5647.291386168079	-26.172481610856522	0.3927184716139404	1.9002072997272141	-2.0083779673102633	-2.607518701874071	0.7732122657672083	-0.11904899422554609	3.895296958740037	12.871572715789734	-15.577548092141514	-5647.291386168079
2932	-5673.443232764904	-5647.275908631052	-26.16732413385243	0.3927184716139404	1.9002072997272141	-2.0083779673102633	-2.607518701874071	0.7732122657672083	-0.11904899422554609	3.895296958740037	12.870131703349879	-15.572390615137419	-5647.275908631052
2934	-5673.443232764904	-5647.275908631052	-26.16732413385243	0.3927184716139404	1.9002072997272141	-2.0083779673102633	-2.607518701874071	0.7732122657672083	-0.11904899422554609	3.895296958740037	12.870131703349879	-15.572390615137419	-5647.275908631052
2936	-5673.443232764904	-5647.275908631052	-26.16732413385243	0.3927184716139404	1.9002072997272141	-2.0083779673102633	-2.607518701874071	0.7732122657672083	-0.11904899422554609	3.895296958740037	12.870131703349879	-15.572390615137419	-5647.275908631052
2938	-5673.582287411122	-5647.275171254931	-26.307116156191373	0.3927184716139404	1.9002072997272141	-2.0083779673102633	-2.607518701874071	0.7732122657672083	-0.11904899422554609	4.1992090477163995	13.477955881302602	-15.712182637476364	-5647.275171254931
2940	-5673.582287411122	-5647.275171254931	-26.307116156191373	0.3927184716139404	1.9002072997272141	-2.0083779673102633	-2.607518701874071	0.7732122657672083	-0.11904899422554609	4.1992090477163995	13.477955881302602	-15.712182637476364	-5647.275171254931
2942	-5673.376440443546	-5647.214222174911	-26.162218268635424	0.3927184716139404	1.9002072997272141	-2.0083779673102633	-2.607518701874071	0.7732122657672083	-0.11904899422554609	4.1992090477163995	13.475944040472832	-15.567284749920415	-5647.214222174911
2944	-5673.531018058716	-5647.247044891468	-26.28397316724768	0.3927184716139404	1.9002072997272141	-2.0083779673102633	-2.607518701874071	0.7732122657672083	-0.11904899422554609	4.1992090477163995	13.477615478144312	-15.689039648532672	-5647.247044891468
2946	-5673.531018058716	-5647.247044891468	-26.28397316724768	0.3927184716139404	1.9002072997272141	-2.0083779673102633	-2.607518701874071	0.7732122657672083	-0.11904899422554609	4.1992090477163995	13.477615478144312	-15.689039648532672	-5647.247044891468
2948	-5673.531018058716	-5647.247044891468	-26.28397316724768	0.3927184716139404	1.9002072997272141	-2.0083779673102633	-2.607518701874071	0.7732122657672083	-0.11904899422554609	4.1992090477163995	13.477615478144312	-15.689039648532672	-5647.247044891468
2950	-5673.531018058716	-5647.247044891468	-26.28397316724768	0.3927184716139404	1.9002072997272141	-2.0083779673102633	-2.607518701874071	0.7732122657672083	-0.11904899422554609	4.1992090477163995	13.477615478144312	-15.689039648532672	-5647.247044891468
2952	-5673.531018058716	-5647.247044891468	-26.28397316724768	0.3927184716139404	1.9002072997272141	-2.0083779673102633	-2.607518701874071	0.7732122657672083	-0.11904899422554609	4.1992090477163995	13.477615478144312	-15.689039648532672	-5647.247044891468
2954	-5673.531018058716	-5647.247044891468	-26.28397316724768	0.3927184716139404	1.9002072997272141	-2.0083779673102633	-2.607518701874071	0.7732122657672083	-0.11904899422554609	4.1992090477163995	13.477615478144312	-15.689039648532672	-5647.247044891468
2956	-5672.769411231787	-5647.247044891468	-25.522366340318364	0.3927184716139404	1.9002072997272141	-1.3247391374157351	-2.607518701874071	0.7732122657672083	-0.11904899422554609	4.1992090477163995	13.477615478144312	-15.423480064702384	-5647.247044891468
2958	-5672.769411231787	-5647.247044891468	-25.522366340318364	0.3927184716139404	1.9002072997272141	-1.3247391374157351	-2.607518701874071	0.7732122657672083	-0.11904899422554609	4.1992090477163995	13.477615478144312	-15.423480064702384	-5647.247044891468
2960	-5673.231936715645	-5646.64024697973	-26.591689735914727	0.3927184716139404	1.9002072997272141	-1.3247391374157351	-2.607518701874071	0.7732122657672083	-0.11904899422554609	4.633693801522705	14.8721205805045	-16.492803460298745	-5646.64024697973
2962	-5673.873665749173	-5646.874686574268	-26.998979174904484	0.3927184716139404	1.9002072997272141	-1.3247391374157351	-2.607518701874071	0.7732122657672083	-0.11904899422554609	4.633693801522705	15.168488228018733	-16.900092899288506	-5646.874686574268
2964	-5673.873665749173	-5646.874686574268	-26.998979174904484	0.3927184716139404	1.9002072997272141	-1.3247391374157351	-2.607518701874071	0.7732122657672083	-0.11904899422554609	4.633693801522705	15.168488228018733	-16.900092899288506	-5646.874686574268
2966	-5675.113371639939	-5646.874686574268	-28.23868506567105	0.3927184716139404	1.9002072997272141	-2.177758033510142	-2.607518701874071	0.7732122657672083	-0.11904899422554609	4.633693801522705	15.168488228018733	-17.376365244356233	-5646.874686574268
2968	-5675.113371639939	-5646.874686574268	-28.23868506567105	0.3927184716139404	1.9002072997272141	-2.177758033510142	-2.607518701874071	0.7732122657672083	-0.11904899422554609	4.633693801522705	15.168488228018733	-17.376365244356233	-5646.874686574268
2970	-5675.851987333113	-5646.874469594008	-28.977517739105892	0.3927184716139404	1.9002072997272141	-2.177758033510142	-2.607518701874071	0.7732122657672083	-0.11904899422554609	6.237077559879056	18.375255744731437	-18.11519791779108	-5646.874469594008
2972	-5676.300789929832	-5647.187676402422	-29.113113527409816	0.3927184716139404	1.9002072997272141	-2.177758033510142	-2.607518701874071	0.7732122657672083	-0.11904899422554609	6.237077559879056	18.377155227602728	-18.250793706095	-5647.187676402422
2974	-5676.300789929832	-5647.187676402422	-29.113113527409816	0.3927184716139404	1.9002072997272141	-2.177758033510142	-2.607518701874071	0.7732122657672083	-0.11904899422554609	6.237077559879056	18.377155227602728	-18.250793706095	-5647.187676402422
2976	-5676.300789929832	-5647.187676402422	-29.113113527409816	0.3927184716139404	1.9002072997272141	-2.177758033510142	-2.607518701874071	0.7732122657672083	-0.11904899422554609	6.237077559879056	18.377155227602728	-18.250793706095	-5647.187676402422
2978	-5676.300789929832	-5647.187676402422	-29.113113527409816	0.3927184716139404	1.9002072997272141	-2.177758033510142	-2.607518701874071	0.7732122657672083	-0.11904899422554609	6.237077559879056	18.377155227602728	-18.250793706095	-5647.187676402422
2980	-5675.780690233586	-5646.954822626728	-28.825867606858452	0.3927184716139404	1.9002072997272141	-2.177758033510142	-2.607518701874071	0.7732122657672083	-0.11904899422554609	6.237077559879056	18.064697806252237	-17.963547785543636	-5646.954822626728
2982	-5675.716696248071	-5646.897722453454	-28.818973794616845	0.3927184716139404	1.9002072997272141	-2.177758033510142	-2.607518701874071	0.7732122657672083	-0.11904899422554609	6.237077559879056	18.062865664803937	-17.956653973302032	-5646.897722453454
2984	-5675.716696248071	-5646.897722453454	-28.818973794616845	0.3927184716139404	1.9002072997272141	-2.177758033510142	-2.607518701874071	0.7732122657672083	-0.11904899422554609	6.237077559879056	18.062865664803937	-17.956653973302032	-5646.897722453454
2986	-5675.872407318921	-5646.897722453454	-28.974684865467367	0.3927184716139404	1.9002072997272141	-2.177758033510142	-2.607518701874071	0.7732122657672083	-0.2791908403593837	6.237077559879056	18.062865664803937	-17.956653973302032	-5646.897722453454
2988	-5675.872407318921	-5646.897722453454	-28.974684865467367	0.3927184716139404	1.9002072997272141	-2.177758033510142	-2.607518701874071	0.7732122657672083	-0.2791908403593837	6.237077559879056	18.062865664803937	-17.956653973302032	-5646.897722453454
2990	-5675.872407318921	-5646.897722453454	-28.974684865467367	0.3927184716139404	1.9002072997272141	-2.177758033510142	-2.607518701874071	0.7732122657672083	-0.2791908403593837	6.237077559879056	18.062865664803937	-17.956653973302032	-5646.897722453454
2992	-5676.205747686092	-5646.897722453454	-29.308025232637664	0.3927184716139404	1.9002072997272141	-2.177758033510142	-2.607518701874071	0.7732122657672083	-0.5587911246659728	6.237077559879056	18.062865664803937	-17.956653973302032	-5646.897722453454
2994	-5675.716442192303	-5646.70897606854	-29.007466123762054	0.3927184716139404	1.9002072997272141	-2.177758033510142	-2.607518701874071	0.7732122657672083	-0.5587911246659728	6.237077559879056	17.847126331115103	-17.65609486442642	-5646.70897606854
2996	-5675.824691227115	-5646.685907118814	-29.138784108301483	0.3927184716139404	1.9002072997272141	-2.177758033510142	-2.607518701874071	0.7732122657672083	-0.5587911246659728	6.62806410782229	18.5936413339836	-17.78741284896585	-5646.685907118814
2998	-5675.824691227115	-5646.685907118814	-29.138784108301483	0.3927184716139404	1.9002072997272141	-2.177758033510142	-2.607518701874071	0.7732122657672083	-0.5587911246659728	6.62806410782229	18.5936413339836	-17.78741284896585	-5646.685907118814
3000	-5677.07445929153	-5646.685907118814	-30.38855217271632	0.3927184716139404	1.9002072997272141	-2.177758033510142	-2.607518701874071	0.38584900867599947	-0.5587911246659728	6.62806410782229	18.5936413339836	-19.702613813901568	-5646.685907118814
3002	-5677.07445929153	-5646.685907118814	-30.38855217271632	0.3927184716139404	1.9002072997272141	-2.177758033510142	-2.607518701874071	0.38584900867599947	-0.5587911246659728	6.62806410782229	18.5936413339836	-19.702613813901568	-5646.685907118814
3004	-5679.071718565581	-5648.9110142009695	-30.160704364611384	0.3927184716139404	1.9002072997272141	-2.177758033510142	-2.607518701874071	0.38584900867599947	-0.5587911246659728	6.30304084516043	17.943594808659885	-19.47476600579663	-5648.9110142009695
3006	-5677.738184119731	-5648.9110142009695	-28.827169918761818	0.3927184716139404	0.631460276866532	-2.177758033510142	-2.607518701874071	0.38584900867599947	-0.5587911246659728	6.30304084516043	17.943594808659885	-19.343301674105742	-5648.9110142009695
3008	-5675.551156516447	-5646.685908638763	-28.865247877683963	0.3927184716139404	0.631460276866532	-2.177758033510142	-2.607518701874071	0.38584900867599947	-0.5587911246659728	6.30304084516043	17.943594808659885	-19.38137963302789	-5646.685908638763
3010	-5676.196548785222	-5647.331749500283	-28.86479928493874	0.3927184716139404	0.631460276866532	-2.177758033510142	-2.607518701874071	0.38584900867599947	-0.5587911246659728	6.30304084516043	17.943594808659885	-19.380931040282665	-5647.331749500283
3012	-5673.844752454322	-5647.373088505434	-26.471663948888036	0.3927184716139404	0.631460276866532	-2.177758033510142	-2.607518701874071	0.38584900867599947	-0.5587911246659728	2.753453508111978	10.844420134562984	-16.987795704231964	-5647.373088505434
3014	-5673.911264778774	-5647.450365935221	-26.46089884355341	0.3927184716139404	0.631460276866532	-2.177758033510142	-2.607518701874071	0.38584900867599947	-0.5587911246659728	2.753453508111978	10.842027149800614	-16.977030598897336	-5647.450365935221
3016	-5673.911264778774	-5647.450365935221	-26.46089884355341	0.3927184716139404	0.631460276866532	-2.177758033510142	-2.607518701874071	0.38584900867599947	-0.5587911246659728	2.753453508111978	10.842027149800614	-16.977030598897336	-5647.450365935221
3018	-5673.911264778774	-5647.450365935221	-26.46089884355341	0.3927184716139404	0.631460276866532	-2.177758033510142	-2.607518701874071	0.38584900867599947	-0.5587911246659728	2.753453508111978	10.842027149800614	-16.977030598897336	-5647.450365935221
3020	-5673.911264778774	-5647.450365935221	-26.46089884355341	0.3927184716139404	0.631460276866532	-2.177758033510142	-2.607518701874071	0.38584900867599947	-0.5587911246659728	2.753453508111978	10.842027149800614	-16.977030598897336	-5647.450365935221
3022	-5674.264493423634	-5647.450365935221	-26.81412748841301	0.3927184716139404	0.631460276866532	-2.177758033510142	-2.607518701874071	0.38584900867599947	-0.8785885228926972	2.753453508111978	10.842027149800614	-16.977030598897336	-5647.450365935221
3024	-5674.264493423634	-5647.450365935221	-26.81412748841301	0.3927184716139404	0.631460276866532	-2.177758033510142	-2.607518701874071	0.38584900867599947	-0.8785885228926972	2.753453508111978	10.842027149800614	-16.977030598897336	-5647.450365935221
3026	-5674.264493423634	-5647.450365935221	-26.81412748841301	0.3927184716139404	0.631460276866532	-2.177758033510142	-2.607518701874071	0.38584900867599947	-0.8785885228926972	2.753453508111978	10.842027149800614	-16.977030598897336	-5647.450365935221
3028	-5674.264493423634	-5647.450365935221	-26.81412748841301	0.3927184716139404	0.631460276866532	-2.177758033510142	-2.607518701874071	0.38584900867599947	-0.8785885228926972	2.753453508111978	10.842027149800614	-16.977030598897336	-5647.450365935221
3030	-5674.264493423634	-5647.450365935221	-26.81412748841301	0.3927184716139404	0.631460276866532	-2.177758033510142	-2.607518701874071	0.38584900867599947	-0.8785885228926972	2.753453508111978	10.842027149800614	-16.977030598897336	-5647.450365935221
3032	-5674.285228878744	-5647.553563224723	-26.731665654021334	0.3927184716139404	0.631460276866532	-2.177758033510142	-2.607518701874071	0.38584900867599947	-0.8785885228926972	2.753453508111978	10.801297158449392	-16.89456876450566	-5647.553563224723
3034	-5674.285228878744	-5647.553563224723	-26.731665654021334	0.3927184716139404	0.631460276866532	-2.177758033510142	-2.607518701874071	0.38584900867599947	-0.8785885228926972	2.753453508111978	10.801297158449392	-16.89456876450566	-5647.553563224723
3036	-5674.285228878744	-5647.553563224723	-26.731665654021334	0.3927184716139404	0.631460276866532	-2.177758033510142	-2.607518701874071	0.38584900867599947	-0.8785885228926972	2.753453508111978	10.801297158449392	-16.89456876450566	-5647.553563224723
3038	-5674.31749490492	-5647.663777431571	-26.653717473348554	0.3927184716139404	0.631460276866532	-2.177758033510142	-2.607518701874071	0.38584900867599947	-0.8785885228926972	2.753453508111978	10.771982545121817	-16.81662058383288	-5647.663777431571
3040	-5674.452995322032	-5649.107548694305	-25.345446627727284	0.3927184716139404	0.631460276866532	-2.177758033510142	-2.607518701874071	0.38584900867599947	-0.8785885228926972	2.5070210879057	9.807896635846971	-15.50834973821161	-5649.107548694305
3042	-5674.452995322032	-5649.107548694305	-25.345446627727284	0.3927184716139404	0.631460276866532	-2.177758033510142	-2.607518701874071	0.38584900867599947	-0.8785885228926972	2.5070210879057	9.807896635846971	-15.50834973821161	-5649.107548694305
3044	-5674.452995322032	-5649.107548694305	-25.345446627727284	0.3927184716139404	0.631460276866532	-2.177758033510142	-2.607518701874071	0.38584900867599947	-0.8785885228926972	2.5070210879057	9.807896635846971	-15.50834973821161	-5649.107548694305
3046	-5674.868428905556	-5649.4320670763045	-25.436361829251837	0.3927184716139404	0.631460276866532	-2.177758033510142	-2.607518701874071	0.38584900867599947	-0.8785885228926972	2.5070210879057	9.8094546834842	-15.599264939736164	-5649.4320670763045
3048	-5675.195537706641	-5648.299209448458	-26.89632825818262	0.3927184716139404	0.631460276866532	-2.177758033510142	-2.607518701874071	0.38584900867599947	-0.8785885228926972	2.782765355705867	10.888384937507661	-17.059231368666946	-5648.299209448458
3050	-5675.195537706641	-5648.299209448458	-26.89632825818262	0.3927184716139404	0.631460276866532	-2.177758033510142	-2.607518701874071	0.38584900867599947	-0.8785885228926972	2.782765355705867	10.888384937507661	-17.059231368666946	-5648.299209448458
3052	-5675.195537706641	-5648.299209448458	-26.89632825818262	0.3927184716139404	0.631460276866532	-2.177758033510142	-2.607518701874071	0.38584900867599947	-0.8785885228926972	2.782765355705867	10.888384937507661	-17.059231368666946	-5648.299209448458
3054	-5675.559106790576	-5648.299209448458	-27.259897342118293	0.3927184716139404	0.3243479976336444	-2.177758033510142	-2.607518701874071	0.38584900867599947	-0.8785885228926972	2.782765355705867	10.888384937507661	-17.560821336778023	-5648.299209448458
3056	-5674.825525239644	-5647.557426868581	-27.26809837106252	0.3927184716139404	0.3243479976336444	-2.177758033510142	-2.607518701874071	0.38584900867599947	-0.8785885228926972	2.782765355705867	10.888384937507661	-17.569022365722255	-5647.557426868581
3058	-5674.825525239644	-5647.557426868581	-27.26809837106252	0.3927184716139404	0.3243479976336444	-2.177758033510142	-2.607518701874071	0.38584900867599947	-0.8785885228926972	2.782765355705867	10.888384937507661	-17.569022365722255	-5647.557426868581
3060	-5674.698660596237	-5647.530608831915	-27.16805176432196	0.3927184716139404	0.3243479976336444	-2.177758033510142	-2.607518701874071	0.38584900867599947	-0.8785885228926972	2.782765355705867	10.85436258837592	-17.468975758981692	-5647.530608831915
3062	-5674.698660596237	-5647.530608831915	-27.16805176432196	0.3927184716139404	0.3243479976336444	-2.177758033510142	-2.607518701874071	0.38584900867599947	-0.8785885228926972	2.782765355705867	10.85436258837592	-17.468975758981692	-5647.530608831915
3064	-5674.90844212173	-5647.623156757532	-27.285285364197826	0.3927184716139404	0.3243479976336444	-2.177758033510142	-2.607518701874071	0.38584900867599947	-0.8785885228926972	2.782765355705867	10.894223818488388	-17.58620935885756	-5647.623156757532
3066	-5674.90844212173	-5647.623156757532	-27.285285364197826	0.3927184716139404	0.3243479976336444	-2.177758033510142	-2.607518701874071	0.38584900867599947	-0.8785885228926972	2.782765355705867	10.894223818488388	-17.58620935885756	-5647.623156757532
3068	-5677.971005923872	-5647.623156757532	-30.347849166339664	0.3927184716139404	0.11896920638233939	-2.177758033510142	-2.607518701874071	0.38584900867599947	-1.430616761009591	2.782765355705867	10.894223818488388	-19.169133593426718	-5647.623156757532
3070	-5677.971005923872	-5647.623156757532	-30.347849166339664	0.3927184716139404	0.11896920638233939	-2.177758033510142	-2.607518701874071	0.38584900867599947	-1.430616761009591	2.782765355705867	10.894223818488388	-19.169133593426718	-5647.623156757532
3072	-5677.971005923872	-5647.623156757532	-30.347849166339664	0.3927184716139404	0.11896920638233939	-2.177758033510142	-2.607518701874071	0.38584900867599947	-1.430616761009591	2.782765355705867	10.894223818488388	-19.169133593426718	-5647.623156757532
3074	-5677.971005923872	-5647.623156757532	-30.347849166339664	0.3927184716139404	0.11896920638233939	-2.177758033510142	-2.607518701874071	0.38584900867599947	-1.430616761009591	2.782765355705867	10.894223818488388	-19.169133593426718	-5647.623156757532
3076	-5676.886050966877	-5646.639566226884	-30.24648473999266	0.3927184716139404	0.11896920638233939	-2.177758033510142	-2.607518701874071	0.38584900867599947	-1.430616761009591	2.782765355705867	10.868252070172586	-19.067769167079714	-5646.639566226884
3078	-5676.827986499677	-5646.58001963399	-30.247966865686752	0.3927184716139404	0.11896920638233939	-2.177758033510142	-2.607518701874071	0.38584900867599947	-1.430616761009591	2.782765355705867	10.866471834924683	-19.069251292773806	-5646.58001963399
3080	-5676.827986499677	-5646.58001963399	-30.247966865686752	0.3927184716139404	0.11896920638233939	-2.177758033510142	-2.607518701874071	0.38584900867599947	-1.430616761009591	2.782765355705867	10.866471834924683	-19.069251292773806	-5646.58001963399
3082	-5677.281414315605	-5647.280337353815	-30.00107696178904	0.3927184716139404	0.11896920638233939	-2.177758033510142	-2.607518701874071	0.8825211597646321	-1.430616761009591	2.782765355705867	10.86647183492468	-17.481849744865944	-5647.280337353815
3084	-5677.40576526504	-5647.280337353815	-30.125427911224463	0.3927184716139404	0.11896920638233939	-2.177758033510142	-1.5194297484247576	0.8825211597646321	-1.430616761009591	2.782765355705867	10.86647183492468	-17.481849744865944	-5647.280337353815
3086	-5677.40576526504	-5647.280337353815	-30.125427911224463	0.3927184716139404	0.11896920638233939	-2.177758033510142	-1.5194297484247576	0.8825211597646321	-1.430616761009591	2.782765355705867	10.86647183492468	-17.481849744865944	-5647.280337353815
3088	-5677.40576526504	-5647.280337353815	-30.125427911224463	0.3927184716139404	0.11896920638233939	-2.177758033510142	-1.5194297484247576	0.8825211597646321	-1.430616761009591	2.782765355705867	10.86647183492468	-17.481849744865944	-5647.280337353815
3090	-5678.056629803237	-5647.883977322321	-30.17265248091674	0.3927184716139404	0.11896920638233939	-2.177758033510142	-1.5194297484247576	0.8825211597646321	-1.430616761009591	2.782765355705867	10.885284255031848	-17.52907431455822	-5647.883977322321
3092	-5678.056629803237	-5647.883977322321	-30.17265248091674	0.3927184716139404	0.11896920638233939	-2.177758033510142	-1.5194297484247576	0.8825211597646321	-1.430616761009591	2.782765355705867	10.885284255031848	-17.52907431455822	-5647.883977322321
3094	-5678.056629803237	-5647.883977322321	-30.17265248091674	0.3927184716139404	0.11896920638233939	-2.177758033510142	-1.5194297484247576	0.8825211597646321	-1.430616761009591	2.782765355705867	10.885284255031848	-17.52907431455822	-5647.883977322321
3096	-5678.056629803237	-5647.883977322321	-30.17265248091674	0.3927184716139404	0.11896920638233939	-2.177758033510142	-1.5194297484247576	0.8825211597646321	-1.430616761009591	2.782765355705867	10.885284255031848	-17.52907431455822	-5647.883977322321
3098	-5678.056629803237	-5647.883977322321	-30.17265248091674	0.3927184716139404	0.11896920638233939	-2.177758033510142	-1.5194297484247576	0.8825211597646321	-1.430616761009591	2.782765355705867	10.885284255031848	-17.52907431455822	-5647.883977322321
3100	-5677.990508522636	-5647.881542546997	-30.108965975639546	0.3927184716139404	0.11896920638233939	-2.177758033510142	-1.5194297484247576	0.8825211597646321	-1.430616761009591	2.782765355705867	10.831499034984525	-17.465387809281026	-5647.881542546997
3102	-5677.990508522636	-5647.881542546997	-30.108965975639546	0.3927184716139404	0.11896920638233939	-2.177758033510142	-1.5194297484247576	0.8825211597646321	-1.430616761009591	2.782765355705867	10.831499034984525	-17.465387809281026	-5647.881542546997
3104	-5677.990508522636	-5647.881542546997	-30.108965975639546	0.3927184716139404	0.11896920638233939	-2.177758033510142	-1.5194297484247576	0.8825211597646321	-1.430616761009591	2.782765355705867	10.831499034984525	-17.465387809281026	-5647.881542546997
3106	-5677.990508522636	-5647.881542546997	-30.108965975639546	0.3927184716139404	0.11896920638233939	-2.177758033510142	-1.5194297484247576	0.8825211597646321	-1.430616761009591	2.782765355705867	10.831499034984525	-17.465387809281026	-5647.881542546997
3108	-5678.219824155986	-5647.881542546997	-30.338281608989984	0.1830424225241468	0.11896920638233939	-2.177758033510142	-1.5194297484247576	0.8825211597646321	-1.430616761009591	2.782765355705867	10.831499034984525	-17.45320989021206	-5647.881542546997
3110	-5679.495868715157	-5648.875153926653	-30.62071478850376	0.1830424225241468	0.11896920638233939	-2.177758033510142	-1.5194297484247576	0.8825211597646321	-1.430616761009591	2.872941337796892	11.182495593496	-17.73564306972584	-5648.875153926653
3112	-5678.97232999195	-5648.440581925947	-30.531748066002308	0.1830424225241468	0.11896920638233939	-2.177758033510142	-1.5194297484247576	0.8825211597646321	-1.430616761009591	2.872941337796892	11.180838027875524	-17.646676347224385	-5648.440581925947
3114	-5679.08570128158	-5648.5554162699655	-30.53028501161457	0.1830424225241468	0.11896920638233939	-2.177758033510142	-1.5194297484247576	0.8825211597646321	-1.430616761009591	2.872941337796892	11.183299540205784	-17.645213292836647	-5648.5554162699655
3116	-5679.408061259382	-5648.811665430519	-30.596395828863265	0.1830424225241468	0.11896920638233939	-2.177758033510142	-1.5194297484247576	0.8825211597646321	-1.430616761009591	2.872941337796892	11.228834919899608	-17.711324110085343	-5648.811665430519
3118	-5675.499795538574	-5647.117002133505	-28.382793405069698	0.1830424225241468	0.21105210710060424	-2.177758033510142	-1.5194297484247576	0.8825211597646321	-1.430616761009591	2.6183548909220904	10.233788781229357	-15.980545082434212	-5647.117002133505
3120	-5675.499795538574	-5647.117002133505	-28.382793405069698	0.1830424225241468	0.21105210710060424	-2.177758033510142	-1.5194297484247576	0.8825211597646321	-1.430616761009591	2.6183548909220904	10.233788781229357	-15.980545082434212	-5647.117002133505
3122	-5675.499795538574	-5647.117002133505	-28.382793405069698	0.1830424225241468	0.21105210710060424	-2.177758033510142	-1.5194297484247576	0.8825211597646321	-1.430616761009591	2.6183548909220904	10.233788781229357	-15.980545082434212	-5647.117002133505
3124	-5674.132819561041	-5647.117002133505	-27.01581742753681	0.1830424225241468	0.21105210710060424	-1.1761063057321541	-1.5194297484247576	0.8825211597646321	-1.430616761009591	2.6183548909220904	10.233788781229357	-16.451033682289413	-5647.117002133505
3126	-5674.132819561041	-5647.117002133505	-27.01581742753681	0.1830424225241468	0.21105210710060424	-1.1761063057321541	-1.5194297484247576	0.8825211597646321	-1.430616761009591	2.6183548909220904	10.233788781229357	-16.451033682289413	-5647.117002133505
3128	-5673.914240535182	-5647.117002133505	-26.79723840167732	0.3123413085337322	0.21105210710060424	-1.1761063057321541	-1.5194297484247576	0.8825211597646321	-1.430616761009591	2.6183548909220904	10.233788781229357	-16.462690624141338	-5647.117002133505
3130	-5673.927858990812	-5647.117002133505	-26.81085685730675	0.3123413085337322	0.21105210710060424	-1.1761063057321541	-0.7951760003465569	0.8825211597646321	-1.430616761009591	2.6183548909220904	10.233788781229357	-16.462690624141338	-5647.117002133505
3132	-5675.973852339863	-5647.819661213407	-28.154191126455736	0.3123413085337322	0.21105210710060424	-1.1761063057321541	-0.7951760003465569	0.8825211597646321	-1.430616761009591	5.932493592750628	16.8796007133639	-17.806024893290324	-5647.819661213407
3134	-5674.714469841496	-5647.819661213407	-26.89480862808849	0.3123413085337322	0.44164835773384575	-1.1761063057321541	-0.7951760003465569	0.8825211597646321	-1.430616761009591	5.932493592750628	16.8796007133639	-16.684315605946924	-5647.819661213407
3136	-5674.8252804172225	-5647.989528409961	-26.835752007261565	0.3123413085337322	0.44164835773384575	-1.1761063057321541	-0.7951760003465569	0.425685708255084	-1.430616761009591	5.932493592750628	16.88040561430393	-17.876450714292623	-5647.989528409961
3138	-5674.8252804172225	-5647.989528409961	-26.835752007261565	0.3123413085337322	0.44164835773384575	-1.1761063057321541	-0.7951760003465569	0.425685708255084	-1.430616761009591	5.932493592750628	16.88040561430393	-17.876450714292623	-5647.989528409961
3140	-5674.8252804172225	-5647.989528409961	-26.835752007261565	0.3123413085337322	0.44164835773384575	-1.1761063057321541	-0.7951760003465569	0.425685708255084	-1.430616761009591	5.932493592750628	16.88040561430393	-17.876450714292623	-5647.989528409961
3142	-5674.770718114088	-5647.989528409961	-26.781189704126138	0.3123413085337322	0.9960632393656164	-1.1761063057321541	-0.7951760003465569	0.425685708255084	-1.430616761009591	5.932493592750628	16.88040561430393	-17.342525535659043	-5647.989528409961
3144	-5674.612243626707	-5647.821788656352	-26.790454970354915	0.3123413085337322	0.9960632393656164	-1.1761063057321541	-0.7951760003465569	0.425685708255084	-1.430616761009591	5.932493592750628	16.88280883821328	-17.35179080188782	-5647.821788656352
3146	-5674.612243626707	-5647.821788656352	-26.790454970354915	0.3123413085337322	0.9960632393656164	-1.1761063057321541	-0.7951760003465569	0.425685708255084	-1.430616761009591	5.932493592750628	16.88280883821328	-17.35179080188782	-5647.821788656352
3148	-5674.340637563919	-5647.82176133171	-26.518876232208537	0.3123413085337322	0.9960632393656164	-1.1761063057321541	-0.7951760003465569	0.425685708255084	-1.430616761009591	5.504706403936524	16.02723446058507	-17.080212063741442	-5647.82176133171
3150	-5674.6486535095	-5647.821790470125	-26.82686303937471	0.3123413085337322	0.9960632393656164	-1.1761063057321541	-0.7951760003465569	0.425685708255084	-1.430616761009591	5.989631658095523	16.997084968903067	-17.388198870907615	-5647.821790470125
3152	-5674.827111254039	-5648.059650814943	-26.767460439096258	0.3123413085337322	0.9960632393656164	-1.1761063057321541	-0.7951760003465569	0.425685708255084	-1.430616761009591	5.989631658095523	16.97036067742721	-17.328796270629162	-5648.059650814943
3154	-5674.827111254039	-5648.059650814943	-26.767460439096258	0.3123413085337322	0.9960632393656164	-1.1761063057321541	-0.7951760003465569	0.425685708255084	-1.430616761009591	5.989631658095523	16.97036067742721	-17.328796270629162	-5648.059650814943
3156	-5674.827111254039	-5648.059650814943	-26.767460439096258	0.3123413085337322	0.9960632393656164	-1.1761063057321541	-0.7951760003465569	0.425685708255084	-1.430616761009591	5.989631658095523	16.97036067742721	-17.328796270629162	-5648.059650814943
3158	-5675.186490545298	-5648.086503632099	-27.099986913198123	0.3123413085337322	0.9960632393656164	-1.1761063057321541	-0.7951760003465569	0.425685708255084	-1.430616761009591	6.13517102931618	17.382715854400786	-17.661322744731027	-5648.086503632099
3160	-5675.186490545298	-5648.086503632099	-27.099986913198123	0.3123413085337322	0.9960632393656164	-1.1761063057321541	-0.7951760003465569	0.425685708255084	-1.430616761009591	6.13517102931618	17.382715854400786	-17.661322744731027	-5648.086503632099
3162	-5674.823303662329	-5647.724985851513	-27.098317810815452	0.3123413085337322	0.9960632393656164	-1.1761063057321541	-0.7951760003465569	0.425685708255084	-1.430616761009591	6.13517102931618	17.382715854400786	-17.659653642348356	-5647.724985851513
3164	-5675.204992996232	-5648.474157428407	-26.73083556782476	0.3123413085337322	0.9960632393656164	-1.1761063057321541	-0.7951760003465569	0.425685708255084	-1.430616761009591	6.13517102931618	17.18362739112393	-17.292171399357663	-5648.474157428407
3166	-5675.204992996232	-5648.474157428407	-26.73083556782476	0.3123413085337322	0.9960632393656164	-1.1761063057321541	-0.7951760003465569	0.425685708255084	-1.430616761009591	6.13517102931618	17.18362739112393	-17.292171399357663	-5648.474157428407
3168	-5675.204992996232	-5648.474157428407	-26.73083556782476	0.3123413085337322	0.9960632393656164	-1.1761063057321541	-0.7951760003465569	0.425685708255084	-1.430616761009591	6.13517102931618	17.18362739112393	-17.292171399357663	-5648.474157428407
3170	-5675.204992996232	-5648.474157428407	-26.73083556782476	0.3123413085337322	0.9960632393656164	-1.1761063057321541	-0.7951760003465569	0.425685708255084	-1.430616761009591	6.13517102931618	17.18362739112393	-17.292171399357663	-5648.474157428407
3172	-5675.635367123477	-5648.9792175361345	-26.656149587342515	0.3123413085337322	0.9960632393656164	-1.1761063057321541	-0.7951760003465569	0.425685708255084	-1.430616761009591	6.13517102931618	17.14991341951039	-17.21748541887542	-5648.9792175361345
3174	-5676.04390795447	-5649.360452283662	-26.68345567080777	0.3123413085337322	0.9960632393656164	-1.1761063057321541	-1.620783097982475	0.425685708255084	-1.430616761009591	6.13517102931618	17.14991341951039	-17.21847672633824	-5649.360452283662
3176	-5676.04390795447	-5649.360452283662	-26.68345567080777	0.3123413085337322	0.9960632393656164	-1.1761063057321541	-1.620783097982475	0.425685708255084	-1.430616761009591	6.13517102931618	17.14991341951039	-17.21847672633824	-5649.360452283662
3178	-5676.04390795447	-5649.360452283662	-26.68345567080777	0.3123413085337322	0.9960632393656164	-1.1761063057321541	-1.620783097982475	0.425685708255084	-1.430616761009591	6.13517102931618	17.14991341951039	-17.21847672633824	-5649.360452283662
3180	-5676.04390795447	-5649.360452283662	-26.68345567080777	0.3123413085337322	0.9960632393656164	-1.1761063057321541	-1.620783097982475	0.425685708255084	-1.430616761009591	6.13517102931618	17.14991341951039	-17.21847672633824	-5649.360452283662
3182	-5676.04390795447	-5649.360452283662	-26.68345567080777	0.3123413085337322	0.9960632393656164	-1.1761063057321541	-1.620783097982475	0.425685708255084	-1.430616761009591	6.13517102931618	17.14991341951039	-17.21847672633824	-5649.360452283662
3184	-5678.577639358091	-5650.872169901024	-27.70546945706703	0.3123413085337322	0.9960632393656164	-1.1761063057321541	-1.620783097982475	0.425685708255084	-1.430616761009591	6.59248411101699	18.428260790643503	-18.240490512597496	-5650.872169901024
3186	-5676.012434089185	-5649.388047941356	-26.62438614782996	0.3123413085337322	0.9960632393656164	-1.1761063057321541	-1.620783097982475	0.425685708255084	-1.430616761009591	6.1083289720954905	17.074880636375784	-17.159407203360427	-5649.388047941356
3188	-5675.865268517749	-5649.559316530287	-26.305951987462432	0.3123413085337322	0.9960632393656164	-1.1761063057321541	-1.620783097982475	0.425685708255084	-1.430616761009591	5.80208766417095	16.36466581826351	-16.8409730429929	-5649.559316530287
3190	-5675.965835587538	-5649.559316530287	-26.406519057251092	0.3123413085337322	0.9960632393656164	-1.1761063057321541	-1.620783097982475	0.8084758049653443	-1.430616761009591	5.80208766417095	16.36466581826351	-15.921489379477652	-5649.559316530287
3192	-5676.246909226417	-5649.559316530287	-26.687592696130558	0.7653559225607497	0.9960632393656164	-1.1761063057321541	-1.620783097982475	0.8084758049653443	-1.430616761009591	5.80208766417095	16.36466581826351	-15.947614204316809	-5649.559316530287
3194	-5676.246909226417	-5649.559316530287	-26.687592696130558	0.7653559225607497	0.9960632393656164	-1.1761063057321541	-1.620783097982475	0.8084758049653443	-1.430616761009591	5.80208766417095	16.36466581826351	-15.947614204316809	-5649.559316530287
3196	-5676.246909226417	-5649.559316530287	-26.687592696130558	0.7653559225607497	0.9960632393656164	-1.1761063057321541	-1.620783097982475	0.8084758049653443	-1.430616761009591	5.80208766417095	16.36466581826351	-15.947614204316809	-5649.559316530287
3198	-5676.246909226417	-5649.559316530287	-26.687592696130558	0.7653559225607497	0.9960632393656164	-1.1761063057321541	-1.620783097982475	0.8084758049653443	-1.430616761009591	5.80208766417095	16.36466581826351	-15.947614204316809	-5649.559316530287
3200	-5675.771788755879	-5649.077948518371	-26.69384023750838	0.7653559225607497	0.4730650916728185	-1.1761063057321541	-1.620783097982475	0.8084758049653443	-1.430616761009591	5.80208766417095	16.36466581826351	-16.418304474816008	-5649.077948518371
3202	-5675.771788755879	-5649.077948518371	-26.69384023750838	0.7653559225607497	0.4730650916728185	-1.1761063057321541	-1.620783097982475	0.8084758049653443	-1.430616761009591	5.80208766417095	16.36466581826351	-16.418304474816008	-5649.077948518371
3204	-5676.568838132634	-5649.077948518371	-27.49088961426263	1.5328565658716655	0.4730650916728185	-1.1761063057321541	-1.620783097982475	0.8084758049653443	-1.430616761009591	5.80208766417095	16.36466581826351	-16.46534041474227	-5649.077948518371
3206	-5676.63768521939	-5649.146731845117	-27.49095337427272	1.5328565658716655	0.4730650916728185	-1.1761063057321541	-1.620783097982475	0.8084758049653443	-1.430616761009591	5.80208766417095	16.366962109471494	-16.465404174752358	-5649.146731845117
3208	-5675.352933951292	-5649.146731845117	-26.206202106174445	1.5328565658716655	0.4730650916728185	-1.1761063057321541	-1.620783097982475	0.8084758049653443	-0.7548645235644564	5.80208766417095	16.366962109471494	-16.465404174752358	-5649.146731845117
3210	-5674.743120189823	-5649.146731845117	-25.59638834470606	0.9472415995582741	0.4730650916728185	-1.1761063057321541	-1.620783097982475	0.8084758049653443	-0.7548645235644564	5.80208766417095	16.366962109471494	-16.426676975506457	-5649.146731845117
3212	-5674.743120189823	-5649.146731845117	-25.59638834470606	0.9472415995582741	0.4730650916728185	-1.1761063057321541	-1.620783097982475	0.8084758049653443	-0.7548645235644564	5.80208766417095	16.366962109471494	-16.426676975506457	-5649.146731845117
3214	-5674.743120189823	-5649.146731845117	-25.59638834470606	0.9472415995582741	0.4730650916728185	-1.1761063057321541	-1.620783097982475	0.8084758049653443	-0.7548645235644564	5.80208766417095	16.366962109471494	-16.426676975506457	-5649.146731845117
3216	-5674.743120189823	-5649.146731845117	-25.59638834470606	0.9472415995582741	0.4730650916728185	-1.1761063057321541	-1.620783097982475	0.8084758049653443	-0.7548645235644564	5.80208766417095	16.366962109471494	-16.426676975506457	-5649.146731845117
3218	-5674.870393516857	-5649.0019983393695	-25.868395177487415	0.9472415995582741	0.4730650916728185	-1.1761063057321541	-1.620783097982475	0.8084758049653443	-0.7548645235644564	5.80208766417095	16.696284485992216	-16.69868380828781	-5649.0019983393695
3220	-5674.748462683149	-5649.001990162339	-25.74647252081006	0.9472415995582741	0.4730650916728185	-1.1761063057321541	-1.620783097982475	0.8084758049653443	-0.7548645235644564	5.50785194700155	16.107813051653416	-16.576761151610455	-5649.001990162339
3222	-5674.748462683149	-5649.001990162339	-25.74647252081006	0.9472415995582741	0.4730650916728185	-1.1761063057321541	-1.620783097982475	0.8084758049653443	-0.7548645235644564	5.50785194700155	16.107813051653416	-16.576761151610455	-5649.001990162339
3224	-5674.748462683149	-5649.001990162339	-25.74647252081006	0.9472415995582741	0.4730650916728185	-1.1761063057321541	-1.620783097982475	0.8084758049653443	-0.7548645235644564	5.50785194700155	16.107813051653416	-16.576761151610455	-5649.001990162339
3226	-5674.8002855336035	-5649.001990162339	-25.798295371264057	0.9472415995582741	0.4730650916728185	-1.1761063057321541	-0.6271225623717224	0.8084758049653443	-0.7548645235644564	5.50785194700155	16.107813051653416	-16.576761151610455	-5649.001990162339
3228	-5674.8002855336035	-5649.001990162339	-25.798295371264057	0.9472415995582741	0.4730650916728185	-1.1761063057321541	-0.6271225623717224	0.8084758049653443	-0.7548645235644564	5.50785194700155	16.107813051653416	-16.576761151610455	-5649.001990162339
3230	-5674.800633001636	-5648.3727411125055	-26.427891889130724	0.9472415995582741	0.4730650916728185	-1.1761063057321541	-0.6271225623717224	0.8084758049653443	-0.7548645235644564	5.50785194700155	16.630019346522044	-17.20635766947712	-5648.3727411125055
3232	-5674.800633001636	-5648.3727411125055	-26.427891889130724	0.9472415995582741	0.4730650916728185	-1.1761063057321541	-0.6271225623717224	0.8084758049653443	-0.7548645235644564	5.50785194700155	16.630019346522044	-17.20635766947712	-5648.3727411125055
3234	-5674.718224875463	-5648.333802441128	-26.384422434336102	0.9472415995582741	0.4730650916728185	-1.1761063057321541	-0.6271225623717224	0.8084758049653443	-0.7548645235644564	5.50785194700155	16.59386858226935	-17.1628882146825	-5648.333802441128
3236	-5674.718224875463	-5648.333802441128	-26.384422434336102	0.9472415995582741	0.4730650916728185	-1.1761063057321541	-0.6271225623717224	0.8084758049653443	-0.7548645235644564	5.50785194700155	16.59386858226935	-17.1628882146825	-5648.333802441128
3238	-5676.45629913129	-5648.333802441128	-28.122496690161807	0.9472415995582741	0.4730650916728185	-1.8886693119525182	-0.6271225623717224	0.8084758049653443	-0.7548645235644564	5.50785194700155	16.59386858226935	-17.163981081292153	-5648.333802441128
3240	-5677.112427455802	-5648.333802441128	-28.778625014674812	1.6096645656051807	0.4730650916728185	-1.8886693119525182	-0.6271225623717224	0.8084758049653443	-0.7548645235644564	5.50785194700155	16.59386858226935	-17.178051087678618	-5648.333802441128
3242	-5677.878519345471	-5649.145250317759	-28.733269027712176	1.6096645656051807	0.4730650916728185	-1.8886693119525182	-0.6271225623717224	0.8084758049653443	-0.7548645235644564	5.50785194700155	16.566584978010113	-17.13269510071598	-5649.145250317759
3244	-5680.073889247422	-5649.145250317759	-30.928638929662746	1.6096645656051807	0.4730650916728185	-1.8886693119525182	-0.6271225623717224	1.472555667492998	-0.7548645235644564	5.50785194700155	16.566584978010113	-17.31198760697948	-5649.145250317759
3246	-5681.290607817373	-5650.216029432242	-31.07457838513077	1.6096645656051807	0.4730650916728185	-1.8886693119525182	-0.6271225623717224	1.472555667492998	-0.7548645235644564	5.834971345450688	17.28482602834245	-17.457927062447503	-5650.216029432242
3248	-5681.290607817373	-5650.216029432242	-31.07457838513077	1.6096645656051807	0.4730650916728185	-1.8886693119525182	-0.6271225623717224	1.472555667492998	-0.7548645235644564	5.834971345450688	17.28482602834245	-17.457927062447503	-5650.216029432242
3250	-5681.290607817373	-5650.216029432242	-31.07457838513077	1.6096645656051807	0.4730650916728185	-1.8886693119525182	-0.6271225623717224	1.472555667492998	-0.7548645235644564	5.834971345450688	17.28482602834245	-17.457927062447503	-5650.216029432242
3252	-5681.917006913719	-5650.746646597499	-31.170360316219192	1.6096645656051807	0.4730650916728185	-1.8886693119525182	-0.6271225623717224	1.472555667492998	-0.7548645235644564	5.834971345450688	17.286807973803	-17.553708993535924	-5650.746646597499
3254	-5681.930211033488	-5650.741053459743	-31.189157573745	1.6096645656051807	0.4730650916728185	-1.8886693119525182	-0.6271225623717224	1.472555667492998	-0.7548645235644564	5.834971345450688	17.327888073477922	-17.572506251061732	-5650.741053459743
3256	-5681.019984966609	-5649.874616857194	-31.145368109414726	1.6096645656051807	0.4730650916728185	-1.8886693119525182	-0.6271225623717224	1.472555667492998	-0.7548645235644564	5.834971345450688	17.288873007906922	-17.528716786731458	-5649.874616857194
3258	-5680.244990936985	-5649.1222429185345	-31.12274801845081	1.6096645656051807	0.4730650916728185	-1.8886693119525182	-0.6271225623717224	1.472555667492998	-0.7548645235644564	5.834971345450688	17.27244724229862	-17.506096695767543	-5649.1222429185345
3260	-5680.264388505305	-5649.116883371765	-31.14750513353995	1.6096645656051807	0.4730650916728185	-1.8886693119525182	-0.6271225623717224	1.472555667492998	-0.7548645235644564	5.834971345450688	17.327332239227463	-17.530853810856684	-5649.116883371765
3262	-5680.020181629206	-5648.872618491682	-31.147563137523264	1.6096645656051807	0.4730650916728185	-1.8886693119525182	-0.6271225623717224	1.472555667492998	-0.7548645235644564	5.834971345450688	17.327332239227466	-17.530911814839996	-5648.872618491682
3264	-5679.865680078532	-5648.97703309717	-30.88864698136215	1.6096645656051807	0.4730650916728185	-1.8886693119525182	-0.6271225623717224	1.472555667492998	-0.7548645235644564	5.834971345450688	16.947177918540998	-17.271995658678883	-5648.97703309717
3266	-5679.766101764865	-5648.734317308886	-31.03178445597933	1.6096645656051807	0.4730650916728185	-1.8886693119525182	-0.6271225623717224	1.472555667492998	-0.7548645235644564	5.834971345450688	17.157506939637567	-17.415133133296063	-5648.734317308886
3268	-5679.766101764865	-5648.734317308886	-31.03178445597933	1.6096645656051807	0.4730650916728185	-1.8886693119525182	-0.6271225623717224	1.472555667492998	-0.7548645235644564	5.834971345450688	17.157506939637567	-17.415133133296063	-5648.734317308886
3270	-5678.819594845239	-5648.523008839573	-30.296586005666626	1.6096645656051807	0.4730650916728185	-1.8886693119525182	-1.456500068079865	1.472555667492998	-0.7548645235644564	5.834971345450688	17.128048320154406	-17.382299655997564	-5648.523008839573
3272	-5678.819594845239	-5648.523008839573	-30.296586005666626	1.6096645656051807	0.4730650916728185	-1.8886693119525182	-1.456500068079865	1.472555667492998	-0.7548645235644564	5.834971345450688	17.128048320154406	-17.382299655997564	-5648.523008839573
3274	-5679.062140804045	-5648.76561281064	-30.296527993405245	1.6096645656051807	0.4730650916728185	-1.8886693119525182	-1.456500068079865	1.472555667492998	-0.7548645235644564	5.834971345450688	17.12804832015441	-17.382241643736183	-5648.76561281064
3276	-5680.6779132594675	-5648.7656191715505	-31.912294087917267	1.6096645656051807	0.4730650916728185	-1.8886693119525182	-1.456500068079865	1.472555667492998	-0.7548645235644564	12.941261293085812	31.34062821542466	-18.998007738248205	-5648.7656191715505
3278	-5678.9277764494	-5648.765588431768	-30.162188017631262	1.6096645656051807	0.4730650916728185	-1.8886693119525182	-1.456500068079865	1.472555667492998	-0.7548645235644564	5.244170472520061	15.946446574293153	-17.2479016679622	-5648.765588431768
3280	-5678.9277764494	-5648.765588431768	-30.162188017631262	1.6096645656051807	0.4730650916728185	-1.8886693119525182	-1.456500068079865	1.472555667492998	-0.7548645235644564	5.244170472520061	15.946446574293153	-17.2479016679622	-5648.765588431768
3282	-5678.9277764494	-5648.765588431768	-30.162188017631262	1.6096645656051807	0.4730650916728185	-1.8886693119525182	-1.456500068079865	1.472555667492998	-0.7548645235644564	5.244170472520061	15.946446574293153	-17.2479016679622	-5648.765588431768
3284	-5678.9277764494	-5648.765588431768	-30.162188017631262	1.6096645656051807	0.4730650916728185	-1.8886693119525182	-1.456500068079865	1.472555667492998	-0.7548645235644564	5.244170472520061	15.946446574293153	-17.2479016679622	-5648.765588431768
3286	-5676.587230095424	-5648.765588431768	-27.821641663655996	1.6096645656051807	0.4730650916728185	-1.8886693119525182	-1.456500068079865	0.7312255343674152	-0.7548645235644564	5.244170472520061	15.946446574293153	-17.10068854348759	-5648.765588431768
3288	-5678.862251204668	-5650.082466321163	-28.7797848835047	1.6096645656051807	0.4730650916728185	-1.8886693119525182	-1.456500068079865	0.7312255343674152	-0.7548645235644564	5.688326987960826	17.297035419795883	-18.058831763336293	-5650.082466321163
3290	-5679.615631206108	-5650.841699296139	-28.7739319099693	1.6096645656051807	0.4730650916728185	-1.8886693119525182	-1.456500068079865	0.7312255343674152	-0.7548645235644564	5.688326987960826	17.295411328027182	-18.052978789800893	-5650.841699296139
3292	-5677.921812590408	-5649.744582483371	-28.17723010703653	1.6096645656051807	0.4730650916728185	-1.8886693119525182	-1.456500068079865	0.7312255343674152	-0.7548645235644564	5.410389272648869	16.45033910906607	-17.456276986868122	-5649.744582483371
3294	-5677.99438357038	-5649.822879394108	-28.17150417627209	1.6096645656051807	0.4730650916728185	-1.8886693119525182	-1.456500068079865	0.7312255343674152	-0.7548645235644564	5.410389272648869	16.448474176010436	-17.450551056103684	-5649.822879394108
3296	-5677.99438357038	-5649.822879394108	-28.17150417627209	1.6096645656051807	0.4730650916728185	-1.8886693119525182	-1.456500068079865	0.7312255343674152	-0.7548645235644564	5.410389272648869	16.448474176010436	-17.450551056103684	-5649.822879394108
3298	-5677.99438357038	-5649.822879394108	-28.17150417627209	1.6096645656051807	0.4730650916728185	-1.8886693119525182	-1.456500068079865	0.7312255343674152	-0.7548645235644564	5.410389272648869	16.448474176010436	-17.450551056103684	-5649.822879394108
3300	-5678.0754813375015	-5649.901783193689	-28.173698143812477	1.6096645656051807	0.4730650916728185	-1.8886693119525182	-1.456500068079865	0.7312255343674152	-0.7548645235644564	5.410389272648869	16.449887476535668	-17.45274502364407	-5649.901783193689
3302	-5677.044926746182	-5649.856593256416	-27.188333489765967	0.6009334887402373	0.4730650916728185	-1.8886693119525182	-1.456500068079865	0.7312255343674152	-0.7548645235644564	5.410389272648869	16.449887476535668	-17.43629900306045	-5649.856593256416
3304	-5677.044926746182	-5649.856593256416	-27.188333489765967	0.6009334887402373	0.4730650916728185	-1.8886693119525182	-1.456500068079865	0.7312255343674152	-0.7548645235644564	5.410389272648869	16.449887476535668	-17.43629900306045	-5649.856593256416
3306	-5677.513398772504	-5649.856593256416	-27.65680551608763	0.6009334887402373	0.4730650916728185	-1.8886693119525182	-0.8286153944592705	0.7312255343674152	-0.7548645235644564	5.410389272648869	16.449887476535668	-17.43629900306045	-5649.856593256416
3308	-5677.5582489084345	-5649.901783193689	-27.656465714745764	0.6009334887402373	0.4730650916728185	-1.8886693119525182	-0.8286153944592705	0.7312255343674152	-0.7548645235644564	5.410389272648869	16.449887476535668	-17.435959201718585	-5649.901783193689
3310	-5677.065638839374	-5649.901783193689	-27.16385564568484	0.6009334887402373	0.4730650916728185	-1.8886693119525182	-1.5165212636290832	0.7312255343674152	-0.7548645235644564	5.410389272648869	16.449887476535668	-17.435959201718585	-5649.901783193689
3312	-5677.789472536319	-5650.289535949214	-27.499936587105047	0.6009334887402373	0.4730650916728185	-1.8886693119525182	-1.5165212636290832	0.7312255343674152	-0.7548645235644564	5.566157387764246	16.923488882451796	-17.772040143138792	-5650.289535949214
3314	-5677.689713521083	-5650.191630720332	-27.498082800751185	0.6009334887402373	0.4730650916728185	-1.8886693119525182	-1.5165212636290832	0.7312255343674152	-0.7548645235644564	5.566157387764246	16.921918500008843	-17.770186356784926	-5650.191630720332
3316	-5677.689713521083	-5650.191630720332	-27.498082800751185	0.6009334887402373	0.4730650916728185	-1.8886693119525182	-1.5165212636290832	0.7312255343674152	-0.7548645235644564	5.566157387764246	16.921918500008843	-17.770186356784926	-5650.191630720332
3318	-5677.6581108383225	-5650.186846853737	-27.47126398458532	0.6009334887402373	0.4730650916728185	-1.8886693119525182	-1.5165212636290832	0.7312255343674152	-0.7548645235644564	5.566157387764246	16.893510733809705	-17.74336754061906	-5650.186846853737
3320	-5677.6581108383225	-5650.186846853737	-27.47126398458532	0.6009334887402373	0.4730650916728185	-1.8886693119525182	-1.5165212636290832	0.7312255343674152	-0.7548645235644564	5.566157387764246	16.893510733809705	-17.74336754061906	-5650.186846853737
3322	-5677.743670423184	-5650.1993557626765	-27.544314660507396	0.6009334887402373	0.4730650916728185	-1.8886693119525182	-1.5165212636290832	0.7312255343674152	-0.7548645235644564	5.566157387764246	16.971024007954547	-17.816418216541138	-5650.1993557626765
3324	-5679.401769292608	-5651.887494508337	-27.514274784271265	0.6009334887402373	0.4730650916728185	-1.8886693119525182	-1.5165212636290832	0.7312255343674152	-0.7548645235644564	5.566157387764246	16.97271156164139	-17.786378340305006	-5651.887494508337
3326	-5677.992055495645	-5651.887494508337	-26.104560987308403	0.6009334887402373	0.4730650916728185	-1.003156530137508	-1.5165212636290832	0.7312255343674152	-0.7548645235644564	5.566157387764246	16.97271156164139	-17.594514326458015	-5651.887494508337
3328	-5676.864761772539	-5650.7828230415225	-26.081938731017054	0.6009334887402373	0.4730650916728185	-1.003156530137508	-1.5165212636290832	0.7312255343674152	-0.7548645235644564	5.566157387764246	16.984684925859796	-17.571892070166665	-5650.7828230415225
3330	-5677.009463887079	-5650.932464151513	-26.076999735565717	0.6009334887402373	0.4730650916728185	-1.003156530137508	-1.5165212636290832	0.7312255343674152	-0.7548645235644564	5.566157387764246	16.984684925859796	-17.56695307471533	-5650.932464151513
3332	-5677.009463887079	-5650.932464151513	-26.076999735565717	0.6009334887402373	0.4730650916728185	-1.003156530137508	-1.5165212636290832	0.7312255343674152	-0.7548645235644564	5.566157387764246	16.984684925859796	-17.56695307471533	-5650.932464151513
3334	-5678.197131202231	-5650.932464151513	-27.2646670507176	0.6009334887402373	0.4730650916728185	-1.803251879942296	-1.5165212636290832	0.7312255343674152	-0.7548645235644564	5.566157387764246	16.984684925859796	-17.72258768221902	-5650.932464151513
3336	-5678.197131202231	-5650.932464151513	-27.2646670507176	0.6009334887402373	0.4730650916728185	-1.803251879942296	-1.5165212636290832	0.7312255343674152	-0.7548645235644564	5.566157387764246	16.984684925859796	-17.72258768221902	-5650.932464151513
3338	-5678.197131202231	-5650.932464151513	-27.2646670507176	0.6009334887402373	0.4730650916728185	-1.803251879942296	-1.5165212636290832	0.7312255343674152	-0.7548645235644564	5.566157387764246	16.984684925859796	-17.72258768221902	-5650.932464151513
3340	-5677.889998289565	-5650.686428885442	-27.20356940412229	0.6009334887402373	0.4730650916728185	-1.803251879942296	-1.5165212636290832	0.7312255343674152	-0.7548645235644564	5.566157387764246	16.955636483975912	-17.661490035623714	-5650.686428885442
3342	-5677.12785716803	-5650.042462717739	-27.085394450290224	0.6009334887402373	0.4730650916728185	-1.803251879942296	-1.5165212636290832	0.7312255343674152	-0.7548645235644564	5.566157387764246	16.952914182064696	-17.543315081791647	-5650.042462717739
3344	-5676.941459503763	-5650.042393829399	-26.89906567436469	0.6009334887402373	0.4730650916728185	-1.803251879942296	-1.5165212636290832	0.7312255343674152	-0.7548645235644564	5.172525126128329	16.16564965879286	-17.356986305866112	-5650.042393829399
3346	-5676.941459503763	-5650.042393829399	-26.89906567436469	0.6009334887402373	0.4730650916728185	-1.803251879942296	-1.5165212636290832	0.7312255343674152	-0.7548645235644564	5.172525126128329	16.16564965879286	-17.356986305866112	-5650.042393829399
3348	-5677.433769451278	-5650.042393829399	-27.39137562187856	0.6009334887402373	1.214270069251631	-1.803251879942296	-1.5165212636290832	0.7312255343674152	-0.7548645235644564	5.172525126128329	16.16564965879286	-17.167927866126632	-5650.042393829399
3350	-5677.433769451278	-5650.042393829399	-27.39137562187856	0.6009334887402373	1.214270069251631	-1.803251879942296	-1.5165212636290832	0.7312255343674152	-0.7548645235644564	5.172525126128329	16.16564965879286	-17.167927866126632	-5650.042393829399
3352	-5677.433769451278	-5650.042393829399	-27.39137562187856	0.6009334887402373	1.214270069251631	-1.803251879942296	-1.5165212636290832	0.7312255343674152	-0.7548645235644564	5.172525126128329	16.16564965879286	-17.167927866126632	-5650.042393829399
3354	-5677.38927842443	-5650.059940940851	-27.32933748357878	0.6009334887402373	1.214270069251631	-1.803251879942296	-1.5165212636290832	0.7312255343674152	-0.7548645235644564	5.172525126128329	16.10081502499451	-17.105889727826852	-5650.059940940851
3356	-5677.38927842443	-5650.059940940851	-27.32933748357878	0.6009334887402373	1.214270069251631	-1.803251879942296	-1.5165212636290832	0.7312255343674152	-0.7548645235644564	5.172525126128329	16.10081502499451	-17.105889727826852	-5650.059940940851
3358	-5677.185598324688	-5650.059716480186	-27.125881844501915	0.6009334887402373	1.214270069251631	-1.803251879942296	-1.5165212636290832	0.7312255343674152	-0.7548645235644564	4.746810655142729	15.249386083023312	-16.902434088749988	-5650.059716480186
3360	-5678.721383440636	-5652.548308180482	-26.173075260153635	0.6009334887402373	1.214270069251631	-1.803251879942296	-1.5165212636290832	0.7312255343674152	-0.7548645235644564	4.3782577109352285	14.065389807088826	-15.949627504401708	-5652.548308180482
3362	-5678.369616149304	-5652.196330452497	-26.173285696807255	0.6009334887402373	1.214270069251631	-1.803251879942296	-1.5165212636290832	0.7312255343674152	-0.7548645235644564	4.3782577109352285	14.065389807088827	-15.94983794105533	-5652.196330452497
3364	-5678.369616149304	-5652.196330452497	-26.173285696807255	0.6009334887402373	1.214270069251631	-1.803251879942296	-1.5165212636290832	0.7312255343674152	-0.7548645235644564	4.3782577109352285	14.065389807088827	-15.94983794105533	-5652.196330452497
3366	-5678.292069154416	-5652.118369185642	-26.173699968773732	0.6009334887402373	1.214270069251631	-1.803251879942296	-1.5165212636290832	0.7312255343674152	-0.7548645235644564	4.3782577109352285	14.065389807088824	-15.950252213021804	-5652.118369185642
3368	-5678.198988616557	-5652.449104298214	-25.749884318342684	0.6009334887402373	1.214270069251631	-1.803251879942296	-1.5165212636290832	0.7312255343674152	-0.7548645235644564	4.3782577109352285	13.621986294112222	-15.526436562590757	-5652.449104298214
3370	-5678.299495940333	-5652.542251637369	-25.757244302964203	0.6009334887402373	1.214270069251631	-1.803251879942296	-1.5165212636290832	0.7312255343674152	-0.7548645235644564	4.3782577109352285	13.624941187317354	-15.533796547212276	-5652.542251637369
3372	-5679.313794876681	-5652.542251637369	-26.771543239311505	1.6462330458035328	1.214270069251631	-1.803251879942296	-1.5165212636290832	0.7312255343674152	-0.7548645235644564	4.3782577109352285	13.624941187317354	-15.545767296778	-5652.542251637369
3374	-5681.073329948802	-5652.542251637369	-28.53107831143313	1.6462330458035328	2.741811434568253	-1.803251879942296	-1.5165212636290832	0.7312255343674152	-0.7548645235644564	4.3782577109352285	13.624941187317354	-16.001016515735135	-5652.542251637369
3376	-5681.494421489303	-5652.9635525167405	-28.53086897256262	1.6462330458035328	2.741811434568253	-1.803251879942296	-1.5165212636290832	0.7312255343674152	-0.7548645235644564	4.3782577109352285	13.624941187317358	-16.000807176864623	-5652.9635525167405
3378	-5680.925995062947	-5652.9635525167405	-27.962442546206205	1.6462330458035328	2.741811434568253	-1.803251879942296	-1.5165212636290832	0.7312255343674152	-0.3039608293232633	4.3782577109352285	13.624941187317358	-16.000807176864623	-5652.9635525167405
3380	-5680.925995062947	-5652.9635525167405	-27.962442546206205	1.6462330458035328	2.741811434568253	-1.803251879942296	-1.5165212636290832	0.7312255343674152	-0.3039608293232633	4.3782577109352285	13.624941187317358	-16.000807176864623	-5652.9635525167405
3382	-5682.599078297157	-5653.210574513766	-29.388503783390412	3.387066625423084	2.741811434568253	-1.803251879942296	-1.5165212636290832	0.7312255343674152	-0.3039608293232633	4.3782577109352285	13.626339244228994	-16.085483444029183	-5653.210574513766
3384	-5682.599078297157	-5653.210574513766	-29.388503783390412	3.387066625423084	2.741811434568253	-1.803251879942296	-1.5165212636290832	0.7312255343674152	-0.3039608293232633	4.3782577109352285	13.626339244228994	-16.085483444029183	-5653.210574513766
3386	-5682.599078297157	-5653.210574513766	-29.388503783390412	3.387066625423084	2.741811434568253	-1.803251879942296	-1.5165212636290832	0.7312255343674152	-0.3039608293232633	4.3782577109352285	13.626339244228994	-16.085483444029183	-5653.210574513766
3388	-5682.543531066457	-5653.151735560428	-29.39179550602907	3.387066625423084	2.741811434568253	-1.803251879942296	-1.5165212636290832	0.7312255343674152	-0.3039608293232633	4.3782577109352285	13.62722772489904	-16.08877516666784	-5653.151735560428
3390	-5680.5403867316	-5651.146879612493	-29.393507119107326	3.387066625423084	2.741811434568253	-1.803251879942296	-1.5165212636290832	0.7312255343674152	-0.3039608293232633	4.3782577109352285	13.62722772489904	-16.090486779746097	-5651.146879612493
3392	-5679.226764772869	-5649.328090375186	-29.89867439768254	3.387066625423084	2.741811434568253	-1.803251879942296	-1.5165212636290832	0.7312255343674152	-0.3039608293232633	4.573342068112698	14.234423357578013	-16.595654058321315	-5649.328090375186
3394	-5679.226764772869	-5649.328090375186	-29.89867439768254	3.387066625423084	2.741811434568253	-1.803251879942296	-1.5165212636290832	0.7312255343674152	-0.3039608293232633	4.573342068112698	14.234423357578013	-16.595654058321315	-5649.328090375186
3396	-5679.556109856972	-5649.580352392077	-29.97575746489592	3.387066625423084	2.741811434568253	-1.803251879942296	-1.5165212636290832	0.7312255343674152	-0.3039608293232633	4.573342068112698	14.261481398536551	-16.67273712553469	-5649.580352392077
3398	-5679.556109856972	-5649.580352392077	-29.97575746489592	3.387066625423084	2.741811434568253	-1.803251879942296	-1.5165212636290832	0.7312255343674152	-0.3039608293232633	4.573342068112698	14.261481398536551	-16.67273712553469	-5649.580352392077
3400	-5679.556109856972	-5649.580352392077	-29.97575746489592	3.387066625423084	2.741811434568253	-1.803251879942296	-1.5165212636290832	0.7312255343674152	-0.3039608293232633	4.573342068112698	14.261481398536551	-16.67273712553469	-5649.580352392077
3402	-5680.424649670397	-5649.580352392077	-30.844297278320674	4.875388153421741	2.741811434568253	-1.803251879942296	-1.5165212636290832	0.7312255343674152	-0.3039608293232633	4.573342068112698	14.261481398536551	-16.666353459666425	-5649.580352392077
3404	-5680.424649670397	-5649.580352392077	-30.844297278320674	4.875388153421741	2.741811434568253	-1.803251879942296	-1.5165212636290832	0.7312255343674152	-0.3039608293232633	4.573342068112698	14.261481398536551	-16.666353459666425	-5649.580352392077
3406	-5680.422846689411	-5649.606008057373	-30.816838632037168	4.875388153421741	2.741811434568253	-1.803251879942296	-1.5165212636290832	0.7312255343674152	-0.3039608293232633	4.573342068112698	14.242103694323825	-16.63889481338292	-5649.606008057373
3408	-5678.420246421419	-5649.606472006546	-28.81377441487244	1.390472679456205	2.741811434568253	-1.803251879942296	-1.5165212636290832	0.7312255343674152	-0.3039608293232633	5.484292469991806	16.064004498082042	-17.09089845278766	-5649.606472006546
3410	-5678.420246421419	-5649.606472006546	-28.81377441487244	1.390472679456205	2.741811434568253	-1.803251879942296	-1.5165212636290832	0.7312255343674152	-0.3039608293232633	5.484292469991806	16.064004498082042	-17.09089845278766	-5649.606472006546
3412	-5678.409967510237	-5649.594793499977	-28.815174010260133	1.390472679456205	2.741811434568253	-1.803251879942296	-1.5165212636290832	0.7312255343674152	-0.3039608293232633	5.484292469991806	16.06441922416352	-17.09229804817535	-5649.594793499977
3414	-5678.409967510237	-5649.594793499977	-28.815174010260133	1.390472679456205	2.741811434568253	-1.803251879942296	-1.5165212636290832	0.7312255343674152	-0.3039608293232633	5.484292469991806	16.06441922416352	-17.09229804817535	-5649.594793499977
3416	-5678.46145185846	-5649.652405881334	-28.809045977126377	1.390472679456205	2.741811434568253	-1.803251879942296	-1.5165212636290832	0.7312255343674152	-0.3039608293232633	5.484292469991806	16.062604530174188	-17.086170015041596	-5649.652405881334
3418	-5678.46145185846	-5649.652405881334	-28.809045977126377	1.390472679456205	2.741811434568253	-1.803251879942296	-1.5165212636290832	0.7312255343674152	-0.3039608293232633	5.484292469991806	16.062604530174188	-17.086170015041596	-5649.652405881334
3420	-5678.46145185846	-5649.652405881334	-28.809045977126377	1.390472679456205	2.741811434568253	-1.803251879942296	-1.5165212636290832	0.7312255343674152	-0.3039608293232633	5.484292469991806	16.062604530174188	-17.086170015041596	-5649.652405881334
3422	-5678.46145185846	-5649.652405881334	-28.809045977126377	1.390472679456205	2.741811434568253	-1.803251879942296	-1.5165212636290832	0.7312255343674152	-0.3039608293232633	5.484292469991806	16.062604530174188	-17.086170015041596	-5649.652405881334
3424	-5678.672136874722	-5649.86337133869	-28.808765536032222	1.390472679456205	2.741811434568253	-1.803251879942296	-1.5165212636290832	0.7312255343674152	-0.3039608293232633	5.484292469991806	16.062604530174188	-17.08588957394744	-5649.86337133869
3426	-5678.672136874722	-5649.86337133869	-28.808765536032222	1.390472679456205	2.741811434568253	-1.803251879942296	-1.5165212636290832	0.7312255343674152	-0.3039608293232633	5.484292469991806	16.062604530174188	-17.08588957394744	-5649.86337133869
3428	-5678.672136874722	-5649.86337133869	-28.808765536032222	1.390472679456205	2.741811434568253	-1.803251879942296	-1.5165212636290832	0.7312255343674152	-0.3039608293232633	5.484292469991806	16.062604530174188	-17.08588957394744	-5649.86337133869
3430	-5677.886230231671	-5649.86337133869	-28.022858892981695	0.5642399044158247	2.741811434568253	-1.803251879942296	-1.5165212636290832	0.7312255343674152	-0.3039608293232633	5.484292469991806	16.062604530174188	-17.092485162526174	-5649.86337133869
3432	-5677.886230231671	-5649.86337133869	-28.022858892981695	0.5642399044158247	2.741811434568253	-1.803251879942296	-1.5165212636290832	0.7312255343674152	-0.3039608293232633	5.484292469991806	16.062604530174188	-17.092485162526174	-5649.86337133869
3434	-5677.858652640675	-5649.801450602895	-28.05720203777993	0.5642399044158247	2.741811434568253	-1.803251879942296	-1.5165212636290832	0.7312255343674152	-0.3039608293232633	5.484292469991806	16.08640371439944	-17.126828307324413	-5649.801450602895
3436	-5678.5753658443	-5650.499166290982	-28.076199553317124	0.5642399044158247	2.741811434568253	-1.803251879942296	-1.5165212636290832	0.7312255343674152	-0.3039608293232633	5.484292469991806	16.09947723233557	-17.145825822861607	-5650.499166290982
3438	-5679.925711450241	-5651.011138007629	-28.91457344261164	0.5642399044158247	2.741811434568253	-1.803251879942296	-1.5165212636290832	0.7312255343674152	-0.3039608293232633	5.851898904303695	17.178608488016607	-17.984199712156123	-5651.011138007629
3440	-5679.9236385476515	-5651.127098718497	-28.796539829154323	0.325133689428238	2.741811434568253	-1.803251879942296	-1.5165212636290832	0.7312255343674152	-0.3039608293232633	5.851898904303695	17.152720184649297	-17.950011662794502	-5651.127098718497
3442	-5678.264537287211	-5651.127098718497	-27.13743856871361	0.325133689428238	2.741811434568253	-0.914651609945807	-1.5165212636290832	0.7312255343674152	-0.3039608293232633	5.851898904303695	17.152720184649297	-17.358458972976536	-5651.127098718497
3444	-5679.956646698878	-5651.127098718497	-28.829547980380983	0.325133689428238	4.6747203146774154	-0.914651609945807	-1.5165212636290832	0.7312255343674152	-0.3039608293232633	5.851898904303695	17.152720184649297	-17.836530681074844	-5651.127098718497
3446	-5679.956646698878	-5651.127098718497	-28.829547980380983	0.325133689428238	4.6747203146774154	-0.914651609945807	-1.5165212636290832	0.7312255343674152	-0.3039608293232633	5.851898904303695	17.152720184649297	-17.836530681074844	-5651.127098718497
3448	-5679.61825029689	-5650.553170807445	-29.065079489445797	0.325133689428238	4.6747203146774154	-0.914651609945807	-1.5165212636290832	0.7312255343674152	-0.3039608293232633	5.851898904303695	17.316806606348255	-18.072062190139658	-5650.553170807445
3450	-5679.61825029689	-5650.553170807445	-29.065079489445797	0.325133689428238	4.6747203146774154	-0.914651609945807	-1.5165212636290832	0.7312255343674152	-0.3039608293232633	5.851898904303695	17.316806606348255	-18.072062190139658	-5650.553170807445
3452	-5679.61825029689	-5650.553170807445	-29.065079489445797	0.325133689428238	4.6747203146774154	-0.914651609945807	-1.5165212636290832	0.7312255343674152	-0.3039608293232633	5.851898904303695	17.316806606348255	-18.072062190139658	-5650.553170807445
3454	-5679.61825029689	-5650.553170807445	-29.065079489445797	0.325133689428238	4.6747203146774154	-0.914651609945807	-1.5165212636290832	0.7312255343674152	-0.3039608293232633	5.851898904303695	17.316806606348255	-18.072062190139658	-5650.553170807445
3456	-5679.468956296853	-5650.553170807445	-28.915785489408705	0.325133689428238	4.6747203146774154	-0.914651609945807	-1.5165212636290832	0.7312255343674152	-0.14799162168502775	5.851898904303695	17.316806606348255	-18.072062190139658	-5650.553170807445
3458	-5679.468956296853	-5650.553170807445	-28.915785489408705	0.325133689428238	4.6747203146774154	-0.914651609945807	-1.5165212636290832	0.7312255343674152	-0.14799162168502775	5.851898904303695	17.316806606348255	-18.072062190139658	-5650.553170807445
3460	-5678.446835976774	-5650.7724175753865	-27.6744184013877	0.325133689428238	4.6747203146774154	-0.914651609945807	-1.5165212636290832	0.7312255343674152	-0.14799162168502775	5.294706284026413	15.667974833001988	-16.830695102118653	-5650.7724175753865
3462	-5678.735717544541	-5650.7724175753865	-27.963299969154477	0.325133689428238	4.6747203146774154	-0.914651609945807	-1.5165212636290832	0.7312255343674152	-0.43100763631327993	5.294706284026413	15.667974833001988	-16.830695102118653	-5650.7724175753865
3464	-5678.805486066751	-5650.837148229941	-27.968337836810193	0.325133689428238	4.6747203146774154	-0.914651609945807	-1.5165212636290832	0.7312255343674152	-0.43100763631327993	5.294706284026413	15.669466207315182	-16.835732969774366	-5650.837148229941
3466	-5679.718307091059	-5650.552776381563	-29.165530709496004	0.325133689428238	4.6747203146774154	-0.914651609945807	-1.5165212636290832	0.7312255343674152	-0.43100763631327993	5.831452426833959	17.257944414690595	-18.03292584246018	-5650.552776381563
3468	-5679.489087193709	-5650.2625333384	-29.22655385530863	0.325133689428238	4.6747203146774154	-0.914651609945807	-1.5165212636290832	0.7312255343674152	-0.43100763631327993	5.831452426833959	17.28977285548076	-18.093948988272803	-5650.2625333384
3470	-5679.524975667499	-5650.286550683265	-29.238424984234534	0.325133689428238	4.6747203146774154	-0.914651609945807	-1.5165212636290832	0.7312255343674152	-0.43100763631327993	5.831452426833959	17.293321560431277	-18.10582011719871	-5650.286550683265
3472	-5679.801135780116	-5650.516118969773	-29.285016810343528	0.325133689428238	4.6747203146774154	-0.914651609945807	-1.5165212636290832	0.7312255343674152	-0.43100763631327993	5.831452426833959	17.31281869248073	-18.1524119433077	-5650.516118969773
3474	-5679.801135780116	-5650.516118969773	-29.285016810343528	0.325133689428238	4.6747203146774154	-0.914651609945807	-1.5165212636290832	0.7312255343674152	-0.43100763631327993	5.831452426833959	17.31281869248073	-18.1524119433077	-5650.516118969773
3476	-5679.801135780116	-5650.516118969773	-29.285016810343528	0.325133689428238	4.6747203146774154	-0.914651609945807	-1.5165212636290832	0.7312255343674152	-0.43100763631327993	5.831452426833959	17.31281869248073	-18.1524119433077	-5650.516118969773
3478	-5677.10208257364	-5648.96432727141	-28.13775530222925	0.325133689428238	4.6747203146774154	-0.914651609945807	-1.5165212636290832	0.7312255343674152	-0.43100763631327993	5.32167945745406	15.79936949540079	-17.00515043519343	-5648.96432727141
3480	-5677.931309856669	-5649.337817907701	-28.593491948967795	0.325133689428238	4.6747203146774154	-0.914651609945807	-1.5165212636290832	0.7312255343674152	-0.7730530272304557	5.32167945745406	15.79936949540079	-17.004853058005743	-5649.337817907701
3482	-5677.931309856669	-5649.337817907701	-28.593491948967795	0.325133689428238	4.6747203146774154	-0.914651609945807	-1.5165212636290832	0.7312255343674152	-0.7730530272304557	5.32167945745406	15.79936949540079	-17.004853058005743	-5649.337817907701
3484	-5677.963132750975	-5649.386221804484	-28.57691094649048	0.325133689428238	4.6747203146774154	-0.914651609945807	-1.5165212636290832	0.7312255343674152	-0.7730530272304557	5.32167945745406	15.787709750811185	-16.988272055528423	-5649.386221804484
3486	-5680.2017822653515	-5652.437691873443	-27.76409039190785	0.325133689428238	4.6747203146774154	-0.914651609945807	-1.5165212636290832	0.7312255343674152	-0.7730530272304557	4.956829676338236	14.715871462416484	-16.175451500945798	-5652.437691873443
3488	-5680.2017822653515	-5652.437691873443	-27.76409039190785	0.325133689428238	4.6747203146774154	-0.914651609945807	-1.5165212636290832	0.7312255343674152	-0.7730530272304557	4.956829676338236	14.715871462416484	-16.175451500945798	-5652.437691873443
3490	-5680.265555474829	-5652.4378224427355	-27.82773303209351	0.325133689428238	4.6747203146774154	-0.914651609945807	-1.1128454079777614	0.7312255343674152	-0.7730530272304557	5.427645400603261	15.657502910946533	-16.400577290354704	-5652.4378224427355
3492	-5680.170899865743	-5652.437853816082	-27.73304604966129	0.325133689428238	4.6747203146774154	-0.3505399878642209	-1.1128454079777614	0.7312255343674152	-0.7730530272304557	5.77405658488257	16.350325279505153	-16.391830564186716	-5652.437853816082
3494	-5679.935054592152	-5652.2019224294645	-27.733132162686807	0.325133689428238	4.6747203146774154	-0.3505399878642209	-1.1128454079777614	0.7312255343674152	-0.7730530272304557	5.77405658488257	16.350325279505153	-16.391916677212233	-5652.2019224294645
3496	-5679.935054592152	-5652.2019224294645	-27.733132162686807	0.325133689428238	4.6747203146774154	-0.3505399878642209	-1.1128454079777614	0.7312255343674152	-0.7730530272304557	5.77405658488257	16.350325279505153	-16.391916677212233	-5652.2019224294645
3498	-5678.640677550135	-5652.175344958591	-26.465332591543334	0.325133689428238	4.6747203146774154	-0.3505399878642209	-1.1128454079777614	0.7312255343674152	-0.7730530272304557	3.0949035503589646	10.992019210457942	-15.124117106068757	-5652.175344958591
3500	-5678.640677550135	-5652.175344958591	-26.465332591543334	0.325133689428238	4.6747203146774154	-0.3505399878642209	-1.1128454079777614	0.7312255343674152	-0.7730530272304557	3.0949035503589646	10.992019210457942	-15.124117106068757	-5652.175344958591
3502	-5679.150271109278	-5652.4119617330425	-26.738309376235406	0.325133689428238	4.6747203146774154	-0.9367352975296942	-1.1128454079777614	0.7312255343674152	-0.7730530272304557	3.0949035503589646	10.992019210457942	-15.294843914753956	-5652.4119617330425
3504	-5679.150271109278	-5652.4119617330425	-26.738309376235406	0.325133689428238	4.6747203146774154	-0.9367352975296942	-1.1128454079777614	0.7312255343674152	-0.7730530272304557	3.0949035503589646	10.992019210457942	-15.294843914753956	-5652.4119617330425
3506	-5679.654688916659	-5652.4119617330425	-27.24272718361661	0.325133689428238	4.6747203146774154	-0.9367352975296942	-1.1128454079777614	0.7312255343674152	-1.0775557143316554	3.0949035503589646	10.992019210457942	-15.294843914753956	-5652.4119617330425
3508	-5679.877504997088	-5652.839451938699	-27.038053058388883	0.325133689428238	4.6747203146774154	-0.9367352975296942	-1.1128454079777614	0.7312255343674152	-1.0775557143316554	3.0949035503589646	10.802658040631126	-15.090169789526229	-5652.839451938699
3510	-5679.857144923254	-5652.825195957328	-27.03194896592638	0.325133689428238	4.6747203146774154	-0.9367352975296942	-1.1128454079777614	0.7312255343674152	-1.0775557143316554	3.0949035503589646	10.801014532755069	-15.084065697063725	-5652.825195957328
3512	-5677.982271872699	-5650.533725417306	-27.44854645539253	0.325133689428238	4.6747203146774154	-0.9367352975296942	-1.1128454079777614	0.7312255343674152	-1.0775557143316554	3.2224147405529546	11.2460203935078	-15.500663186529877	-5650.533725417306
3514	-5678.262444878796	-5650.7762062457705	-27.486238633025202	0.325133689428238	4.6747203146774154	-0.9367352975296942	-1.1128454079777614	0.7312255343674152	-1.0775557143316554	3.2224147405529546	11.259138166616635	-15.538355364162546	-5650.7762062457705
3516	-5678.262444878796	-5650.7762062457705	-27.486238633025202	0.325133689428238	4.6747203146774154	-0.9367352975296942	-1.1128454079777614	0.7312255343674152	-1.0775557143316554	3.2224147405529546	11.259138166616635	-15.538355364162546	-5650.7762062457705
3518	-5679.182323749156	-5651.58274793636	-27.599575812796857	0.325133689428238	4.6747203146774154	-0.9367352975296942	-1.1128454079777614	0.7312255343674152	-1.0775557143316554	3.2224147405529546	11.262886235341593	-15.651692543934201	-5651.58274793636
3520	-5678.153878791113	-5650.379611048427	-27.774267742686106	0.325133689428238	4.6747203146774154	-0.9367352975296942	-1.1128454079777614	0.7312255343674152	-1.0775557143316554	3.2224147405529546	11.444662920274316	-15.826384473823452	-5650.379611048427
3522	-5678.153878791113	-5650.379611048427	-27.774267742686106	0.325133689428238	4.6747203146774154	-0.9367352975296942	-1.1128454079777614	0.7312255343674152	-1.0775557143316554	3.2224147405529546	11.444662920274316	-15.826384473823452	-5650.379611048427
3524	-5678.153878791113	-5650.379611048427	-27.774267742686106	0.325133689428238	4.6747203146774154	-0.9367352975296942	-1.1128454079777614	0.7312255343674152	-1.0775557143316554	3.2224147405529546	11.444662920274316	-15.826384473823452	-5650.379611048427
3526	-5678.153878791113	-5650.379611048427	-27.774267742686106	0.325133689428238	4.6747203146774154	-0.9367352975296942	-1.1128454079777614	0.7312255343674152	-1.0775557143316554	3.2224147405529546	11.444662920274316	-15.826384473823452	-5650.379611048427
3528	-5677.979765474481	-5650.371063015656	-27.60870245882475	0.325133689428238	4.6747203146774154	-0.9367352975296942	-1.1128454079777614	0.7312255343674152	-1.0775557143316554	2.8763761575253404	10.752585754219089	-15.660819189962098	-5650.371063015656
3530	-5679.259261484187	-5651.713652130524	-27.545609353663245	0.325133689428238	4.6747203146774154	-0.9367352975296942	-1.1128454079777614	0.7312255343674152	-1.0775557143316554	2.8763761575253404	10.719801045425852	-15.597726084800593	-5651.713652130524
3532	-5679.259261484187	-5651.713652130524	-27.545609353663245	0.325133689428238	4.6747203146774154	-0.9367352975296942	-1.1128454079777614	0.7312255343674152	-1.0775557143316554	2.8763761575253404	10.719801045425852	-15.597726084800593	-5651.713652130524
3534	-5679.259261484187	-5651.713652130524	-27.545609353663245	0.325133689428238	4.6747203146774154	-0.9367352975296942	-1.1128454079777614	0.7312255343674152	-1.0775557143316554	2.8763761575253404	10.719801045425852	-15.597726084800593	-5651.713652130524
3536	-5678.433539412939	-5650.887503137538	-27.54603627540094	0.325133689428238	4.6747203146774154	-0.9367352975296942	-1.1128454079777614	0.7312255343674152	-1.0775557143316554	2.8763761575253404	10.719801045425852	-15.598153006538286	-5650.887503137538
3538	-5678.433539412939	-5650.887503137538	-27.54603627540094	0.325133689428238	4.6747203146774154	-0.9367352975296942	-1.1128454079777614	0.7312255343674152	-1.0775557143316554	2.8763761575253404	10.719801045425852	-15.598153006538286	-5650.887503137538
3540	-5678.38780624468	-5650.926490521909	-27.4613157227717	0.325133689428238	4.6747203146774154	-0.9367352975296942	-1.1128454079777614	0.7312255343674152	-1.0775557143316554	2.8763761575253404	10.690089164160062	-15.513432453909047	-5650.926490521909
3542	-5678.38780624468	-5650.926490521909	-27.4613157227717	0.325133689428238	4.6747203146774154	-0.9367352975296942	-1.1128454079777614	0.7312255343674152	-1.0775557143316554	2.8763761575253404	10.690089164160062	-15.513432453909047	-5650.926490521909
3544	-5678.38780624468	-5650.926490521909	-27.4613157227717	0.325133689428238	4.6747203146774154	-0.9367352975296942	-1.1128454079777614	0.7312255343674152	-1.0775557143316554	2.8763761575253404	10.690089164160062	-15.513432453909047	-5650.926490521909
3546	-5678.063708948774	-5650.925358667175	-27.138350281598825	0.325133689428238	4.6747203146774154	-0.9367352975296942	-1.1128454079777614	0.7312255343674152	-1.0775557143316554	2.8763761575253404	10.465232784595528	-15.190467012736171	-5650.925358667175
3548	-5678.063708948774	-5650.925358667175	-27.138350281598825	0.325133689428238	4.6747203146774154	-0.9367352975296942	-1.1128454079777614	0.7312255343674152	-1.0775557143316554	2.8763761575253404	10.465232784595528	-15.190467012736171	-5650.925358667175
3550	-5678.07142621454	-5650.959186420531	-27.112239794008637	0.325133689428238	4.6747203146774154	-0.9367352975296942	-1.1128454079777614	0.7312255343674152	-1.0775557143316554	2.8763761575253404	10.446960322273991	-15.164356525145982	-5650.959186420531
3552	-5677.486515628931	-5650.349721976383	-27.13679365254756	0.325133689428238	4.6747203146774154	-0.9367352975296942	-1.1128454079777614	0.7312255343674152	-1.0775557143316554	2.8763761575253404	10.459819934883601	-15.188910383684906	-5650.349721976383
3554	-5677.08989614579	-5650.349721976383	-26.740174169406217	0.325133689428238	4.6747203146774154	-0.9367352975296942	-1.1128454079777614	0.44650766416169396	-1.0775557143316554	2.8763761575253404	10.459819934883601	-15.434411956511857	-5650.349721976383
3556	-5676.979077139537	-5650.129119252335	-26.849957887202052	0.325133689428238	4.6747203146774154	-0.9367352975296942	-1.1128454079777614	0.44650766416169396	-1.0775557143316554	2.8763761575253404	10.494573461785707	-15.54419567430769	-5650.129119252335
3558	-5677.529660613262	-5648.888180555169	-28.64148005809361	0.325133689428238	4.6747203146774154	-0.9367352975296942	-2.7879047562371766	0.44650766416169396	-1.0775557143316554	2.8763761575253404	10.531606878934351	-15.637811048274585	-5648.888180555169
3560	-5677.654725010109	-5649.021412710874	-28.6333122992353	0.325133689428238	4.6747203146774154	-0.9367352975296942	-2.7879047562371766	0.44650766416169396	-1.0775557143316554	2.8763761575253404	10.529761036045457	-15.629643289416277	-5649.021412710874
3562	-5677.057618947292	-5649.021412710874	-28.036206236418128	0.325133689428238	4.6747203146774154	-0.9367352975296942	-2.7879047562371766	0.44650766416169396	-0.6158279965549264	2.8763761575253404	10.529761036045457	-15.629643289416277	-5649.021412710874
3564	-5677.057618947292	-5649.021412710874	-28.036206236418128	0.325133689428238	4.6747203146774154	-0.9367352975296942	-2.7879047562371766	0.44650766416169396	-0.6158279965549264	2.8763761575253404	10.529761036045457	-15.629643289416277	-5649.021412710874
3566	-5676.500804772038	-5648.351010911979	-28.14979386005876	0.325133689428238	4.6747203146774154	-0.9367352975296942	-2.7879047562371766	0.44650766416169396	-0.6158279965549264	2.8763761575253404	10.57454260478941	-15.74323091305691	-5648.351010911979
3568	-5676.483435268508	-5648.332618702565	-28.150816565943835	0.325133689428238	4.6747203146774154	-0.9367352975296942	-2.7879047562371766	0.44650766416169396	-0.6158279965549264	2.8763761575253404	10.574773789435696	-15.744253618941986	-5648.332618702565
3570	-5676.483435268508	-5648.332618702565	-28.150816565943835	0.325133689428238	4.6747203146774154	-0.9367352975296942	-2.7879047562371766	0.44650766416169396	-0.6158279965549264	2.8763761575253404	10.574773789435696	-15.744253618941986	-5648.332618702565
3572	-5676.483435268508	-5648.332618702565	-28.150816565943835	0.325133689428238	4.6747203146774154	-0.9367352975296942	-2.7879047562371766	0.44650766416169396	-0.6158279965549264	2.8763761575253404	10.574773789435696	-15.744253618941986	-5648.332618702565
3574	-5676.483435268508	-5648.332618702565	-28.150816565943835	0.325133689428238	4.6747203146774154	-0.9367352975296942	-2.7879047562371766	0.44650766416169396	-0.6158279965549264	2.8763761575253404	10.574773789435696	-15.744253618941986	-5648.332618702565
3576	-5676.483435268508	-5648.332618702565	-28.150816565943835	0.325133689428238	4.6747203146774154	-0.9367352975296942	-2.7879047562371766	0.44650766416169396	-0.6158279965549264	2.8763761575253404	10.574773789435696	-15.744253618941986	-5648.332618702565
3578	-5676.928459821403	-5648.777277086045	-28.15118273535824	0.325133689428238	4.6747203146774154	-0.9367352975296942	-2.7879047562371766	0.44650766416169396	-0.6158279965549264	2.8763761575253404	10.574773789435696	-15.744619788356388	-5648.777277086045
3580	-5677.297465922254	-5649.062126840622	-28.23533908163182	0.325133689428238	4.6747203146774154	-0.9367352975296942	-2.7879047562371766	0.44650766416169396	-0.6158279965549264	2.8763761575253404	10.601508304295736	-15.828776134629972	-5649.062126840622
3582	-5677.297465922254	-5649.062126840622	-28.23533908163182	0.325133689428238	4.6747203146774154	-0.9367352975296942	-2.7879047562371766	0.44650766416169396	-0.6158279965549264	2.8763761575253404	10.601508304295736	-15.828776134629972	-5649.062126840622
3584	-5676.903791023268	-5648.9976229566355	-27.906168066632862	0.325133689428238	4.6747203146774154	-0.9367352975296942	-2.7879047562371766	0.44650766416169396	-0.2574356263267777	2.8763761575253404	10.597489592300063	-15.81611556953425	-5648.9976229566355
3586	-5677.033883864757	-5648.9976229566355	-28.036260908121672	0.325133689428238	4.6747203146774154	-0.9367352975296942	-2.7879047562371766	0.44650766416169396	-0.4228149682374408	2.8763761575253404	10.597489592300063	-15.81611556953425	-5648.9976229566355
3588	-5677.319604969524	-5648.9976229566355	-28.321982012888814	0.8211767007364204	4.6747203146774154	-0.9367352975296942	-2.7879047562371766	0.44650766416169396	-0.4228149682374408	2.8763761575253404	10.597489592300063	-15.787074248798316	-5648.9976229566355
3590	-5675.2018627799225	-5648.9976229566355	-26.20423982328658	0.8211767007364204	2.3101443709948697	-0.9367352975296942	-2.7879047562371766	0.44650766416169396	-0.4228149682374408	2.8763761575253404	10.597489592300063	-15.212790467293882	-5648.9976229566355
3592	-5675.2018627799225	-5648.9976229566355	-26.20423982328658	0.8211767007364204	2.3101443709948697	-0.9367352975296942	-2.7879047562371766	0.44650766416169396	-0.4228149682374408	2.8763761575253404	10.597489592300063	-15.212790467293882	-5648.9976229566355
3594	-5675.09284241006	-5648.882299490958	-26.21054291910219	0.8211767007364204	2.3101443709948697	-0.9367352975296942	-2.7879047562371766	0.44650766416169396	-0.4228149682374408	2.8763761575253404	10.599032347085066	-15.21909356310949	-5648.882299490958
3596	-5675.171226563063	-5648.965293022731	-26.20593354033163	0.8211767007364204	2.3101443709948697	-0.9367352975296942	-2.7879047562371766	0.44650766416169396	-0.4228149682374408	2.8763761575253404	10.597904240814568	-15.21448418433893	-5648.965293022731
3598	-5673.8040567018425	-5647.59908360157	-26.204973100272685	0.8211767007364204	2.3101443709948697	-0.9367352975296942	-2.7879047562371766	0.44650766416169396	-0.4228149682374408	2.8763761575253404	10.597904240814568	-15.213523744279986	-5647.59908360157
3600	-5672.5263083892005	-5647.59908360157	-24.927224787630372	0.8211767007364204	1.005356185267204	-0.9367352975296942	-2.7879047562371766	0.44650766416169396	-0.4228149682374408	2.8763761575253404	10.597904240814568	-15.118273328162603	-5647.59908360157
3602	-5672.5263083892005	-5647.59908360157	-24.927224787630372	0.8211767007364204	1.005356185267204	-0.9367352975296942	-2.7879047562371766	0.44650766416169396	-0.4228149682374408	2.8763761575253404	10.597904240814568	-15.118273328162603	-5647.59908360157
3604	-5672.5263083892005	-5647.59908360157	-24.927224787630372	0.8211767007364204	1.005356185267204	-0.9367352975296942	-2.7879047562371766	0.44650766416169396	-0.4228149682374408	2.8763761575253404	10.597904240814568	-15.118273328162603	-5647.59908360157
3606	-5675.125563252662	-5649.182340554968	-25.943222697693983	0.8211767007364204	1.005356185267204	-0.9367352975296942	-2.7879047562371766	0.44650766416169396	-0.4228149682374408	3.1538620440019933	11.620290984413211	-16.134271238226212	-5649.182340554968
3608	-5675.125563252662	-5649.182340554968	-25.943222697693983	0.8211767007364204	1.005356185267204	-0.9367352975296942	-2.7879047562371766	0.44650766416169396	-0.4228149682374408	3.1538620440019933	11.620290984413211	-16.134271238226212	-5649.182340554968
3610	-5672.640270403277	-5647.8665023527765	-24.773768050500234	0.8211767007364204	1.005356185267204	-0.9367352975296942	-2.7879047562371766	0.44650766416169396	-0.4228149682374408	2.8341930951563246	10.442482268482634	-14.964816591032463	-5647.8665023527765
3612	-5674.103993096956	-5647.8665023527765	-26.237490744180057	0.8211767007364204	2.513253187514754	-0.9367352975296942	-2.7879047562371766	0.44650766416169396	-0.4228149682374408	2.8341930951563246	10.442482268482634	-15.087664430684177	-5647.8665023527765
3614	-5674.103993096956	-5647.8665023527765	-26.237490744180057	0.8211767007364204	2.513253187514754	-0.9367352975296942	-2.7879047562371766	0.44650766416169396	-0.4228149682374408	2.8341930951563246	10.442482268482634	-15.087664430684177	-5647.8665023527765
3616	-5674.103993096956	-5647.8665023527765	-26.237490744180057	0.8211767007364204	2.513253187514754	-0.9367352975296942	-2.7879047562371766	0.44650766416169396	-0.4228149682374408	2.8341930951563246	10.442482268482634	-15.087664430684177	-5647.8665023527765
3618	-5674.103993096956	-5647.8665023527765	-26.237490744180057	0.8211767007364204	2.513253187514754	-0.9367352975296942	-2.7879047562371766	0.44650766416169396	-0.4228149682374408	2.8341930951563246	10.442482268482634	-15.087664430684177	-5647.8665023527765
3620	-5674.103993096956	-5647.8665023527765	-26.237490744180057	0.8211767007364204	2.513253187514754	-0.9367352975296942	-2.7879047562371766	0.44650766416169396	-0.4228149682374408	2.8341930951563246	10.442482268482634	-15.087664430684177	-5647.8665023527765
3622	-5674.103993096956	-5647.8665023527765	-26.237490744180057	0.8211767007364204	2.513253187514754	-0.9367352975296942	-2.7879047562371766	0.44650766416169396	-0.4228149682374408	2.8341930951563246	10.442482268482634	-15.087664430684177	-5647.8665023527765
3624	-5674.798893820391	-5647.8665023527765	-26.93239146761388	1.5317533347677965	2.513253187514754	-0.9367352975296942	-2.7879047562371766	0.44650766416169396	-0.4228149682374408	2.8341930951563246	10.442482268482634	-15.087628935995298	-5647.8665023527765
3626	-5674.798893820391	-5647.8665023527765	-26.93239146761388	1.5317533347677965	2.513253187514754	-0.9367352975296942	-2.7879047562371766	0.44650766416169396	-0.4228149682374408	2.8341930951563246	10.442482268482634	-15.087628935995298	-5647.8665023527765
3628	-5674.798893820391	-5647.8665023527765	-26.93239146761388	1.5317533347677965	2.513253187514754	-0.9367352975296942	-2.7879047562371766	0.44650766416169396	-0.4228149682374408	2.8341930951563246	10.442482268482634	-15.087628935995298	-5647.8665023527765
3630	-5674.709589533588	-5647.82372990749	-26.885859626097506	1.5317533347677965	2.513253187514754	-0.9367352975296942	-2.7879047562371766	0.44650766416169396	-0.4228149682374408	2.8341930951563246	10.403229870907145	-15.041097094478925	-5647.82372990749
3632	-5674.709589533588	-5647.82372990749	-26.885859626097506	1.5317533347677965	2.513253187514754	-0.9367352975296942	-2.7879047562371766	0.44650766416169396	-0.4228149682374408	2.8341930951563246	10.403229870907145	-15.041097094478925	-5647.82372990749
3634	-5674.609612194868	-5647.715251572397	-26.894360622469964	1.5317533347677965	2.513253187514754	-0.9367352975296942	-2.7879047562371766	0.44650766416169396	-0.4228149682374408	2.8341930951563246	10.40581937455563	-15.049598090851383	-5647.715251572397
3636	-5677.392710195112	-5649.178771109856	-28.213939085255944	1.5317533347677965	2.513253187514754	-0.9367352975296942	-2.7879047562371766	0.44650766416169396	-0.4228149682374408	3.1529160318966265	11.576019568718682	-16.369176553637363	-5649.178771109856
3638	-5677.215246105993	-5649.017411544287	-28.197834561706603	1.5317533347677965	2.513253187514754	-0.9367352975296942	-2.7879047562371766	0.44650766416169396	-0.4228149682374408	3.1529160318966265	11.577415981503515	-16.353072030088022	-5649.017411544287
3640	-5677.23233713617	-5649.041025799857	-28.19131133631242	1.5317533347677965	2.513253187514754	-0.9367352975296942	-2.7879047562371766	0.44650766416169396	-0.4228149682374408	3.1529160318966265	11.575835144418862	-16.34654880469384	-5649.041025799857
3642	-5677.305954958686	-5649.433671931544	-27.872283027141346	1.5317533347677965	2.513253187514754	-0.9367352975296942	-2.7879047562371766	0.44650766416169396	-0.4228149682374408	2.8204118853752123	10.858810056498134	-16.027520495522765	-5649.433671931544
3644	-5677.305954958686	-5649.433671931544	-27.872283027141346	1.5317533347677965	2.513253187514754	-0.9367352975296942	-2.7879047562371766	0.44650766416169396	-0.4228149682374408	2.8204118853752123	10.858810056498134	-16.027520495522765	-5649.433671931544
3646	-5676.286865491966	-5649.667889471414	-26.618976020551642	1.5317533347677965	2.513253187514754	-0.9367352975296942	-2.7879047562371766	0.44650766416169396	-0.4228149682374408	2.5421546052750568	9.787497399253601	-14.774213488933063	-5649.667889471414
3648	-5676.286865491966	-5649.667889471414	-26.618976020551642	1.5317533347677965	2.513253187514754	-0.9367352975296942	-2.7879047562371766	0.44650766416169396	-0.4228149682374408	2.5421546052750568	9.787497399253601	-14.774213488933063	-5649.667889471414
3650	-5676.550654219701	-5649.667889471414	-26.88276474828637	1.5317533347677965	2.513253187514754	-0.6304372527084814	-2.7879047562371766	0.44650766416169396	-0.4228149682374408	2.5421546052750568	9.787497399253601	-14.664094328720008	-5649.667889471414
3652	-5679.307669722892	-5649.608155199399	-29.69951452349217	1.8447115964689071	2.513253187514754	-0.6304372527084814	-2.7879047562371766	0.44650766416169396	-0.4228149682374408	7.1059653333085295	18.91511885532055	-17.198378552197692	-5649.608155199399
3654	-5679.026290653797	-5648.182598141131	-30.84369251266571	1.8447115964689071	2.513253187514754	-0.6304372527084814	-2.7879047562371766	0.44650766416169396	-0.4228149682374408	7.785515940569921	20.689736680930196	-18.342556541371234	-5648.182598141131
3656	-5678.944654254931	-5648.141933283607	-30.80272097132435	1.8447115964689071	2.513253187514754	-0.6304372527084814	-2.7879047562371766	0.44650766416169396	-0.4228149682374408	7.785515940569921	20.677185206854027	-18.301585000029874	-5648.141933283607
3658	-5678.944654254931	-5648.141933283607	-30.80272097132435	1.8447115964689071	2.513253187514754	-0.6304372527084814	-2.7879047562371766	0.44650766416169396	-0.4228149682374408	7.785515940569921	20.677185206854027	-18.301585000029874	-5648.141933283607
3660	-5679.2776684279615	-5649.51789757449	-29.759770853471466	1.8447115964689071	2.513253187514754	-0.6304372527084814	-2.7879047562371766	0.44650766416169396	-0.4228149682374408	7.18004177630685	19.095642657635402	-17.258634882176988	-5649.51789757449
3662	-5679.2776684279615	-5649.51789757449	-29.759770853471466	1.8447115964689071	2.513253187514754	-0.6304372527084814	-2.7879047562371766	0.44650766416169396	-0.4228149682374408	7.18004177630685	19.095642657635402	-17.258634882176988	-5649.51789757449
3664	-5679.30762787449	-5649.490431540674	-29.8171963338166	1.8447115964689071	2.513253187514754	-0.6304372527084814	-2.7879047562371766	0.44650766416169396	-0.4228149682374408	7.18004177630685	19.131705471944056	-17.316060362522123	-5649.490431540674
3666	-5679.30762787449	-5649.490431540674	-29.8171963338166	1.8447115964689071	2.513253187514754	-0.6304372527084814	-2.7879047562371766	0.44650766416169396	-0.4228149682374408	7.18004177630685	19.131705471944056	-17.316060362522123	-5649.490431540674
3668	-5679.137414555489	-5648.190300561077	-30.947113994412717	1.8447115964689071	2.513253187514754	-0.6304372527084814	-2.7879047562371766	0.44650766416169396	-0.4228149682374408	7.804969301101527	20.796867001384694	-18.44597802311824	-5648.190300561077
3670	-5679.032323233843	-5648.190300561077	-30.84202267276696	1.8447115964689071	2.513253187514754	-0.6304372527084814	-2.7879047562371766	0.44650766416169396	-0.2920985881201593	7.804969301101527	20.796867001384694	-18.44597802311824	-5648.190300561077
3672	-5679.124586559364	-5648.235174709695	-30.889411849669507	1.8447115964689071	2.513253187514754	-0.6304372527084814	-2.7879047562371766	0.44650766416169396	-0.2920985881201593	7.831002174475519	20.866233347918097	-18.49336720002079	-5648.235174709695
3674	-5679.124586559364	-5648.235174709695	-30.889411849669507	1.8447115964689071	2.513253187514754	-0.6304372527084814	-2.7879047562371766	0.44650766416169396	-0.2920985881201593	7.831002174475519	20.866233347918097	-18.49336720002079	-5648.235174709695
3676	-5680.668058638191	-5649.237366995468	-31.430691642723414	1.8447115964689071	2.513253187514754	-0.6304372527084814	-2.7879047562371766	0.44650766416169396	-0.2920985881201593	8.128046744747959	21.65772863548669	-19.034646993074695	-5649.237366995468
3678	-5680.668058638191	-5649.237366995468	-31.430691642723414	1.8447115964689071	2.513253187514754	-0.6304372527084814	-2.7879047562371766	0.44650766416169396	-0.2920985881201593	8.128046744747959	21.65772863548669	-19.034646993074695	-5649.237366995468
3680	-5678.568649595493	-5648.432166951105	-30.136482644388476	1.8447115964689071	2.513253187514754	-0.6304372527084814	-2.7879047562371766	0.44650766416169396	-0.2920985881201593	7.415602385534857	19.759372599371275	-17.740437994739757	-5648.432166951105
3682	-5678.568649595493	-5648.432166951105	-30.136482644388476	1.8447115964689071	2.513253187514754	-0.6304372527084814	-2.7879047562371766	0.44650766416169396	-0.2920985881201593	7.415602385534857	19.759372599371275	-17.740437994739757	-5648.432166951105
3684	-5677.0893222264085	-5648.432166951105	-28.65715527530436	1.8447115964689071	0.9952003483478312	-0.6304372527084814	-2.7879047562371766	0.44650766416169396	-0.2920985881201593	7.415602385534857	19.759372599371275	-17.612141272624186	-5648.432166951105
3686	-5676.8082323736535	-5648.37638789104	-28.431844482613535	1.8447115964689071	0.9952003483478312	-1.032735440987698	-2.7879047562371766	0.44650766416169396	-0.2920985881201593	7.415602385534857	19.75718624210093	-17.83930815099315	-5648.37638789104
3688	-5676.8082323736535	-5648.37638789104	-28.431844482613535	1.8447115964689071	0.9952003483478312	-1.032735440987698	-2.7879047562371766	0.44650766416169396	-0.2920985881201593	7.415602385534857	19.75718624210093	-17.83930815099315	-5648.37638789104
3690	-5676.8082323736535	-5648.37638789104	-28.431844482613535	1.8447115964689071	0.9952003483478312	-1.032735440987698	-2.7879047562371766	0.44650766416169396	-0.2920985881201593	7.415602385534857	19.75718624210093	-17.83930815099315	-5648.37638789104
3692	-5676.8082323736535	-5648.37638789104	-28.431844482613535	1.8447115964689071	0.9952003483478312	-1.032735440987698	-2.7879047562371766	0.44650766416169396	-0.2920985881201593	7.415602385534857	19.75718624210093	-17.83930815099315	-5648.37638789104
3694	-5676.580590542666	-5648.101198190154	-28.479392352512473	1.8447115964689071	0.9952003483478312	-1.032735440987698	-2.7879047562371766	0.44650766416169396	-0.2920985881201593	7.415602385534857	19.771938840968364	-17.88685602089209	-5648.101198190154
3696	-5676.580590542666	-5648.101198190154	-28.479392352512473	1.8447115964689071	0.9952003483478312	-1.032735440987698	-2.7879047562371766	0.44650766416169396	-0.2920985881201593	7.415602385534857	19.771938840968364	-17.88685602089209	-5648.101198190154
3698	-5675.942630548055	-5647.406934844955	-28.535695703099694	1.8447115964689071	0.9952003483478312	-1.032735440987698	-2.7879047562371766	0.44650766416169396	-0.2920985881201593	7.415602385534857	19.799679810214975	-17.94315937147931	-5647.406934844955
3700	-5675.757161940499	-5647.406934844955	-28.350227095544273	1.8447115964689071	0.9952003483478312	-1.032735440987698	-2.7879047562371766	0.9515576906291588	-0.2920985881201593	7.415602385534857	19.799679810214975	-16.90407341982233	-5647.406934844955
3702	-5675.8065565966535	-5647.455443781774	-28.351112814879034	1.8447115964689071	0.9952003483478312	-1.032735440987698	-2.7879047562371766	0.9515576906291588	-0.2920985881201593	7.415602385534857	19.801422569958547	-16.90495913915709	-5647.455443781774
3704	-5675.8065565966535	-5647.455443781774	-28.351112814879034	1.8447115964689071	0.9952003483478312	-1.032735440987698	-2.7879047562371766	0.9515576906291588	-0.2920985881201593	7.415602385534857	19.801422569958547	-16.90495913915709	-5647.455443781774
3706	-5676.395540051656	-5648.0007735669315	-28.39476648472466	1.8447115964689071	0.9952003483478312	-1.032735440987698	-2.7879047562371766	0.9515576906291588	-0.2920985881201593	7.415602385534857	19.802906191778515	-16.948612809002714	-5648.0007735669315
3708	-5676.395540051656	-5648.0007735669315	-28.39476648472466	1.8447115964689071	0.9952003483478312	-1.032735440987698	-2.7879047562371766	0.9515576906291588	-0.2920985881201593	7.415602385534857	19.802906191778515	-16.948612809002714	-5648.0007735669315
3710	-5676.395540051656	-5648.0007735669315	-28.39476648472466	1.8447115964689071	0.9952003483478312	-1.032735440987698	-2.7879047562371766	0.9515576906291588	-0.2920985881201593	7.415602385534857	19.802906191778515	-16.948612809002714	-5648.0007735669315
3712	-5676.395540051656	-5648.0007735669315	-28.39476648472466	1.8447115964689071	0.9952003483478312	-1.032735440987698	-2.7879047562371766	0.9515576906291588	-0.2920985881201593	7.415602385534857	19.802906191778515	-16.948612809002714	-5648.0007735669315
3714	-5676.286638445924	-5647.887396629546	-28.399241816377923	1.8447115964689071	0.9952003483478312	-1.032735440987698	-2.7879047562371766	0.9515576906291588	-0.2920985881201593	7.415602385534857	19.804824599525297	-16.95308814065598	-5647.887396629546
3716	-5676.268692171697	-5647.869283622263	-28.399408549433737	1.8447115964689071	0.9952003483478312	-1.032735440987698	-2.7879047562371766	0.9515576906291588	-0.2920985881201593	7.415602385534857	19.8048245995253	-16.953254873711792	-5647.869283622263
3718	-5677.951545604131	-5648.948027633988	-29.00351797014235	1.8447115964689071	0.9952003483478312	-1.032735440987698	-2.7879047562371766	0.9515576906291588	-0.2920985881201593	7.90881277356141	21.12203994059906	-17.557364294420406	-5648.948027633988
3720	-5678.021119760229	-5648.989794478612	-29.031325281617924	1.8447115964689071	0.9952003483478312	-1.032735440987698	-2.7879047562371766	0.9515576906291588	-0.2920985881201593	7.90881277356141	21.159845829246883	-17.58517160589598	-5648.989794478612
3722	-5679.468597832299	-5648.989794478612	-30.478803353686793	1.8447115964689071	0.9952003483478312	-2.3516581520319257	-2.7879047562371766	0.9515576906291588	-0.2920985881201593	7.90881277356141	21.159845829246883	-18.245927004248127	-5648.989794478612
3724	-5679.468597832299	-5648.989794478612	-30.478803353686793	1.8447115964689071	0.9952003483478312	-2.3516581520319257	-2.7879047562371766	0.9515576906291588	-0.2920985881201593	7.90881277356141	21.159845829246883	-18.245927004248127	-5648.989794478612
3726	-5677.997879044139	-5648.989794478612	-29.008084565527547	1.8447115964689071	0.9952003483478312	-1.068296064549664	-2.7879047562371766	0.9515576906291588	-0.2920985881201593	7.90881277356141	21.159845829246883	-17.58635653090852	-5648.989794478612
3728	-5677.997879044139	-5648.989794478612	-29.008084565527547	1.8447115964689071	0.9952003483478312	-1.068296064549664	-2.7879047562371766	0.9515576906291588	-0.2920985881201593	7.90881277356141	21.159845829246883	-17.58635653090852	-5648.989794478612
3730	-5677.997879044139	-5648.989794478612	-29.008084565527547	1.8447115964689071	0.9952003483478312	-1.068296064549664	-2.7879047562371766	0.9515576906291588	-0.2920985881201593	7.90881277356141	21.159845829246883	-17.58635653090852	-5648.989794478612
3732	-5678.589074754113	-5648.989794478612	-29.599280275502075	1.8447115964689071	0.9952003483478312	-1.068296064549664	-2.7879047562371766	0.9515576906291588	-0.7004327329573893	7.90881277356141	21.159845829246883	-17.58635653090852	-5648.989794478612
3734	-5677.792953927135	-5648.989794478612	-28.803159448523374	1.0286393189019614	0.9952003483478312	-1.068296064549664	-2.7879047562371766	0.9515576906291588	-0.7004327329573893	7.90881277356141	21.159845829246883	-17.561392809908558	-5648.989794478612
3736	-5677.792953927135	-5648.989794478612	-28.803159448523374	1.0286393189019614	0.9952003483478312	-1.068296064549664	-2.7879047562371766	0.9515576906291588	-0.7004327329573893	7.90881277356141	21.159845829246883	-17.561392809908558	-5648.989794478612
3738	-5677.792953927135	-5648.989794478612	-28.803159448523374	1.0286393189019614	0.9952003483478312	-1.068296064549664	-2.7879047562371766	0.9515576906291588	-0.7004327329573893	7.90881277356141	21.159845829246883	-17.561392809908558	-5648.989794478612
3740	-5677.662403007171	-5648.989794478612	-28.672608528559103	1.0286393189019614	0.9952003483478312	-1.068296064549664	-2.7879047562371766	0.7407324575480426	-0.7004327329573893	7.90881277356141	21.159845829246883	-17.935288249058008	-5648.989794478612
3742	-5677.646842733986	-5648.983819096738	-28.6630236372472	1.0286393189019614	0.9952003483478312	-1.068296064549664	-2.7879047562371766	0.7407324575480426	-0.7004327329573893	7.90881277356141	21.152600738520885	-17.925703357746105	-5648.983819096738
3744	-5677.646842733986	-5648.983819096738	-28.6630236372472	1.0286393189019614	0.9952003483478312	-1.068296064549664	-2.7879047562371766	0.7407324575480426	-0.7004327329573893	7.90881277356141	21.152600738520885	-17.925703357746105	-5648.983819096738
3746	-5677.646842733986	-5648.983819096738	-28.6630236372472	1.0286393189019614	0.9952003483478312	-1.068296064549664	-2.7879047562371766	0.7407324575480426	-0.7004327329573893	7.90881277356141	21.152600738520885	-17.925703357746105	-5648.983819096738
3748	-5678.285002586755	-5648.983819096738	-29.30118349001586	1.69923460857273	0.9952003483478312	-1.068296064549664	-2.7879047562371766	0.7407324575480426	-0.7004327329573893	7.90881277356141	21.152600738520885	-17.921776517916307	-5648.983819096738
3750	-5676.046791462114	-5649.493447125283	-26.55334433683087	1.69923460857273	0.9952003483478312	-1.068296064549664	-1.5193684272870946	0.7407324575480426	-0.7004327329573893	6.96880964110264	18.638505194328907	-16.550731252782175	-5649.493447125283
3752	-5676.046791462114	-5649.493447125283	-26.55334433683087	1.69923460857273	0.9952003483478312	-1.068296064549664	-1.5193684272870946	0.7407324575480426	-0.7004327329573893	6.96880964110264	18.638505194328907	-16.550731252782175	-5649.493447125283
3754	-5676.04300629522	-5649.490529344697	-26.552476950522337	1.69923460857273	0.9952003483478312	-1.068296064549664	-1.5193684272870946	0.7407324575480426	-0.7004327329573893	6.96880964110264	18.636854541556207	-16.54986386647364	-5649.490529344697
3756	-5675.925587440758	-5649.490529758273	-26.4350576824858	1.69923460857273	0.9952003483478312	-1.068296064549664	-1.5193684272870946	0.7407324575480426	-0.7004327329573893	6.701727642494049	18.102690544339026	-16.432444598437105	-5649.490529758273
3758	-5676.01264771612	-5649.538703276714	-26.47394443940649	1.69923460857273	0.9952003483478312	-1.068296064549664	-1.5193684272870946	0.7407324575480426	-0.7004327329573893	6.701727642494049	18.14629991404437	-16.471331355357794	-5649.538703276714
3760	-5676.01264771612	-5649.538703276714	-26.47394443940649	1.69923460857273	0.9952003483478312	-1.068296064549664	-1.5193684272870946	0.7407324575480426	-0.7004327329573893	6.701727642494049	18.14629991404437	-16.471331355357794	-5649.538703276714
3762	-5674.202114559689	-5649.664994896439	-24.537119663250856	1.69923460857273	0.9952003483478312	-1.068296064549664	-1.5193684272870946	0.7407324575480426	-0.7004327329573893	2.2952490885377643	9.334614753707934	-14.534506579202157	-5649.664994896439
3764	-5674.940367692882	-5650.261377743243	-24.678989949638723	1.69923460857273	0.9952003483478312	-1.068296064549664	-1.5193684272870946	0.7407324575480426	-0.7004327329573893	2.2952490885377643	9.406545300938966	-14.676376865590026	-5650.261377743243
3766	-5674.940367692882	-5650.261377743243	-24.678989949638723	1.69923460857273	0.9952003483478312	-1.068296064549664	-1.5193684272870946	0.7407324575480426	-0.7004327329573893	2.2952490885377643	9.406545300938966	-14.676376865590026	-5650.261377743243
3768	-5674.940367692882	-5650.261377743243	-24.678989949638723	1.69923460857273	0.9952003483478312	-1.068296064549664	-1.5193684272870946	0.7407324575480426	-0.7004327329573893	2.2952490885377643	9.406545300938966	-14.676376865590026	-5650.261377743243
3770	-5673.984680690441	-5650.261377743243	-23.723302947197	0.8129232399590265	0.9952003483478312	-1.068296064549664	-1.5193684272870946	0.7407324575480426	-0.7004327329573893	2.2952490885377643	9.406545300938966	-14.577081630288417	-5650.261377743243
3772	-5673.984680690441	-5650.261377743243	-23.723302947197	0.8129232399590265	0.9952003483478312	-1.068296064549664	-1.5193684272870946	0.7407324575480426	-0.7004327329573893	2.2952490885377643	9.406545300938966	-14.577081630288417	-5650.261377743243
3774	-5673.253173128834	-5649.609061711097	-23.64411141773652	0.8129232399590265	0.9952003483478312	-1.068296064549664	-1.5193684272870946	0.7407324575480426	-0.7004327329573893	2.2952490885377643	9.366385925703522	-14.497890100827938	-5649.609061711097
3776	-5673.253173128834	-5649.609061711097	-23.64411141773652	0.8129232399590265	0.9952003483478312	-1.068296064549664	-1.5193684272870946	0.7407324575480426	-0.7004327329573893	2.2952490885377643	9.366385925703522	-14.497890100827938	-5649.609061711097
3778	-5673.253173128834	-5649.609061711097	-23.64411141773652	0.8129232399590265	0.9952003483478312	-1.068296064549664	-1.5193684272870946	0.7407324575480426	-0.7004327329573893	2.2952490885377643	9.366385925703522	-14.497890100827938	-5649.609061711097
3780	-5675.10784567121	-5650.293086637587	-24.81475903362326	0.8129232399590265	0.9952003483478312	-1.068296064549664	-1.5193684272870946	0.7407324575480426	-0.7004327329573893	2.616132137025872	10.67583616540303	-15.66853771671468	-5650.293086637587
3782	-5675.10784567121	-5650.293086637587	-24.81475903362326	0.8129232399590265	0.9952003483478312	-1.068296064549664	-1.5193684272870946	0.7407324575480426	-0.7004327329573893	2.616132137025872	10.67583616540303	-15.66853771671468	-5650.293086637587
3784	-5674.634133404954	-5651.2365849840935	-23.397548420860517	0.8129232399590265	0.9952003483478312	-1.068296064549664	-1.5193684272870946	0.7407324575480426	-0.7004327329573893	2.221676600789417	9.08690079312887	-14.251327103951931	-5651.2365849840935
3786	-5674.407402972924	-5651.0041647423395	-23.403238230583895	0.8129232399590265	0.9952003483478312	-1.068296064549664	-1.5193684272870946	0.7407324575480426	-0.7004327329573893	2.221676600789417	9.088885815553063	-14.25701691367531	-5651.0041647423395
3788	-5674.29674150897	-5651.228572419612	-23.06816908935831	0.8129232399590265	0.9952003483478312	-1.068296064549664	-1.5193684272870946	0.7407324575480426	-0.7004327329573893	2.221676600789417	8.72999250403832	-13.921947772449727	-5651.228572419612
3790	-5674.288091905449	-5651.219733064815	-23.06835884063348	0.8129232399590265	0.9952003483478312	-1.068296064549664	-1.5193684272870946	0.7407324575480426	-0.7004327329573893	2.221676600789417	8.73100188315162	-13.922137523724897	-5651.219733064815
3792	-5672.009414568815	-5648.273685532564	-23.735729036251627	0.8129232399590265	0.9952003483478312	-1.068296064549664	-1.5193684272870946	0.7407324575480426	-0.7004327329573893	2.4125103004189095	9.480962246528476	-14.589507719343045	-5648.273685532564
3794	-5672.009414568815	-5648.273685532564	-23.735729036251627	0.8129232399590265	0.9952003483478312	-1.068296064549664	-1.5193684272870946	0.7407324575480426	-0.7004327329573893	2.4125103004189095	9.480962246528476	-14.589507719343045	-5648.273685532564
3796	-5672.009414568815	-5648.273685532564	-23.735729036251627	0.8129232399590265	0.9952003483478312	-1.068296064549664	-1.5193684272870946	0.7407324575480426	-0.7004327329573893	2.4125103004189095	9.480962246528476	-14.589507719343045	-5648.273685532564
3798	-5672.009414568815	-5648.273685532564	-23.735729036251627	0.8129232399590265	0.9952003483478312	-1.068296064549664	-1.5193684272870946	0.7407324575480426	-0.7004327329573893	2.4125103004189095	9.480962246528476	-14.589507719343045	-5648.273685532564
3800	-5672.009414568815	-5648.273685532564	-23.735729036251627	0.8129232399590265	0.9952003483478312	-1.068296064549664	-1.5193684272870946	0.7407324575480426	-0.7004327329573893	2.4125103004189095	9.480962246528476	-14.589507719343045	-5648.273685532564
3802	-5672.009414568815	-5648.273685532564	-23.735729036251627	0.8129232399590265	0.9952003483478312	-1.068296064549664	-1.5193684272870946	0.7407324575480426	-0.7004327329573893	2.4125103004189095	9.480962246528476	-14.589507719343045	-5648.273685532564
3804	-5672.009414568815	-5648.273685532564	-23.735729036251627	0.8129232399590265	0.9952003483478312	-1.068296064549664	-1.5193684272870946	0.7407324575480426	-0.7004327329573893	2.4125103004189095	9.480962246528476	-14.589507719343045	-5648.273685532564
3806	-5672.009414568815	-5648.273685532564	-23.735729036251627	0.8129232399590265	0.9952003483478312	-1.068296064549664	-1.5193684272870946	0.7407324575480426	-0.7004327329573893	2.4125103004189095	9.480962246528476	-14.589507719343045	-5648.273685532564
3808	-5672.009414568815	-5648.273685532564	-23.735729036251627	0.8129232399590265	0.9952003483478312	-1.068296064549664	-1.5193684272870946	0.7407324575480426	-0.7004327329573893	2.4125103004189095	9.480962246528476	-14.589507719343045	-5648.273685532564
3810	-5672.009414568815	-5648.273685532564	-23.735729036251627	0.8129232399590265	0.9952003483478312	-1.068296064549664	-1.5193684272870946	0.7407324575480426	-0.7004327329573893	2.4125103004189095	9.480962246528476	-14.589507719343045	-5648.273685532564
3812	-5672.228427298616	-5648.493326030078	-23.7351012685387	0.8129232399590265	0.9952003483478312	-1.068296064549664	-1.5193684272870946	0.7407324575480426	-0.7004327329573893	2.4125103004189095	9.480962246528476	-14.588879951630114	-5648.493326030078
3814	-5672.228427298616	-5648.493326030078	-23.7351012685387	0.8129232399590265	0.9952003483478312	-1.068296064549664	-1.5193684272870946	0.7407324575480426	-0.7004327329573893	2.4125103004189095	9.480962246528476	-14.588879951630114	-5648.493326030078
3816	-5673.802869349369	-5648.3948871848625	-25.407982164506354	0.8129232399590265	1.6479784215983946	-1.068296064549664	-1.5193684272870946	0.7407324575480426	-0.7004327329573893	4.661138029739196	13.978217705169051	-15.632637106369561	-5648.3948871848625
3818	-5673.604518047809	-5648.196449727111	-25.40806832069796	0.8129232399590265	1.6479784215983946	-1.068296064549664	-1.5193684272870946	0.7407324575480426	-0.7004327329573893	4.661138029739196	13.978217705169047	-15.632723262561168	-5648.196449727111
3820	-5673.604518047809	-5648.196449727111	-25.40806832069796	0.8129232399590265	1.6479784215983946	-1.068296064549664	-1.5193684272870946	0.7407324575480426	-0.7004327329573893	4.661138029739196	13.978217705169047	-15.632723262561168	-5648.196449727111
3822	-5673.604518047809	-5648.196449727111	-25.40806832069796	0.8129232399590265	1.6479784215983946	-1.068296064549664	-1.5193684272870946	0.7407324575480426	-0.7004327329573893	4.661138029739196	13.978217705169047	-15.632723262561168	-5648.196449727111
3824	-5673.639503867223	-5648.229078518755	-25.41042534846752	0.8129232399590265	1.6479784215983946	-1.068296064549664	-1.5193684272870946	0.7407324575480426	-0.7004327329573893	4.661138029739196	13.979657313590106	-15.635080290330725	-5648.229078518755
3826	-5673.64326847374	-5648.240657303878	-25.402611169862247	0.8129232399590265	1.6479784215983946	-1.068296064549664	-1.5193684272870946	0.7407324575480426	-0.7004327329573893	4.661138029739196	13.971727234963748	-15.627266111725454	-5648.240657303878
3828	-5672.968810711374	-5648.251501547821	-24.71730916355282	0.8129232399590265	1.6479784215983946	-1.068296064549664	-1.5193684272870946	0.7407324575480426	-0.7004327329573893	3.1838475864026736	11.017146348290703	-14.941964105416027	-5648.251501547821
3830	-5673.584982659355	-5648.806995499976	-24.777987159378622	0.8129232399590265	1.6479784215983946	-1.068296064549664	-1.5193684272870946	0.7407324575480426	-0.7004327329573893	3.1838475864026736	11.040233063588687	-15.002642101241829	-5648.806995499976
3832	-5673.584982659355	-5648.806995499976	-24.777987159378622	0.8129232399590265	1.6479784215983946	-1.068296064549664	-1.5193684272870946	0.7407324575480426	-0.7004327329573893	3.1838475864026736	11.040233063588687	-15.002642101241829	-5648.806995499976
3834	-5673.157454484703	-5648.444639442504	-24.712815042198866	0.8129232399590265	1.6479784215983946	-1.068296064549664	-1.5193684272870946	0.7407324575480426	-0.7004327329573893	3.1838475864026736	11.015472315481157	-14.937469984062073	-5648.444639442504
3836	-5673.157454484703	-5648.444639442504	-24.712815042198866	0.8129232399590265	1.6479784215983946	-1.068296064549664	-1.5193684272870946	0.7407324575480426	-0.7004327329573893	3.1838475864026736	11.015472315481157	-14.937469984062073	-5648.444639442504
3838	-5673.157454484703	-5648.444639442504	-24.712815042198866	0.8129232399590265	1.6479784215983946	-1.068296064549664	-1.5193684272870946	0.7407324575480426	-0.7004327329573893	3.1838475864026736	11.015472315481157	-14.937469984062073	-5648.444639442504
3840	-5673.230819238803	-5648.524204015711	-24.706615223092218	0.8129232399590265	1.6479784215983946	-1.068296064549664	-1.5193684272870946	0.7407324575480426	-0.7004327329573893	3.1838475864026736	11.012065740433869	-14.931270164955425	-5648.524204015711
3842	-5673.29921165712	-5648.524204015711	-24.775007641409495	0.8129232399590265	1.6479784215983946	-0.39958248251635015	-1.5193684272870946	0.7407324575480426	-0.7004327329573893	3.1838475864026736	11.012065740433869	-14.965230601031594	-5648.524204015711
3844	-5673.29921165712	-5648.524204015711	-24.775007641409495	0.8129232399590265	1.6479784215983946	-0.39958248251635015	-1.5193684272870946	0.7407324575480426	-0.7004327329573893	3.1838475864026736	11.012065740433869	-14.965230601031594	-5648.524204015711
3846	-5674.257574155068	-5648.524204015711	-25.73337013935687	0.8129232399590265	1.6479784215983946	-0.39958248251635015	-1.5193684272870946	0.7407324575480426	-1.2576874438288717	3.1838475864026736	11.012065740433869	-14.965230601031594	-5648.524204015711
3848	-5674.257574155068	-5648.524204015711	-25.73337013935687	0.8129232399590265	1.6479784215983946	-0.39958248251635015	-1.5193684272870946	0.7407324575480426	-1.2576874438288717	3.1838475864026736	11.012065740433869	-14.965230601031594	-5648.524204015711
3850	-5673.354122126062	-5648.535831827556	-24.818290298506348	0.8129232399590265	1.6479784215983946	-0.39958248251635015	-1.5193684272870946	0.7407324575480426	-0.8050015118261455	2.9225023598026176	10.489375287233756	-14.852345059252087	-5648.535831827556
3852	-5673.921904440491	-5648.847675196854	-25.074229243637006	0.8129232399590265	1.6479784215983946	-0.39958248251635015	-1.5193684272870946	0.7407324575480426	-0.8050015118261455	2.9225023598026176	10.653292837570229	-15.108284004382744	-5648.847675196854
3854	-5673.921904440491	-5648.847675196854	-25.074229243637006	0.8129232399590265	1.6479784215983946	-0.39958248251635015	-1.5193684272870946	0.7407324575480426	-0.8050015118261455	2.9225023598026176	10.653292837570229	-15.108284004382744	-5648.847675196854
3856	-5673.921904440491	-5648.847675196854	-25.074229243637006	0.8129232399590265	1.6479784215983946	-0.39958248251635015	-1.5193684272870946	0.7407324575480426	-0.8050015118261455	2.9225023598026176	10.653292837570229	-15.108284004382744	-5648.847675196854
3858	-5673.3158726017255	-5648.847675196854	-24.46819740487194	0.8129232399590265	1.6479784215983946	-0.39958248251635015	-0.6041720339992565	0.7407324575480426	-0.8050015118261455	2.9225023598026176	10.653292837570229	-15.108284004382744	-5648.847675196854
3860	-5672.757426072157	-5648.847675196854	-23.909750875302635	0.8129232399590265	1.6479784215983946	-0.39958248251635015	-0.6041720339992565	0.7407324575480426	-0.3872748318515775	2.9225023598026176	10.653292837570229	-15.108284004382744	-5648.847675196854
3862	-5672.785818125521	-5648.847675196854	-23.93814292866658	0.8129232399590265	1.6479784215983946	-0.39958248251635015	-0.6041720339992565	0.7407324575480426	-0.41217020602185267	2.9225023598026176	10.653292837570229	-15.108284004382744	-5648.847675196854
3864	-5672.785818125521	-5648.847675196854	-23.93814292866658	0.8129232399590265	1.6479784215983946	-0.39958248251635015	-0.6041720339992565	0.7407324575480426	-0.41217020602185267	2.9225023598026176	10.653292837570229	-15.108284004382744	-5648.847675196854
3866	-5673.167041568518	-5648.847675196854	-24.319366371663882	0.8129232399590265	1.6479784215983946	-0.39958248251635015	-0.6041720339992565	0.7407324575480426	-0.7055149063773586	2.9225023598026176	10.653292837570229	-15.108284004382744	-5648.847675196854
3868	-5673.167041568518	-5648.847675196854	-24.319366371663882	0.8129232399590265	1.6479784215983946	-0.39958248251635015	-0.6041720339992565	0.7407324575480426	-0.7055149063773586	2.9225023598026176	10.653292837570229	-15.108284004382744	-5648.847675196854
3870	-5673.167041568518	-5648.847675196854	-24.319366371663882	0.8129232399590265	1.6479784215983946	-0.39958248251635015	-0.6041720339992565	0.7407324575480426	-0.7055149063773586	2.9225023598026176	10.653292837570229	-15.108284004382744	-5648.847675196854
3872	-5673.167041568518	-5648.847675196854	-24.319366371663882	0.8129232399590265	1.6479784215983946	-0.39958248251635015	-0.6041720339992565	0.7407324575480426	-0.7055149063773586	2.9225023598026176	10.653292837570229	-15.108284004382744	-5648.847675196854
3874	-5672.992493733182	-5648.672176769204	-24.320316963977625	0.8129232399590265	1.6479784215983946	-0.39958248251635015	-0.6041720339992565	0.7407324575480426	-0.7055149063773586	2.9225023598026176	10.653292837570227	-15.109234596696485	-5648.672176769204
3876	-5673.0381834748705	-5648.719943504019	-24.318239970851206	0.8129232399590265	1.6479784215983946	-0.39958248251635015	-0.6041720339992565	0.7407324575480426	-0.7055149063773586	2.9225023598026176	10.652541506460416	-15.107157603570066	-5648.719943504019
3878	-5673.0381834748705	-5648.719943504019	-24.318239970851206	0.8129232399590265	1.6479784215983946	-0.39958248251635015	-0.6041720339992565	0.7407324575480426	-0.7055149063773586	2.9225023598026176	10.652541506460416	-15.107157603570066	-5648.719943504019
3880	-5674.306859003885	-5649.933716736294	-24.373142267590787	0.8129232399590265	1.6479784215983946	-0.39958248251635015	-0.6041720339992565	0.7407324575480426	-0.7055149063773586	2.9225023598026176	10.655477114959332	-15.162059900309647	-5649.933716736294
3882	-5674.481280812408	-5649.929459762471	-24.551821049936333	0.8129232399590265	1.6479784215983946	-0.39958248251635015	-0.6041720339992565	0.7407324575480426	-0.7055149063773586	3.3363089723074544	11.484045042386317	-15.340738682655193	-5649.929459762471
3884	-5676.191578833673	-5650.791141026645	-25.40043780702751	0.8129232399590265	1.6479784215983946	-0.39958248251635015	-0.6041720339992565	0.7407324575480426	-0.7055149063773586	3.3363089723074544	12.444145145795025	-16.18935543974637	-5650.791141026645
3886	-5676.191578833673	-5650.791141026645	-25.40043780702751	0.8129232399590265	1.6479784215983946	-0.39958248251635015	-0.6041720339992565	0.7407324575480426	-0.7055149063773586	3.3363089723074544	12.444145145795025	-16.18935543974637	-5650.791141026645
3888	-5676.533422425354	-5650.88718536042	-25.64623706493455	0.8129232399590265	1.6479784215983946	-0.39958248251635015	-0.6041720339992565	0.7407324575480426	-0.7055149063773586	3.3363089723074544	12.637849855884406	-16.43515469765341	-5650.88718536042
3890	-5676.533422425354	-5650.88718536042	-25.64623706493455	0.8129232399590265	1.6479784215983946	-0.39958248251635015	-0.6041720339992565	0.7407324575480426	-0.7055149063773586	3.3363089723074544	12.637849855884406	-16.43515469765341	-5650.88718536042
3892	-5676.180328498809	-5650.88718536042	-25.293143138389148	0.3701679705884915	1.6479784215983946	-0.39958248251635015	-0.6041720339992565	0.7407324575480426	-0.7055149063773586	3.3363089723074544	12.637849855884406	-16.39637200660836	-5650.88718536042
3894	-5676.180328498809	-5650.88718536042	-25.293143138389148	0.3701679705884915	1.6479784215983946	-0.39958248251635015	-0.6041720339992565	0.7407324575480426	-0.7055149063773586	3.3363089723074544	12.637849855884406	-16.39637200660836	-5650.88718536042
3896	-5676.13764600479	-5650.8694317712825	-25.268214233507976	0.3701679705884915	1.6479784215983946	-0.39958248251635015	-0.6041720339992565	0.7407324575480426	-0.7055149063773586	3.3363089723074544	12.61922326228878	-16.371443101727188	-5650.8694317712825
3898	-5676.13764600479	-5650.8694317712825	-25.268214233507976	0.3701679705884915	1.6479784215983946	-0.39958248251635015	-0.6041720339992565	0.7407324575480426	-0.7055149063773586	3.3363089723074544	12.61922326228878	-16.371443101727188	-5650.8694317712825
3900	-5675.94063238757	-5651.575475136519	-24.3651572510507	0.3701679705884915	1.6479784215983946	-0.39958248251635015	-0.6041720339992565	0.7407324575480426	-0.7055149063773586	3.020839215002997	11.425993458643918	-15.46838611926991	-5651.575475136519
3902	-5676.131245673544	-5651.870755448631	-24.260490224912957	0.3701679705884915	1.6479784215983946	-0.39958248251635015	-0.6041720339992565	0.7407324575480426	-0.7055149063773586	3.020839215002997	11.351747265317927	-15.363719093132167	-5651.870755448631
3904	-5676.131245673544	-5651.870755448631	-24.260490224912957	0.3701679705884915	1.6479784215983946	-0.39958248251635015	-0.6041720339992565	0.7407324575480426	-0.7055149063773586	3.020839215002997	11.351747265317927	-15.363719093132167	-5651.870755448631
3906	-5676.407185712588	-5651.039726995229	-25.3674587173589	0.3701679705884915	1.6479784215983946	-0.39958248251635015	-0.6041720339992565	0.7407324575480426	-0.7055149063773586	3.412184085350137	12.822347898312868	-16.47068758557811	-5651.039726995229
3908	-5676.188815387623	-5650.822260813508	-25.366554574115163	0.3701679705884915	1.6479784215983946	-0.39958248251635015	-0.6041720339992565	0.7407324575480426	-0.7055149063773586	3.412184085350137	12.822347898312868	-16.469783442334375	-5650.822260813508
3910	-5675.050778164813	-5649.732591211988	-25.318186952824995	0.3701679705884915	1.6479784215983946	-0.39958248251635015	-0.6041720339992565	0.7407324575480426	-0.7055149063773586	3.412184085350137	12.819755488887225	-16.421415821044206	-5649.732591211988
3912	-5675.268962183032	-5649.949871114335	-25.31909106869709	0.3701679705884915	1.6479784215983946	-0.39958248251635015	-0.6041720339992565	0.7407324575480426	-0.7055149063773586	3.412184085350137	12.819755488887223	-16.4223199369163	-5649.949871114335
3914	-5675.268962183032	-5649.949871114335	-25.31909106869709	0.3701679705884915	1.6479784215983946	-0.39958248251635015	-0.6041720339992565	0.7407324575480426	-0.7055149063773586	3.412184085350137	12.819755488887223	-16.4223199369163	-5649.949871114335
3916	-5675.214124226518	-5649.9783407623245	-25.23578346419385	0.3701679705884915	1.6479784215983946	-0.39958248251635015	-0.6041720339992565	0.7407324575480426	-0.7055149063773586	3.412184085350137	12.727270181232205	-16.33901233241306	-5649.9783407623245
3918	-5675.25654593809	-5649.9783407623245	-25.278205175766036	0.3701679705884915	1.6479784215983946	-0.1838199744528007	-0.6041720339992565	0.7407324575480426	-0.7055149063773586	3.412184085350137	12.727270181232205	-16.376952747953812	-5649.9783407623245
3920	-5675.260865144983	-5649.975458343774	-25.285406801208598	0.3701679705884915	1.6479784215983946	-0.1838199744528007	-0.6041720339992565	0.7407324575480426	-0.7055149063773586	3.412184085350137	12.735542815361407	-16.384154373396374	-5649.975458343774
3922	-5674.086822681024	-5649.361334289248	-24.725488391776928	0.3701679705884915	1.6479784215983946	-0.1838199744528007	-0.6041720339992565	0.7407324575480426	-0.7055149063773586	3.197379220766085	11.933810997431841	-15.824235963964703	-5649.361334289248
3924	-5674.004959960649	-5649.361334289248	-24.6436256714017	0.3701679705884915	1.6479784215983946	-0.3705676884177153	-0.6041720339992565	0.7407324575480426	-0.7055149063773586	3.197379220766085	11.933810997431841	-15.751670361088951	-5649.361334289248
3926	-5674.14343652557	-5649.904083337795	-24.23935318777523	0.3701679705884915	1.6479784215983946	-0.3705676884177153	-0.6041720339992565	0.7407324575480426	-0.7055149063773586	3.197379220766085	11.483655944717178	-15.347397877462479	-5649.904083337795
3928	-5674.14343652557	-5649.904083337795	-24.23935318777523	0.3701679705884915	1.6479784215983946	-0.3705676884177153	-0.6041720339992565	0.7407324575480426	-0.7055149063773586	3.197379220766085	11.483655944717178	-15.347397877462479	-5649.904083337795
3930	-5675.2479899892205	-5650.268862354896	-24.97912763432477	0.6496618632170539	1.6479784215983946	-0.3705676884177153	-0.6041720339992565	0.7407324575480426	-0.7055149063773586	3.3989897690537463	12.207757157461833	-15.925483563950356	-5650.268862354896
3932	-5674.989067192347	-5649.643683196355	-25.345383995992044	0.6496618632170539	1.6479784215983946	-0.3705676884177153	-0.6041720339992565	0.7407324575480426	-0.7055149063773586	3.3989897690537463	12.628482539059583	-16.291739925617634	-5649.643683196355
3934	-5674.989067192347	-5649.643683196355	-25.345383995992044	0.6496618632170539	1.6479784215983946	-0.3705676884177153	-0.6041720339992565	0.7407324575480426	-0.7055149063773586	3.3989897690537463	12.628482539059583	-16.291739925617634	-5649.643683196355
3936	-5674.989067192347	-5649.643683196355	-25.345383995992044	0.6496618632170539	1.6479784215983946	-0.3705676884177153	-0.6041720339992565	0.7407324575480426	-0.7055149063773586	3.3989897690537463	12.628482539059583	-16.291739925617634	-5649.643683196355
3938	-5674.493086199571	-5649.643683196355	-24.849403003215983	0.6496618632170539	0.7312724216147563	-0.3705676884177153	-0.6041720339992565	0.7407324575480426	-0.7055149063773586	3.3989897690537463	12.628482539059583	-16.68407739384589	-5649.643683196355
3940	-5674.660344040727	-5649.7817820515365	-24.87856198919018	0.6496618632170539	0.7312724216147563	-0.3705676884177153	-0.6041720339992565	0.7407324575480426	-0.7055149063773586	3.3989897690537463	12.641243049918556	-16.71323637982009	-5649.7817820515365
3942	-5674.9212505479645	-5649.7817820515365	-25.139468496427977	0.6496618632170539	0.7312724216147563	-0.13664701068218196	-0.6041720339992565	0.7407324575480426	-0.7055149063773586	3.3989897690537463	12.641243049918556	-16.951462561566792	-5649.7817820515365
3944	-5674.898743068145	-5649.7817820515365	-25.116961016609046	0.6496618632170539	0.7312724216147563	-0.13664701068218196	-0.5532579656386902	0.7407324575480426	-0.7055149063773586	3.3989897690537463	12.641243049918556	-16.951462561566792	-5649.7817820515365
3946	-5674.640442191358	-5649.7817820515365	-24.85866013982104	0.33295850183910863	0.7312724216147563	-0.13664701068218196	-0.5532579656386902	0.7407324575480426	-0.6719808056687003	3.3989897690537463	12.641243049918556	-16.897832235484806	-5649.7817820515365
3948	-5674.640442191358	-5649.7817820515365	-24.85866013982104	0.33295850183910863	0.7312724216147563	-0.13664701068218196	-0.5532579656386902	0.7407324575480426	-0.6719808056687003	3.3989897690537463	12.641243049918556	-16.897832235484806	-5649.7817820515365
3950	-5675.141109743714	-5649.65619184246	-25.484917901253645	0.33295850183910863	1.98128413603642	-0.13664701068218196	-0.5532579656386902	0.7407324575480426	-0.6719808056687003	3.3989897690537463	12.64493026628389	-16.342596714903934	-5649.65619184246
3952	-5675.141109743714	-5649.65619184246	-25.484917901253645	0.33295850183910863	1.98128413603642	-0.13664701068218196	-0.5532579656386902	0.7407324575480426	-0.6719808056687003	3.3989897690537463	12.64493026628389	-16.342596714903934	-5649.65619184246
3954	-5675.141109743714	-5649.65619184246	-25.484917901253645	0.33295850183910863	1.98128413603642	-0.13664701068218196	-0.5532579656386902	0.7407324575480426	-0.6719808056687003	3.3989897690537463	12.64493026628389	-16.342596714903934	-5649.65619184246
3956	-5673.395942860495	-5648.458499065374	-24.937443795121048	0.33295850183910863	1.98128413603642	-0.13664701068218196	-0.5532579656386902	0.7407324575480426	-0.6719808056687003	3.19597916126908	11.889689693886503	-15.795122608771338	-5648.458499065374
3958	-5673.395942860495	-5648.458499065374	-24.937443795121048	0.33295850183910863	1.98128413603642	-0.13664701068218196	-0.5532579656386902	0.7407324575480426	-0.6719808056687003	3.19597916126908	11.889689693886503	-15.795122608771338	-5648.458499065374
3960	-5673.395942860495	-5648.458499065374	-24.937443795121048	0.33295850183910863	1.98128413603642	-0.13664701068218196	-0.5532579656386902	0.7407324575480426	-0.6719808056687003	3.19597916126908	11.889689693886503	-15.795122608771338	-5648.458499065374
3962	-5674.468777843453	-5649.590147357461	-24.87863048599141	0.33295850183910863	1.98128413603642	-0.13664701068218196	-0.5532579656386902	0.7407324575480426	-0.6719808056687003	3.19597916126908	11.863466941259443	-15.736309299641698	-5649.590147357461
3964	-5674.468777843453	-5649.590147357461	-24.87863048599141	0.33295850183910863	1.98128413603642	-0.13664701068218196	-0.5532579656386902	0.7407324575480426	-0.6719808056687003	3.19597916126908	11.863466941259443	-15.736309299641698	-5649.590147357461
3966	-5674.468777843453	-5649.590147357461	-24.87863048599141	0.33295850183910863	1.98128413603642	-0.13664701068218196	-0.5532579656386902	0.7407324575480426	-0.6719808056687003	3.19597916126908	11.863466941259443	-15.736309299641698	-5649.590147357461
3968	-5673.477138823083	-5648.551613077063	-24.92552574602013	0.33295850183910863	1.98128413603642	-0.13664701068218196	-0.5532579656386902	0.7407324575480426	-0.6719808056687003	3.19597916126908	11.884071280453663	-15.78320455967042	-5648.551613077063
3970	-5673.477138823083	-5648.551613077063	-24.92552574602013	0.33295850183910863	1.98128413603642	-0.13664701068218196	-0.5532579656386902	0.7407324575480426	-0.6719808056687003	3.19597916126908	11.884071280453663	-15.78320455967042	-5648.551613077063
3972	-5673.194308407272	-5648.2685273189	-24.925781088372	0.33295850183910863	1.98128413603642	-0.13664701068218196	-0.5532579656386902	0.7407324575480426	-0.6719808056687003	3.19597916126908	11.884071280453663	-15.783459902022289	-5648.2685273189
3974	-5673.194308407272	-5648.2685273189	-24.925781088372	0.33295850183910863	1.98128413603642	-0.13664701068218196	-0.5532579656386902	0.7407324575480426	-0.6719808056687003	3.19597916126908	11.884071280453663	-15.783459902022289	-5648.2685273189
3976	-5673.194308407272	-5648.2685273189	-24.925781088372	0.33295850183910863	1.98128413603642	-0.13664701068218196	-0.5532579656386902	0.7407324575480426	-0.6719808056687003	3.19597916126908	11.884071280453663	-15.783459902022289	-5648.2685273189
3978	-5673.194308407272	-5648.2685273189	-24.925781088372	0.33295850183910863	1.98128413603642	-0.13664701068218196	-0.5532579656386902	0.7407324575480426	-0.6719808056687003	3.19597916126908	11.884071280453663	-15.783459902022289	-5648.2685273189
3980	-5673.080048344392	-5648.33239534519	-24.74765299920189	0.33295850183910863	1.98128413603642	-0.13664701068218196	-0.5532579656386902	0.7407324575480426	-0.6719808056687003	3.19597916126908	11.7469410537856	-15.605331812852176	-5648.33239534519
3982	-5676.1988919305495	-5650.712952895175	-25.485939035374912	0.33295850183910863	1.98128413603642	-0.13664701068218196	-0.5532579656386902	0.7407324575480426	-0.6719808056687003	3.460114737376908	12.735924402895392	-16.3436178490252	-5650.712952895175
3984	-5676.377413030753	-5650.891659052587	-25.48575397816586	0.33295850183910863	1.98128413603642	-0.13664701068218196	-0.5532579656386902	0.7407324575480426	-0.6719808056687003	3.460114737376908	12.735924402895392	-16.34343279181615	-5650.891659052587
3986	-5676.377413030753	-5650.891659052587	-25.48575397816586	0.33295850183910863	1.98128413603642	-0.13664701068218196	-0.5532579656386902	0.7407324575480426	-0.6719808056687003	3.460114737376908	12.735924402895392	-16.34343279181615	-5650.891659052587
3988	-5676.377413030753	-5650.891659052587	-25.48575397816586	0.33295850183910863	1.98128413603642	-0.13664701068218196	-0.5532579656386902	0.7407324575480426	-0.6719808056687003	3.460114737376908	12.735924402895392	-16.34343279181615	-5650.891659052587
3990	-5675.420877870067	-5650.087490439007	-25.33338743106029	0.33295850183910863	1.98128413603642	-0.13664701068218196	-0.5532579656386902	0.7407324575480426	-0.6719808056687003	3.257306284778112	12.303729691124683	-16.19106624471058	-5650.087490439007
3992	-5675.353950983546	-5650.357234074909	-24.996716908638	0.33295850183910863	1.98128413603642	-0.13664701068218196	-0.5532579656386902	0.7407324575480426	-0.6719808056687003	3.257306284778112	12.079554743635633	-15.854395722288288	-5650.357234074909
3994	-5674.987817073433	-5650.0405044082	-24.947312665233216	0.33295850183910863	1.98128413603642	-0.13664701068218196	-0.5532579656386902	0.7407324575480426	-0.6719808056687003	3.257306284778112	12.047065884202517	-15.804991478883505	-5650.0405044082
3996	-5674.987817073433	-5650.0405044082	-24.947312665233216	0.33295850183910863	1.98128413603642	-0.13664701068218196	-0.5532579656386902	0.7407324575480426	-0.6719808056687003	3.257306284778112	12.047065884202517	-15.804991478883505	-5650.0405044082
3998	-5676.179160600159	-5650.0405044082	-26.138656191958994	0.33295850183910863	1.98128413603642	-0.13664701068218196	-0.5532579656386902	1.0878552383340188	-0.6719808056687003	3.257306284778112	12.047065884202517	-16.12833071380516	-5650.0405044082
4000	-5676.379331618325	-5650.072123547333	-26.307208070991486	0.33295850183910863	1.98128413603642	-0.13664701068218196	-0.5532579656386902	1.0878552383340188	-0.6719808056687003	4.314765050932556	13.890444866619484	-16.29688259283765	-5650.072123547333
4002	-5676.379331618325	-5650.072123547333	-26.307208070991486	0.33295850183910863	1.98128413603642	-0.13664701068218196	-0.5532579656386902	1.0878552383340188	-0.6719808056687003	4.314765050932556	13.890444866619484	-16.29688259283765	-5650.072123547333
4004	-5676.34504005517	-5650.080912391988	-26.26412766318174	0.33295850183910863	1.98128413603642	-0.13664701068218196	-0.5532579656386902	1.0878552383340188	-0.6719808056687003	4.314765050932556	13.846207206165415	-16.253802185027904	-5650.080912391988
4006	-5676.34504005517	-5650.080912391988	-26.26412766318174	0.33295850183910863	1.98128413603642	-0.13664701068218196	-0.5532579656386902	1.0878552383340188	-0.6719808056687003	4.314765050932556	13.846207206165415	-16.253802185027904	-5650.080912391988
4008	-5676.34504005517	-5650.080912391988	-26.26412766318174	0.33295850183910863	1.98128413603642	-0.13664701068218196	-0.5532579656386902	1.0878552383340188	-0.6719808056687003	4.314765050932556	13.846207206165415	-16.253802185027904	-5650.080912391988
4010	-5676.34504005517	-5650.080912391988	-26.26412766318174	0.33295850183910863	1.98128413603642	-0.13664701068218196	-0.5532579656386902	1.0878552383340188	-0.6719808056687003	4.314765050932556	13.846207206165415	-16.253802185027904	-5650.080912391988
4012	-5676.34504005517	-5650.080912391988	-26.26412766318174	0.33295850183910863	1.98128413603642	-0.13664701068218196	-0.5532579656386902	1.0878552383340188	-0.6719808056687003	4.314765050932556	13.846207206165415	-16.253802185027904	-5650.080912391988
4014	-5676.34504005517	-5650.080912391988	-26.26412766318174	0.33295850183910863	1.98128413603642	-0.13664701068218196	-0.5532579656386902	1.0878552383340188	-0.6719808056687003	4.314765050932556	13.846207206165415	-16.253802185027904	-5650.080912391988
4016	-5676.34504005517	-5650.080912391988	-26.26412766318174	0.33295850183910863	1.98128413603642	-0.13664701068218196	-0.5532579656386902	1.0878552383340188	-0.6719808056687003	4.314765050932556	13.846207206165415	-16.253802185027904	-5650.080912391988
4018	-5676.34504005517	-5650.080912391988	-26.26412766318174	0.33295850183910863	1.98128413603642	-0.13664701068218196	-0.5532579656386902	1.0878552383340188	-0.6719808056687003	4.314765050932556	13.846207206165415	-16.253802185027904	-5650.080912391988
4020	-5676.34504005517	-5650.080912391988	-26.26412766318174	0.33295850183910863	1.98128413603642	-0.13664701068218196	-0.5532579656386902	1.0878552383340188	-0.6719808056687003	4.314765050932556	13.846207206165415	-16.253802185027904	-5650.080912391988
4022	-5676.492637607701	-5650.081157118474	-26.41148048922703	0.33295850183910863	1.98128413603642	-0.13664701068218196	-0.5532579656386902	1.0878552383340188	-0.6719808056687003	4.766391856292367	14.749460816885039	-16.401155011073197	-5650.081157118474
4024	-5676.634610395049	-5650.081157118474	-26.553453276574963	0.204232388818941	1.98128413603642	-0.13664701068218196	-0.5532579656386902	1.0878552383340188	-0.6719808056687003	4.766391856292367	14.749460816885039	-16.37493734879578	-5650.081157118474
4026	-5676.933093752323	-5650.056370293959	-26.87672345836353	0.204232388818941	1.98128413603642	-0.13664701068218196	-0.5532579656386902	1.0878552383340188	-0.6719808056687003	4.766391856292367	15.239502830786533	-16.698207530584344	-5650.056370293959
4028	-5676.259888371947	-5649.358767491128	-26.901120880819956	0.204232388818941	1.98128413603642	-0.13664701068218196	-0.5532579656386902	1.0878552383340188	-0.6719808056687003	4.766391856292367	15.263759057427148	-16.722604953040772	-5649.358767491128
4030	-5675.594322060018	-5649.345118559787	-26.24920350023159	0.204232388818941	1.98128413603642	-0.21840048112044574	-0.5532579656386902	1.0878552383340188	-0.6719808056687003	2.9446538481040996	11.620283041050612	-16.086891966565716	-5649.345118559787
4032	-5675.594322060018	-5649.345118559787	-26.24920350023159	0.204232388818941	1.98128413603642	-0.21840048112044574	-0.5532579656386902	1.0878552383340188	-0.6719808056687003	2.9446538481040996	11.620283041050612	-16.086891966565716	-5649.345118559787
4034	-5675.5621474544305	-5649.345118559787	-26.21702889464337	0.204232388818941	1.98128413603642	-0.3393838284035148	-0.5532579656386902	1.0878552383340188	-0.6719808056687003	2.9446538481040996	11.620283041050612	-16.054169748743302	-5649.345118559787
4036	-5675.5621474544305	-5649.345118559787	-26.21702889464337	0.204232388818941	1.98128413603642	-0.3393838284035148	-0.5532579656386902	1.0878552383340188	-0.6719808056687003	2.9446538481040996	11.620283041050612	-16.054169748743302	-5649.345118559787
4038	-5675.835197075409	-5649.345118559787	-26.49007851562268	0.204232388818941	1.98128413603642	-0.3393838284035148	-1.1086961112488578	1.0878552383340188	-0.6719808056687003	2.9446538481040996	11.620283041050612	-16.054169748743302	-5649.345118559787
4040	-5675.543040148636	-5649.345118559787	-26.197921588849013	0.204232388818941	1.98128413603642	-0.3393838284035148	-0.42614519647350413	1.0878552383340188	-0.6719808056687003	2.9446538481040996	11.620283041050612	-16.054169748743302	-5649.345118559787
4042	-5674.861377428489	-5649.345118559787	-25.516258868701648	0.204232388818941	1.2036737491190954	-0.3393838284035148	-0.42614519647350413	1.0878552383340188	-0.6719808056687003	2.9446538481040996	11.620283041050612	-16.087445056006253	-5649.345118559787
4044	-5674.861377428489	-5649.345118559787	-25.516258868701648	0.204232388818941	1.2036737491190954	-0.3393838284035148	-0.42614519647350413	1.0878552383340188	-0.6719808056687003	2.9446538481040996	11.620283041050612	-16.087445056006253	-5649.345118559787
4046	-5675.631343577418	-5650.4544406695795	-25.176902907839057	0.204232388818941	1.2036737491190954	-0.3393838284035148	-0.42614519647350413	1.0878552383340188	-0.6719808056687003	2.786490561284586	10.996134243143878	-15.748089095143662	-5650.4544406695795
4048	-5675.284394532979	-5649.130722915176	-26.153671617802914	0.204232388818941	1.2036737491190954	-0.3393838284035148	-0.42614519647350413	1.0878552383340188	-1.0608056832133361	2.786490561284586	11.193882990493055	-15.964997378100728	-5649.130722915176
4050	-5675.27108801837	-5649.130722915176	-26.140365103193847	0.204232388818941	1.2036737491190954	-0.5537934674380997	-0.42614519647350413	1.0878552383340188	-1.0608056832133361	2.786490561284586	11.193882990493055	-15.85155467964858	-5649.130722915176
4052	-5675.27108801837	-5649.130722915176	-26.140365103193847	0.204232388818941	1.2036737491190954	-0.5537934674380997	-0.42614519647350413	1.0878552383340188	-1.0608056832133361	2.786490561284586	11.193882990493055	-15.85155467964858	-5649.130722915176
4054	-5675.27108801837	-5649.130722915176	-26.140365103193847	0.204232388818941	1.2036737491190954	-0.5537934674380997	-0.42614519647350413	1.0878552383340188	-1.0608056832133361	2.786490561284586	11.193882990493055	-15.85155467964858	-5649.130722915176
4056	-5674.260944343753	-5649.271731126974	-24.989213216778808	0.204232388818941	1.2036737491190954	-0.5537934674380997	-0.42614519647350413	1.0878552383340188	-0.44066344783895217	2.786490561284586	11.185773966593038	-15.840589984135931	-5649.271731126974
4058	-5674.260944343753	-5649.271731126974	-24.989213216778808	0.204232388818941	1.2036737491190954	-0.5537934674380997	-0.42614519647350413	1.0878552383340188	-0.44066344783895217	2.786490561284586	11.185773966593038	-15.840589984135931	-5649.271731126974
4060	-5674.246518504362	-5649.272308104892	-24.97421039946994	0.204232388818941	1.2036737491190954	-0.5537934674380997	-0.42614519647350413	1.0878552383340188	-0.44066344783895217	2.786490561284586	11.16291379371138	-15.825587166827061	-5649.272308104892
4062	-5674.246518504362	-5649.272308104892	-24.97421039946994	0.204232388818941	1.2036737491190954	-0.5537934674380997	-0.42614519647350413	1.0878552383340188	-0.44066344783895217	2.786490561284586	11.16291379371138	-15.825587166827061	-5649.272308104892
4064	-5674.4451632251175	-5649.270282452759	-25.174880772358566	0.204232388818941	1.2036737491190954	-0.5537934674380997	-0.42614519647350413	1.0878552383340188	-0.44066344783895217	2.786490561284586	11.46855877143851	-16.02625753971569	-5649.270282452759
4066	-5674.4451632251175	-5649.270282452759	-25.174880772358566	0.204232388818941	1.2036737491190954	-0.5537934674380997	-0.42614519647350413	1.0878552383340188	-0.44066344783895217	2.786490561284586	11.46855877143851	-16.02625753971569	-5649.270282452759
4068	-5674.4451632251175	-5649.270282452759	-25.174880772358566	0.204232388818941	1.2036737491190954	-0.5537934674380997	-0.42614519647350413	1.0878552383340188	-0.44066344783895217	2.786490561284586	11.46855877143851	-16.02625753971569	-5649.270282452759
4070	-5674.43875884034	-5649.270247913612	-25.168510926727034	0.204232388818941	1.2036737491190954	-0.5537934674380997	-0.42614519647350413	1.0878552383340188	-0.44066344783895217	2.786490561284586	11.458828089554407	-16.019887694084158	-5649.270247913612
4072	-5675.691561416958	-5649.270247913612	-26.421313503346084	0.204232388818941	1.2036737491190954	-1.3999659611385749	-0.42614519647350413	1.0878552383340188	-0.44066344783895217	2.786490561284586	11.458828089554407	-15.980065126512132	-5649.270247913612
4074	-5675.691561416958	-5649.270247913612	-26.421313503346084	0.204232388818941	1.2036737491190954	-1.3999659611385749	-0.42614519647350413	1.0878552383340188	-0.44066344783895217	2.786490561284586	11.458828089554407	-15.980065126512132	-5649.270247913612
4076	-5675.691561416958	-5649.270247913612	-26.421313503346084	0.204232388818941	1.2036737491190954	-1.3999659611385749	-0.42614519647350413	1.0878552383340188	-0.44066344783895217	2.786490561284586	11.458828089554407	-15.980065126512132	-5649.270247913612
4078	-5675.691561416958	-5649.270247913612	-26.421313503346084	0.204232388818941	1.2036737491190954	-1.3999659611385749	-0.42614519647350413	1.0878552383340188	-0.44066344783895217	2.786490561284586	11.458828089554407	-15.980065126512132	-5649.270247913612
4080	-5674.705006535	-5649.270247913612	-25.434758621388177	0.204232388818941	1.2036737491190954	-0.808555184562584	-0.22453277770402466	1.0878552383340188	-0.44066344783895217	2.786490561284586	11.458828089554407	-15.950204202476035	-5649.270247913612
4082	-5674.705006535	-5649.270247913612	-25.434758621388177	0.204232388818941	1.2036737491190954	-0.808555184562584	-0.22453277770402466	1.0878552383340188	-0.44066344783895217	2.786490561284586	11.458828089554407	-15.950204202476035	-5649.270247913612
4084	-5676.942909161662	-5650.903056690335	-26.039852471327514	0.204232388818941	1.2036737491190954	-0.808555184562584	-0.22453277770402466	1.0878552383340188	-0.44066344783895217	3.0160195184246072	12.402715321036615	-16.55529805241537	-5650.903056690335
4086	-5676.942909161662	-5650.903056690335	-26.039852471327514	0.204232388818941	1.2036737491190954	-0.808555184562584	-0.22453277770402466	1.0878552383340188	-0.44066344783895217	3.0160195184246072	12.402715321036615	-16.55529805241537	-5650.903056690335
4088	-5676.942909161662	-5650.903056690335	-26.039852471327514	0.204232388818941	1.2036737491190954	-0.808555184562584	-0.22453277770402466	1.0878552383340188	-0.44066344783895217	3.0160195184246072	12.402715321036615	-16.55529805241537	-5650.903056690335
4090	-5676.8906868882395	-5650.851313753432	-26.03937313480804	0.204232388818941	1.2036737491190954	-0.808555184562584	-0.22453277770402466	1.0878552383340188	-0.44066344783895217	3.0160195184246072	12.401207000884567	-16.554818715895898	-5650.851313753432
4092	-5675.768246261721	-5649.791141601353	-25.97710466036784	0.204232388818941	1.2036737491190954	-0.808555184562584	-0.22453277770402466	1.0878552383340188	-0.44066344783895217	3.0160195184246072	12.35358601506023	-16.492550241455696	-5649.791141601353
4094	-5676.161241401293	-5650.134267969449	-26.026973431844073	0.204232388818941	1.2036737491190954	-0.808555184562584	-0.22453277770402466	1.0878552383340188	-0.44066344783895217	3.0160195184246072	12.385838464639193	-16.54241901293193	-5650.134267969449
4096	-5676.149570242054	-5650.122565615627	-26.027004626427864	0.204232388818941	1.2036737491190954	-0.808555184562584	-0.22453277770402466	1.0878552383340188	-0.44066344783895217	3.0160195184246072	12.385838464639193	-16.54245020751572	-5650.122565615627
4098	-5676.149570242054	-5650.122565615627	-26.027004626427864	0.204232388818941	1.2036737491190954	-0.808555184562584	-0.22453277770402466	1.0878552383340188	-0.44066344783895217	3.0160195184246072	12.385838464639193	-16.54245020751572	-5650.122565615627
4100	-5676.1561273389425	-5650.129061394605	-26.0270659443378	0.204232388818941	1.2036737491190954	-0.808555184562584	-0.22453277770402466	1.0878552383340188	-0.44066344783895217	3.0160195184246072	12.385838464639194	-16.542511525425656	-5650.129061394605
4102	-5676.1561273389425	-5650.129061394605	-26.0270659443378	0.204232388818941	1.2036737491190954	-0.808555184562584	-0.22453277770402466	1.0878552383340188	-0.44066344783895217	3.0160195184246072	12.385838464639194	-16.542511525425656	-5650.129061394605
4104	-5676.11313040907	-5650.13735312186	-25.975777287210942	0.5644839586292475	1.2036737491190954	-0.808555184562584	-0.22453277770402466	1.0878552383340188	-0.44066344783895217	3.0160195184246072	12.385838464639193	-16.57272801956807	-5650.13735312186
4106	-5676.11313040907	-5650.13735312186	-25.975777287210942	0.5644839586292475	1.2036737491190954	-0.808555184562584	-0.22453277770402466	1.0878552383340188	-0.44066344783895217	3.0160195184246072	12.385838464639193	-16.57272801956807	-5650.13735312186
4108	-5676.884923850002	-5650.143321963272	-26.7416018867305	0.5644839586292475	1.9353111490621322	-0.808555184562584	-0.22453277770402466	1.0878552383340188	-0.44066344783895217	3.0160195184246072	12.369490236912572	-16.662868415447004	-5650.143321963272
4110	-5676.884923850002	-5650.143321963272	-26.7416018867305	0.5644839586292475	1.9353111490621322	-0.808555184562584	-0.22453277770402466	1.0878552383340188	-0.44066344783895217	3.0160195184246072	12.369490236912572	-16.662868415447004	-5650.143321963272
4112	-5676.884923850002	-5650.143321963272	-26.7416018867305	0.5644839586292475	1.9353111490621322	-0.808555184562584	-0.22453277770402466	1.0878552383340188	-0.44066344783895217	3.0160195184246072	12.369490236912572	-16.662868415447004	-5650.143321963272
4114	-5677.992494367371	-5650.143321963272	-27.849172404099725	0.5644839586292475	1.9353111490621322	-0.808555184562584	-0.22453277770402466	1.0878552383340188	-1.0455716783234033	3.0160195184246072	12.369490236912572	-16.662868415447004	-5650.143321963272
4116	-5677.992494367371	-5650.143321963272	-27.849172404099725	0.5644839586292475	1.9353111490621322	-0.808555184562584	-0.22453277770402466	1.0878552383340188	-1.0455716783234033	3.0160195184246072	12.369490236912572	-16.662868415447004	-5650.143321963272
4118	-5677.992494367371	-5650.143321963272	-27.849172404099725	0.5644839586292475	1.9353111490621322	-0.808555184562584	-0.22453277770402466	1.0878552383340188	-1.0455716783234033	3.0160195184246072	12.369490236912572	-16.662868415447004	-5650.143321963272
4120	-5677.306113495723	-5650.143321963272	-27.162791532451457	1.0959559509374088	1.9353111490621322	-0.808555184562584	-0.22453277770402466	1.0878552383340188	-0.37002234840323184	3.0160195184246072	12.369490236912572	-16.685373543366453	-5650.143321963272
4122	-5677.306113495723	-5650.143321963272	-27.162791532451457	1.0959559509374088	1.9353111490621322	-0.808555184562584	-0.22453277770402466	1.0878552383340188	-0.37002234840323184	3.0160195184246072	12.369490236912572	-16.685373543366453	-5650.143321963272
4124	-5677.274385710195	-5650.087317834218	-27.187067875976748	1.0959559509374088	1.9353111490621322	-0.808555184562584	-0.22453277770402466	1.0878552383340188	-0.37002234840323184	3.0160195184246072	12.382089504284018	-16.709649886891743	-5650.087317834218
4126	-5677.140744886479	-5650.087317834218	-27.053427052261295	1.0959559509374088	1.9353111490621322	-0.808555184562584	-0.5368926654658933	1.0878552383340188	-0.37002234840323184	3.0160195184246072	12.382089504284018	-16.709649886891743	-5650.087317834218
4128	-5677.106602180705	-5650.055584009366	-27.051018171339173	1.0959559509374088	1.9353111490621322	-0.808555184562584	-0.5368926654658933	1.0878552383340188	-0.37002234840323184	3.0160195184246072	12.380297880497363	-16.70724100596962	-5650.055584009366
4130	-5677.0981040028255	-5650.047329552318	-27.050774450507948	1.0959559509374088	1.9353111490621322	-0.808555184562584	-0.5368926654658933	1.0878552383340188	-0.37002234840323184	3.0160195184246072	12.380297880497364	-16.706997285138396	-5650.047329552318
4132	-5677.4283809669305	-5650.424178163795	-27.004202803135566	1.0959559509374088	1.9353111490621322	-0.808555184562584	-0.5368926654658933	1.0878552383340188	-0.37002234840323184	3.0160195184246072	12.357543422499182	-16.660425637766014	-5650.424178163795
4134	-5677.436790078635	-5650.432343552779	-27.004446525856093	1.0959559509374088	1.9353111490621322	-0.808555184562584	-0.5368926654658933	1.0878552383340188	-0.37002234840323184	3.0160195184246072	12.357543422499184	-16.66066936048654	-5650.432343552779
4136	-5678.015279771096	-5650.432343552779	-27.582936218317677	1.0959559509374088	1.9353111490621322	-0.808555184562584	-0.5368926654658933	1.0878552383340188	-0.7238805158072975	3.0160195184246072	12.357543422499184	-16.66066936048654	-5650.432343552779
4138	-5676.906418728883	-5650.432343552779	-26.47407517610465	1.0959559509374088	0.6585788096378868	-0.808555184562584	-0.5368926654658933	1.0878552383340188	-0.7238805158072975	3.0160195184246072	12.357543422499184	-16.76049994066577	-5650.432343552779
4140	-5676.04623334234	-5650.240056602848	-25.806176739492265	1.0959559509374088	0.6585788096378868	-0.808555184562584	-0.5368926654658933	1.0878552383340188	-0.7238805158072975	2.7253908952881067	11.166750124149964	-16.092601504053384	-5650.240056602848
4142	-5676.04623334234	-5650.240056602848	-25.806176739492265	1.0959559509374088	0.6585788096378868	-0.808555184562584	-0.5368926654658933	1.0878552383340188	-0.7238805158072975	2.7253908952881067	11.166750124149964	-16.092601504053384	-5650.240056602848
4144	-5676.3491577600935	-5650.224805591556	-26.124352168537566	1.0959559509374088	0.6585788096378868	-0.808555184562584	-1.6514919403110213	1.0878552383340188	-0.7238805158072975	2.7253908952881067	11.166750124149964	-16.092406008143815	-5650.224805591556
4146	-5676.3491577600935	-5650.224805591556	-26.124352168537566	1.0959559509374088	0.6585788096378868	-0.808555184562584	-1.6514919403110213	1.0878552383340188	-0.7238805158072975	2.7253908952881067	11.166750124149964	-16.092406008143815	-5650.224805591556
4148	-5676.189829374643	-5650.098060074298	-26.091769300344588	1.0959559509374088	0.6585788096378868	-0.808555184562584	-1.6514919403110213	1.0878552383340188	-0.7238805158072975	2.7253908952881067	11.137525847318653	-16.059823139950836	-5650.098060074298
4150	-5676.189829374643	-5650.098060074298	-26.091769300344588	1.0959559509374088	0.6585788096378868	-0.808555184562584	-1.6514919403110213	1.0878552383340188	-0.7238805158072975	2.7253908952881067	11.137525847318653	-16.059823139950836	-5650.098060074298
4152	-5676.189829374643	-5650.098060074298	-26.091769300344588	1.0959559509374088	0.6585788096378868	-0.808555184562584	-1.6514919403110213	1.0878552383340188	-0.7238805158072975	2.7253908952881067	11.137525847318653	-16.059823139950836	-5650.098060074298
4154	-5675.606575204418	-5649.875210855862	-25.73136434855598	1.0959559509374088	0.6585788096378868	-0.808555184562584	-1.6514919403110213	1.0878552383340188	-0.7238805158072975	2.6024653328953473	10.36476227401351	-15.69941818816223	-5649.875210855862
4156	-5675.775806670768	-5650.043360438642	-25.73244623212712	1.0959559509374088	0.6585788096378868	-0.808555184562584	-1.6514919403110213	1.0878552383340188	-0.7238805158072975	2.6024653328953473	10.36476227401351	-15.70050007173337	-5650.043360438642
4158	-5676.03547374794	-5650.259240294813	-25.77623345312736	1.0959559509374088	0.6585788096378868	-0.808555184562584	-1.6514919403110213	1.0878552383340188	-0.7238805158072975	2.6024653328953473	10.403944403196931	-15.744287292733608	-5650.259240294813
4160	-5676.03547374794	-5650.259240294813	-25.77623345312736	1.0959559509374088	0.6585788096378868	-0.808555184562584	-1.6514919403110213	1.0878552383340188	-0.7238805158072975	2.6024653328953473	10.403944403196931	-15.744287292733608	-5650.259240294813
4162	-5675.64607610232	-5649.6178529185945	-26.028223183725615	1.0959559509374088	0.6585788096378868	-0.808555184562584	-1.6514919403110213	1.0878552383340188	-0.7238805158072975	2.7133305977990583	10.847153401113019	-15.996277023331864	-5649.6178529185945
4164	-5675.64607610232	-5649.6178529185945	-26.028223183725615	1.0959559509374088	0.6585788096378868	-0.808555184562584	-1.6514919403110213	1.0878552383340188	-0.7238805158072975	2.7133305977990583	10.847153401113019	-15.996277023331864	-5649.6178529185945
4166	-5675.6390708675635	-5649.612771308067	-26.02629955949653	1.0959559509374088	0.6585788096378868	-0.808555184562584	-1.6514919403110213	1.0878552383340188	-0.7238805158072975	2.7133305977990583	10.849495070152944	-15.99435339910278	-5649.612771308067
4168	-5675.65894697978	-5649.634775858827	-26.02417112095283	1.0959559509374088	0.6585788096378868	-0.808555184562584	-1.6514919403110213	1.0878552383340188	-0.7238805158072975	2.7133305977990583	10.852102349565893	-15.992224960559076	-5649.634775858827
4170	-5675.880001911711	-5649.833327534905	-26.046674376806056	1.0959559509374088	0.6585788096378868	-0.808555184562584	-1.6514919403110213	1.0878552383340188	-0.7238805158072975	2.7133305977990583	10.871306703541265	-16.014728216412305	-5649.833327534905
4172	-5675.420700986195	-5649.414284567032	-26.00641641916237	1.0959559509374088	0.6585788096378868	-0.808555184562584	-1.6514919403110213	1.0878552383340188	-0.7238805158072975	2.7133305977990583	10.835764632488477	-15.97447025876862	-5649.414284567032
4174	-5675.420700986195	-5649.414284567032	-26.00641641916237	1.0959559509374088	0.6585788096378868	-0.808555184562584	-1.6514919403110213	1.0878552383340188	-0.7238805158072975	2.7133305977990583	10.835764632488477	-15.97447025876862	-5649.414284567032
4176	-5674.427753074859	-5649.414284567032	-25.013468507826595	0.47850666826652877	0.6585788096378868	-0.808555184562584	-1.030173114023109	1.0878552383340188	-0.7238805158072975	2.7133305977990583	10.835764632488477	-15.87349891765516	-5649.414284567032
4178	-5674.286633047415	-5649.273985096678	-25.01264795073672	0.47850666826652877	0.6585788096378868	-0.808555184562584	-1.030173114023109	1.0878552383340188	-0.7238805158072975	2.7133305977990583	10.835764632488477	-15.872678360565287	-5649.273985096678
4180	-5674.286633047415	-5649.273985096678	-25.01264795073672	0.47850666826652877	0.6585788096378868	-0.808555184562584	-1.030173114023109	1.0878552383340188	-0.7238805158072975	2.7133305977990583	10.835764632488477	-15.872678360565287	-5649.273985096678
4182	-5673.770660226905	-5648.788592417176	-24.982067809729816	0.47850666826652877	0.6585788096378868	-0.808555184562584	-1.030173114023109	1.0878552383340188	-0.7238805158072975	2.7133305977990583	10.83443748327517	-15.84209821955838	-5648.788592417176
4184	-5674.171585132001	-5649.189606399329	-24.98197873267199	0.47850666826652877	0.6585788096378868	-0.808555184562584	-1.030173114023109	1.0878552383340188	-0.7238805158072975	2.7133305977990583	10.83443748327517	-15.842009142500553	-5649.189606399329
4186	-5674.171585132001	-5649.189606399329	-24.98197873267199	0.47850666826652877	0.6585788096378868	-0.808555184562584	-1.030173114023109	1.0878552383340188	-0.7238805158072975	2.7133305977990583	10.83443748327517	-15.842009142500553	-5649.189606399329
4188	-5674.171585132001	-5649.189606399329	-24.98197873267199	0.47850666826652877	0.6585788096378868	-0.808555184562584	-1.030173114023109	1.0878552383340188	-0.7238805158072975	2.7133305977990583	10.83443748327517	-15.842009142500553	-5649.189606399329
4190	-5673.278852014573	-5648.268420822381	-25.010431192192147	0.47850666826652877	0.6585788096378868	-0.808555184562584	-1.030173114023109	1.0878552383340188	-0.7238805158072975	2.7133305977990583	10.849413145540403	-15.870461602020711	-5648.268420822381
4192	-5673.278852014573	-5648.268420822381	-25.010431192192147	0.47850666826652877	0.6585788096378868	-0.808555184562584	-1.030173114023109	1.0878552383340188	-0.7238805158072975	2.7133305977990583	10.849413145540403	-15.870461602020711	-5648.268420822381
4194	-5673.628736182552	-5648.057075614236	-25.571660568315664	1.0455404559625943	0.6585788096378868	-0.808555184562584	-1.030173114023109	1.0878552383340188	-0.7238805158072975	2.7133305977990583	10.81209838255911	-15.92072752182026	-5648.057075614236
4196	-5673.628736182552	-5648.057075614236	-25.571660568315664	1.0455404559625943	0.6585788096378868	-0.808555184562584	-1.030173114023109	1.0878552383340188	-0.7238805158072975	2.7133305977990583	10.81209838255911	-15.92072752182026	-5648.057075614236
4198	-5673.7215732679815	-5648.15419560212	-25.567377665861702	1.0455404559625943	0.6585788096378868	-0.808555184562584	-1.030173114023109	1.0878552383340188	-0.7238805158072975	2.7133305977990583	10.80984061311668	-15.916444619366295	-5648.15419560212
4200	-5673.462130766408	-5647.893665234823	-25.568465531585275	1.0455404559625943	0.6585788096378868	-0.808555184562584	-1.030173114023109	1.0878552383340188	-0.7238805158072975	2.7133305977990583	10.809840613116677	-15.91753248508987	-5647.893665234823
4202	-5673.8393661054115	-5648.218250991155	-25.621115114256227	1.0455404559625943	0.6585788096378868	-0.808555184562584	-1.030173114023109	1.0878552383340188	-0.7238805158072975	2.7133305977990583	10.854132773676632	-15.97018206776082	-5648.218250991155
4204	-5673.8393661054115	-5648.218250991155	-25.621115114256227	1.0455404559625943	0.6585788096378868	-0.808555184562584	-1.030173114023109	1.0878552383340188	-0.7238805158072975	2.7133305977990583	10.854132773676632	-15.97018206776082	-5648.218250991155
4206	-5672.61709276773	-5648.218250991155	-24.39884177657476	1.0455404559625943	0.6585788096378868	-0.808555184562584	-1.030173114023109	0.6635172982673513	-0.7238805158072975	2.7133305977990583	10.854132773676632	-15.798252511482177	-5648.218250991155
4208	-5672.326970740033	-5647.888091089788	-24.43887965024553	1.0455404559625943	0.6585788096378868	-0.808555184562584	-1.030173114023109	0.6635172982673513	-0.7238805158072975	2.7133305977990583	10.869044744457291	-15.838290385152947	-5647.888091089788
4210	-5672.326970740033	-5647.888091089788	-24.43887965024553	1.0455404559625943	0.6585788096378868	-0.808555184562584	-1.030173114023109	0.6635172982673513	-0.7238805158072975	2.7133305977990583	10.869044744457291	-15.838290385152947	-5647.888091089788
4212	-5672.129281763142	-5647.744749973678	-24.384531789464013	1.0455404559625943	0.6585788096378868	-0.808555184562584	-1.030173114023109	0.6635172982673513	-0.7238805158072975	2.7133305977990583	10.833493324076557	-15.783942524371431	-5647.744749973678
4214	-5672.150419330122	-5647.759198739252	-24.391220590869693	1.0455404559625943	1.5087985084717475	-0.808555184562584	-1.030173114023109	0.6635172982673513	-0.7238805158072975	2.7133305977990583	10.343433878549662	-14.964281707383824	-5647.759198739252
4216	-5673.6151043786285	-5647.759198739252	-25.855905639377184	2.302643667847618	1.5087985084717475	-0.3511391756703361	-1.030173114023109	0.6635172982673513	-0.7238805158072975	2.7133305977990583	10.343433878549662	-15.351853257214096	-5647.759198739252
4218	-5673.47489987858	-5647.759198739252	-25.715701139328118	2.302643667847618	1.5087985084717475	-0.9220428749945816	-1.030173114023109	0.6635172982673513	-0.7238805158072975	2.7133305977990583	10.343433878549662	-15.07291405626737	-5647.759198739252
4220	-5673.47489987858	-5647.759198739252	-25.715701139328118	2.302643667847618	1.5087985084717475	-0.9220428749945816	-1.030173114023109	0.6635172982673513	-0.7238805158072975	2.7133305977990583	10.343433878549662	-15.07291405626737	-5647.759198739252
4222	-5673.370721802717	-5648.093866538886	-25.27685526383115	2.302643667847618	1.5087985084717475	-0.9220428749945816	-1.030173114023109	0.6635172982673513	-0.7238805158072975	2.586012650351461	9.858087650542984	-14.634068180770399	-5648.093866538886
4224	-5673.370721802717	-5648.093866538886	-25.27685526383115	2.302643667847618	1.5087985084717475	-0.9220428749945816	-1.030173114023109	0.6635172982673513	-0.7238805158072975	2.586012650351461	9.858087650542984	-14.634068180770399	-5648.093866538886
4226	-5673.370721802717	-5648.093866538886	-25.27685526383115	2.302643667847618	1.5087985084717475	-0.9220428749945816	-1.030173114023109	0.6635172982673513	-0.7238805158072975	2.586012650351461	9.858087650542984	-14.634068180770399	-5648.093866538886
4228	-5673.217414186503	-5647.892283113636	-25.32513107286782	2.302643667847618	1.5087985084717475	-0.9220428749945816	-1.030173114023109	0.6635172982673513	-0.7238805158072975	2.586012650351461	9.875149062404295	-14.682343989807068	-5647.892283113636
4230	-5673.217414186503	-5647.892283113636	-25.32513107286782	2.302643667847618	1.5087985084717475	-0.9220428749945816	-1.030173114023109	0.6635172982673513	-0.7238805158072975	2.586012650351461	9.875149062404295	-14.682343989807068	-5647.892283113636
4232	-5672.91822943345	-5647.892283113636	-25.02594631981369	2.302643667847618	1.5087985084717475	-0.9220428749945816	-1.030173114023109	0.6635172982673513	-0.4882219032843104	2.586012650351461	9.875149062404295	-14.682343989807068	-5647.892283113636
4234	-5672.798625952903	-5647.735664763465	-25.062961189438003	2.302643667847618	1.5087985084717475	-0.9220428749945816	-1.030173114023109	0.6635172982673513	-0.4882219032843104	2.586012650351461	9.912092727611169	-14.719358859431377	-5647.735664763465
4236	-5672.801442269152	-5647.714848162735	-25.08659410641777	2.302643667847618	1.5087985084717475	-0.9220428749945816	-1.030173114023109	0.6635172982673513	-0.4882219032843104	2.586012650351461	9.93773118527456	-14.742991776411145	-5647.714848162735
4238	-5673.240905474246	-5647.731640991349	-25.50926448289677	2.302643667847618	1.5087985084717475	-1.3876803676382854	-1.030173114023109	0.6635172982673513	-0.4882219032843104	2.169982519964697	9.105670924501032	-14.56985563929237	-5647.731640991349
4240	-5673.240905474246	-5647.731640991349	-25.50926448289677	2.302643667847618	1.5087985084717475	-1.3876803676382854	-1.030173114023109	0.6635172982673513	-0.4882219032843104	2.169982519964697	9.105670924501032	-14.56985563929237	-5647.731640991349
4242	-5673.334692199513	-5647.809313293544	-25.52537890596883	2.302643667847618	1.5087985084717475	-1.3876803676382854	-1.030173114023109	0.6635172982673513	-0.4882219032843104	2.169982519964697	9.111361483197712	-14.585970062364428	-5647.809313293544
4244	-5673.979365899666	-5647.923071672688	-26.056294226978437	2.302643667847618	1.5087985084717475	-1.3876803676382854	-1.030173114023109	0.6635172982673513	-0.4882219032843104	2.169982519964697	9.47290140312129	-15.116885383374038	-5647.923071672688
4246	-5673.979365899666	-5647.923071672688	-26.056294226978437	2.302643667847618	1.5087985084717475	-1.3876803676382854	-1.030173114023109	0.6635172982673513	-0.4882219032843104	2.169982519964697	9.47290140312129	-15.116885383374038	-5647.923071672688
4248	-5673.979365899666	-5647.923071672688	-26.056294226978437	2.302643667847618	1.5087985084717475	-1.3876803676382854	-1.030173114023109	0.6635172982673513	-0.4882219032843104	2.169982519964697	9.47290140312129	-15.116885383374038	-5647.923071672688
4250	-5674.934626018348	-5648.761674300024	-26.172951718323638	2.302643667847618	1.5087985084717475	-1.3876803676382854	-1.030173114023109	0.6635172982673513	-0.4882219032843104	2.169982519964697	9.521390492667386	-15.233542874719237	-5648.761674300024
4252	-5674.934626018348	-5648.761674300024	-26.172951718323638	2.302643667847618	1.5087985084717475	-1.3876803676382854	-1.030173114023109	0.6635172982673513	-0.4882219032843104	2.169982519964697	9.521390492667386	-15.233542874719237	-5648.761674300024
4254	-5674.990090779618	-5649.013534700731	-25.976556078887604	2.302643667847618	1.5087985084717475	-1.3876803676382854	-1.030173114023109	0.6635172982673513	-0.4882219032843104	2.169982519964697	9.363231287674564	-15.037147235283202	-5649.013534700731
4256	-5674.990090779618	-5649.013534700731	-25.976556078887604	2.302643667847618	1.5087985084717475	-1.3876803676382854	-1.030173114023109	0.6635172982673513	-0.4882219032843104	2.169982519964697	9.363231287674564	-15.037147235283202	-5649.013534700731
4258	-5674.990090779618	-5649.013534700731	-25.976556078887604	2.302643667847618	1.5087985084717475	-1.3876803676382854	-1.030173114023109	0.6635172982673513	-0.4882219032843104	2.169982519964697	9.363231287674564	-15.037147235283202	-5649.013534700731
4260	-5676.255571807139	-5649.013534700731	-27.242037106408045	4.07804728945129	1.5087985084717475	-1.3876803676382854	-1.030173114023109	0.6635172982673513	-0.4882219032843104	2.169982519964697	9.363231287674564	-15.091012796671043	-5649.013534700731
4262	-5676.255571807139	-5649.013534700731	-27.242037106408045	4.07804728945129	1.5087985084717475	-1.3876803676382854	-1.030173114023109	0.6635172982673513	-0.4882219032843104	2.169982519964697	9.363231287674564	-15.091012796671043	-5649.013534700731
4264	-5676.255571807139	-5649.013534700731	-27.242037106408045	4.07804728945129	1.5087985084717475	-1.3876803676382854	-1.030173114023109	0.6635172982673513	-0.4882219032843104	2.169982519964697	9.363231287674564	-15.091012796671043	-5649.013534700731
4266	-5676.719932434866	-5649.541736224157	-27.178196210709203	4.07804728945129	1.5087985084717475	-1.3876803676382854	-1.030173114023109	0.6635172982673513	-0.4882219032843104	2.169982519964697	9.329748080635861	-15.027171900972203	-5649.541736224157
4268	-5676.719932434866	-5649.541736224157	-27.178196210709203	4.07804728945129	1.5087985084717475	-1.3876803676382854	-1.030173114023109	0.6635172982673513	-0.4882219032843104	2.169982519964697	9.329748080635861	-15.027171900972203	-5649.541736224157
4270	-5676.69372212541	-5649.527782747306	-27.16593937810378	4.07804728945129	1.5087985084717475	-1.3876803676382854	-1.030173114023109	0.6635172982673513	-0.4882219032843104	2.169982519964697	9.316903546153616	-15.014915068366776	-5649.527782747306
4272	-5676.69372212541	-5649.527782747306	-27.16593937810378	4.07804728945129	1.5087985084717475	-1.3876803676382854	-1.030173114023109	0.6635172982673513	-0.4882219032843104	2.169982519964697	9.316903546153616	-15.014915068366776	-5649.527782747306
4274	-5676.69372212541	-5649.527782747306	-27.16593937810378	4.07804728945129	1.5087985084717475	-1.3876803676382854	-1.030173114023109	0.6635172982673513	-0.4882219032843104	2.169982519964697	9.316903546153616	-15.014915068366776	-5649.527782747306
4276	-5676.920767351669	-5649.515501137182	-27.405266214488158	4.07804728945129	1.5087985084717475	-1.3876803676382854	-1.030173114023109	0.6635172982673513	-0.4882219032843104	2.670882598157567	10.318703702539356	-15.254241904751158	-5649.515501137182
4278	-5676.769929333605	-5649.356800973864	-27.413128359741528	4.07804728945129	1.5087985084717475	-1.3876803676382854	-1.030173114023109	0.6635172982673513	-0.4882219032843104	2.670882598157567	10.32109506119492	-15.262104050004526	-5649.356800973864
4280	-5677.191929048473	-5649.356800973864	-27.83512807460946	4.07804728945129	1.5087985084717475	-1.3876803676382854	-1.030173114023109	0.8817847326866606	-0.4882219032843104	2.670882598157567	10.32109506119492	-15.240251712916	-5649.356800973864
4282	-5677.191929048473	-5649.356800973864	-27.83512807460946	4.07804728945129	1.5087985084717475	-1.3876803676382854	-1.030173114023109	0.8817847326866606	-0.4882219032843104	2.670882598157567	10.32109506119492	-15.240251712916	-5649.356800973864
4284	-5678.571845333132	-5649.356800973864	-29.21504435926799	4.07804728945129	1.5087985084717475	-1.3876803676382854	-1.030173114023109	0.8817847326866606	-1.271526845307001	2.670882598157567	10.32109506119492	-15.240251712916	-5649.356800973864
4286	-5677.37186040515	-5649.356800973864	-28.01505943128587	4.07804728945129	1.5087985084717475	-1.3876803676382854	-1.030173114023109	0.8817847326866606	-0.6138024081905656	2.670882598157567	10.32109506119492	-15.240251712916	-5649.356800973864
4288	-5678.648528841948	-5651.176816990528	-27.47171185142011	4.07804728945129	1.5087985084717475	-0.6980254930199352	-1.030173114023109	0.8817847326866606	-0.6138024081905656	2.670882598157567	10.32109506119492	-15.42485743708644	-5651.176816990528
4290	-5678.325646936779	-5651.176816990528	-27.148829946250856	4.07804728945129	1.5087985084717475	-0.6980254930199352	-1.030173114023109	0.8817847326866606	-0.37957052481172016	2.670882598157567	10.32109506119492	-15.42485743708644	-5651.176816990528
4292	-5678.598939127862	-5651.430666225006	-27.16827290285646	4.07804728945129	1.5087985084717475	-0.6980254930199352	-1.030173114023109	0.8817847326866606	-0.37957052481172016	2.670882598157567	10.32995914488579	-15.444300393692046	-5651.430666225006
4294	-5678.598939127862	-5651.430666225006	-27.16827290285646	4.07804728945129	1.5087985084717475	-0.6980254930199352	-1.030173114023109	0.8817847326866606	-0.37957052481172016	2.670882598157567	10.32995914488579	-15.444300393692046	-5651.430666225006
4296	-5678.346120429554	-5651.430666225006	-26.915454204547796	4.07804728945129	1.1452238375228958	-0.6980254930199352	-1.030173114023109	0.8817847326866606	-0.37957052481172016	2.670882598157567	10.32995914488579	-15.542590992746664	-5651.430666225006
4298	-5680.458355456359	-5653.597699420925	-26.860656035434182	4.07804728945129	1.1452238375228958	-0.6980254930199352	-1.030173114023109	0.8817847326866606	-0.37957052481172016	2.670882598157567	10.32995914488579	-15.48779282363305	-5653.597699420925
4300	-5680.531497965756	-5653.597699420925	-26.933798544830587	4.07804728945129	1.1452238375228958	-0.6980254930199352	-1.030173114023109	0.8817847326866606	-0.436282831746824	2.670882598157567	10.32995914488579	-15.48779282363305	-5653.597699420925
4302	-5679.711151847908	-5652.772694733033	-26.93845711487453	4.07804728945129	1.1452238375228958	-0.6980254930199352	-1.030173114023109	0.8817847326866606	-0.436282831746824	2.670882598157567	10.329959144885791	-15.492451393676992	-5652.772694733033
4304	-5679.711151847908	-5652.772694733033	-26.93845711487453	4.07804728945129	1.1452238375228958	-0.6980254930199352	-1.030173114023109	0.8817847326866606	-0.436282831746824	2.670882598157567	10.329959144885791	-15.492451393676992	-5652.772694733033
4306	-5680.531497965756	-5653.597699420925	-26.933798544830587	4.07804728945129	1.1452238375228958	-0.6980254930199352	-1.030173114023109	0.8817847326866606	-0.436282831746824	2.670882598157567	10.32995914488579	-15.48779282363305	-5653.597699420925
4308	-5680.675400253537	-5653.73403528239	-26.94136497114652	4.07804728945129	1.1452238375228958	-0.6980254930199352	-1.030173114023109	0.8817847326866606	-0.436282831746824	2.670882598157567	10.33333095763729	-15.49535924994898	-5653.73403528239
4310	-5680.706423043341	-5653.76887380042	-26.937549242920973	4.07804728945129	1.1452238375228958	-0.6980254930199352	-1.030173114023109	0.8817847326866606	-0.436282831746824	2.670882598157567	10.32803940576358	-15.491543521723433	-5653.76887380042
4312	-5680.498642164235	-5653.551916858507	-26.946725305727846	4.07804728945129	1.1452238375228958	-0.6980254930199352	-1.030173114023109	0.8817847326866606	-0.436282831746824	2.670882598157567	10.330767842944564	-15.500719584530309	-5653.551916858507
4314	-5680.498642164235	-5653.551916858507	-26.946725305727846	4.07804728945129	1.1452238375228958	-0.6980254930199352	-1.030173114023109	0.8817847326866606	-0.436282831746824	2.670882598157567	10.330767842944564	-15.500719584530309	-5653.551916858507
4316	-5680.912286853727	-5653.14591476556	-27.766372088167472	4.07804728945129	1.1452238375228958	-0.6980254930199352	-1.030173114023109	0.8817847326866606	-0.436282831746824	5.184956385842614	15.335693897642518	-16.320366366969935	-5653.14591476556
4318	-5681.211134037602	-5653.14591476556	-28.065219272042807	4.07804728945129	1.1452238375228958	-1.232031654082167	-1.030173114023109	0.8817847326866606	-0.436282831746824	5.184956385842614	15.335693897642518	-16.138669932939557	-5653.14591476556
4320	-5681.211134037602	-5653.14591476556	-28.065219272042807	4.07804728945129	1.1452238375228958	-1.232031654082167	-1.030173114023109	0.8817847326866606	-0.436282831746824	5.184956385842614	15.335693897642518	-16.138669932939557	-5653.14591476556
4322	-5680.295369171771	-5651.895100282488	-28.400268889283346	4.07804728945129	1.1452238375228958	-1.232031654082167	-1.030173114023109	0.8817847326866606	-0.436282831746824	5.184956385842614	15.76502686897292	-16.473719550180096	-5651.895100282488
4324	-5680.468969854732	-5652.075695988264	-28.393273866467847	4.07804728945129	1.1452238375228958	-1.232031654082167	-1.030173114023109	0.8817847326866606	-0.436282831746824	5.184956385842614	15.762715901183258	-16.466724527364597	-5652.075695988264
4326	-5680.468969854732	-5652.075695988264	-28.393273866467847	4.07804728945129	1.1452238375228958	-1.232031654082167	-1.030173114023109	0.8817847326866606	-0.436282831746824	5.184956385842614	15.762715901183258	-16.466724527364597	-5652.075695988264
4328	-5679.77206625486	-5651.466002884885	-28.306063369974893	4.07804728945129	1.1452238375228958	-1.232031654082167	-1.030173114023109	0.8817847326866606	-0.436282831746824	5.184956385842614	15.760083302584883	-16.379514030871643	-5651.466002884885
4330	-5680.001565961435	-5651.7031801396115	-28.298385821822933	4.07804728945129	1.1452238375228958	-1.232031654082167	-1.030173114023109	0.8817847326866606	-0.436282831746824	5.184956385842614	15.75750792659027	-16.371836482719683	-5651.7031801396115
4332	-5680.378483633361	-5651.7031801396115	-28.67530349374921	4.07804728945129	1.1452238375228958	-1.232031654082167	-2.123425065571917	0.8817847326866606	-0.436282831746824	5.184956385842614	15.75750792659027	-16.371836482719683	-5651.7031801396115
4334	-5678.770339440491	-5651.7031801396115	-27.067159300879293	1.9068408843171427	1.1452238375228958	-1.232031654082167	-2.123425065571917	0.8817847326866606	-0.436282831746824	5.184956385842614	15.75750792659027	-16.303442544435867	-5651.7031801396115
4336	-5677.904337950877	-5650.914788997146	-26.98954895372998	1.9068408843171427	1.1452238375228958	-1.232031654082167	-2.123425065571917	0.8817847326866606	-0.436282831746824	5.184956385842614	15.7167427290462	-16.225832197286554	-5650.914788997146
4338	-5677.904337950877	-5650.914788997146	-26.98954895372998	1.9068408843171427	1.1452238375228958	-1.232031654082167	-2.123425065571917	0.8817847326866606	-0.436282831746824	5.184956385842614	15.7167427290462	-16.225832197286554	-5650.914788997146
4340	-5679.202605112515	-5652.21331146702	-26.989293645495643	1.9068408843171427	1.1452238375228958	-1.232031654082167	-2.123425065571917	0.8817847326866606	-0.436282831746824	5.184956385842614	15.716742729046201	-16.225576889052217	-5652.21331146702
4342	-5679.202605112515	-5652.21331146702	-26.989293645495643	1.9068408843171427	1.1452238375228958	-1.232031654082167	-2.123425065571917	0.8817847326866606	-0.436282831746824	5.184956385842614	15.716742729046201	-16.225576889052217	-5652.21331146702
4344	-5679.202605112515	-5652.21331146702	-26.989293645495643	1.9068408843171427	1.1452238375228958	-1.232031654082167	-2.123425065571917	0.8817847326866606	-0.436282831746824	5.184956385842614	15.716742729046201	-16.225576889052217	-5652.21331146702
4346	-5679.202605112515	-5652.21331146702	-26.989293645495643	1.9068408843171427	1.1452238375228958	-1.232031654082167	-2.123425065571917	0.8817847326866606	-0.436282831746824	5.184956385842614	15.716742729046201	-16.225576889052217	-5652.21331146702
4348	-5679.867801454519	-5652.311112474376	-27.55668898014305	1.9068408843171427	1.1452238375228958	-1.232031654082167	-2.123425065571917	0.8817847326866606	-0.436282831746824	5.184956385842614	16.43581593818973	-16.792972223699625	-5652.311112474376
4350	-5679.867801454519	-5652.311112474376	-27.55668898014305	1.9068408843171427	1.1452238375228958	-1.232031654082167	-2.123425065571917	0.8817847326866606	-0.436282831746824	5.184956385842614	16.43581593818973	-16.792972223699625	-5652.311112474376
4352	-5679.772838000394	-5652.219126864795	-27.55371113559873	1.9068408843171427	1.1452238375228958	-1.232031654082167	-2.123425065571917	0.8817847326866606	-0.436282831746824	5.184956385842614	16.433183097453295	-16.789994379155303	-5652.219126864795
4354	-5679.772838000394	-5652.219126864795	-27.55371113559873	1.9068408843171427	1.1452238375228958	-1.232031654082167	-2.123425065571917	0.8817847326866606	-0.436282831746824	5.184956385842614	16.433183097453295	-16.789994379155303	-5652.219126864795
4356	-5678.393596154369	-5650.839987197036	-27.5536089573333	1.9068408843171427	1.1452238375228958	-1.232031654082167	-2.123425065571917	0.8817847326866606	-0.436282831746824	5.184956385842614	16.433183097453295	-16.789892200889874	-5650.839987197036
4358	-5676.127676323876	-5648.530495134939	-27.597181188937032	1.9068408843171427	1.1452238375228958	-1.232031654082167	-2.123425065571917	0.8817847326866606	-0.436282831746824	5.184956385842614	16.433183097453295	-16.833464432493606	-5648.530495134939
4360	-5676.127676323876	-5648.530495134939	-27.597181188937032	1.9068408843171427	1.1452238375228958	-1.232031654082167	-2.123425065571917	0.8817847326866606	-0.436282831746824	5.184956385842614	16.433183097453295	-16.833464432493606	-5648.530495134939
4362	-5675.697576978941	-5648.5797265160245	-27.117850462915985	1.9068408843171427	1.1452238375228958	-1.232031654082167	-2.123425065571917	0.8817847326866606	-0.436282831746824	4.677473273787525	15.065022762297138	-16.35413370647256	-5648.5797265160245
4364	-5675.697576978941	-5648.5797265160245	-27.117850462915985	1.9068408843171427	1.1452238375228958	-1.232031654082167	-2.123425065571917	0.8817847326866606	-0.436282831746824	4.677473273787525	15.065022762297138	-16.35413370647256	-5648.5797265160245
4366	-5677.171545834219	-5649.157291865933	-28.01425396828534	1.9068408843171427	1.1452238375228958	-1.232031654082167	-2.123425065571917	0.8817847326866606	-0.436282831746824	5.114356479887235	16.472119085271544	-17.250537211841916	-5649.157291865933
4368	-5677.2634961759695	-5649.279233930827	-27.98426224514285	1.9068408843171427	1.1452238375228958	-1.232031654082167	-2.123425065571917	0.8817847326866606	-0.436282831746824	5.114356479887235	16.453023427425833	-17.220545488699425	-5649.279233930827
4370	-5677.2634961759695	-5649.279233930827	-27.98426224514285	1.9068408843171427	1.1452238375228958	-1.232031654082167	-2.123425065571917	0.8817847326866606	-0.436282831746824	5.114356479887235	16.453023427425833	-17.220545488699425	-5649.279233930827
4372	-5677.2634961759695	-5649.279233930827	-27.98426224514285	1.9068408843171427	1.1452238375228958	-1.232031654082167	-2.123425065571917	0.8817847326866606	-0.436282831746824	5.114356479887235	16.453023427425833	-17.220545488699425	-5649.279233930827
4374	-5676.268304602427	-5649.279233930827	-26.989070671600054	0.8765747669949862	1.1452238375228958	-1.232031654082167	-2.123425065571917	0.8817847326866606	-0.436282831746824	5.114356479887235	16.453023427425833	-17.202159735438926	-5649.279233930827
4376	-5676.268304602427	-5649.279233930827	-26.989070671600054	0.8765747669949862	1.1452238375228958	-1.232031654082167	-2.123425065571917	0.8817847326866606	-0.436282831746824	5.114356479887235	16.453023427425833	-17.202159735438926	-5649.279233930827
4378	-5676.2525406978975	-5649.282190080643	-26.970350617254496	0.8765747669949862	1.1452238375228958	-1.232031654082167	-2.123425065571917	0.8817847326866606	-0.436282831746824	5.114356479887235	16.429715769847896	-17.183439681093372	-5649.282190080643
4380	-5676.2525406978975	-5649.282190080643	-26.970350617254496	0.8765747669949862	1.1452238375228958	-1.232031654082167	-2.123425065571917	0.8817847326866606	-0.436282831746824	5.114356479887235	16.429715769847896	-17.183439681093372	-5649.282190080643
4382	-5676.2525406978975	-5649.282190080643	-26.970350617254496	0.8765747669949862	1.1452238375228958	-1.232031654082167	-2.123425065571917	0.8817847326866606	-0.436282831746824	5.114356479887235	16.429715769847896	-17.183439681093372	-5649.282190080643
4384	-5675.394044530047	-5649.253714213714	-26.140330316332587	0.8765747669949862	1.1452238375228958	-1.232031654082167	-2.123425065571917	0.8817847326866606	-0.436282831746824	3.0643265914119433	12.329655992897312	-16.35341938017146	-5649.253714213714
4386	-5673.899952128827	-5648.479642130512	-25.420309998315382	0.8765747669949862	1.1452238375228958	-1.232031654082167	-2.123425065571917	0.8817847326866606	-0.29813273855262895	2.8928024538478514	11.639509708695533	-15.805947494892205	-5648.479642130512
4388	-5673.787526076706	-5648.3668461493	-25.42067992740656	0.8765747669949862	1.1452238375228958	-1.232031654082167	-2.123425065571917	0.8817847326866606	-0.29813273855262895	2.8928024538478514	11.639509708695535	-15.806317423983385	-5648.3668461493
4390	-5673.787526076706	-5648.3668461493	-25.42067992740656	0.8765747669949862	1.1452238375228958	-1.232031654082167	-2.123425065571917	0.8817847326866606	-0.29813273855262895	2.8928024538478514	11.639509708695535	-15.806317423983385	-5648.3668461493
4392	-5673.787526076706	-5648.3668461493	-25.42067992740656	0.8765747669949862	1.1452238375228958	-1.232031654082167	-2.123425065571917	0.8817847326866606	-0.29813273855262895	2.8928024538478514	11.639509708695535	-15.806317423983385	-5648.3668461493
4394	-5673.710250762545	-5648.42151667486	-25.288734087685	0.8765747669949862	1.1452238375228958	-1.232031654082167	-2.123425065571917	0.8817847326866606	-0.29813273855262895	2.5719781301453843	10.9978610612906	-15.674371584261822	-5648.42151667486
4396	-5673.655538266355	-5648.366502766643	-25.289035499711957	0.8765747669949862	1.1452238375228958	-1.232031654082167	-2.123425065571917	0.8817847326866606	-0.29813273855262895	2.5719781301453843	10.997861061290601	-15.674672996288782	-5648.366502766643
4398	-5675.227605269638	-5650.5902868535195	-24.637318416118653	0.8765747669949862	1.1452238375228958	-1.232031654082167	-2.123425065571917	0.8817847326866606	-0.29813273855262895	2.387030567624755	10.20701934596417	-15.022955912695478	-5650.5902868535195
4400	-5675.5488240687855	-5650.592369940534	-24.956454128251274	0.8765747669949862	1.1452238375228958	-1.232031654082167	-2.123425065571917	0.8817847326866606	-0.29813273855262895	3.1709678590041044	11.774893928722868	-15.342091624828097	-5650.592369940534
4402	-5675.5488240687855	-5650.592369940534	-24.956454128251274	0.8765747669949862	1.1452238375228958	-1.232031654082167	-2.123425065571917	0.8817847326866606	-0.29813273855262895	3.1709678590041044	11.774893928722868	-15.342091624828097	-5650.592369940534
4404	-5675.284043190643	-5650.3193403920295	-24.964702798613537	0.8765747669949862	1.1452238375228958	-1.232031654082167	-2.123425065571917	0.8817847326866606	-0.29813273855262895	3.1709678590041044	11.777969686278531	-15.350340295190362	-5650.3193403920295
4406	-5675.299118213946	-5649.9813114153	-25.317806798645478	0.8765747669949862	1.1452238375228958	-1.232031654082167	-2.123425065571917	0.8817847326866606	-0.29813273855262895	3.1709678590041044	12.06993743497081	-15.7034442952223	-5649.9813114153
4408	-5674.942534489986	-5649.9813114153	-24.961223074685684	0.8765747669949862	1.1452238375228958	-1.232031654082167	-1.5173643828879506	0.8817847326866606	-0.29813273855262895	3.1709678590041044	12.06993743497081	-15.7034442952223	-5649.9813114153
4410	-5674.643128485493	-5649.681415284718	-24.961713200774813	0.8765747669949862	1.1452238375228958	-1.232031654082167	-1.5173643828879506	0.8817847326866606	-0.29813273855262895	3.1709678590041044	12.06993743497081	-15.703934421311427	-5649.681415284718
4412	-5675.51323699013	-5650.010612827057	-25.50262416307305	0.8765747669949862	1.1452238375228958	-1.232031654082167	-1.5173643828879506	0.8817847326866606	-0.29813273855262895	3.1709678590041044	12.520237921481499	-16.244845383609665	-5650.010612827057
4414	-5675.51323699013	-5650.010612827057	-25.50262416307305	0.8765747669949862	1.1452238375228958	-1.232031654082167	-1.5173643828879506	0.8817847326866606	-0.29813273855262895	3.1709678590041044	12.520237921481499	-16.244845383609665	-5650.010612827057
4416	-5675.752500435261	-5650.219231032116	-25.533269403145205	0.8765747669949862	1.1452238375228958	-1.232031654082167	-1.5173643828879506	0.8817847326866606	-0.29813273855262895	3.1709678590041044	12.521068078292604	-16.27549062368182	-5650.219231032116
4418	-5675.496421072319	-5650.374427018384	-25.12199405393509	0.8765747669949862	1.1452238375228958	-1.232031654082167	-1.5173643828879506	0.8817847326866606	-0.29813273855262895	3.1709678590041044	12.157462575732485	-15.864215274471704	-5650.374427018384
4420	-5676.383153766684	-5650.374427018384	-26.008726748299594	1.7683031083166125	1.1452238375228958	-1.232031654082167	-1.5173643828879506	0.8817847326866606	-0.29813273855262895	3.1709678590041044	12.157462575732485	-15.895409506524077	-5650.374427018384
4422	-5676.383153766684	-5650.374427018384	-26.008726748299594	1.7683031083166125	1.1452238375228958	-1.232031654082167	-1.5173643828879506	0.8817847326866606	-0.29813273855262895	3.1709678590041044	12.157462575732485	-15.895409506524077	-5650.374427018384
4424	-5678.263480485042	-5650.374427018384	-27.889053466658048	1.7683031083166125	1.1452238375228958	-2.123548199826447	-1.5173643828879506	0.8817847326866606	-0.29813273855262895	3.1709678590041044	12.157462575732485	-16.136936717824497	-5650.374427018384
4426	-5677.262945624727	-5650.374427018384	-26.888518606342508	0.7322351923535464	1.1452238375228958	-2.123548199826447	-1.5173643828879506	0.8817847326866606	-0.29813273855262895	3.1709678590041044	12.157462575732485	-16.1319734300985	-5650.374427018384
4428	-5677.262945624727	-5650.374427018384	-26.888518606342508	0.7322351923535464	1.1452238375228958	-2.123548199826447	-1.5173643828879506	0.8817847326866606	-0.29813273855262895	3.1709678590041044	12.157462575732485	-16.1319734300985	-5650.374427018384
4430	-5677.262945624727	-5650.374427018384	-26.888518606342508	0.7322351923535464	1.1452238375228958	-2.123548199826447	-1.5173643828879506	0.8817847326866606	-0.29813273855262895	3.1709678590041044	12.157462575732485	-16.1319734300985	-5650.374427018384
4432	-5676.504586427173	-5649.600163018768	-26.90442340840471	0.7322351923535464	1.1452238375228958	-2.123548199826447	-1.5173643828879506	0.8817847326866606	-0.29813273855262895	3.1709678590041044	12.157170435918832	-16.147878232160704	-5649.600163018768
4434	-5676.504586427173	-5649.600163018768	-26.90442340840471	0.7322351923535464	1.1452238375228958	-2.123548199826447	-1.5173643828879506	0.8817847326866606	-0.29813273855262895	3.1709678590041044	12.157170435918832	-16.147878232160704	-5649.600163018768
4436	-5676.504586427173	-5649.600163018768	-26.90442340840471	0.7322351923535464	1.1452238375228958	-2.123548199826447	-1.5173643828879506	0.8817847326866606	-0.29813273855262895	3.1709678590041044	12.157170435918832	-16.147878232160704	-5649.600163018768
4438	-5676.630441354849	-5649.730474384483	-26.899966970364964	0.7322351923535464	1.1452238375228958	-2.123548199826447	-1.5173643828879506	0.8817847326866606	-0.29813273855262895	3.1709678590041044	12.155623279083775	-16.143421794120957	-5649.730474384483
4440	-5676.438581062216	-5649.538759581594	-26.899821480622396	0.7322351923535464	1.1452238375228958	-2.123548199826447	-1.5173643828879506	0.8817847326866606	-0.29813273855262895	3.1709678590041044	12.155623279083775	-16.14327630437839	-5649.538759581594
4442	-5676.836817080782	-5649.538759581594	-27.298057499188072	1.1333403484884692	1.1452238375228958	-2.123548199826447	-1.5173643828879506	0.8817847326866606	-0.29813273855262895	3.1709678590041044	12.155623279083775	-16.145419750527083	-5649.538759581594
4444	-5676.836817080782	-5649.538759581594	-27.298057499188072	1.1333403484884692	1.1452238375228958	-2.123548199826447	-1.5173643828879506	0.8817847326866606	-0.29813273855262895	3.1709678590041044	12.155623279083775	-16.145419750527083	-5649.538759581594
4446	-5676.35459160572	-5649.56756107911	-26.78703052660994	1.1333403484884692	1.1452238375228958	-2.123548199826447	-1.5173643828879506	0.8817847326866606	-0.29813273855262895	3.1709678590041044	11.647509795096108	-15.63439277794895	-5649.56756107911
4448	-5676.35459160572	-5649.56756107911	-26.78703052660994	1.1333403484884692	1.1452238375228958	-2.123548199826447	-1.5173643828879506	0.8817847326866606	-0.29813273855262895	3.1709678590041044	11.647509795096108	-15.63439277794895	-5649.56756107911
4450	-5676.251547144579	-5649.5533175107785	-26.69822963380043	1.1333403484884692	1.1452238375228958	-2.123548199826447	-1.5173643828879506	0.8817847326866606	-0.29813273855262895	2.9560520474948944	11.217678172077687	-15.54559188513944	-5649.5533175107785
4452	-5676.251547144579	-5649.5533175107785	-26.69822963380043	1.1333403484884692	1.1452238375228958	-2.123548199826447	-1.5173643828879506	0.8817847326866606	-0.29813273855262895	2.9560520474948944	11.217678172077687	-15.54559188513944	-5649.5533175107785
4454	-5676.251547144579	-5649.5533175107785	-26.69822963380043	1.1333403484884692	1.1452238375228958	-2.123548199826447	-1.5173643828879506	0.8817847326866606	-0.29813273855262895	2.9560520474948944	11.217678172077687	-15.54559188513944	-5649.5533175107785
4456	-5676.558207633968	-5649.66265304204	-26.895554591928214	1.1333403484884692	1.1452238375228958	-2.123548199826447	-1.5173643828879506	0.8817847326866606	-0.41811891064870693	2.9560520474948944	11.241326550745544	-15.594144721756804	-5649.66265304204
4458	-5676.719490293979	-5649.384575802295	-27.33491449168421	1.1333403484884692	1.1452238375228958	-2.123548199826447	-1.5173643828879506	0.8817847326866606	-0.41811891064870693	2.9560520474948944	11.757752663148064	-16.033504621512797	-5649.384575802295
4460	-5677.70634659694	-5649.761978484376	-27.94436811256397	1.1333403484884692	1.1452238375228958	-2.123548199826447	-1.5173643828879506	0.8817847326866606	-0.41811891064870693	2.9560520474948944	12.250999002351953	-16.642958242392563	-5649.761978484376
4462	-5677.70634659694	-5649.761978484376	-27.94436811256397	1.1333403484884692	1.1452238375228958	-2.123548199826447	-1.5173643828879506	0.8817847326866606	-0.41811891064870693	2.9560520474948944	12.250999002351953	-16.642958242392563	-5649.761978484376
4464	-5677.70634659694	-5649.761978484376	-27.94436811256397	1.1333403484884692	1.1452238375228958	-2.123548199826447	-1.5173643828879506	0.8817847326866606	-0.41811891064870693	2.9560520474948944	12.250999002351953	-16.642958242392563	-5649.761978484376
4466	-5677.564813273517	-5649.615419399471	-27.949393874045768	1.1333403484884692	1.1452238375228958	-2.123548199826447	-1.5173643828879506	0.8817847326866606	-0.41811891064870693	2.9560520474948944	12.252743663746244	-16.647984003874356	-5649.615419399471
4468	-5677.23848484355	-5649.357367065144	-27.881117778406654	1.1333403484884692	1.1452238375228958	-2.123548199826447	-1.5173643828879506	0.8817847326866606	-0.41811891064870693	2.9560520474948944	12.251695539032642	-16.579707908235243	-5649.357367065144
4470	-5677.203708004366	-5649.377503880408	-27.826204123957588	1.1333403484884692	1.1452238375228958	-2.123548199826447	-1.5173643828879506	0.8817847326866606	-0.41811891064870693	2.9560520474948944	12.185362032743203	-16.52479425378618	-5649.377503880408
4472	-5677.038490646112	-5648.354479768406	-28.684010877705965	1.1333403484884692	1.1452238375228958	-2.123548199826447	-1.5173643828879506	0.8817847326866606	-0.41811891064870693	3.1892759330637794	13.146751559950047	-17.382601007534554	-5648.354479768406
4474	-5677.69591969636	-5648.964349961631	-28.731569734728396	1.1333403484884692	1.1452238375228958	-2.123548199826447	-1.5173643828879506	0.8817847326866606	-0.41811891064870693	3.1892759330637794	13.165984246465655	-17.430159864556988	-5648.964349961631
4476	-5677.6486031603845	-5648.964349961631	-28.68425319875276	1.08577555657435	1.1452238375228958	-2.123548199826447	-1.5173643828879506	0.8817847326866606	-0.41811891064870693	3.1892759330637794	13.165984246465655	-17.430165617100165	-5648.964349961631
4478	-5677.071412963459	-5648.964349961631	-28.107063001827697	0.418116204107016	1.1452238375228958	-2.123548199826447	-1.5173643828879506	0.8817847326866606	-0.41811891064870693	3.1892759330637794	13.165984246465655	-17.430463618618475	-5648.964349961631
4480	-5677.095611742479	-5648.988607371512	-28.10700437096665	0.418116204107016	1.1452238375228958	-2.123548199826447	-1.5173643828879506	0.8817847326866606	-0.41811891064870693	3.1892759330637794	13.165984246465655	-17.430404987757427	-5648.988607371512
4482	-5677.207242259272	-5648.988607371512	-28.218634887759492	0.418116204107016	1.1452238375228958	-2.123548199826447	-1.5173643828879506	0.7095552072650686	-0.41811891064870693	3.1892759330637794	13.165984246465655	-17.888123648743402	-5648.988607371512
4484	-5676.370628795397	-5649.081141409579	-27.289487385818326	0.418116204107016	1.1452238375228958	-2.123548199826447	-1.5173643828879506	0.7095552072650686	-0.41811891064870693	2.975453573119462	12.283281751713316	-16.958976146802236	-5649.081141409579
4486	-5676.370628795397	-5649.081141409579	-27.289487385818326	0.418116204107016	1.1452238375228958	-2.123548199826447	-1.5173643828879506	0.7095552072650686	-0.41811891064870693	2.975453573119462	12.283281751713316	-16.958976146802236	-5649.081141409579
4488	-5676.228853031019	-5649.088753979934	-27.140099051084242	0.418116204107016	1.1452238375228958	-2.123548199826447	-1.5173643828879506	0.7095552072650686	-0.2771115209664791	2.975453573119462	12.283281751713316	-16.958656653874883	-5649.088753979934
4490	-5676.444278541661	-5649.111237607044	-27.33304093461695	0.418116204107016	1.1452238375228958	-2.123548199826447	-1.5173643828879506	0.7095552072650686	-0.2771115209664791	3.3689958907419864	13.070366386958364	-17.15159853740759	-5649.111237607044
4492	-5676.444278541661	-5649.111237607044	-27.33304093461695	0.418116204107016	1.1452238375228958	-2.123548199826447	-1.5173643828879506	0.7095552072650686	-0.2771115209664791	3.3689958907419864	13.070366386958364	-17.15159853740759	-5649.111237607044
4494	-5676.0485269719165	-5648.793402598513	-27.25512437340343	0.418116204107016	1.1452238375228958	-2.123548199826447	-1.5173643828879506	0.7095552072650686	-0.2771115209664791	3.3689958907419864	13.078215342299645	-17.07368197619407	-5648.793402598513
4496	-5676.403640462553	-5648.793402598513	-27.61023786403962	0.8654832469666591	1.1452238375228958	-2.123548199826447	-1.5173643828879506	0.7095552072650686	-0.2771115209664791	3.3689958907419864	13.078215342299645	-17.071019859857582	-5648.793402598513
4498	-5676.116958660107	-5648.793402598513	-27.323556061594115	0.8654832469666591	0.40538353813591793	-2.123548199826447	-1.5173643828879506	0.7095552072650686	-0.2771115209664791	3.3689958907419864	13.078215342299645	-17.424419758604618	-5648.793402598513
4500	-5678.503582326849	-5649.817659066336	-28.685923260513075	0.8654832469666591	0.40538353813591793	-2.123548199826447	-1.5173643828879506	0.7095552072650686	-0.2771115209664791	3.7507780419725005	14.560267962595189	-18.786786957523578	-5649.817659066336
4502	-5677.284851908908	-5649.817659066336	-27.46719284257272	0.8654832469666591	0.40538353813591793	-1.6755968596518465	-1.5173643828879506	0.7095552072650686	-0.2771115209664791	3.7507780419725005	14.560267962595189	-18.590183251646376	-5649.817659066336
4504	-5677.613751532071	-5649.817659066336	-27.796092465734237	0.8654832469666591	1.153060631240963	-1.6755968596518465	-1.5173643828879506	0.7095552072650686	-0.2771115209664791	3.7507780419725005	14.560267962595189	-18.271233448711257	-5649.817659066336
4506	-5677.613751532071	-5649.817659066336	-27.796092465734237	0.8654832469666591	1.153060631240963	-1.6755968596518465	-1.5173643828879506	0.7095552072650686	-0.2771115209664791	3.7507780419725005	14.560267962595189	-18.271233448711257	-5649.817659066336
4508	-5676.941064823485	-5649.192557325326	-27.748507498159494	0.8654832469666591	1.153060631240963	-1.6755968596518465	-1.5173643828879506	0.7095552072650686	-0.2771115209664791	3.7507780419725005	14.54049211809576	-18.223648481136514	-5649.192557325326
4510	-5676.941064823485	-5649.192557325326	-27.748507498159494	0.8654832469666591	1.153060631240963	-1.6755968596518465	-1.5173643828879506	0.7095552072650686	-0.2771115209664791	3.7507780419725005	14.54049211809576	-18.223648481136514	-5649.192557325326
4512	-5676.977749951695	-5649.22943419251	-27.748315759185004	0.8654832469666591	1.153060631240963	-1.6755968596518465	-1.5173643828879506	0.7095552072650686	-0.2771115209664791	3.7507780419725005	14.54049211809576	-18.223456742162025	-5649.22943419251
4514	-5677.469288283579	-5649.273978281361	-28.19531000221724	0.8654832469666591	1.153060631240963	-1.6755968596518465	-1.5173643828879506	0.7095552072650686	-0.2771115209664791	3.7507780419725005	15.000073257113645	-18.67045098519426	-5649.273978281361
4516	-5677.469288283579	-5649.273978281361	-28.19531000221724	0.8654832469666591	1.153060631240963	-1.6755968596518465	-1.5173643828879506	0.7095552072650686	-0.2771115209664791	3.7507780419725005	15.000073257113645	-18.67045098519426	-5649.273978281361
4518	-5677.92456508581	-5649.806362175534	-28.118202910276533	0.8654832469666591	1.153060631240963	-1.6755968596518465	-1.5173643828879506	0.7095552072650686	-0.2771115209664791	3.7507780419725005	14.960211257172102	-18.593343893253554	-5649.806362175534
4520	-5679.931818707114	-5649.810902758177	-30.12091594893718	0.8654832469666591	1.153060631240963	-1.6755968596518465	-1.5173643828879506	1.3825264407662035	-0.2771115209664791	8.091529937952398	23.641715049131896	-19.001658082571325	-5649.810902758177
4522	-5681.936667923648	-5649.810902758177	-32.12576516547148	0.8654832469666591	1.153060631240963	-1.6755968596518465	-3.2475506352044787	1.3825264407662035	-0.6954763121967128	8.091529937952398	23.641715049131896	-19.001658082571325	-5649.810902758177
4524	-5681.660191952358	-5649.608369404467	-32.05182254789051	0.8654832469666591	1.153060631240963	-1.6755968596518465	-3.2475506352044787	1.3825264407662035	-0.6954763121967128	8.091529937952398	23.64048962431187	-18.927715464990357	-5649.608369404467
4526	-5681.660191952358	-5649.608369404467	-32.05182254789051	0.8654832469666591	1.153060631240963	-1.6755968596518465	-3.2475506352044787	1.3825264407662035	-0.6954763121967128	8.091529937952398	23.64048962431187	-18.927715464990357	-5649.608369404467
4528	-5681.660191952358	-5649.608369404467	-32.05182254789051	0.8654832469666591	1.153060631240963	-1.6755968596518465	-3.2475506352044787	1.3825264407662035	-0.6954763121967128	8.091529937952398	23.64048962431187	-18.927715464990357	-5649.608369404467
4530	-5681.146037477451	-5649.049315470266	-32.096722007184525	0.8654832469666591	1.153060631240963	-1.6755968596518465	-3.2475506352044787	1.3825264407662035	-0.6954763121967128	8.091529937952398	23.68552177747283	-18.972614924284372	-5649.049315470266
4532	-5681.146037477451	-5649.049315470266	-32.096722007184525	0.8654832469666591	1.153060631240963	-1.6755968596518465	-3.2475506352044787	1.3825264407662035	-0.6954763121967128	8.091529937952398	23.68552177747283	-18.972614924284372	-5649.049315470266
4534	-5681.146037477451	-5649.049315470266	-32.096722007184525	0.8654832469666591	1.153060631240963	-1.6755968596518465	-3.2475506352044787	1.3825264407662035	-0.6954763121967128	8.091529937952398	23.68552177747283	-18.972614924284372	-5649.049315470266
4536	-5681.20611237676	-5649.105745750443	-32.10036662631694	0.8654832469666591	1.153060631240963	-1.6755968596518465	-3.2475506352044787	1.3825264407662035	-0.6954763121967128	8.091529937952398	23.68749242067304	-18.97625954341679	-5649.105745750443
4538	-5681.20611237676	-5649.105745750443	-32.10036662631694	0.8654832469666591	1.153060631240963	-1.6755968596518465	-3.2475506352044787	1.3825264407662035	-0.6954763121967128	8.091529937952398	23.68749242067304	-18.97625954341679	-5649.105745750443
4540	-5679.497767025844	-5647.8785225069805	-31.619244518863354	0.8654832469666591	1.153060631240963	-1.6755968596518465	-3.2475506352044787	1.3825264407662035	-0.6954763121967128	7.66833256172823	22.448606237388965	-18.495137435963205	-5647.8785225069805
4542	-5679.015282310736	-5647.42685551426	-31.588426796476277	0.8654832469666591	1.153060631240963	-1.6755968596518465	-3.2475506352044787	1.3825264407662035	-0.6954763121967128	7.66833256172823	22.428056203759784	-18.464319713576128	-5647.42685551426
4544	-5680.855178882444	-5647.44071446907	-33.41446441337396	0.8654832469666591	2.4992937208719552	-1.6755968596518465	-3.2475506352044787	1.3825264407662035	-0.6954763121967128	7.66833256172823	22.38830350076855	-19.107375185864754	-5647.44071446907
4546	-5680.855178882444	-5647.44071446907	-33.41446441337396	0.8654832469666591	2.4992937208719552	-1.6755968596518465	-3.2475506352044787	1.3825264407662035	-0.6954763121967128	7.66833256172823	22.38830350076855	-19.107375185864754	-5647.44071446907
4548	-5680.855178882444	-5647.44071446907	-33.41446441337396	0.8654832469666591	2.4992937208719552	-1.6755968596518465	-3.2475506352044787	1.3825264407662035	-0.6954763121967128	7.66833256172823	22.38830350076855	-19.107375185864754	-5647.44071446907
4550	-5681.018073877133	-5647.455539573103	-33.5625343040298	0.8654832469666591	2.4992937208719552	-1.6755968596518465	-3.2475506352044787	1.3825264407662035	-0.6954763121967128	7.66833256172823	22.683728918874262	-19.25544507652059	-5647.455539573103
4552	-5680.839992670674	-5647.277467715544	-33.562524955130456	0.8654832469666591	2.4992937208719552	-1.6755968596518465	-3.2475506352044787	1.3825264407662035	-0.6954763121967128	7.66833256172823	22.683728918874262	-19.255435727621244	-5647.277467715544
4554	-5680.839992670674	-5647.277467715544	-33.562524955130456	0.8654832469666591	2.4992937208719552	-1.6755968596518465	-3.2475506352044787	1.3825264407662035	-0.6954763121967128	7.66833256172823	22.683728918874262	-19.255435727621244	-5647.277467715544
4556	-5680.839992670674	-5647.277467715544	-33.562524955130456	0.8654832469666591	2.4992937208719552	-1.6755968596518465	-3.2475506352044787	1.3825264407662035	-0.6954763121967128	7.66833256172823	22.683728918874262	-19.255435727621244	-5647.277467715544
4558	-5681.484761967676	-5647.95894690903	-33.52581505864586	0.8654832469666591	2.4992937208719552	-1.6755968596518465	-3.2475506352044787	1.3825264407662035	-0.6954763121967128	7.66833256172823	22.659498449846318	-19.21872583113665	-5647.95894690903
4560	-5681.484761967676	-5647.95894690903	-33.52581505864586	0.8654832469666591	2.4992937208719552	-1.6755968596518465	-3.2475506352044787	1.3825264407662035	-0.6954763121967128	7.66833256172823	22.659498449846318	-19.21872583113665	-5647.95894690903
4562	-5681.484761967676	-5647.95894690903	-33.52581505864586	0.8654832469666591	2.4992937208719552	-1.6755968596518465	-3.2475506352044787	1.3825264407662035	-0.6954763121967128	7.66833256172823	22.659498449846318	-19.21872583113665	-5647.95894690903
4564	-5680.038402115807	-5647.966069860854	-32.07233225495254	0.8654832469666591	1.4093573656614087	-1.6755968596518465	-3.2475506352044787	1.3825264407662035	-0.6954763121967128	7.66833256172823	22.708446085430417	-18.69878245634083	-5647.966069860854
4566	-5682.288709490622	-5650.256544842097	-32.03216464852472	0.8654832469666591	1.4093573656614087	-1.6755968596518465	-3.2475506352044787	1.3825264407662035	-0.6954763121967128	7.66833256172823	22.68467026996187	-18.658614849913008	-5650.256544842097
4568	-5681.655294338993	-5650.256544842097	-31.398749496895718	0.8654832469666591	1.4093573656614087	-1.6755968596518465	-3.2475506352044787	0.7471151939244045	-0.6954763121967128	7.66833256172823	22.68467026996187	-19.820311415390822	-5650.256544842097
4570	-5684.601403784074	-5650.256544842097	-34.344858941976774	0.8654832469666591	1.4093573656614087	-1.6755968596518465	-3.2475506352044787	0.30463450059082275	-0.6954763121967128	7.66833256172823	22.68467026996187	-23.53953463533224	-5650.256544842097
4572	-5684.588009655597	-5650.243146645187	-34.344863010409064	0.8654832469666591	1.4093573656614087	-1.6755968596518465	-3.2475506352044787	0.30463450059082275	-0.6954763121967128	7.66833256172823	22.684670269961863	-23.539538703764535	-5650.243146645187
4574	-5684.494585533747	-5650.241719558672	-34.252865975075544	0.8654832469666591	1.4093573656614087	-1.6755968596518465	-3.2475506352044787	0.30463450059082275	-0.6954763121967128	7.66833256172823	22.6207720810839	-23.447541668431015	-5650.241719558672
4576	-5684.873768641665	-5650.681374946688	-34.19239369497719	0.8654832469666591	1.4093573656614087	-1.6755968596518465	-3.2475506352044787	0.30463450059082275	-0.6954763121967128	7.66833256172823	22.599324629395774	-23.387069388332662	-5650.681374946688
4578	-5684.673744028319	-5650.577297444637	-34.09644658368146	0.8654832469666591	1.4093573656614087	-1.6755968596518465	-3.2475506352044787	0.30463450059082275	-0.6954763121967128	7.66833256172823	22.59732589594573	-23.291122277036933	-5650.577297444637
4580	-5684.673744028319	-5650.577297444637	-34.09644658368146	0.8654832469666591	1.4093573656614087	-1.6755968596518465	-3.2475506352044787	0.30463450059082275	-0.6954763121967128	7.66833256172823	22.59732589594573	-23.291122277036933	-5650.577297444637
4582	-5684.673744028319	-5650.577297444637	-34.09644658368146	0.8654832469666591	1.4093573656614087	-1.6755968596518465	-3.2475506352044787	0.30463450059082275	-0.6954763121967128	7.66833256172823	22.59732589594573	-23.291122277036933	-5650.577297444637
4584	-5684.752939843361	-5650.646939335276	-34.106000508084236	0.8654832469666591	1.4093573656614087	-1.6755968596518465	-3.2475506352044787	0.30463450059082275	-0.6954763121967128	7.66833256172823	22.599905742315745	-23.300676201439707	-5650.646939335276
4586	-5684.752939843361	-5650.646939335276	-34.106000508084236	0.8654832469666591	1.4093573656614087	-1.6755968596518465	-3.2475506352044787	0.30463450059082275	-0.6954763121967128	7.66833256172823	22.599905742315745	-23.300676201439707	-5650.646939335276
4588	-5685.476052458889	-5650.646939335276	-34.829113123612906	1.8355565725826106	1.4093573656614087	-1.6755968596518465	-3.2475506352044787	0.30463450059082275	-0.6954763121967128	7.66833256172823	22.599905742315745	-23.097973564290438	-5650.646939335276
4590	-5684.92401456108	-5649.991038124274	-34.93297643680553	1.8355565725826106	1.4093573656614087	-1.6755968596518465	-3.2475506352044787	0.30463450059082275	-0.6954763121967128	7.66833256172823	22.637444279946987	-23.20183687748306	-5649.991038124274
4592	-5682.88611857675	-5649.991038124274	-32.895080452475874	1.8355565725826106	1.4093573656614087	-1.6755968596518465	-3.2475506352044787	0.5750258304029079	-0.6954763121967128	7.66833256172823	22.637444279946987	-20.7380376015654	-5649.991038124274
4594	-5682.88611857675	-5649.991038124274	-32.895080452475874	1.8355565725826106	1.4093573656614087	-1.6755968596518465	-3.2475506352044787	0.5750258304029079	-0.6954763121967128	7.66833256172823	22.637444279946987	-20.7380376015654	-5649.991038124274
4596	-5682.88611857675	-5649.991038124274	-32.895080452475874	1.8355565725826106	1.4093573656614087	-1.6755968596518465	-3.2475506352044787	0.5750258304029079	-0.6954763121967128	7.66833256172823	22.637444279946987	-20.7380376015654	-5649.991038124274
4598	-5682.88611857675	-5649.991038124274	-32.895080452475874	1.8355565725826106	1.4093573656614087	-1.6755968596518465	-3.2475506352044787	0.5750258304029079	-0.6954763121967128	7.66833256172823	22.637444279946987	-20.7380376015654	-5649.991038124274
4600	-5682.952609067173	-5649.992364524311	-32.960244542862604	1.8355565725826106	1.4093573656614087	-1.6755968596518465	-3.2475506352044787	0.5750258304029079	-0.6954763121967128	7.66833256172823	22.69657176462531	-20.80320169195213	-5649.992364524311
4602	-5681.767692897223	-5649.992364524311	-31.775328372912448	0.9370266271343034	1.4093573656614087	-1.6755968596518465	-3.2475506352044787	0.5750258304029079	-0.32595377996505037	7.66833256172823	22.69657176462531	-20.874202872511592	-5649.992364524311
4604	-5681.606783307907	-5649.821807105695	-31.78497620221132	0.9370266271343034	1.4093573656614087	-1.6755968596518465	-3.2475506352044787	0.5750258304029079	-0.32595377996505037	7.66833256172823	22.699646133351067	-20.88385070181046	-5649.821807105695
4606	-5680.987040408972	-5649.821807105695	-31.165233303275816	0.9370266271343034	0.8379770461795158	-1.6755968596518465	-3.2475506352044787	0.5750258304029079	-0.32595377996505037	7.66833256172823	22.699646133351067	-20.827253760936205	-5649.821807105695
4608	-5680.987040408972	-5649.821807105695	-31.165233303275816	0.9370266271343034	0.8379770461795158	-1.6755968596518465	-3.2475506352044787	0.5750258304029079	-0.32595377996505037	7.66833256172823	22.699646133351067	-20.827253760936205	-5649.821807105695
4610	-5680.893434364413	-5649.660074260607	-31.233360103806316	0.9370266271343034	0.8379770461795158	-1.6755968596518465	-3.2475506352044787	0.5750258304029079	-0.32595377996505037	7.66833256172823	22.731468824564338	-20.895380561466705	-5649.660074260607
4612	-5680.893434364413	-5649.660074260607	-31.233360103806316	0.9370266271343034	0.8379770461795158	-1.6755968596518465	-3.2475506352044787	0.5750258304029079	-0.32595377996505037	7.66833256172823	22.731468824564338	-20.895380561466705	-5649.660074260607
4614	-5680.533189245907	-5649.428222822388	-31.104966423519134	0.9370266271343034	0.8379770461795158	-1.6755968596518465	-3.2475506352044787	0.5750258304029079	-0.32595377996505037	7.66833256172823	22.68108220369973	-20.766986881179523	-5649.428222822388
4616	-5680.384028500651	-5649.428222822388	-30.955805678262738	0.9370266271343034	0.8379770461795158	-1.6755968596518465	-3.2475506352044787	0.5750258304029079	-0.1415233778068357	7.66833256172823	22.68108220369973	-20.766986881179523	-5649.428222822388
4618	-5680.366402954158	-5649.410586945599	-30.955816008559378	0.9370266271343034	0.8379770461795158	-1.6755968596518465	-3.2475506352044787	0.5750258304029079	-0.1415233778068357	7.66833256172823	22.68108220369973	-20.766997211476163	-5649.410586945599
4620	-5680.887838096986	-5650.009097956544	-30.878740140442243	0.9370266271343034	0.8379770461795158	-1.6755968596518465	-3.2475506352044787	0.5750258304029079	-0.1415233778068357	7.66833256172823	22.65094418522984	-20.68992134335903	-5650.009097956544
4622	-5680.887838096986	-5650.009097956544	-30.878740140442243	0.9370266271343034	0.8379770461795158	-1.6755968596518465	-3.2475506352044787	0.5750258304029079	-0.1415233778068357	7.66833256172823	22.65094418522984	-20.68992134335903	-5650.009097956544
4624	-5680.887838096986	-5650.009097956544	-30.878740140442243	0.9370266271343034	0.8379770461795158	-1.6755968596518465	-3.2475506352044787	0.5750258304029079	-0.1415233778068357	7.66833256172823	22.65094418522984	-20.68992134335903	-5650.009097956544
4626	-5682.230633689979	-5650.009097897184	-32.22153579279562	0.9370266271343034	0.8379770461795158	-1.6755968596518465	-3.2475506352044787	0.5750258304029079	-0.1415233778068357	10.115561135785148	27.545401333343676	-22.032716995712402	-5650.009097897184
4628	-5682.228217821952	-5650.044418461701	-32.18379936025125	0.9370266271343034	0.8379770461795158	-1.6755968596518465	-3.2475506352044787	0.5750258304029079	-0.1415233778068357	10.115561135785148	27.544591020393973	-21.994980563168035	-5650.044418461701
4630	-5680.477539557103	-5650.044418461701	-30.433121095402242	0.9370266271343034	0.8379770461795158	-1.6755968596518465	-3.2475506352044787	0.9640508166217687	-0.1415233778068357	10.115561135785148	27.544591020393973	-19.59050689681953	-5650.044418461701
4632	-5679.653534286598	-5648.473619043008	-31.179915243590692	0.9370266271343034	0.8379770461795158	-1.6755968596518465	-3.2475506352044787	0.9640508166217687	-0.1415233778068357	10.703386072420543	29.145233560522744	-20.33730104500798	-5648.473619043008
4634	-5679.68423844305	-5648.500108244911	-31.184130198138988	0.9370266271343034	0.8379770461795158	-1.6755968596518465	-3.2475506352044787	0.9640508166217687	-0.1415233778068357	10.703386072420543	29.147101128927556	-20.341515999556275	-5648.500108244911
4636	-5679.67497278012	-5648.4908741927065	-31.184098587413065	0.9370266271343034	0.8379770461795158	-1.6755968596518465	-3.2475506352044787	0.9640508166217687	-0.1415233778068357	10.703386072420543	29.147101128927556	-20.341484388830352	-5648.4908741927065
4638	-5679.454870644051	-5648.331732005252	-31.123138638798952	0.9370266271343034	0.8379770461795158	-1.6755968596518465	-3.2475506352044787	0.9640508166217687	-0.1415233778068357	10.703386072420543	29.10648885721157	-20.28052444021624	-5648.331732005252
4640	-5679.454870644051	-5648.331732005252	-31.123138638798952	0.9370266271343034	0.8379770461795158	-1.6755968596518465	-3.2475506352044787	0.9640508166217687	-0.1415233778068357	10.703386072420543	29.10648885721157	-20.28052444021624	-5648.331732005252
4642	-5679.49477335705	-5648.438969823717	-31.05580353333227	0.9370266271343034	0.8379770461795158	-1.6755968596518465	-3.2475506352044787	0.9640508166217687	-0.1415233778068357	10.703386072420543	29.105168064439507	-20.213189334749558	-5648.438969823717
4644	-5679.63232612552	-5648.619629859	-31.01269626651988	0.9370266271343034	0.8379770461795158	-1.6755968596518465	-3.2475506352044787	0.9640508166217687	-0.1415233778068357	10.703386072420543	29.076705893890033	-20.17008206793717	-5648.619629859
4646	-5679.63232612552	-5648.619629859	-31.01269626651988	0.9370266271343034	0.8379770461795158	-1.6755968596518465	-3.2475506352044787	0.9640508166217687	-0.1415233778068357	10.703386072420543	29.076705893890033	-20.17008206793717	-5648.619629859
4648	-5679.749429685788	-5648.619629859012	-31.12979982677541	0.9370266271343034	0.8379770461795158	-1.6755968596518465	-3.2475506352044787	0.9640508166217687	-0.1415233778068357	11.014657739647873	29.699249228344694	-20.2871856281927	-5648.619629859012
4650	-5680.177529663797	-5648.335124147248	-31.842405516549082	0.9370266271343034	0.8379770461795158	-1.6755968596518465	-3.2475506352044787	0.9640508166217687	-0.1415233778068357	11.591385149874561	31.25430173183608	-20.99979131796637	-5648.335124147248
4652	-5678.346720846063	-5648.335123568436	-30.011597277627434	0.9370266271343034	0.8379770461795158	-1.6755968596518465	-3.2475506352044787	0.9640508166217687	-0.1415233778068357	6.732447200692032	21.53642583347102	-19.16898307904472	-5648.335123568436
4654	-5678.290330802093	-5649.105380243796	-29.184950558296936	0.9370266271343034	0.8379770461795158	-1.6755968596518465	-3.2475506352044787	0.9640508166217687	-0.1415233778068357	6.286389063623302	20.109530426788965	-18.342336359714224	-5649.105380243796
4656	-5678.290330802093	-5649.105380243796	-29.184950558296936	0.9370266271343034	0.8379770461795158	-1.6755968596518465	-3.2475506352044787	0.9640508166217687	-0.1415233778068357	6.286389063623302	20.109530426788965	-18.342336359714224	-5649.105380243796
4658	-5678.334016090383	-5649.105528076893	-29.22848801348979	0.9370266271343034	0.8379770461795158	-1.6755968596518465	-3.2475506352044787	0.9640508166217687	-0.1415233778068357	6.286389063623302	20.16727330857171	-18.38587381490708	-5649.105528076893
4660	-5678.334207243304	-5648.978401298886	-29.355805944418435	0.9370266271343034	0.8379770461795158	-1.6755968596518465	-3.2475506352044787	0.9640508166217687	-0.1415233778068357	6.286389063623302	20.238327936511258	-18.513191745835723	-5648.978401298886
4662	-5678.3590610556275	-5648.904620226351	-29.454440829276823	0.9370266271343034	0.8379770461795158	-1.6755968596518465	-3.2475506352044787	0.9640508166217687	-0.1415233778068357	6.5586522142381245	20.78039166258791	-18.61182663069411	-5648.904620226351
4664	-5678.3590610556275	-5648.904620226351	-29.454440829276823	0.9370266271343034	0.8379770461795158	-1.6755968596518465	-3.2475506352044787	0.9640508166217687	-0.1415233778068357	6.5586522142381245	20.78039166258791	-18.61182663069411	-5648.904620226351
4666	-5678.908672433253	-5648.968334344537	-29.94033808871613	0.9370266271343034	0.8379770461795158	-1.6755968596518465	-3.2475506352044787	0.9640508166217687	-0.1415233778068357	6.5586522142381245	21.21042108690131	-19.097723890133416	-5648.968334344537
4668	-5678.870370492221	-5648.968229285829	-29.902141206391853	0.9370266271343034	0.8379770461795158	-1.6755968596518465	-3.2475506352044787	0.9640508166217687	-0.1415233778068357	6.5586522142381245	21.160018260108952	-19.05952700780914	-5648.968229285829
4670	-5679.500514982304	-5648.481682411657	-31.01883257064716	0.9370266271343034	0.8379770461795158	-1.6755968596518465	-3.2475506352044787	0.9640508166217687	-0.1415233778068357	7.15215437954954	23.074819692656416	-20.176218372064447	-5648.481682411657
4672	-5679.518367371152	-5648.499881579952	-31.018485791199744	0.9370266271343034	0.8379770461795158	-1.6755968596518465	-3.2475506352044787	0.9640508166217687	-0.1415233778068357	7.15215437954954	23.074819692656416	-20.175871592617032	-5648.499881579952
4674	-5679.518367371152	-5648.499881579952	-31.018485791199744	0.9370266271343034	0.8379770461795158	-1.6755968596518465	-3.2475506352044787	0.9640508166217687	-0.1415233778068357	7.15215437954954	23.074819692656416	-20.175871592617032	-5648.499881579952
4676	-5679.518367371152	-5648.499881579952	-31.018485791199744	0.9370266271343034	0.8379770461795158	-1.6755968596518465	-3.2475506352044787	0.9640508166217687	-0.1415233778068357	7.15215437954954	23.074819692656416	-20.175871592617032	-5648.499881579952
4678	-5679.641882407482	-5648.499881579952	-31.14200082752975	0.9370266271343034	0.8379770461795158	-1.6755968596518465	-3.2475506352044787	0.9640508166217687	-0.2481060923823704	7.15215437954954	23.074819692656416	-20.175871592617032	-5648.499881579952
4680	-5679.641882407482	-5648.499881579952	-31.14200082752975	0.9370266271343034	0.8379770461795158	-1.6755968596518465	-3.2475506352044787	0.9640508166217687	-0.2481060923823704	7.15215437954954	23.074819692656416	-20.175871592617032	-5648.499881579952
4682	-5679.619590646741	-5648.510344234785	-31.10924641195606	0.9370266271343034	0.8379770461795158	-1.6755968596518465	-3.2475506352044787	0.9640508166217687	-0.2481060923823704	7.15215437954954	23.05298882174278	-20.143117177043344	-5648.510344234785
4684	-5679.619590646741	-5648.510344234785	-31.10924641195606	0.9370266271343034	0.8379770461795158	-1.6755968596518465	-3.2475506352044787	0.9640508166217687	-0.2481060923823704	7.15215437954954	23.05298882174278	-20.143117177043344	-5648.510344234785
4686	-5679.241145681612	-5648.098221903859	-31.14292377775274	0.9370266271343034	0.8379770461795158	-1.6755968596518465	-3.2475506352044787	0.9640508166217687	-0.2481060923823704	7.15215437954954	23.06590205942976	-20.17679454284002	-5648.098221903859
4688	-5679.011203655918	-5647.877611947405	-31.133591708512895	0.9370266271343034	0.8379770461795158	-1.6755968596518465	-3.2475506352044787	0.9640508166217687	-0.2481060923823704	7.15215437954954	23.0609792086099	-20.167462473600178	-5647.877611947405
4690	-5678.8473469088985	-5647.877611947405	-30.96973496149323	0.9370266271343034	0.8379770461795158	-1.6755968596518465	-3.2475506352044787	0.9640508166217687	-0.10441110502408034	7.15215437954954	23.0609792086099	-20.167462473600178	-5647.877611947405
4692	-5677.987679061002	-5648.057304410354	-29.930374650648275	0.9370266271343034	0.8379770461795158	-1.6755968596518465	-3.2475506352044787	0.9640508166217687	-0.10441110502408034	6.598643714421726	21.27627249467844	-19.128102162755223	-5648.057304410354
4694	-5677.987679061002	-5648.057304410354	-29.930374650648275	0.9370266271343034	0.8379770461795158	-1.6755968596518465	-3.2475506352044787	0.9640508166217687	-0.10441110502408034	6.598643714421726	21.27627249467844	-19.128102162755223	-5648.057304410354
4696	-5677.987679061002	-5648.057304410354	-29.930374650648275	0.9370266271343034	0.8379770461795158	-1.6755968596518465	-3.2475506352044787	0.9640508166217687	-0.10441110502408034	6.598643714421726	21.27627249467844	-19.128102162755223	-5648.057304410354
4698	-5677.987679061002	-5648.057304410354	-29.930374650648275	0.9370266271343034	0.8379770461795158	-1.6755968596518465	-3.2475506352044787	0.9640508166217687	-0.10441110502408034	6.598643714421726	21.27627249467844	-19.128102162755223	-5648.057304410354
4700	-5677.640137646335	-5648.057304410354	-29.582833235980885	0.5534643716766457	0.8379770461795158	-1.6755968596518465	-3.2475506352044787	0.9640508166217687	-0.10441110502408034	6.598643714421726	21.27627249467844	-19.134220026682573	-5648.057304410354
4702	-5677.7567683601765	-5648.057304911106	-29.69946344907035	0.5534643716766457	0.8379770461795158	-1.6755968596518465	-3.2475506352044787	0.9640508166217687	-0.10441110502408034	6.907265863539314	21.89351679291362	-19.25085023977204	-5648.057304911106
4704	-5677.804685849714	-5648.055724652888	-29.748961196825828	0.5534643716766457	0.8379770461795158	-1.6755968596518465	-3.2475506352044787	0.9640508166217687	-0.10441110502408034	6.907265863539314	21.937225644382	-19.300347987527516	-5648.055724652888
4706	-5678.584109674269	-5648.055725042605	-30.52838463166381	0.3438520748120929	0.8379770461795158	-1.6755968596518465	-3.2475506352044787	0.9640508166217687	-0.10441110502408034	9.163001303836896	26.448696524977166	-20.160902820011604	-5648.055725042605
4708	-5678.470019338939	-5648.055725042605	-30.414294296333367	0.3438520748120929	0.5097524675349336	-1.6755968596518465	-3.2475506352044787	0.9640508166217687	-0.10441110502408034	9.163001303836896	26.448696524977166	-20.332477346192043	-5648.055725042605
4710	-5678.44248754504	-5648.028108712844	-30.41437883219639	0.3438520748120929	0.5097524675349336	-1.6755968596518465	-3.2475506352044787	0.9640508166217687	-0.10441110502408034	9.163001303836896	26.448696524977166	-20.332561882055067	-5648.028108712844
4712	-5678.44248754504	-5648.028108712844	-30.41437883219639	0.3438520748120929	0.5097524675349336	-1.6755968596518465	-3.2475506352044787	0.9640508166217687	-0.10441110502408034	9.163001303836896	26.448696524977166	-20.332561882055067	-5648.028108712844
4714	-5678.44248754504	-5648.028108712844	-30.41437883219639	0.3438520748120929	0.5097524675349336	-1.6755968596518465	-3.2475506352044787	0.9640508166217687	-0.10441110502408034	9.163001303836896	26.448696524977166	-20.332561882055067	-5648.028108712844
4716	-5678.44248754504	-5648.028108712844	-30.41437883219639	0.3438520748120929	0.5097524675349336	-1.6755968596518465	-3.2475506352044787	0.9640508166217687	-0.10441110502408034	9.163001303836896	26.448696524977166	-20.332561882055067	-5648.028108712844
4718	-5678.530826228542	-5648.028108712844	-30.50271751569759	0.5784388120130077	0.5097524675349336	-1.6755968596518465	-3.2475506352044787	0.9640508166217687	-0.10441110502408034	9.163001303836896	26.448696524977166	-20.32076845010586	-5648.028108712844
4720	-5678.530826228542	-5648.028108712844	-30.50271751569759	0.5784388120130077	0.5097524675349336	-1.6755968596518465	-3.2475506352044787	0.9640508166217687	-0.10441110502408034	9.163001303836896	26.448696524977166	-20.32076845010586	-5648.028108712844
4722	-5678.530826228542	-5648.028108712844	-30.50271751569759	0.5784388120130077	0.5097524675349336	-1.6755968596518465	-3.2475506352044787	0.9640508166217687	-0.10441110502408034	9.163001303836896	26.448696524977166	-20.32076845010586	-5648.028108712844
4724	-5678.544257271799	-5648.080431144233	-30.46382612756564	0.5784388120130077	0.5097524675349336	-1.6755968596518465	-3.2475506352044787	0.9640508166217687	-0.10441110502408034	9.163001303836896	26.44771971473245	-20.281877061973905	-5648.080431144233
4726	-5678.550271531592	-5648.089220443249	-30.461051088343318	0.5784388120130077	0.5097524675349336	-1.6755968596518465	-3.2475506352044787	0.9640508166217687	-0.10441110502408034	9.163001303836896	26.447964215741276	-20.279102022751584	-5648.089220443249
4728	-5678.550271531592	-5648.089220443249	-30.461051088343318	0.5784388120130077	0.5097524675349336	-1.6755968596518465	-3.2475506352044787	0.9640508166217687	-0.10441110502408034	9.163001303836896	26.447964215741276	-20.279102022751584	-5648.089220443249
4730	-5678.550271531592	-5648.089220443249	-30.461051088343318	0.5784388120130077	0.5097524675349336	-1.6755968596518465	-3.2475506352044787	0.9640508166217687	-0.10441110502408034	9.163001303836896	26.447964215741276	-20.279102022751584	-5648.089220443249
4732	-5678.577595790482	-5648.116697472985	-30.46089831749635	0.5784388120130077	0.5097524675349336	-1.6755968596518465	-3.2475506352044787	0.9640508166217687	-0.10441110502408034	9.163001303836896	26.44796421574128	-20.278949251904617	-5648.116697472985
4734	-5678.107135304055	-5647.584496896836	-30.522638407219354	0.5784388120130077	0.5097524675349336	-1.6755968596518465	-3.2475506352044787	0.9640508166217687	-0.10441110502408034	9.163001303836896	26.490503463245965	-20.34068934162762	-5647.584496896836
4736	-5678.107135304055	-5647.584496896836	-30.522638407219354	0.5784388120130077	0.5097524675349336	-1.6755968596518465	-3.2475506352044787	0.9640508166217687	-0.10441110502408034	9.163001303836896	26.490503463245965	-20.34068934162762	-5647.584496896836
4738	-5678.107135304055	-5647.584496896836	-30.522638407219354	0.5784388120130077	0.5097524675349336	-1.6755968596518465	-3.2475506352044787	0.9640508166217687	-0.10441110502408034	9.163001303836896	26.490503463245965	-20.34068934162762	-5647.584496896836
4740	-5678.107135304055	-5647.584496896836	-30.522638407219354	0.5784388120130077	0.5097524675349336	-1.6755968596518465	-3.2475506352044787	0.9640508166217687	-0.10441110502408034	9.163001303836896	26.490503463245965	-20.34068934162762	-5647.584496896836
4742	-5678.107135304055	-5647.584496896836	-30.522638407219354	0.5784388120130077	0.5097524675349336	-1.6755968596518465	-3.2475506352044787	0.9640508166217687	-0.10441110502408034	9.163001303836896	26.490503463245965	-20.34068934162762	-5647.584496896836
4744	-5678.471563866878	-5647.294770440732	-31.176793426146283	0.5784388120130077	0.5097524675349336	-1.6755968596518465	-3.2475506352044787	0.9640508166217687	-0.10441110502408034	9.610859164325952	27.78583914970635	-20.99484436055455	-5647.294770440732
4746	-5679.606845061265	-5647.294770440732	-32.31207462053359	0.5784388120130077	0.5097524675349336	-2.569263427409315	-3.2475506352044787	0.9640508166217687	-0.10441110502408034	9.610859164325952	27.78583914970635	-21.238863261375705	-5647.294770440732
4748	-5679.756845372359	-5647.2803597748525	-32.47648559750595	0.5784388120130077	0.5097524675349336	-2.569263427409315	-3.2475506352044787	0.9640508166217687	-0.10441110502408034	10.042991302487442	28.650103426029332	-21.403274238348057	-5647.2803597748525
4750	-5677.6175577890135	-5647.265674627174	-30.35188316183983	0.5784388120130077	0.5097524675349336	-2.569263427409315	-3.2475506352044787	0.9640508166217687	-0.10441110502408034	4.541636633364935	17.62602541745268	-19.278671802681938	-5647.265674627174
4752	-5677.6175577890135	-5647.265674627174	-30.35188316183983	0.5784388120130077	0.5097524675349336	-2.569263427409315	-3.2475506352044787	0.9640508166217687	-0.10441110502408034	4.541636633364935	17.62602541745268	-19.278671802681938	-5647.265674627174
4754	-5677.5835614879115	-5647.264832610428	-30.31872887748309	0.5784388120130077	0.5097524675349336	-2.569263427409315	-3.2475506352044787	0.9640508166217687	-0.10441110502408034	4.541636633364935	17.597191241626028	-19.245517518325197	-5647.264832610428
4756	-5677.5835614879115	-5647.264832610428	-30.31872887748309	0.5784388120130077	0.5097524675349336	-2.569263427409315	-3.2475506352044787	0.9640508166217687	-0.10441110502408034	4.541636633364935	17.597191241626028	-19.245517518325197	-5647.264832610428
4758	-5677.587583595386	-5647.268887250721	-30.318696344665028	0.5784388120130077	0.5097524675349336	-2.569263427409315	-3.2475506352044787	0.9640508166217687	-0.10441110502408034	4.541636633364935	17.597191241626028	-19.245484985507137	-5647.268887250721
4760	-5677.587583595386	-5647.268887250721	-30.318696344665028	0.5784388120130077	0.5097524675349336	-2.569263427409315	-3.2475506352044787	0.9640508166217687	-0.10441110502408034	4.541636633364935	17.597191241626028	-19.245484985507137	-5647.268887250721
4762	-5678.73473739676	-5647.268887250721	-31.46585014603879	0.5784388120130077	1.4648624732157658	-2.569263427409315	-3.2475506352044787	0.9640508166217687	-0.10441110502408034	4.541636633364935	17.597191241626028	-19.491199979605	-5647.268887250721
4764	-5678.73473739676	-5647.268887250721	-31.46585014603879	0.5784388120130077	1.4648624732157658	-2.569263427409315	-3.2475506352044787	0.9640508166217687	-0.10441110502408034	4.541636633364935	17.597191241626028	-19.491199979605	-5647.268887250721
4766	-5678.493033727528	-5647.61095903257	-30.88207469495893	0.5784388120130077	1.4648624732157658	-2.569263427409315	-3.2475506352044787	0.9640508166217687	-0.10441110502408034	4.346856311149497	16.842488288300792	-18.90742452852514	-5647.61095903257
4768	-5678.493033727528	-5647.61095903257	-30.88207469495893	0.5784388120130077	1.4648624732157658	-2.569263427409315	-3.2475506352044787	0.9640508166217687	-0.10441110502408034	4.346856311149497	16.842488288300792	-18.90742452852514	-5647.61095903257
4770	-5678.493033727528	-5647.61095903257	-30.88207469495893	0.5784388120130077	1.4648624732157658	-2.569263427409315	-3.2475506352044787	0.9640508166217687	-0.10441110502408034	4.346856311149497	16.842488288300792	-18.90742452852514	-5647.61095903257
4772	-5679.913391896414	-5647.938654998161	-31.97473689825388	0.5784388120130077	1.4648624732157658	-2.569263427409315	-3.2475506352044787	0.9640508166217687	-0.10441110502408034	4.710991254635626	18.25337884506833	-20.00008673182009	-5647.938654998161
4774	-5679.918048585301	-5647.935792888652	-31.98225569664899	0.5784388120130077	1.4648624732157658	-2.569263427409315	-3.2475506352044787	0.9640508166217687	-0.10441110502408034	4.710991254635626	18.263251672084692	-20.0076055302152	-5647.935792888652
4776	-5679.918048585301	-5647.935792888652	-31.98225569664899	0.5784388120130077	1.4648624732157658	-2.569263427409315	-3.2475506352044787	0.9640508166217687	-0.10441110502408034	4.710991254635626	18.263251672084692	-20.0076055302152	-5647.935792888652
4778	-5679.918048585301	-5647.935792888652	-31.98225569664899	0.5784388120130077	1.4648624732157658	-2.569263427409315	-3.2475506352044787	0.9640508166217687	-0.10441110502408034	4.710991254635626	18.263251672084692	-20.0076055302152	-5647.935792888652
4780	-5679.918048585301	-5647.935792888652	-31.98225569664899	0.5784388120130077	1.4648624732157658	-2.569263427409315	-3.2475506352044787	0.9640508166217687	-0.10441110502408034	4.710991254635626	18.263251672084692	-20.0076055302152	-5647.935792888652
4782	-5679.918048585301	-5647.935792888652	-31.98225569664899	0.5784388120130077	1.4648624732157658	-2.569263427409315	-3.2475506352044787	0.9640508166217687	-0.10441110502408034	4.710991254635626	18.263251672084692	-20.0076055302152	-5647.935792888652
4784	-5679.918048585301	-5647.935792888652	-31.98225569664899	0.5784388120130077	1.4648624732157658	-2.569263427409315	-3.2475506352044787	0.9640508166217687	-0.10441110502408034	4.710991254635626	18.263251672084692	-20.0076055302152	-5647.935792888652
4786	-5681.660821258157	-5648.579990381258	-33.08083087689932	1.662446880323433	1.4648624732157658	-2.569263427409315	-3.2475506352044787	0.9640508166217687	-0.10441110502408034	4.710991254635626	18.30057444944881	-20.07112372502489	-5648.579990381258
4788	-5681.660821258157	-5648.579990381258	-33.08083087689932	1.662446880323433	1.4648624732157658	-2.569263427409315	-3.2475506352044787	0.9640508166217687	-0.10441110502408034	4.710991254635626	18.30057444944881	-20.07112372502489	-5648.579990381258
4790	-5681.660821258157	-5648.579990381258	-33.08083087689932	1.662446880323433	1.4648624732157658	-2.569263427409315	-3.2475506352044787	0.9640508166217687	-0.10441110502408034	4.710991254635626	18.30057444944881	-20.07112372502489	-5648.579990381258
4792	-5681.59334163958	-5648.579990381258	-33.013351258322544	1.662446880323433	1.4648624732157658	-2.569263427409315	-3.2475506352044787	0.9640508166217687	-0.03926949158174438	4.710991254635626	18.30057444944881	-20.07112372502489	-5648.579990381258
4794	-5681.59334163958	-5648.579990381258	-33.013351258322544	1.662446880323433	1.4648624732157658	-2.569263427409315	-3.2475506352044787	0.9640508166217687	-0.03926949158174438	4.710991254635626	18.30057444944881	-20.07112372502489	-5648.579990381258
4796	-5681.626601753668	-5648.575369370003	-33.0512323836659	1.662446880323433	1.4648624732157658	-2.569263427409315	-3.2475506352044787	0.9640508166217687	-0.0761996613175917	4.710991254635626	18.30057444944881	-20.071270142368505	-5648.575369370003
4798	-5681.614456412804	-5648.575346822561	-33.039109590243235	1.662446880323433	1.4648624732157658	-2.569263427409315	-3.2475506352044787	0.9640508166217687	-0.0761996613175917	4.710991254635626	18.2847518829112	-20.059147348945842	-5648.575346822561
4800	-5679.416086805417	-5647.450948023301	-31.96513878211575	1.662446880323433	1.4648624732157658	-2.569263427409315	-3.2475506352044787	0.9640508166217687	-0.0761996613175917	4.353886100273899	16.898721047641068	-18.985176540818358	-5647.450948023301
4802	-5679.102138660878	-5647.4482702232735	-31.65386843760468	1.662446880323433	1.4648624732157658	-2.569263427409315	-3.2475506352044787	0.9640508166217687	-0.0761996613175917	3.534646247847282	15.260241342787836	-18.673906196307286	-5647.4482702232735
4804	-5679.240933466033	-5647.4393255055775	-31.801607960455506	1.662446880323433	1.4648624732157658	-2.569263427409315	-3.2475506352044787	0.9640508166217687	-0.0761996613175917	3.534646247847282	15.2615521693747	-18.821645719158113	-5647.4393255055775
4806	-5679.119155369163	-5647.2642375510795	-31.854917818083944	1.662446880323433	1.4648624732157658	-2.569263427409315	-3.2475506352044787	0.9640508166217687	-0.0761996613175917	3.534646247847282	15.296729864785569	-18.87495557678655	-5647.2642375510795
4808	-5678.830858259355	-5647.011280025777	-31.81957823357844	1.662446880323433	1.4648624732157658	-2.569263427409315	-3.2475506352044787	0.9640508166217687	-0.0761996613175917	3.534646247847282	15.261726251625664	-18.839615992281047	-5647.011280025777
4810	-5678.830858259355	-5647.011280025777	-31.81957823357844	1.662446880323433	1.4648624732157658	-2.569263427409315	-3.2475506352044787	0.9640508166217687	-0.0761996613175917	3.534646247847282	15.261726251625664	-18.839615992281047	-5647.011280025777
4812	-5678.830858259355	-5647.011280025777	-31.81957823357844	1.662446880323433	1.4648624732157658	-2.569263427409315	-3.2475506352044787	0.9640508166217687	-0.0761996613175917	3.534646247847282	15.261726251625664	-18.839615992281047	-5647.011280025777
4814	-5679.541273204129	-5647.645699452544	-31.895573751584536	1.662446880323433	1.4648624732157658	-2.569263427409315	-3.2475506352044787	0.9640508166217687	-0.0761996613175917	3.534646247847282	15.30185863306069	-18.915611510287142	-5647.645699452544
4816	-5678.764676631042	-5646.975380651915	-31.789295979126724	1.662446880323433	1.4648624732157658	-2.569263427409315	-3.2475506352044787	0.9640508166217687	-0.0761996613175917	3.534646247847282	15.246091424812512	-18.80933373782933	-5646.975380651915
4818	-5678.764676631042	-5646.975380651915	-31.789295979126724	1.662446880323433	1.4648624732157658	-2.569263427409315	-3.2475506352044787	0.9640508166217687	-0.0761996613175917	3.534646247847282	15.246091424812512	-18.80933373782933	-5646.975380651915
4820	-5678.949919638681	-5646.977597179505	-31.972322459176596	1.662446880323433	1.4648624732157658	-2.569263427409315	-3.2475506352044787	0.9640508166217687	-0.0761996613175917	4.015899259277652	16.20859744767325	-18.992360217879202	-5646.977597179505
4822	-5679.240650426482	-5647.2206172175165	-32.02003320896567	1.662446880323433	1.4648624732157658	-2.569263427409315	-3.2475506352044787	0.9640508166217687	-0.0761996613175917	4.015899259277652	16.22929390903649	-19.04007096766828	-5647.2206172175165
4824	-5679.238613887126	-5647.222487033532	-32.01612685359375	1.662446880323433	1.4648624732157658	-2.569263427409315	-3.2475506352044787	0.9640508166217687	-0.042145066271454784	4.015899259277652	16.256067523417805	-19.07101006334725	-5647.222487033532
4826	-5679.238613887126	-5647.222487033532	-32.01612685359375	1.662446880323433	1.4648624732157658	-2.569263427409315	-3.2475506352044787	0.9640508166217687	-0.042145066271454784	4.015899259277652	16.256067523417805	-19.07101006334725	-5647.222487033532
4828	-5679.238613887126	-5647.222487033532	-32.01612685359375	1.662446880323433	1.4648624732157658	-2.569263427409315	-3.2475506352044787	0.9640508166217687	-0.042145066271454784	4.015899259277652	16.256067523417805	-19.07101006334725	-5647.222487033532
4830	-5679.292568156536	-5647.269685453204	-32.0228827033313	1.662446880323433	1.4648624732157658	-2.569263427409315	-3.2475506352044787	0.9640508166217687	-0.042145066271454784	4.015899259277652	16.258618605556663	-19.077765913084804	-5647.269685453204
4832	-5679.292568156536	-5647.269685453204	-32.0228827033313	1.662446880323433	1.4648624732157658	-2.569263427409315	-3.2475506352044787	0.9640508166217687	-0.042145066271454784	4.015899259277652	16.258618605556663	-19.077765913084804	-5647.269685453204
4834	-5678.726707987597	-5647.585841323311	-31.1408666642866	1.662446880323433	0.8877096507809196	-2.569263427409315	-3.2475506352044787	0.9640508166217687	-0.042145066271454784	4.015899259277652	16.22988561511222	-18.762399002981365	-5647.585841323311
4836	-5678.726707987597	-5647.585841323311	-31.1408666642866	1.662446880323433	0.8877096507809196	-2.569263427409315	-3.2475506352044787	0.9640508166217687	-0.042145066271454784	4.015899259277652	16.22988561511222	-18.762399002981365	-5647.585841323311
4838	-5680.324101482043	-5647.585841323311	-32.73826015873244	1.662446880323433	1.9853649975361634	-2.569263427409315	-3.2475506352044787	0.9640508166217687	-0.042145066271454784	4.015899259277652	16.22988561511222	-19.326810102551086	-5647.585841323311
4840	-5680.324101482043	-5647.585841323311	-32.73826015873244	1.662446880323433	1.9853649975361634	-2.569263427409315	-3.2475506352044787	0.9640508166217687	-0.042145066271454784	4.015899259277652	16.22988561511222	-19.326810102551086	-5647.585841323311
4842	-5680.27388437471	-5647.541820897774	-32.73206347693586	1.662446880323433	1.9853649975361634	-2.569263427409315	-3.2475506352044787	0.9640508166217687	-0.042145066271454784	4.015899259277652	16.22756810274809	-19.320613420754512	-5647.541820897774
4844	-5680.248241353289	-5647.541820897774	-32.70642045551451	1.662446880323433	1.9853649975361634	-2.569263427409315	-3.2475506352044787	0.9640508166217687	-0.016328758802244773	4.015899259277652	16.22756810274809	-19.320613420754512	-5647.541820897774
4846	-5680.248241353289	-5647.541820897774	-32.70642045551451	1.662446880323433	1.9853649975361634	-2.569263427409315	-3.2475506352044787	0.9640508166217687	-0.016328758802244773	4.015899259277652	16.22756810274809	-19.320613420754512	-5647.541820897774
4848	-5680.147934805792	-5647.54096134606	-32.606973459732565	1.662446880323433	1.9853649975361634	-2.569263427409315	-3.2475506352044787	0.9640508166217687	-0.016328758802244773	3.754432742043806	15.7046350682804	-19.221166424972566	-5647.54096134606
4850	-5680.25283553843	-5647.541845895115	-32.71098964331471	1.662446880323433	1.9853649975361634	-2.569263427409315	-3.2475506352044787	0.9640508166217687	-0.016328758802244773	4.027026576988543	16.249822738169875	-19.325182608554712	-5647.541845895115
4852	-5680.25283553843	-5647.541845895115	-32.71098964331471	1.662446880323433	1.9853649975361634	-2.569263427409315	-3.2475506352044787	0.9640508166217687	-0.016328758802244773	4.027026576988543	16.249822738169875	-19.325182608554712	-5647.541845895115
4854	-5681.124120452425	-5647.541845895115	-33.58227455730966	2.7467630009146538	1.9853649975361634	-2.569263427409315	-3.2475506352044787	0.9640508166217687	-0.006743062157501749	4.027026576988543	16.249822738169875	-19.32238880316268	-5647.541845895115
4856	-5682.009999162469	-5647.56828190969	-34.44171725277924	2.7467630009146538	1.9853649975361634	-2.569263427409315	-3.2475506352044787	0.9640508166217687	-0.006743062157501749	4.027026576988543	17.14467149495158	-20.18183149863226	-5647.56828190969
4858	-5681.70673049285	-5647.300832283496	-34.40589820935355	2.7467630009146538	1.9853649975361634	-2.569263427409315	-3.2475506352044787	0.9640508166217687	-0.006743062157501749	4.027026576988543	17.128992438244317	-20.146012455206574	-5647.300832283496
4860	-5681.70673049285	-5647.300832283496	-34.40589820935355	2.7467630009146538	1.9853649975361634	-2.569263427409315	-3.2475506352044787	0.9640508166217687	-0.006743062157501749	4.027026576988543	17.128992438244317	-20.146012455206574	-5647.300832283496
4862	-5681.70673049285	-5647.300832283496	-34.40589820935355	2.7467630009146538	1.9853649975361634	-2.569263427409315	-3.2475506352044787	0.9640508166217687	-0.006743062157501749	4.027026576988543	17.128992438244317	-20.146012455206574	-5647.300832283496
4864	-5681.714224659689	-5647.300832283496	-34.41339237619299	2.7467630009146538	1.9853649975361634	-2.569263427409315	-3.2475506352044787	0.9640508166217687	-0.014432238292399282	4.027026576988543	17.128992438244317	-20.146012455206574	-5647.300832283496
4866	-5681.714224659689	-5647.300832283496	-34.41339237619299	2.7467630009146538	1.9853649975361634	-2.569263427409315	-3.2475506352044787	0.9640508166217687	-0.014432238292399282	4.027026576988543	17.128992438244317	-20.146012455206574	-5647.300832283496
4868	-5684.47532854996	-5648.777761140814	-35.69756740914595	2.7467630009146538	1.9853649975361634	-2.569263427409315	-3.2475506352044787	0.9640508166217687	-0.014432238292399282	4.400902527651913	18.719277033918218	-21.430187488159536	-5648.777761140814
4870	-5684.454754165807	-5648.777723009317	-35.67703115648985	2.7467630009146538	1.9853649975361634	-2.569263427409315	-3.2475506352044787	0.9640508166217687	-0.014432238292399282	4.400902527651913	18.692276107510324	-21.409651235503443	-5648.777723009317
4872	-5684.440381690861	-5648.777694304553	-35.66268738630765	2.7467630009146538	1.9853649975361634	-2.569263427409315	-3.2475506352044787	0.9640508166217687	-0.014432238292399282	4.400902527651913	18.673163465134586	-21.39530746532124	-5648.777694304553
4874	-5684.533049286966	-5648.77740355941	-35.75564572755552	2.7467630009146538	1.9853649975361634	-2.569263427409315	-3.2475506352044787	0.9640508166217687	-0.014432238292399282	4.400902527651913	18.754661175456206	-21.48826580656911	-5648.77740355941
4876	-5684.540408469689	-5648.778792982865	-35.761615486824894	2.7467630009146538	1.9853649975361634	-2.569263427409315	-3.2475506352044787	0.9640508166217687	-0.014432238292399282	4.400902527651913	18.758511686511437	-21.49423556583848	-5648.778792982865
4878	-5684.540408469689	-5648.778792982865	-35.761615486824894	2.7467630009146538	1.9853649975361634	-2.569263427409315	-3.2475506352044787	0.9640508166217687	-0.014432238292399282	4.400902527651913	18.758511686511437	-21.49423556583848	-5648.778792982865
4880	-5684.6105344693315	-5648.77861093887	-35.83192353046125	2.7467630009146538	1.9853649975361634	-2.569263427409315	-3.2475506352044787	0.9640508166217687	-0.014432238292399282	4.400902527651913	18.820196460913007	-21.564543609474846	-5648.77861093887
4882	-5682.01294522222	-5648.77861093887	-33.23433428335024	2.7467630009146538	1.2725198490715226	-1.2085971842865582	-3.2475506352044787	0.9640508166217687	-0.014432238292399282	4.400902527651913	18.820196460913007	-20.33945540086662	-5648.77861093887
4884	-5682.213631059431	-5648.97274849456	-33.24088256487047	2.7467630009146538	1.2725198490715226	-1.2085971842865582	-3.2475506352044787	0.9640508166217687	-0.014432238292399282	4.400902527651913	18.823660987845944	-20.34600368238684	-5648.97274849456
4886	-5682.213631059431	-5648.97274849456	-33.24088256487047	2.7467630009146538	1.2725198490715226	-1.2085971842865582	-3.2475506352044787	0.9640508166217687	-0.014432238292399282	4.400902527651913	18.823660987845944	-20.34600368238684	-5648.97274849456
4888	-5681.6431681043105	-5648.97274849456	-32.67041960975087	2.7467630009146538	0.6548790032932819	-1.2085971842865582	-3.2475506352044787	0.9640508166217687	-0.014432238292399282	4.400902527651913	18.823660987845944	-20.379291386762066	-5648.97274849456
4890	-5681.6431681043105	-5648.97274849456	-32.67041960975087	2.7467630009146538	0.6548790032932819	-1.2085971842865582	-3.2475506352044787	0.9640508166217687	-0.014432238292399282	4.400902527651913	18.823660987845944	-20.379291386762066	-5648.97274849456
4892	-5681.640680232796	-5648.973021367336	-32.66765886546041	2.7467630009146538	0.6548790032932819	-1.2085971842865582	-3.2475506352044787	0.9640508166217687	-0.014432238292399282	4.400902527651913	18.823660987845944	-20.376530642471607	-5648.973021367336
4894	-5681.62974205728	-5648.973019500143	-32.65672255713714	2.7467630009146538	0.6548790032932819	-1.2085971842865582	-3.2475506352044787	0.9640508166217687	-0.014432238292399282	4.400902527651913	18.808113707679002	-20.365594334148334	-5648.973019500143
4896	-5681.62974205728	-5648.973019500143	-32.65672255713714	2.7467630009146538	0.6548790032932819	-1.2085971842865582	-3.2475506352044787	0.9640508166217687	-0.014432238292399282	4.400902527651913	18.808113707679002	-20.365594334148334	-5648.973019500143
4898	-5681.62974205728	-5648.973019500143	-32.65672255713714	2.7467630009146538	0.6548790032932819	-1.2085971842865582	-3.2475506352044787	0.9640508166217687	-0.014432238292399282	4.400902527651913	18.808113707679002	-20.365594334148334	-5648.973019500143
4900	-5680.424551332624	-5648.973019500143	-31.45153183248069	1.2807874945639306	0.6548790032932819	-1.2085971842865582	-3.2475506352044787	0.9640508166217687	-0.014432238292399282	4.400902527651913	18.808113707679002	-20.403207099745597	-5648.973019500143
4902	-5680.424551332624	-5648.973019500143	-31.45153183248069	1.2807874945639306	0.6548790032932819	-1.2085971842865582	-3.2475506352044787	0.9640508166217687	-0.014432238292399282	4.400902527651913	18.808113707679002	-20.403207099745597	-5648.973019500143
4904	-5680.424551332624	-5648.973019500143	-31.45153183248069	1.2807874945639306	0.6548790032932819	-1.2085971842865582	-3.2475506352044787	0.9640508166217687	-0.014432238292399282	4.400902527651913	18.808113707679002	-20.403207099745597	-5648.973019500143
4906	-5677.611185339801	-5647.465037121749	-30.14614821805153	1.2807874945639306	0.6548790032932819	-1.2085971842865582	-3.2475506352044787	0.9640508166217687	-0.014432238292399282	3.7308405809825196	16.487944989151373	-19.097823485316436	-5647.465037121749
4908	-5677.611185339801	-5647.465037121749	-30.14614821805153	1.2807874945639306	0.6548790032932819	-1.2085971842865582	-3.2475506352044787	0.9640508166217687	-0.014432238292399282	3.7308405809825196	16.487944989151373	-19.097823485316436	-5647.465037121749
4910	-5677.611185339801	-5647.465037121749	-30.14614821805153	1.2807874945639306	0.6548790032932819	-1.2085971842865582	-3.2475506352044787	0.9640508166217687	-0.014432238292399282	3.7308405809825196	16.487944989151373	-19.097823485316436	-5647.465037121749
4912	-5677.611185339801	-5647.465037121749	-30.14614821805153	1.2807874945639306	0.6548790032932819	-1.2085971842865582	-3.2475506352044787	0.9640508166217687	-0.014432238292399282	3.7308405809825196	16.487944989151373	-19.097823485316436	-5647.465037121749
4914	-5677.61030246209	-5647.468442280445	-30.14186018164507	1.2807874945639306	0.6548790032932819	-1.2085971842865582	-3.2475506352044787	0.9640508166217687	-0.014432238292399282	3.7308405809825196	16.486100730939608	-19.093535448909982	-5647.468442280445
4916	-5677.61030246209	-5647.468442280445	-30.14186018164507	1.2807874945639306	0.6548790032932819	-1.2085971842865582	-3.2475506352044787	0.9640508166217687	-0.014432238292399282	3.7308405809825196	16.486100730939608	-19.093535448909982	-5647.468442280445
4918	-5677.61030246209	-5647.468442280445	-30.14186018164507	1.2807874945639306	0.6548790032932819	-1.2085971842865582	-3.2475506352044787	0.9640508166217687	-0.014432238292399282	3.7308405809825196	16.486100730939608	-19.093535448909982	-5647.468442280445
4920	-5677.713909352345	-5647.469350618466	-30.244558733878932	1.2807874945639306	0.6548790032932819	-1.2085971842865582	-3.2475506352044787	0.9640508166217687	-0.014432238292399282	3.989727078781152	17.00387372653687	-19.196234001143843	-5647.469350618466
4922	-5677.713909352345	-5647.469350618466	-30.244558733878932	1.2807874945639306	0.6548790032932819	-1.2085971842865582	-3.2475506352044787	0.9640508166217687	-0.014432238292399282	3.989727078781152	17.00387372653687	-19.196234001143843	-5647.469350618466
4924	-5677.713909352345	-5647.469350618466	-30.244558733878932	1.2807874945639306	0.6548790032932819	-1.2085971842865582	-3.2475506352044787	0.9640508166217687	-0.014432238292399282	3.989727078781152	17.00387372653687	-19.196234001143843	-5647.469350618466
4926	-5677.713909352345	-5647.469350618466	-30.244558733878932	1.2807874945639306	0.6548790032932819	-1.2085971842865582	-3.2475506352044787	0.9640508166217687	-0.014432238292399282	3.989727078781152	17.00387372653687	-19.196234001143843	-5647.469350618466
4928	-5677.717672060598	-5647.467809711576	-30.249862349021598	1.2807874945639306	0.6548790032932819	-1.2085971842865582	-3.2475506352044787	0.9640508166217687	-0.014432238292399282	3.989727078781152	17.00387372653687	-19.201537616286505	-5647.467809711576
4930	-5677.710849523071	-5647.466099905672	-30.24474961739918	1.2807874945639306	0.6548790032932819	-1.2085971842865582	-3.2475506352044787	0.9640508166217687	-0.014432238292399282	3.989727078781152	17.00387372653687	-19.196424884664086	-5647.466099905672
4932	-5677.710849523071	-5647.466099905672	-30.24474961739918	1.2807874945639306	0.6548790032932819	-1.2085971842865582	-3.2475506352044787	0.9640508166217687	-0.014432238292399282	3.989727078781152	17.00387372653687	-19.196424884664086	-5647.466099905672
4934	-5677.755377481268	-5647.578994370392	-30.176383110875143	1.2807874945639306	0.6548790032932819	-1.2085971842865582	-3.2475506352044787	0.9640508166217687	-0.014432238292399282	3.989727078781152	16.99945842382079	-19.12805837814005	-5647.578994370392
4936	-5677.937114127087	-5647.788099166396	-30.149014960690252	1.2807874945639306	0.6548790032932819	-1.2085971842865582	-3.2475506352044787	0.9640508166217687	-0.027360658072391457	3.989727078781152	16.99820098045732	-19.08795641625462	-5647.788099166396
4938	-5677.937114127087	-5647.788099166396	-30.149014960690252	1.2807874945639306	0.6548790032932819	-1.2085971842865582	-3.2475506352044787	0.9640508166217687	-0.027360658072391457	3.989727078781152	16.99820098045732	-19.08795641625462	-5647.788099166396
4940	-5677.937114127087	-5647.788099166396	-30.149014960690252	1.2807874945639306	0.6548790032932819	-1.2085971842865582	-3.2475506352044787	0.9640508166217687	-0.027360658072391457	3.989727078781152	16.99820098045732	-19.08795641625462	-5647.788099166396
4942	-5677.937114127087	-5647.788099166396	-30.149014960690252	1.2807874945639306	0.6548790032932819	-1.2085971842865582	-3.2475506352044787	0.9640508166217687	-0.027360658072391457	3.989727078781152	16.99820098045732	-19.08795641625462	-5647.788099166396
4944	-5677.937114127087	-5647.788099166396	-30.149014960690252	1.2807874945639306	0.6548790032932819	-1.2085971842865582	-3.2475506352044787	0.9640508166217687	-0.027360658072391457	3.989727078781152	16.99820098045732	-19.08795641625462	-5647.788099166396
4946	-5677.937114127087	-5647.788099166396	-30.149014960690252	1.2807874945639306	0.6548790032932819	-1.2085971842865582	-3.2475506352044787	0.9640508166217687	-0.027360658072391457	3.989727078781152	16.99820098045732	-19.08795641625462	-5647.788099166396
4948	-5677.937114127087	-5647.788099166396	-30.149014960690252	1.2807874945639306	0.6548790032932819	-1.2085971842865582	-3.2475506352044787	0.9640508166217687	-0.027360658072391457	3.989727078781152	16.99820098045732	-19.08795641625462	-5647.788099166396
4950	-5677.937114127087	-5647.788099166396	-30.149014960690252	1.2807874945639306	0.6548790032932819	-1.2085971842865582	-3.2475506352044787	0.9640508166217687	-0.027360658072391457	3.989727078781152	16.99820098045732	-19.08795641625462	-5647.788099166396
4952	-5677.937114127087	-5647.788099166396	-30.149014960690252	1.2807874945639306	0.6548790032932819	-1.2085971842865582	-3.2475506352044787	0.9640508166217687	-0.027360658072391457	3.989727078781152	16.99820098045732	-19.08795641625462	-5647.788099166396
4954	-5678.704121262667	-5647.788099166396	-30.91602209627127	1.2807874945639306	0.6548790032932819	-2.5259298761451356	-3.2475506352044787	0.9640508166217687	-0.027360658072391457	3.989727078781152	16.99820098045732	-19.2134535867194	-5647.788099166396
4956	-5678.5876564521695	-5648.001368663813	-30.586287788356486	1.2807874945639306	0.6548790032932819	-2.5259298761451356	-3.2475506352044787	0.9640508166217687	-0.027360658072391457	3.989727078781152	16.69308639030879	-18.88371927880462	-5648.001368663813
4958	-5678.591646943075	-5648.005670998217	-30.585975944857978	1.2807874945639306	0.6548790032932819	-2.5259298761451356	-3.2475506352044787	0.9640508166217687	-0.027360658072391457	3.989727078781152	16.69308639030879	-18.88340743530611	-5648.005670998217
4960	-5678.591646943075	-5648.005670998217	-30.585975944857978	1.2807874945639306	0.6548790032932819	-2.5259298761451356	-3.2475506352044787	0.9640508166217687	-0.027360658072391457	3.989727078781152	16.69308639030879	-18.88340743530611	-5648.005670998217
4962	-5678.3874663556335	-5647.85229807228	-30.53516828335323	1.2807874945639306	0.6548790032932819	-2.5259298761451356	-3.2475506352044787	0.9640508166217687	-0.027360658072391457	3.989727078781152	16.67042070580251	-18.832599773801363	-5647.85229807228
4964	-5678.372943680405	-5647.852203802795	-30.520739877610154	1.2807874945639306	0.6548790032932819	-2.5259298761451356	-3.2475506352044787	0.9640508166217687	-0.027360658072391457	3.989727078781152	16.65141494263205	-18.818171368058284	-5647.852203802795
4966	-5678.374699213351	-5647.8539695443915	-30.520729668959895	1.2807874945639306	0.6548790032932819	-2.5259298761451356	-3.2475506352044787	0.9640508166217687	-0.027360658072391457	3.989727078781152	16.65141494263205	-18.818161159408028	-5647.8539695443915
4968	-5678.374699213351	-5647.8539695443915	-30.520729668959895	1.2807874945639306	0.6548790032932819	-2.5259298761451356	-3.2475506352044787	0.9640508166217687	-0.027360658072391457	3.989727078781152	16.65141494263205	-18.818161159408028	-5647.8539695443915
4970	-5678.40092232078	-5647.8539695443915	-30.546952776389176	1.2807874945639306	0.39320717130793853	-2.5259298761451356	-3.2475506352044787	0.9640508166217687	-0.027360658072391457	3.989727078781152	16.65141494263205	-19.008456412575548	-5647.8539695443915
4972	-5678.40092232078	-5647.8539695443915	-30.546952776389176	1.2807874945639306	0.39320717130793853	-2.5259298761451356	-3.2475506352044787	0.9640508166217687	-0.027360658072391457	3.989727078781152	16.65141494263205	-19.008456412575548	-5647.8539695443915
4974	-5678.40092232078	-5647.8539695443915	-30.546952776389176	1.2807874945639306	0.39320717130793853	-2.5259298761451356	-3.2475506352044787	0.9640508166217687	-0.027360658072391457	3.989727078781152	16.65141494263205	-19.008456412575548	-5647.8539695443915
4976	-5678.308421915828	-5647.765585763865	-30.54283615196344	1.2807874945639306	0.39320717130793853	-2.5259298761451356	-3.2475506352044787	0.9640508166217687	-0.027360658072391457	3.989727078781152	16.649313545794406	-19.00433978814981	-5647.765585763865
4978	-5677.798436583526	-5647.81442392865	-29.984012654876466	0.7101083391395699	0.39320717130793853	-2.5259298761451356	-3.2475506352044787	0.9640508166217687	-0.027360658072391457	3.989727078781152	16.650524818093984	-19.007353546652762	-5647.81442392865
4980	-5680.5029112658385	-5650.536678894837	-29.966232371001627	0.7101083391395699	0.39320717130793853	-2.5259298761451356	-3.2475506352044787	0.9640508166217687	-0.027360658072391457	3.989727078781152	16.650524818093984	-18.989573262777924	-5650.536678894837
4982	-5681.312388853174	-5650.536678894837	-30.775709958336968	1.5414222934067494	0.39320717130793853	-2.5259298761451356	-3.2475506352044787	0.9640508166217687	-0.027360658072391457	3.989727078781152	16.650524818093984	-18.98898807361301	-5650.536678894837
4984	-5681.312388853174	-5650.536678894837	-30.775709958336968	1.5414222934067494	0.39320717130793853	-2.5259298761451356	-3.2475506352044787	0.9640508166217687	-0.027360658072391457	3.989727078781152	16.650524818093984	-18.98898807361301	-5650.536678894837
4986	-5678.607493495835	-5647.81442392865	-30.793069567184823	1.5414222934067494	0.39320717130793853	-2.5259298761451356	-3.2475506352044787	0.9640508166217687	-0.027360658072391457	3.989727078781152	16.650524818093984	-19.006347682460866	-5647.81442392865
4988	-5678.607493495835	-5647.81442392865	-30.793069567184823	1.5414222934067494	0.39320717130793853	-2.5259298761451356	-3.2475506352044787	0.9640508166217687	-0.027360658072391457	3.989727078781152	16.650524818093984	-19.006347682460866	-5647.81442392865
4990	-5678.596847214258	-5647.81442392865	-30.78242328560781	1.5414222934067494	0.39320717130793853	-2.5259298761451356	-3.2475506352044787	0.9640508166217687	-0.01656335266257602	3.989727078781152	16.650524818093984	-19.006347682460866	-5647.81442392865
4992	-5678.499166014559	-5647.708016068592	-30.791149945967252	1.5414222934067494	0.39320717130793853	-2.5259298761451356	-3.2475506352044787	0.9640508166217687	-0.031138226150302133	3.989727078781152	16.64765200544946	-19.000675801894126	-5647.708016068592
4994	-5678.499166014559	-5647.708016068592	-30.791149945967252	1.5414222934067494	0.39320717130793853	-2.5259298761451356	-3.2475506352044787	0.9640508166217687	-0.031138226150302133	3.989727078781152	16.64765200544946	-19.000675801894126	-5647.708016068592
4996	-5678.499166014559	-5647.708016068592	-30.791149945967252	1.5414222934067494	0.39320717130793853	-2.5259298761451356	-3.2475506352044787	0.9640508166217687	-0.031138226150302133	3.989727078781152	16.64765200544946	-19.000675801894126	-5647.708016068592
4998	-5678.499166014559	-5647.708016068592	-30.791149945967252	1.5414222934067494	0.39320717130793853	-2.5259298761451356	-3.2475506352044787	0.9640508166217687	-0.031138226150302133	3.989727078781152	16.64765200544946	-19.000675801894126	-5647.708016068592
5000	-5678.499166014559	-5647.708016068592	-30.791149945967252	1.5414222934067494	0.39320717130793853	-2.5259298761451356	-3.2475506352044787	0.9640508166217687	-0.031138226150302133	3.989727078781152	16.64765200544946	-19.000675801894126	-5647.708016068592
