Sample	posterior	likelihood	prior	SkylineM.A_to_B.1	SkylineM.A_to_B.2	SkylineM.B_to_A.1	SkylineM.B_to_A.2	SkylineNe.A.1	SkylineNe.A.2	SkylineNe.B.1	SkylineNe.B.2	psi.height	psi.treeLength	Mascot	D.treeLikelihood
0	-6121.612342564413	-6089.612280428941	-32.00006213547169	1.9032555398188469	0.999957946640794	-0.6896533582467841	0.16522553619761232	1.0745994891369253	1.8095231019234006	0.47344380862115154	0.7502467516404311	3.0518818592526205	11.10059143868137	-17.152592957880497	-6089.612280428941
2	-6120.312664266069	-6088.768459291434	-31.544204974635583	1.9032555398188469	0.999957946640794	-0.6896533582467841	0.16522553619761232	1.0745994891369253	1.8095231019234006	0.47344380862115154	0.7502467516404311	1.4430089436164055	7.885734160243913	-16.696735797044393	-6088.768459291434
4	-6119.294019942856	-6087.726603467599	-31.567416475257456	1.9032555398188469	0.999957946640794	-0.6896533582467841	0.16522553619761232	1.0745994891369253	1.8095231019234006	0.47344380862115154	0.7502467516404311	1.4430089436164055	7.887351472897829	-16.719947297666266	-6087.726603467599
6	-6115.541775453312	-6083.704439273049	-31.8373361802637	1.9032555398188469	0.999957946640794	-0.6896533582467841	0.16522553619761232	1.0745994891369253	1.8095231019234006	0.47344380862115154	0.7502467516404311	1.4430089436164055	8.084851076202401	-16.98986700267251	-6083.704439273049
8	-6115.26620648201	-6083.431084189171	-31.835122292838975	1.9032555398188469	0.999957946640794	-0.6896533582467841	0.16522553619761232	1.0745994891369253	1.8095231019234006	0.47344380862115154	0.7502467516404311	1.4430089436164055	8.08334118284107	-16.987653115247785	-6083.431084189171
10	-6115.26620648201	-6083.431084189171	-31.835122292838975	1.9032555398188469	0.999957946640794	-0.6896533582467841	0.16522553619761232	1.0745994891369253	1.8095231019234006	0.47344380862115154	0.7502467516404311	1.4430089436164055	8.08334118284107	-16.987653115247785	-6083.431084189171
12	-6115.26620648201	-6083.431084189171	-31.835122292838975	1.9032555398188469	0.999957946640794	-0.6896533582467841	0.16522553619761232	1.0745994891369253	1.8095231019234006	0.47344380862115154	0.7502467516404311	1.4430089436164055	8.08334118284107	-16.987653115247785	-6083.431084189171
14	-6115.565606450373	-6083.431084189171	-32.13452226120195	1.9032555398188469	0.999957946640794	-0.6896533582467841	0.16522553619761232	1.0745994891369253	2.141797996143504	0.47344380862115154	0.7502467516404311	1.4430089436164055	8.08334118284107	-16.987653115247785	-6083.431084189171
16	-6115.565606450373	-6083.431084189171	-32.13452226120195	1.9032555398188469	0.999957946640794	-0.6896533582467841	0.16522553619761232	1.0745994891369253	2.141797996143504	0.47344380862115154	0.7502467516404311	1.4430089436164055	8.08334118284107	-16.987653115247785	-6083.431084189171
18	-6115.565606450373	-6083.431084189171	-32.13452226120195	1.9032555398188469	0.999957946640794	-0.6896533582467841	0.16522553619761232	1.0745994891369253	2.141797996143504	0.47344380862115154	0.7502467516404311	1.4430089436164055	8.08334118284107	-16.987653115247785	-6083.431084189171
20	-6112.728290728873	-6080.61243228217	-32.11585844670255	1.9032555398188469	0.999957946640794	-0.6896533582467841	0.16522553619761232	1.0745994891369253	2.141797996143504	0.47344380862115154	0.7502467516404311	1.4430089436164055	8.048116364959863	-16.96898930074839	-6080.61243228217
22	-6112.794884017144	-6080.61243228217	-32.18245173497446	1.9032555398188469	0.999957946640794	-0.6896533582467841	0.23030865673142198	1.0745994891369253	2.141797996143504	0.47344380862115154	0.7502467516404311	1.4430089436164055	8.048116364959863	-16.977826496602148	-6080.61243228217
24	-6112.227371668025	-6080.081026788345	-32.146344879679475	1.9032555398188469	0.999957946640794	-0.6896533582467841	0.23030865673142198	1.0745994891369253	2.141797996143504	0.47344380862115154	0.6016337515074883	1.4430089436164055	8.04558069069766	-16.971813245210633	-6080.081026788345
26	-6112.201299470684	-6080.081026788345	-32.12027268233894	1.9032555398188469	0.999957946640794	-0.6896533582467841	0.23030865673142198	1.0745994891369253	2.141797996143504	0.23327255153344145	0.6016337515074883	1.4430089436164055	8.04558069069766	-16.97097887008693	-6080.081026788345
28	-6112.201299470684	-6080.081026788345	-32.12027268233894	1.9032555398188469	0.999957946640794	-0.6896533582467841	0.23030865673142198	1.0745994891369253	2.141797996143504	0.23327255153344145	0.6016337515074883	1.4430089436164055	8.04558069069766	-16.97097887008693	-6080.081026788345
30	-6109.63910721739	-6077.524495726002	-32.11461149138784	1.9032555398188469	0.999957946640794	-0.6896533582467841	0.23030865673142198	1.0745994891369253	2.141797996143504	0.23327255153344145	0.6016337515074883	1.4430089436164055	8.04558069069766	-16.965317679135833	-6077.524495726002
32	-6110.9777724685255	-6078.9014851794445	-32.076287289081066	1.9032555398188469	0.999957946640794	-0.6896533582467841	0.23030865673142198	1.0745994891369253	2.141797996143504	0.23327255153344145	0.6016337515074883	1.4430089436164055	8.043552612170826	-16.926993476829058	-6078.9014851794445
34	-6111.208137248432	-6079.038599960181	-32.16953728825051	1.9032555398188469	0.999957946640794	-0.6896533582467841	0.14129295996504024	1.0745994891369253	2.141797996143504	0.23327255153344145	0.6016337515074883	1.4743291709129323	8.218136350684183	-17.098172638624987	-6079.038599960181
36	-6111.208137248432	-6079.038599960181	-32.16953728825051	1.9032555398188469	0.999957946640794	-0.6896533582467841	0.14129295996504024	1.0745994891369253	2.141797996143504	0.23327255153344145	0.6016337515074883	1.4743291709129323	8.218136350684183	-17.098172638624987	-6079.038599960181
38	-6111.323370620545	-6079.038599960181	-32.28477066036358	1.9032555398188469	0.999957946640794	-0.6896533582467841	0.14129295996504024	1.0745994891369253	2.141797996143504	0.6131967603663487	0.6016337515074883	1.4743291709129323	8.218136350684183	-17.120387054161846	-6079.038599960181
40	-6107.705818892562	-6075.421048232199	-32.28477066036358	1.9032555398188469	0.999957946640794	-0.6896533582467841	0.14129295996504024	1.0745994891369253	2.141797996143504	0.6131967603663487	0.6016337515074883	1.4743291709129323	8.218136350684183	-17.120387054161846	-6075.421048232199
42	-6107.705818892562	-6075.421048232199	-32.28477066036358	1.9032555398188469	0.999957946640794	-0.6896533582467841	0.14129295996504024	1.0745994891369253	2.141797996143504	0.6131967603663487	0.6016337515074883	1.4743291709129323	8.218136350684183	-17.120387054161846	-6075.421048232199
44	-6106.296680641857	-6074.072194358423	-32.22448628343414	1.9032555398188469	0.999957946640794	-0.6896533582467841	0.14129295996504024	1.0745994891369253	2.141797996143504	0.2997187901512928	0.6016337515074883	1.4743291709129323	8.329022506894457	-17.157682663751004	-6074.072194358423
46	-6106.283597267176	-6074.016565805473	-32.267031461703056	1.9032555398188469	0.999957946640794	-0.6896533582467841	0.14129295996504024	1.0745994891369253	2.141797996143504	0.2997187901512928	0.6016337515074883	1.4743291709129323	8.373935932872087	-17.200227842019924	-6074.016565805473
48	-6106.283597267176	-6074.016565805473	-32.267031461703056	1.9032555398188469	0.999957946640794	-0.6896533582467841	0.14129295996504024	1.0745994891369253	2.141797996143504	0.2997187901512928	0.6016337515074883	1.4743291709129323	8.373935932872087	-17.200227842019924	-6074.016565805473
50	-6105.085599113044	-6072.302988539776	-32.78261057326738	1.9032555398188469	0.999957946640794	-0.6896533582467841	0.14129295996504024	1.0745994891369253	2.141797996143504	0.2997187901512928	0.6016337515074883	3.0815574268906163	11.588392444827456	-17.715806953584245	-6072.302988539776
52	-6100.173285342588	-6067.163330261516	-33.00995508107161	1.9032555398188469	0.999957946640794	-0.6896533582467841	0.14129295996504024	1.0745994891369253	2.141797996143504	0.2997187901512928	0.6016337515074883	3.0815574268906163	11.732215552581284	-17.943151461388478	-6067.163330261516
54	-6100.157003198607	-6067.202607328818	-32.95439586978877	1.9032555398188469	1.6963588555060398	-0.6896533582467841	0.14129295996504024	1.0745994891369253	2.141797996143504	0.2997187901512928	0.6016337515074883	3.0815574268906163	11.72911581458007	-18.274162402036445	-6067.202607328818
56	-6100.241615017988	-6067.288931440477	-32.95268357751024	1.9032555398188469	1.6963588555060398	-0.6896533582467841	0.14129295996504024	1.0745994891369253	2.141797996143504	0.2997187901512928	0.6016337515074883	3.0815574268906163	11.728049576871538	-18.27245010975792	-6067.288931440477
58	-6099.422649752064	-6066.530196907273	-32.892452844790675	1.9032555398188469	1.6963588555060398	-0.6896533582467841	0.0732888073186392	1.0745994891369253	2.141797996143504	0.2997187901512928	0.6016337515074883	3.0815574268906163	11.725623734725737	-18.26641489491442	-6066.530196907273
60	-6099.422649752064	-6066.530196907273	-32.892452844790675	1.9032555398188469	1.6963588555060398	-0.6896533582467841	0.0732888073186392	1.0745994891369253	2.141797996143504	0.2997187901512928	0.6016337515074883	3.0815574268906163	11.725623734725737	-18.26641489491442	-6066.530196907273
62	-6067.140515902019	-6034.706425441026	-32.434090460992266	1.9032555398188469	1.6963588555060398	-0.6896533582467841	0.0732888073186392	1.0745994891369253	2.141797996143504	0.2997187901512928	0.6016337515074883	3.0815574268906163	11.531522566600248	-17.808052511116014	-6034.706425441026
64	-6067.140515902019	-6034.706425441026	-32.434090460992266	1.9032555398188469	1.6963588555060398	-0.6896533582467841	0.0732888073186392	1.0745994891369253	2.141797996143504	0.2997187901512928	0.6016337515074883	3.0815574268906163	11.531522566600248	-17.808052511116014	-6034.706425441026
66	-6056.660872435674	-6023.493397301955	-33.16747513371862	1.9032555398188469	1.6963588555060398	-0.6896533582467841	0.0732888073186392	1.0745994891369253	2.141797996143504	0.2997187901512928	0.6016337515074883	3.0815574268906163	12.345675953972851	-18.541437183842362	-6023.493397301955
68	-6056.660872435674	-6023.493397301955	-33.16747513371862	1.9032555398188469	1.6963588555060398	-0.6896533582467841	0.0732888073186392	1.0745994891369253	2.141797996143504	0.2997187901512928	0.6016337515074883	3.0815574268906163	12.345675953972851	-18.541437183842362	-6023.493397301955
70	-6056.3000465179475	-6023.493397301955	-32.80664921599251	1.9032555398188469	1.6963588555060398	-0.36565144997876614	0.0732888073186392	1.0745994891369253	2.141797996143504	0.2997187901512928	0.6016337515074883	3.0815574268906163	12.345675953972851	-18.546277751211665	-6023.493397301955
72	-6055.780066622095	-6023.493397301955	-32.28666932013975	1.9032555398188469	1.6963588555060398	-0.36565144997876614	0.0732888073186392	1.0745994891369253	0.7600317513576448	0.2997187901512928	0.6016337515074883	3.0815574268906163	12.345675953972851	-18.546277751211665	-6023.493397301955
74	-6055.780066622095	-6023.493397301955	-32.28666932013975	1.9032555398188469	1.6963588555060398	-0.36565144997876614	0.0732888073186392	1.0745994891369253	0.7600317513576448	0.2997187901512928	0.6016337515074883	3.0815574268906163	12.345675953972851	-18.546277751211665	-6023.493397301955
76	-6056.272026773923	-6024.062458975611	-32.209567798312236	1.9032555398188469	1.6963588555060398	-0.36565144997876614	0.0732888073186392	1.0745994891369253	0.7600317513576448	0.2997187901512928	0.6016337515074883	3.0815574268906163	12.225141955900817	-18.469176229384143	-6024.062458975611
78	-6056.272026773923	-6024.062458975611	-32.209567798312236	1.9032555398188469	1.6963588555060398	-0.36565144997876614	0.0732888073186392	1.0745994891369253	0.7600317513576448	0.2997187901512928	0.6016337515074883	3.0815574268906163	12.225141955900817	-18.469176229384143	-6024.062458975611
80	-6057.2438184295215	-6024.062458975611	-33.18135945391073	1.9032555398188469	1.6963588555060398	-0.36565144997876614	0.0732888073186392	1.0745994891369253	0.7600317513576448	0.2997187901512928	1.726160501223889	3.0815574268906163	12.225141955900817	-18.469176229384143	-6024.062458975611
82	-6056.941586087105	-6023.747650930907	-33.19393515619815	1.9032555398188469	1.6963588555060398	-0.36565144997876614	0.0732888073186392	1.0745994891369253	0.7600317513576448	0.2997187901512928	1.726160501223889	3.0815574268906163	12.233824817643185	-18.481751931671564	-6023.747650930907
84	-6057.1271458548745	-6023.747650930907	-33.379494923967115	1.9032555398188469	1.6963588555060398	-0.36565144997876614	0.0732888073186392	1.0745994891369253	0.38898123005283647	0.2997187901512928	1.726160501223889	3.0815574268906163	12.233824817643185	-18.481751931671564	-6023.747650930907
86	-6052.632314766252	-6019.255522991918	-33.37679177433401	1.9032555398188469	1.6963588555060398	-0.36565144997876614	0.0732888073186392	1.0745994891369253	0.38898123005283647	0.2997187901512928	1.726160501223889	3.0815574268906163	12.233824817643185	-18.479048782038454	-6019.255522991918
88	-6051.250267917684	-6014.980310391966	-36.26995752571827	1.9032555398188469	1.6963588555060398	-0.36565144997876614	0.0732888073186392	1.0745994891369253	0.38898123005283647	0.2997187901512928	3.10877908536893	3.0815574268906163	12.218802092325983	-18.444172639882478	-6014.980310391966
90	-6051.183742122873	-6014.923166836147	-36.26057528672585	1.9032555398188469	1.6963588555060398	-0.36565144997876614	0.0732888073186392	1.0745994891369253	0.38898123005283647	0.2997187901512928	3.10877908536893	3.0815574268906163	12.204875623930999	-18.434790400890062	-6014.923166836147
92	-6043.893066336663	-6008.147343065059	-35.74572327160307	1.9032555398188469	1.6963588555060398	-0.36565144997876614	0.0732888073186392	1.0745994891369253	0.38898123005283647	0.2997187901512928	3.10877908536893	2.9222130918406792	11.561840272014674	-17.919938385767278	-6008.147343065059
94	-6043.893066336663	-6008.147343065059	-35.74572327160307	1.9032555398188469	1.6963588555060398	-0.36565144997876614	0.0732888073186392	1.0745994891369253	0.38898123005283647	0.2997187901512928	3.10877908536893	2.9222130918406792	11.561840272014674	-17.919938385767278	-6008.147343065059
96	-6042.256553683584	-6006.920354905272	-35.33619877831231	1.9032555398188469	1.6963588555060398	-0.36565144997876614	0.0732888073186392	1.0745994891369253	0.38898123005283647	0.2997187901512928	3.10877908536893	2.788488663216925	11.03275480301474	-17.510413892476517	-6006.920354905272
98	-6043.679549772923	-6008.4367773617705	-35.242772411152316	1.9032555398188469	1.6963588555060398	-0.36565144997876614	0.0732888073186392	1.0745994891369253	0.38898123005283647	0.2997187901512928	3.10877908536893	2.788488663216925	10.933079983015208	-17.416987525316518	-6008.4367773617705
100	-6044.501190986964	-6009.247192795225	-35.25399819173934	1.9032555398188469	1.6963588555060398	-0.36565144997876614	0.0732888073186392	1.0745994891369253	0.38898123005283647	0.2997187901512928	3.10877908536893	2.788488663216925	10.933079983015212	-17.428213305903544	-6009.247192795225
102	-6040.112209179965	-6004.5710549531705	-35.541154226794745	1.9032555398188469	1.6963588555060398	-0.36565144997876614	0.0732888073186392	1.0745994891369253	0.38898123005283647	0.2997187901512928	3.10877908536893	2.788488663216925	11.119879152369709	-17.71536934095895	-6004.5710549531705
104	-6040.076643957423	-6004.570102188479	-35.50654176894416	1.9032555398188469	1.6963588555060398	-0.36565144997876614	0.0732888073186392	1.0745994891369253	0.38898123005283647	0.2997187901512928	3.10877908536893	2.681241852868115	10.905385531672088	-17.680756883108362	-6004.570102188479
106	-6040.076643957423	-6004.570102188479	-35.50654176894416	1.9032555398188469	1.6963588555060398	-0.36565144997876614	0.0732888073186392	1.0745994891369253	0.38898123005283647	0.2997187901512928	3.10877908536893	2.681241852868115	10.905385531672088	-17.680756883108362	-6004.570102188479
108	-6036.977562092406	-6003.796371171496	-33.181190920910346	1.9032555398188469	1.6963588555060398	-0.36565144997876614	0.0732888073186392	1.0745994891369253	0.38898123005283647	0.2997187901512928	2.0855053576585796	2.681241852868115	10.921428585854052	-17.706299073813923	-6003.796371171496
110	-6036.079546767686	-6003.554712694222	-32.52483407346439	1.9032555398188469	1.6963588555060398	-0.36565144997876614	0.0732888073186392	1.0745994891369253	0.38898123005283647	0.2997187901512928	2.0855053576585796	2.4800064266211255	10.101741867048943	-17.04994222636797	-6003.554712694222
112	-6034.94006310953	-6002.382390085254	-32.55767302427563	1.9032555398188469	1.6963588555060398	-0.36565144997876614	0.0732888073186392	1.0745994891369253	0.38898123005283647	0.2997187901512928	2.0855053576585796	2.4800064266211255	10.103190339485696	-17.082781177179204	-6002.382390085254
114	-6034.94006310953	-6002.382390085254	-32.55767302427563	1.9032555398188469	1.6963588555060398	-0.36565144997876614	0.0732888073186392	1.0745994891369253	0.38898123005283647	0.2997187901512928	2.0855053576585796	2.4800064266211255	10.103190339485696	-17.082781177179204	-6002.382390085254
116	-6034.94006310953	-6002.382390085254	-32.55767302427563	1.9032555398188469	1.6963588555060398	-0.36565144997876614	0.0732888073186392	1.0745994891369253	0.38898123005283647	0.2997187901512928	2.0855053576585796	2.4800064266211255	10.103190339485696	-17.082781177179204	-6002.382390085254
118	-6034.94006310953	-6002.382390085254	-32.55767302427563	1.9032555398188469	1.6963588555060398	-0.36565144997876614	0.0732888073186392	1.0745994891369253	0.38898123005283647	0.2997187901512928	2.0855053576585796	2.4800064266211255	10.103190339485696	-17.082781177179204	-6002.382390085254
120	-6034.86342400977	-6001.985387994533	-32.8780360152365	1.9032555398188469	1.6963588555060398	-0.36565144997876614	0.0732888073186392	1.0745994891369253	0.38898123005283647	0.2997187901512928	2.0855053576585796	2.717583081976989	10.74999663120721	-17.403144168140084	-6001.985387994533
122	-6034.86342400977	-6001.985387994533	-32.8780360152365	1.9032555398188469	1.6963588555060398	-0.36565144997876614	0.0732888073186392	1.0745994891369253	0.38898123005283647	0.2997187901512928	2.0855053576585796	2.717583081976989	10.74999663120721	-17.403144168140084	-6001.985387994533
124	-6039.527572081438	-6005.738275163151	-33.78929691828657	1.9032555398188469	1.6963588555060398	-0.36565144997876614	0.0732888073186392	1.0745994891369253	0.38898123005283647	0.2997187901512928	2.0855053576585796	3.0119270431579763	11.914338804256765	-18.31440507119014	-6005.738275163151
126	-6039.527572081438	-6005.738275163151	-33.78929691828657	1.9032555398188469	1.6963588555060398	-0.36565144997876614	0.0732888073186392	1.0745994891369253	0.38898123005283647	0.2997187901512928	2.0855053576585796	3.0119270431579763	11.914338804256765	-18.31440507119014	-6005.738275163151
128	-6040.773993774444	-6006.994454802616	-33.77953897182774	1.9032555398188469	1.6963588555060398	-0.36565144997876614	0.0732888073186392	1.0745994891369253	0.38898123005283647	0.2997187901512928	2.0855053576585796	3.0119270431579763	11.914338804256765	-18.304647124731318	-6006.994454802616
130	-6037.271537284757	-6004.089015480366	-33.1825218043911	1.9032555398188469	1.6963588555060398	-0.36565144997876614	0.0732888073186392	1.0745994891369253	0.38898123005283647	0.2997187901512928	2.0855053576585796	2.819157570437942	11.151796824921062	-17.70762995729468	-6004.089015480366
132	-6037.466981717602	-6004.089015480366	-33.37796623723589	1.9032555398188469	1.6963588555060398	-0.36565144997876614	0.0732888073186392	1.0745994891369253	0.38898123005283647	0.18695760373358133	2.0855053576585796	2.819157570437942	11.151796824921062	-17.72278853930534	-6004.089015480366
134	-6037.724223837438	-6004.089015480366	-33.63520835707279	1.9032555398188469	1.6963588555060398	-0.6157331727432314	0.0732888073186392	1.0745994891369253	0.38898123005283647	0.18695760373358133	2.0855053576585796	2.819157570437942	11.151796824921062	-17.716276110803776	-6004.089015480366
136	-6037.827438427286	-6004.198031089637	-33.629407337649354	1.9032555398188469	1.6963588555060398	-0.6157331727432314	0.0732888073186392	1.0745994891369253	0.38898123005283647	0.18695760373358133	2.0855053576585796	2.819157570437942	11.147495651878584	-17.710475091380342	-6004.198031089637
138	-6037.827438427286	-6004.198031089637	-33.629407337649354	1.9032555398188469	1.6963588555060398	-0.6157331727432314	0.0732888073186392	1.0745994891369253	0.38898123005283647	0.18695760373358133	2.0855053576585796	2.819157570437942	11.147495651878584	-17.710475091380342	-6004.198031089637
140	-6037.702287887329	-6004.06830949729	-33.63397839003841	1.9032555398188469	1.6963588555060398	-0.6157331727432314	0.0732888073186392	1.0745994891369253	0.38898123005283647	0.18695760373358133	2.0855053576585796	2.819157570437942	11.150459539203794	-17.715046143769396	-6004.06830949729
142	-6037.810533315415	-6004.288174520846	-33.52235879456943	1.9032555398188469	1.6963588555060398	-0.6157331727432314	0.0732888073186392	1.0745994891369253	0.38898123005283647	0.18695760373358133	2.0855053576585796	2.819157570437942	10.985648905525652	-17.603426548300416	-6004.288174520846
144	-6037.556813643315	-6004.288174520846	-33.26863912246869	1.9032555398188469	1.6963588555060398	-0.37022490003131203	0.0732888073186392	1.0745994891369253	0.38898123005283647	0.18695760373358133	2.0855053576585796	2.819157570437942	10.985648905525652	-17.609760748106844	-6004.288174520846
146	-6038.004131345575	-6004.694930984632	-33.30920036094292	1.9032555398188469	1.6963588555060398	-0.37022490003131203	0.0732888073186392	1.0745994891369253	0.38898123005283647	0.18695760373358133	2.0855053576585796	2.9886509315011938	11.31521046679196	-17.65032198658107	-6004.694930984632
148	-6038.004131345575	-6004.694930984632	-33.30920036094292	1.9032555398188469	1.6963588555060398	-0.37022490003131203	0.0732888073186392	1.0745994891369253	0.38898123005283647	0.18695760373358133	2.0855053576585796	2.9886509315011938	11.31521046679196	-17.65032198658107	-6004.694930984632
150	-6036.46391060548	-6004.694930984632	-31.76897962084761	0.9251784767525879	1.6963588555060398	-0.37022490003131203	0.0732888073186392	1.0745994891369253	0.38898123005283647	0.18695760373358133	2.0855053576585796	2.9886509315011938	11.31521046679196	-17.217357995190866	-6004.694930984632
152	-6034.732703929047	-6004.694930984632	-30.037772944414137	0.9251784767525879	1.6963588555060398	-0.37022490003131203	0.0732888073186392	1.0745994891369253	0.38898123005283647	0.18695760373358133	0.5638796395270598	2.9886509315011938	11.31521046679196	-17.217357995190866	-6004.694930984632
154	-6029.870724602718	-5999.562903030654	-30.307821572064128	0.9251784767525879	1.6963588555060398	-0.37022490003131203	0.0732888073186392	1.0745994891369253	0.38898123005283647	0.18695760373358133	0.5638796395270598	2.9886509315011938	11.516732182957439	-17.487406622840858	-5999.562903030654
156	-6029.870724602718	-5999.562903030654	-30.307821572064128	0.9251784767525879	1.6963588555060398	-0.37022490003131203	0.0732888073186392	1.0745994891369253	0.38898123005283647	0.18695760373358133	0.5638796395270598	2.9886509315011938	11.516732182957439	-17.487406622840858	-5999.562903030654
158	-6029.857425214786	-5999.564659596844	-30.2927656179423	0.9251784767525879	1.6963588555060398	-0.37022490003131203	0.0732888073186392	1.0745994891369253	0.38898123005283647	0.18695760373358133	0.5638796395270598	2.9886509315011938	11.510411990121389	-17.472350668719034	-5999.564659596844
160	-6029.857425214786	-5999.564659596844	-30.2927656179423	0.9251784767525879	1.6963588555060398	-0.37022490003131203	0.0732888073186392	1.0745994891369253	0.38898123005283647	0.18695760373358133	0.5638796395270598	2.9886509315011938	11.510411990121389	-17.472350668719034	-5999.564659596844
162	-6029.925547643277	-5999.6371113931045	-30.2884362501729	0.9251784767525879	1.6963588555060398	-0.37022490003131203	0.0732888073186392	1.0745994891369253	0.38898123005283647	0.18695760373358133	0.5638796395270598	2.9886509315011938	11.506051841581485	-17.468021300949633	-5999.6371113931045
164	-6029.925547643277	-5999.6371113931045	-30.2884362501729	0.9251784767525879	1.6963588555060398	-0.37022490003131203	0.0732888073186392	1.0745994891369253	0.38898123005283647	0.18695760373358133	0.5638796395270598	2.9886509315011938	11.506051841581485	-17.468021300949633	-5999.6371113931045
166	-6029.890401431922	-6000.283161038494	-29.6072403934283	0.9251784767525879	1.6963588555060398	-0.37022490003131203	0.0732888073186392	1.0745994891369253	0.38898123005283647	0.18695760373358133	0.5638796395270598	2.753416624616801	10.60041977147192	-16.786825444205032	-6000.283161038494
168	-6030.468868338516	-6000.283161038494	-30.185707300022337	0.9251784767525879	2.1124427025913697	-0.37022490003131203	0.0732888073186392	1.0745994891369253	0.38898123005283647	0.18695760373358133	0.5638796395270598	2.753416624616801	10.60041977147192	-16.957853768107945	-6000.283161038494
170	-6030.468868338516	-6000.283161038494	-30.185707300022337	0.9251784767525879	2.1124427025913697	-0.37022490003131203	0.0732888073186392	1.0745994891369253	0.38898123005283647	0.18695760373358133	0.5638796395270598	2.753416624616801	10.60041977147192	-16.957853768107945	-6000.283161038494
172	-6030.369632837533	-6000.283161038494	-30.086471799038847	0.9251784767525879	2.1124427025913697	-0.37022490003131203	0.0732888073186392	1.0745994891369253	0.6530972687493201	0.06840045058159139	0.5638796395270598	2.753416624616801	10.60041977147192	-16.968244963994703	-6000.283161038494
174	-6031.8090771613715	-6000.721982869741	-31.087094291630837	0.9251784767525879	2.1124427025913697	-0.37022490003131203	0.0732888073186392	1.0745994891369253	0.6530972687493201	0.06840045058159139	0.5638796395270598	3.084389703034517	11.874637967482254	-17.968867456586693	-6000.721982869741
176	-6034.781380118838	-6000.748952560428	-34.03242755841006	2.539231068229234	2.1124427025913697	-0.37022490003131203	0.0732888073186392	1.0745994891369253	0.6530972687493201	0.06840045058159139	0.5638796395270598	3.084389703034517	11.871477238796896	-18.73205513781511	-6000.748952560428
178	-6032.461093380701	-5998.427129740731	-34.03396363996934	2.539231068229234	2.1124427025913697	-0.37022490003131203	0.0732888073186392	1.0745994891369253	0.6530972687493201	0.06840045058159139	0.5638796395270598	3.084389703034517	11.871477238796896	-18.733591219374397	-5998.427129740731
180	-6032.666633843339	-5998.241518477967	-34.42511536537188	2.539231068229234	2.1124427025913697	-0.661259996795251	0.0732888073186392	1.0745994891369253	0.6530972687493201	0.06840045058159139	0.5638796395270598	3.084389703034517	11.905369780233205	-18.803215022888775	-5998.241518477967
182	-6032.666633843339	-5998.241518477967	-34.42511536537188	2.539231068229234	2.1124427025913697	-0.661259996795251	0.0732888073186392	1.0745994891369253	0.6530972687493201	0.06840045058159139	0.5638796395270598	3.084389703034517	11.905369780233205	-18.803215022888775	-5998.241518477967
184	-6027.905196482302	-5993.520020466667	-34.38517601563474	2.539231068229234	2.1124427025913697	-0.661259996795251	0.0732888073186392	1.0745994891369253	0.6530972687493201	0.06840045058159139	0.5638796395270598	3.084389703034517	11.888201750512572	-18.763275673151636	-5993.520020466667
186	-6025.373689779422	-5993.520020466667	-31.853669312755734	1.4738675563658266	2.1124427025913697	-0.661259996795251	0.0732888073186392	1.0745994891369253	0.6530972687493201	0.06840045058159139	0.5638796395270598	3.084389703034517	11.888201750512572	-18.256658438182463	-5993.520020466667
188	-6025.802040788418	-5993.909329063597	-31.892711724819968	1.4738675563658266	2.1124427025913697	-0.661259996795251	0.0732888073186392	1.0745994891369253	0.6530972687493201	0.06840045058159139	0.5638796395270598	3.084389703034517	11.903251986546735	-18.2957008502467	-5993.909329063597
190	-6025.869291772344	-5993.910930842163	-31.958360930180724	1.4738675563658266	2.1124427025913697	-0.661259996795251	0.0732888073186392	1.0745994891369253	0.6530972687493201	0.06840045058159139	0.5638796395270598	3.2834738015366245	12.301420183550949	-18.361350055607456	-5993.910930842163
192	-6023.080088288288	-5991.829379811626	-31.250708476661764	1.4738675563658266	2.1124427025913697	-0.661259996795251	0.0732888073186392	1.0745994891369253	0.6530972687493201	0.06840045058159139	0.5638796395270598	3.0436557807807767	11.40295032534023	-17.653697602088496	-5991.829379811626
194	-6023.080088288288	-5991.829379811626	-31.250708476661764	1.4738675563658266	2.1124427025913697	-0.661259996795251	0.0732888073186392	1.0745994891369253	0.6530972687493201	0.06840045058159139	0.5638796395270598	3.0436557807807767	11.40295032534023	-17.653697602088496	-5991.829379811626
196	-6023.080088288288	-5991.829379811626	-31.250708476661764	1.4738675563658266	2.1124427025913697	-0.661259996795251	0.0732888073186392	1.0745994891369253	0.6530972687493201	0.06840045058159139	0.5638796395270598	3.0436557807807767	11.40295032534023	-17.653697602088496	-5991.829379811626
198	-6022.994691410215	-5991.826001760573	-31.16868964964197	1.4738675563658266	2.1124427025913697	-0.661259996795251	0.0732888073186392	1.0745994891369253	0.6530972687493201	0.06840045058159139	0.5638796395270598	2.795086229101311	10.905811221981297	-17.5716787750687	-5991.826001760573
200	-6023.738371304828	-5991.833905898895	-31.904465405933124	1.4738675563658266	2.1124427025913697	-0.661259996795251	0.0732888073186392	1.0745994891369253	0.6530972687493201	0.06840045058159139	0.5638796395270598	5.022850541970219	15.361339847719114	-18.307454531359852	-5991.833905898895
202	-6023.1472513488	-5991.833905898895	-31.3133454499044	1.4738675563658266	0.824161137500803	-0.661259996795251	0.0732888073186392	1.0745994891369253	0.6530972687493201	0.06840045058159139	0.5638796395270598	5.022850541970219	15.361339847719114	-17.70916446866241	-5991.833905898895
204	-6022.79393177716	-5991.833905898895	-30.960025878264386	1.4738675563658266	0.824161137500803	-0.661259996795251	0.0732888073186392	0.4579222101087736	0.6530972687493201	0.06840045058159139	0.5638796395270598	5.022850541970219	15.361339847719114	-17.898165961931785	-5991.833905898895
206	-6023.190694014265	-5992.2469177046605	-30.943776309604765	1.4738675563658266	0.824161137500803	-0.661259996795251	0.0732888073186392	0.4579222101087736	0.6530972687493201	0.06840045058159139	0.5638796395270598	5.022850541970219	15.35048129991622	-17.881916393272164	-5992.2469177046605
208	-6023.190694014265	-5992.2469177046605	-30.943776309604765	1.4738675563658266	0.824161137500803	-0.661259996795251	0.0732888073186392	0.4579222101087736	0.6530972687493201	0.06840045058159139	0.5638796395270598	5.022850541970219	15.35048129991622	-17.881916393272164	-5992.2469177046605
210	-6022.944538548798	-5992.000762239193	-30.943776309604765	1.4738675563658266	0.824161137500803	-0.661259996795251	0.0732888073186392	0.4579222101087736	0.6530972687493201	0.06840045058159139	0.5638796395270598	5.022850541970219	15.35048129991622	-17.881916393272164	-5992.000762239193
212	-6023.005052145345	-5992.000762239193	-31.00428990615213	1.4738675563658266	0.824161137500803	-0.661259996795251	0.0732888073186392	0.4579222101087736	0.6530972687493201	0.03789981664086935	0.5638796395270598	5.022850541970219	15.35048129991622	-17.92847352888604	-5992.000762239193
214	-6021.760040835008	-5990.548189665883	-31.211851169124923	1.4738675563658266	0.824161137500803	-0.661259996795251	0.0732888073186392	0.4579222101087736	0.6530972687493201	0.03789981664086935	0.5638796395270598	5.022850541970219	15.505824360341231	-18.136034791858833	-5990.548189665883
216	-6021.760040835008	-5990.548189665883	-31.211851169124923	1.4738675563658266	0.824161137500803	-0.661259996795251	0.0732888073186392	0.4579222101087736	0.6530972687493201	0.03789981664086935	0.5638796395270598	5.022850541970219	15.505824360341231	-18.136034791858833	-5990.548189665883
218	-6021.760040835008	-5990.548189665883	-31.211851169124923	1.4738675563658266	0.824161137500803	-0.661259996795251	0.0732888073186392	0.4579222101087736	0.6530972687493201	0.03789981664086935	0.5638796395270598	5.022850541970219	15.505824360341231	-18.136034791858833	-5990.548189665883
220	-6020.887463816747	-5990.575142626542	-30.31232119020493	1.4738675563658266	1.8375932775649229	-0.661259996795251	0.0732888073186392	0.4579222101087736	0.6530972687493201	0.03789981664086935	0.5638796395270598	2.091756408818293	9.64363609403738	-17.381415828165146	-5990.575142626542
222	-6021.24275970122	-5990.965371497284	-30.27738820393617	1.4738675563658266	1.8375932775649229	-0.661259996795251	0.0732888073186392	0.4579222101087736	0.6530972687493201	0.03789981664086935	0.5638796395270598	2.091756408818293	9.64363609403738	-17.346482841896385	-5990.965371497284
224	-6021.24275970122	-5990.965371497284	-30.27738820393617	1.4738675563658266	1.8375932775649229	-0.661259996795251	0.0732888073186392	0.4579222101087736	0.6530972687493201	0.03789981664086935	0.5638796395270598	2.091756408818293	9.64363609403738	-17.346482841896385	-5990.965371497284
226	-6020.271139657465	-5989.9974380323965	-30.273701625068185	1.4738675563658266	1.8375932775649229	-0.661259996795251	0.0732888073186392	0.4579222101087736	0.6530972687493201	0.03789981664086935	0.5638796395270598	2.091756408818293	9.64363609403738	-17.3427962630284	-5989.9974380323965
228	-6017.018846158048	-5985.993543905107	-31.025302252941813	1.4738675563658266	1.8375932775649229	-0.661259996795251	0.0732888073186392	0.4579222101087736	0.6530972687493201	0.03789981664086935	0.5638796395270598	2.091756408818293	10.024993943304938	-18.09439689090203	-5985.993543905107
230	-6017.536874365747	-5985.993543905107	-31.543330460640682	1.4738675563658266	1.8375932775649229	-0.661259996795251	0.0732888073186392	1.1758454268594043	0.6530972687493201	0.03789981664086935	0.5638796395270598	2.091756408818293	10.024993943304938	-17.908379073277192	-5985.993543905107
232	-6017.536874365747	-5985.993543905107	-31.543330460640682	1.4738675563658266	1.8375932775649229	-0.661259996795251	0.0732888073186392	1.1758454268594043	0.6530972687493201	0.03789981664086935	0.5638796395270598	2.091756408818293	10.024993943304938	-17.908379073277192	-5985.993543905107
234	-6017.586580190437	-5985.993543905107	-31.593036285330548	1.4738675563658266	1.8375932775649229	-0.661259996795251	0.13666255842335334	1.1758454268594043	0.6530972687493201	0.03789981664086935	0.5638796395270598	2.091756408818293	10.024993943304938	-17.909525668716334	-5985.993543905107
236	-6017.586580190437	-5985.993543905107	-31.593036285330548	1.4738675563658266	1.8375932775649229	-0.661259996795251	0.13666255842335334	1.1758454268594043	0.6530972687493201	0.03789981664086935	0.5638796395270598	2.091756408818293	10.024993943304938	-17.909525668716334	-5985.993543905107
238	-6016.20128261639	-5984.324787478334	-31.87649513805613	1.4738675563658266	1.8375932775649229	-0.661259996795251	0.13666255842335334	1.1758454268594043	0.6530972687493201	0.03789981664086935	0.5638796395270598	2.091756408818293	10.456956627404008	-18.192984521441918	-5984.324787478334
240	-6015.762446441194	-5983.885187388497	-31.877259052696523	1.4738675563658266	1.8375932775649229	-0.661259996795251	0.13666255842335334	1.1758454268594043	0.6530972687493201	0.03789981664086935	0.5638796395270598	2.091756408818293	10.456956627404008	-18.19374843608231	-5983.885187388497
242	-6015.762446441194	-5983.885187388497	-31.877259052696523	1.4738675563658266	1.8375932775649229	-0.661259996795251	0.13666255842335334	1.1758454268594043	0.6530972687493201	0.03789981664086935	0.5638796395270598	2.091756408818293	10.456956627404008	-18.19374843608231	-5983.885187388497
244	-6012.811993178797	-5981.729410098808	-31.08258307998824	1.4738675563658266	1.8375932775649229	-0.661259996795251	0.13666255842335334	1.1758454268594043	0.6530972687493201	0.03789981664086935	0.5638796395270598	1.9041033293054754	9.511877540511566	-17.39907246337403	-5981.729410098808
246	-6012.811993178797	-5981.729410098808	-31.08258307998824	1.4738675563658266	1.8375932775649229	-0.661259996795251	0.13666255842335334	1.1758454268594043	0.6530972687493201	0.03789981664086935	0.5638796395270598	1.9041033293054754	9.511877540511566	-17.39907246337403	-5981.729410098808
248	-6012.811993178797	-5981.729410098808	-31.08258307998824	1.4738675563658266	1.8375932775649229	-0.661259996795251	0.13666255842335334	1.1758454268594043	0.6530972687493201	0.03789981664086935	0.5638796395270598	1.9041033293054754	9.511877540511566	-17.39907246337403	-5981.729410098808
250	-6013.003174091417	-5981.729410098808	-31.273763992609247	1.4738675563658266	1.8375932775649229	-0.661259996795251	0.3423795579664784	1.1758454268594043	0.6530972687493201	0.03789981664086935	0.5638796395270598	1.9041033293054754	9.511877540511566	-17.404947400117166	-5981.729410098808
252	-6014.187257850598	-5982.982373830403	-31.204884020194974	1.4738675563658266	1.8375932775649229	-0.661259996795251	0.3423795579664784	1.1758454268594043	0.6530972687493201	0.03789981664086935	0.5638796395270598	1.9041033293054754	9.473500929983988	-17.336067427702897	-5982.982373830403
254	-6012.838597518888	-5981.6337134986925	-31.204884020194974	1.4738675563658266	1.8375932775649229	-0.661259996795251	0.3423795579664784	1.1758454268594043	0.6530972687493201	0.03789981664086935	0.5638796395270598	1.9041033293054754	9.473500929983988	-17.336067427702897	-5981.6337134986925
256	-6012.838597518888	-5981.6337134986925	-31.204884020194974	1.4738675563658266	1.8375932775649229	-0.661259996795251	0.3423795579664784	1.1758454268594043	0.6530972687493201	0.03789981664086935	0.5638796395270598	1.9041033293054754	9.473500929983988	-17.336067427702897	-5981.6337134986925
258	-6014.9746840887	-5983.073720410515	-31.90096367818507	1.4738675563658266	1.8375932775649229	-0.661259996795251	0.3423795579664784	1.1758454268594043	0.6530972687493201	0.03789981664086935	0.5638796395270598	2.0726970263598794	10.31230653535883	-18.032147085692994	-5983.073720410515
260	-6014.48941507942	-5982.232963224629	-32.256451854790846	1.4738675563658266	1.8375932775649229	-0.661259996795251	0.3423795579664784	1.1758454268594043	0.6530972687493201	0.03789981664086935	0.5638796395270598	1.9206812808364722	10.23537697360151	-18.38763526229877	-5982.232963224629
262	-6015.344522301706	-5983.083977762525	-32.260544539181346	1.4738675563658266	1.8375932775649229	-0.661259996795251	0.3423795579664784	1.1758454268594043	0.6530972687493201	0.03789981664086935	0.5638796395270598	1.9206812808364722	10.239306485251946	-18.39172794668927	-5983.083977762525
264	-6014.664166167779	-5982.310262345424	-32.35390382235455	1.4738675563658266	1.8375932775649229	-0.661259996795251	0.3423795579664784	1.1758454268594043	0.6530972687493201	0.03789981664086935	0.5638796395270598	1.863560530701717	10.321520173783002	-18.485087229862472	-5982.310262345424
266	-6014.673361356507	-5982.310262345424	-32.363099011082106	1.4738675563658266	1.8375932775649229	-0.661259996795251	0.3423795579664784	1.1758454268594043	1.7158972894268745	0.03789981664086935	0.5638796395270598	1.863560530701717	10.321520173783002	-18.485087229862472	-5982.310262345424
268	-6010.794071173492	-5979.128951227425	-31.665119946066397	1.4738675563658266	1.8375932775649229	-0.661259996795251	0.3423795579664784	1.1758454268594043	1.7158972894268745	0.03789981664086935	0.5638796395270598	1.7170213168237725	9.523178214578504	-17.787108164846764	-5979.128951227425
270	-6010.70567052105	-5979.054377321003	-31.651293200047036	1.4738675563658266	1.8375932775649229	-0.661259996795251	0.3423795579664784	1.1758454268594043	1.7158972894268745	0.03789981664086935	0.5638796395270598	1.7170213168237725	9.507448126037405	-17.773281418827402	-5979.054377321003
272	-6010.554664379625	-5979.054377321003	-31.500287058622444	1.4738675563658266	1.8375932775649229	-0.661259996795251	0.18226748228797338	1.1758454268594043	1.7158972894268745	0.03789981664086935	0.5638796395270598	1.7170213168237725	9.507448126037405	-17.77015215135972	-5979.054377321003
274	-6010.303019691558	-5979.003055062954	-31.299964628603842	1.4738675563658266	0.8842349941551656	-0.661259996795251	0.18226748228797338	1.1758454268594043	1.7158972894268745	0.03789981664086935	0.5638796395270598	1.867689109063793	9.849770162634954	-17.462144642262466	-5979.003055062954
276	-6010.303019691558	-5979.003055062954	-31.299964628603842	1.4738675563658266	0.8842349941551656	-0.661259996795251	0.18226748228797338	1.1758454268594043	1.7158972894268745	0.03789981664086935	0.5638796395270598	1.867689109063793	9.849770162634954	-17.462144642262466	-5979.003055062954
278	-6010.303019691558	-5979.003055062954	-31.299964628603842	1.4738675563658266	0.8842349941551656	-0.661259996795251	0.18226748228797338	1.1758454268594043	1.7158972894268745	0.03789981664086935	0.5638796395270598	1.867689109063793	9.849770162634954	-17.462144642262466	-5979.003055062954
280	-6010.303019691558	-5979.003055062954	-31.299964628603842	1.4738675563658266	0.8842349941551656	-0.661259996795251	0.18226748228797338	1.1758454268594043	1.7158972894268745	0.03789981664086935	0.5638796395270598	1.867689109063793	9.849770162634954	-17.462144642262466	-5979.003055062954
282	-6006.63258974237	-5975.073206764932	-31.559382977438403	1.4738675563658266	0.8842349941551656	-0.661259996795251	0.18226748228797338	1.1758454268594043	1.7158972894268745	0.03789981664086935	0.5638796395270598	1.867689109063793	10.081387040799557	-17.721562991097027	-5975.073206764932
284	-6006.63258974237	-5975.073206764932	-31.559382977438403	1.4738675563658266	0.8842349941551656	-0.661259996795251	0.18226748228797338	1.1758454268594043	1.7158972894268745	0.03789981664086935	0.5638796395270598	1.867689109063793	10.081387040799557	-17.721562991097027	-5975.073206764932
286	-6005.266604410496	-5974.282180639321	-30.984423771175244	1.4738675563658266	0.8842349941551656	-0.661259996795251	0.18226748228797338	1.1758454268594043	1.7158972894268745	0.03789981664086935	0.5638796395270598	1.738833839469253	9.385853807390978	-17.146603784833868	-5974.282180639321
288	-6006.450057088548	-5974.928732548475	-31.521324540073653	1.4738675563658266	0.8842349941551656	-0.661259996795251	0.18226748228797338	1.1758454268594043	1.7158972894268745	0.03789981664086935	0.5638796395270598	1.8591600931188337	10.03534923375715	-17.683504553732277	-5974.928732548475
290	-6006.512389504887	-5974.991010458677	-31.521379046210413	1.4738675563658266	0.8842349941551656	-0.661259996795251	0.18226748228797338	1.1758454268594043	1.7158972894268745	0.03789981664086935	0.5638796395270598	1.8591600931188337	10.03534923375715	-17.683559059869037	-5974.991010458677
292	-6006.512389504887	-5974.991010458677	-31.521379046210413	1.4738675563658266	0.8842349941551656	-0.661259996795251	0.18226748228797338	1.1758454268594043	1.7158972894268745	0.03789981664086935	0.5638796395270598	1.8591600931188337	10.03534923375715	-17.683559059869037	-5974.991010458677
294	-6005.4966195096495	-5974.645568997996	-30.85105051165371	1.4738675563658266	0.8842349941551656	-0.661259996795251	0.18226748228797338	1.1758454268594043	1.7158972894268745	0.03789981664086935	0.5638796395270598	1.7090637988000261	9.2251614840539	-17.013230525312334	-5974.645568997996
296	-6005.4966195096495	-5974.645568997996	-30.85105051165371	1.4738675563658266	0.8842349941551656	-0.661259996795251	0.18226748228797338	1.1758454268594043	1.7158972894268745	0.03789981664086935	0.5638796395270598	1.7090637988000261	9.2251614840539	-17.013230525312334	-5974.645568997996
298	-6005.4966195096495	-5974.645568997996	-30.85105051165371	1.4738675563658266	0.8842349941551656	-0.661259996795251	0.18226748228797338	1.1758454268594043	1.7158972894268745	0.03789981664086935	0.5638796395270598	1.7090637988000261	9.2251614840539	-17.013230525312334	-5974.645568997996
300	-6005.544871077462	-5974.307113342336	-31.237757735125562	1.4738675563658266	0.8842349941551656	-0.661259996795251	0.18226748228797338	1.1758454268594043	1.7158972894268745	0.03789981664086935	0.5638796395270598	1.795445055088455	9.691429062254146	-17.399937748784186	-5974.307113342336
302	-6005.598052266261	-5974.368176604049	-31.22987566221188	1.4738675563658266	0.8842349941551656	-0.661259996795251	0.18226748228797338	1.1758454268594043	1.7158972894268745	0.03789981664086935	0.5638796395270598	1.795445055088455	9.676782779164938	-17.392055675870505	-5974.368176604049
304	-6005.604102989271	-5974.391564017095	-31.21253897217592	1.4738675563658266	0.8842349941551656	-0.661259996795251	0.18226748228797338	1.1758454268594043	1.7158972894268745	0.03789981664086935	0.5638796395270598	1.795445055088455	9.66487847113777	-17.374718985834544	-5974.391564017095
306	-6005.313821476206	-5974.074743841932	-31.23907763427324	1.4738675563658266	0.8842349941551656	-0.661259996795251	0.18226748228797338	1.1758454268594043	1.7158972894268745	0.03789981664086935	0.5638796395270598	1.795445055088455	9.682509230594569	-17.401257647931864	-5974.074743841932
308	-6005.956607085099	-5974.074743841932	-31.881863243166226	1.4738675563658266	0.8842349941551656	-0.661259996795251	0.18226748228797338	1.1758454268594043	1.7158972894268745	0.03789981664086935	1.2877902085830424	1.795445055088455	9.682509230594569	-17.401257647931864	-5974.074743841932
310	-6005.956607085099	-5974.074743841932	-31.881863243166226	1.4738675563658266	0.8842349941551656	-0.661259996795251	0.18226748228797338	1.1758454268594043	1.7158972894268745	0.03789981664086935	1.2877902085830424	1.795445055088455	9.682509230594569	-17.401257647931864	-5974.074743841932
312	-6005.95358643161	-5974.071515782367	-31.882070649243566	1.4738675563658266	0.8842349941551656	-0.661259996795251	0.18226748228797338	1.1758454268594043	1.7158972894268745	0.03789981664086935	1.2877902085830424	1.795445055088455	9.682730421469374	-17.401465054009204	-5974.071515782367
314	-6005.95358643161	-5974.071515782367	-31.882070649243566	1.4738675563658266	0.8842349941551656	-0.661259996795251	0.18226748228797338	1.1758454268594043	1.7158972894268745	0.03789981664086935	1.2877902085830424	1.795445055088455	9.682730421469374	-17.401465054009204	-5974.071515782367
316	-6005.999167421101	-5974.123524310966	-31.875643110135147	1.4738675563658266	0.8842349941551656	-0.661259996795251	0.18226748228797338	1.1758454268594043	1.7158972894268745	0.03789981664086935	1.2877902085830424	1.795445055088455	9.671022700601226	-17.395037514900785	-5974.123524310966
318	-6005.999167421101	-5974.123524310966	-31.875643110135147	1.4738675563658266	0.8842349941551656	-0.661259996795251	0.18226748228797338	1.1758454268594043	1.7158972894268745	0.03789981664086935	1.2877902085830424	1.795445055088455	9.671022700601226	-17.395037514900785	-5974.123524310966
320	-6006.081875894672	-5974.267980079108	-31.813895815563516	1.4738675563658266	0.8842349941551656	-0.661259996795251	0.18226748228797338	1.1758454268594043	1.7158972894268745	0.03789981664086935	1.2877902085830424	1.6343770234674873	9.348886637359291	-17.333290220329154	-5974.267980079108
322	-6006.081875894672	-5974.267980079108	-31.813895815563516	1.4738675563658266	0.8842349941551656	-0.661259996795251	0.18226748228797338	1.1758454268594043	1.7158972894268745	0.03789981664086935	1.2877902085830424	1.6343770234674873	9.348886637359291	-17.333290220329154	-5974.267980079108
324	-6004.938117742332	-5972.944786342585	-31.993331399747245	1.4738675563658266	0.8842349941551656	-0.661259996795251	0.18226748228797338	1.1758454268594043	0.8531029087923578	0.03789981664086935	1.2877902085830424	1.6343770234674873	9.543495776480508	-17.60647244516005	-5972.944786342585
326	-6004.938117742332	-5972.944786342585	-31.993331399747245	1.4738675563658266	0.8842349941551656	-0.661259996795251	0.18226748228797338	1.1758454268594043	0.8531029087923578	0.03789981664086935	1.2877902085830424	1.6343770234674873	9.543495776480508	-17.60647244516005	-5972.944786342585
328	-6004.938117742332	-5972.944786342585	-31.993331399747245	1.4738675563658266	0.8842349941551656	-0.661259996795251	0.18226748228797338	1.1758454268594043	0.8531029087923578	0.03789981664086935	1.2877902085830424	1.6343770234674873	9.543495776480508	-17.60647244516005	-5972.944786342585
330	-6005.329521054871	-5972.944786342585	-32.38473471228664	1.4738675563658266	0.8842349941551656	-0.661259996795251	0.549615091900982	1.1758454268594043	0.8531029087923578	0.03789981664086935	1.2877902085830424	1.6343770234674873	9.543495776480508	-17.620535821471137	-5972.944786342585
332	-6004.726812226449	-5972.944786342585	-31.782025883863575	1.4738675563658266	0.8842349941551656	-0.22765480458444257	0.549615091900982	1.1758454268594043	0.8531029087923578	0.03789981664086935	1.2877902085830424	1.6343770234674873	9.543495776480508	-17.64158102392504	-5972.944786342585
334	-6002.66763445247	-5970.831485205498	-31.836149246972088	1.4738675563658266	0.8842349941551656	-0.22765480458444257	0.549615091900982	1.1758454268594043	0.8531029087923578	0.03789981664086935	1.2877902085830424	1.6343770234674873	9.546030573113061	-17.69570438703355	-5970.831485205498
336	-5999.717467337612	-5967.631230500955	-32.08623683665728	1.4738675563658266	0.8842349941551656	-0.22765480458444257	0.549615091900982	1.1758454268594043	0.8531029087923578	0.03789981664086935	1.2877902085830424	1.6343770234674873	9.807372049252887	-17.945791976718745	-5967.631230500955
338	-5998.073666698135	-5966.7595797691165	-31.314086929018362	1.4738675563658266	0.8842349941551656	-0.22765480458444257	0.549615091900982	1.1758454268594043	0.8531029087923578	0.03789981664086935	1.2877902085830424	1.4841269566020456	8.905769612962995	-17.173642069079825	-5966.7595797691165
340	-5998.038486528075	-5966.731492704702	-31.30699382337315	1.4738675563658266	0.8842349941551656	-0.22765480458444257	0.549615091900982	1.1758454268594043	0.8531029087923578	0.03789981664086935	1.2877902085830424	1.4841269566020456	8.900123979076726	-17.166548963434614	-5966.731492704702
342	-5998.038486528075	-5966.731492704702	-31.30699382337315	1.4738675563658266	0.8842349941551656	-0.22765480458444257	0.549615091900982	1.1758454268594043	0.8531029087923578	0.03789981664086935	1.2877902085830424	1.4841269566020456	8.900123979076726	-17.166548963434614	-5966.731492704702
344	-5998.038486528075	-5966.731492704702	-31.30699382337315	1.4738675563658266	0.8842349941551656	-0.22765480458444257	0.549615091900982	1.1758454268594043	0.8531029087923578	0.03789981664086935	1.2877902085830424	1.4841269566020456	8.900123979076726	-17.166548963434614	-5966.731492704702
346	-5998.976965630748	-5967.43469548533	-31.542270145418257	1.4738675563658266	0.8842349941551656	-0.22765480458444257	0.549615091900982	1.1758454268594043	0.8531029087923578	0.03789981664086935	1.2877902085830424	1.4841269566020456	8.93313124580699	-17.40182528547972	-5967.43469548533
348	-5998.795817732294	-5967.43469548533	-31.361122246964765	1.4738675563658266	0.8842349941551656	-0.22765480458444257	0.29865336964098044	1.1758454268594043	0.8531029087923578	0.03789981664086935	1.2877902085830424	1.4841269566020456	8.93313124580699	-17.38425148588921	-5967.43469548533
350	-5998.795817732294	-5967.43469548533	-31.361122246964765	1.4738675563658266	0.8842349941551656	-0.22765480458444257	0.29865336964098044	1.1758454268594043	0.8531029087923578	0.03789981664086935	1.2877902085830424	1.4841269566020456	8.93313124580699	-17.38425148588921	-5967.43469548533
352	-5998.592510713411	-5967.2292055028975	-31.36330521051313	1.4738675563658266	0.8842349941551656	-0.22765480458444257	0.29865336964098044	1.1758454268594043	0.8531029087923578	0.03789981664086935	1.2877902085830424	1.4841269566020456	8.93313124580699	-17.386434449437573	-5967.2292055028975
354	-5997.80611040273	-5966.69016730021	-31.115943102519605	1.4738675563658266	0.8842349941551656	-0.22765480458444257	0.29865336964098044	1.1758454268594043	0.8531029087923578	0.03789981664086935	1.2877902085830424	1.5952895608836744	8.92876559378393	-17.13907234144405	-5966.69016730021
356	-5997.92736484743	-5966.69016730021	-31.237197547219434	1.4738675563658266	0.8842349941551656	-0.22765480458444257	0.29865336964098044	1.1758454268594043	0.5870571606992204	0.03789981664086935	1.2877902085830424	1.5952895608836744	8.92876559378393	-17.13907234144405	-5966.69016730021
358	-5998.712427295115	-5966.452751433507	-32.25967586160778	1.4738675563658266	0.8842349941551656	-0.22765480458444257	0.29865336964098044	1.1758454268594043	0.5870571606992204	0.03789981664086935	1.2877902085830424	5.15281626132833	16.039732479820515	-18.161550655832396	-5966.452751433507
360	-5997.616278502652	-5966.565132957503	-31.05114554514874	0.766826790217223	0.8842349941551656	-0.22765480458444257	0.29865336964098044	1.1758454268594043	0.5870571606992204	0.03789981664086935	1.2877902085830424	5.15281626132833	16.027171220285652	-17.912092399163402	-5966.565132957503
362	-5997.616278502652	-5966.565132957503	-31.05114554514874	0.766826790217223	0.8842349941551656	-0.22765480458444257	0.29865336964098044	1.1758454268594043	0.5870571606992204	0.03789981664086935	1.2877902085830424	5.15281626132833	16.027171220285652	-17.912092399163402	-5966.565132957503
364	-5997.616278502652	-5966.565132957503	-31.05114554514874	0.766826790217223	0.8842349941551656	-0.22765480458444257	0.29865336964098044	1.1758454268594043	0.5870571606992204	0.03789981664086935	1.2877902085830424	5.15281626132833	16.027171220285652	-17.912092399163402	-5966.565132957503
366	-5997.616278502652	-5966.565132957503	-31.05114554514874	0.766826790217223	0.8842349941551656	-0.22765480458444257	0.29865336964098044	1.1758454268594043	0.5870571606992204	0.03789981664086935	1.2877902085830424	5.15281626132833	16.027171220285652	-17.912092399163402	-5966.565132957503
368	-5997.616278502652	-5966.565132957503	-31.05114554514874	0.766826790217223	0.8842349941551656	-0.22765480458444257	0.29865336964098044	1.1758454268594043	0.5870571606992204	0.03789981664086935	1.2877902085830424	5.15281626132833	16.027171220285652	-17.912092399163402	-5966.565132957503
370	-5997.637337879759	-5966.565132957503	-31.07220492225549	0.766826790217223	0.8842349941551656	-0.22765480458444257	0.29865336964098044	1.1758454268594043	0.5870571606992204	0.01967576093991344	1.2877902085830424	5.15281626132833	16.027171220285652	-17.91073227631064	-5966.565132957503
372	-5997.65248355494	-5966.119088216105	-31.53339533883405	0.766826790217223	0.8842349941551656	-0.22765480458444257	0.29865336964098044	1.1758454268594043	0.5870571606992204	0.01967576093991344	1.2877902085830424	5.437517143530398	16.912696640600686	-18.3719226928892	-5966.119088216105
374	-5997.275369723318	-5965.845821999078	-31.429547724240276	0.766826790217223	0.8842349941551656	-0.22765480458444257	0.29865336964098044	1.1758454268594043	0.5870571606992204	0.01967576093991344	1.2877902085830424	5.437517143530398	16.851289788937066	-18.268075078295425	-5965.845821999078
376	-5997.5025154361665	-5966.072854788656	-31.42966064751061	0.766826790217223	0.8842349941551656	-0.22765480458444257	0.29865336964098044	1.1758454268594043	0.5870571606992204	0.01967576093991344	1.2877902085830424	5.437517143530398	16.857055379383283	-18.268188001565758	-5966.072854788656
378	-5997.476309766418	-5966.051938870056	-31.42437089636206	0.766826790217223	0.8842349941551656	-0.22765480458444257	0.29865336964098044	1.1758454268594043	0.5870571606992204	0.01967576093991344	1.2877902085830424	5.437517143530398	16.85280649895454	-18.26289825041721	-5966.051938870056
380	-5997.427919383778	-5966.051930478438	-31.375988905340144	0.766826790217223	0.8842349941551656	-0.22765480458444257	0.29865336964098044	1.1758454268594043	0.5870571606992204	0.01967576093991344	1.2877902085830424	5.268085715433897	16.513943642761536	-18.214516259395293	-5966.051930478438
382	-5995.645151496107	-5964.291484443604	-31.353667052503685	0.766826790217223	0.8842349941551656	-0.22765480458444257	0.29865336964098044	1.1758454268594043	0.5870571606992204	0.01967576093991344	1.2877902085830424	5.268085715433897	16.480617414509915	-18.192194406558833	-5964.291484443604
384	-5995.578473635676	-5964.22467175296	-31.35380188271633	0.766826790217223	0.8842349941551656	-0.22765480458444257	0.29865336964098044	1.1758454268594043	0.5870571606992204	0.01967576093991344	1.2877902085830424	5.268085715433897	16.480617414509915	-18.192329236771478	-5964.22467175296
386	-5994.073359898528	-5962.699534573186	-31.373825325342658	0.766826790217223	0.8842349941551656	-0.22765480458444257	0.29865336964098044	1.1758454268594043	0.5870571606992204	0.01967576093991344	1.2877902085830424	5.268085715433897	16.480617414509915	-18.212352679397807	-5962.699534573186
388	-5994.073359898528	-5962.699534573186	-31.373825325342658	0.766826790217223	0.8842349941551656	-0.22765480458444257	0.29865336964098044	1.1758454268594043	0.5870571606992204	0.01967576093991344	1.2877902085830424	5.268085715433897	16.480617414509915	-18.212352679397807	-5962.699534573186
390	-5994.36389027709	-5962.76273319251	-31.601157084580024	0.766826790217223	0.8842349941551656	-0.22765480458444257	0.6425426981794944	1.1758454268594043	0.5870571606992204	0.01967576093991344	1.2877902085830424	5.268085715433897	16.452943484612803	-18.199562738855125	-5962.76273319251
392	-5994.362043357337	-5962.8042296621725	-31.557813695164416	0.766826790217223	0.4121998226547893	-0.22765480458444257	0.6425426981794944	1.1758454268594043	0.5870571606992204	0.01967576093991344	1.2877902085830424	5.268085715433897	16.461632040750036	-18.10023154955422	-5962.8042296621725
394	-5994.104120727795	-5962.626613283729	-31.477507444066077	0.766826790217223	0.4121998226547893	-0.22765480458444257	0.454837411641318	1.1758454268594043	0.5870571606992204	0.01967576093991344	1.2877902085830424	5.268085715433897	16.627882258257372	-18.165649332759802	-5962.626613283729
396	-5994.6052508436005	-5964.423748685604	-30.181502157996743	0.766826790217223	0.4121998226547893	-0.22765480458444257	0.454837411641318	1.1758454268594043	0.5870571606992204	0.01967576093991344	0.7590499173024969	4.780774609894046	15.089761558679779	-17.400364101302646	-5964.423748685604
398	-5994.6052508436005	-5964.423748685604	-30.181502157996743	0.766826790217223	0.4121998226547893	-0.22765480458444257	0.454837411641318	1.1758454268594043	0.5870571606992204	0.01967576093991344	0.7590499173024969	4.780774609894046	15.089761558679779	-17.400364101302646	-5964.423748685604
400	-5994.6052508436005	-5964.423748685604	-30.181502157996743	0.766826790217223	0.4121998226547893	-0.22765480458444257	0.454837411641318	1.1758454268594043	0.5870571606992204	0.01967576093991344	0.7590499173024969	4.780774609894046	15.089761558679779	-17.400364101302646	-5964.423748685604
402	-5994.929989882882	-5964.423748685604	-30.50624119727835	0.766826790217223	0.4121998226547893	-0.22765480458444257	0.776738361102931	1.1758454268594043	0.5870571606992204	0.01967576093991344	0.7590499173024969	4.780774609894046	15.089761558679779	-17.453598137548877	-5964.423748685604
404	-5994.719226235229	-5963.192963185029	-31.526263050200374	0.766826790217223	0.4121998226547893	-0.22765480458444257	0.776738361102931	1.1758454268594043	0.5870571606992204	0.01967576093991344	0.7590499173024969	5.436377698913085	17.159069379625244	-18.4736199904709	-5963.192963185029
406	-5994.719226235229	-5963.192963185029	-31.526263050200374	0.766826790217223	0.4121998226547893	-0.22765480458444257	0.776738361102931	1.1758454268594043	0.5870571606992204	0.01967576093991344	0.7590499173024969	5.436377698913085	17.159069379625244	-18.4736199904709	-5963.192963185029
408	-5993.704420276624	-5962.8248730234955	-30.87954725312858	0.766826790217223	0.4121998226547893	-0.22765480458444257	0.776738361102931	1.1758454268594043	0.5870571606992204	0.01967576093991344	0.7590499173024969	5.020736820307478	15.847164455427661	-17.82690419339911	-5962.8248730234955
410	-5994.023336210421	-5962.703604351897	-31.31973185852371	0.766826790217223	0.4121998226547893	-0.22765480458444257	0.776738361102931	1.1758454268594043	0.5870571606992204	0.01967576093991344	0.7590499173024969	5.304042415082673	16.74137391356658	-18.267088798794237	-5962.703604351897
412	-5992.9287861202	-5962.763027307421	-30.165758812779256	0.766826790217223	0.4121998226547893	-0.22765480458444257	0.776738361102931	0.7801391380443431	0.5870571606992204	0.01967576093991344	0.7590499173024969	5.039145591820915	15.905268841305023	-17.654808935824793	-5962.763027307421
414	-5991.456465833157	-5962.05279283744	-29.403672995717077	0.766826790217223	0.4121998226547893	-0.22765480458444257	0.776738361102931	0.7801391380443431	0.5870571606992204	0.01967576093991344	0.7590499173024969	2.9222438035002156	11.671465264663624	-16.892723118762614	-5962.05279283744
416	-5993.4296524284755	-5962.05279283744	-31.376859591034766	0.766826790217223	0.4121998226547893	-0.22765480458444257	1.8514990329196073	0.7801391380443431	0.5870571606992204	0.01967576093991344	0.7590499173024969	2.9222438035002156	11.671465264663624	-17.208872189716146	-5962.05279283744
418	-5992.912420474272	-5961.54327817462	-31.369142299652097	0.766826790217223	0.4121998226547893	-0.22765480458444257	1.8514990329196073	0.7801391380443431	0.5870571606992204	0.01967576093991344	0.7590499173024969	2.9222438035002156	11.668713973429945	-17.201154898333478	-5961.54327817462
420	-5992.913093406501	-5961.54327817462	-31.36981523188007	0.766826790217223	0.4121998226547893	-0.22765480458444257	1.8514990329196073	0.7801391380443431	0.5870571606992204	0.03842573548154369	0.7590499173024969	2.9222438035002156	11.668713973429945	-17.214970595607966	-5961.54327817462
422	-5992.9338686118945	-5961.597795073632	-31.336073538261765	0.766826790217223	0.4121998226547893	-0.22765480458444257	1.8514990329196073	0.7801391380443431	0.5870571606992204	0.03842573548154369	0.7590499173024969	2.9222438035002156	11.616783330596004	-17.18122890198966	-5961.597795073632
424	-5992.9338686118945	-5961.597795073632	-31.336073538261765	0.766826790217223	0.4121998226547893	-0.22765480458444257	1.8514990329196073	0.7801391380443431	0.5870571606992204	0.03842573548154369	0.7590499173024969	2.9222438035002156	11.616783330596004	-17.18122890198966	-5961.597795073632
426	-5994.603801928491	-5962.456800392401	-32.147001536089135	0.766826790217223	0.4121998226547893	-0.22765480458444257	1.8514990329196073	0.7801391380443431	0.5870571606992204	0.03842573548154369	0.7590499173024969	2.952811417912357	12.270935390153204	-17.992156899817026	-5962.456800392401
428	-5994.8569165107165	-5962.456800392401	-32.400116118314784	0.766826790217223	0.4121998226547893	-0.3262634701054107	1.8514990329196073	0.7801391380443431	0.4221424288647924	0.03842573548154369	0.7590499173024969	2.952811417912357	12.270935390153204	-17.962635994414324	-5962.456800392401
430	-5995.692423969397	-5962.456800392401	-33.235623576995714	0.766826790217223	0.4121998226547893	-0.655062202326452	1.8514990329196073	0.7801391380443431	0.4221424288647924	0.03842573548154369	0.7590499173024969	2.952811417912357	12.270935390153204	-17.866714281371248	-5962.456800392401
432	-5995.692423969397	-5962.456800392401	-33.235623576995714	0.766826790217223	0.4121998226547893	-0.655062202326452	1.8514990329196073	0.7801391380443431	0.4221424288647924	0.03842573548154369	0.7590499173024969	2.952811417912357	12.270935390153204	-17.866714281371248	-5962.456800392401
434	-5995.697279653673	-5962.456800392401	-33.24047926127144	0.766826790217223	0.4121998226547893	-0.655062202326452	1.8514990329196073	0.7801391380443431	0.40882658461416027	0.03842573548154369	0.7590499173024969	2.952811417912357	12.270935390153204	-17.866714281371248	-5962.456800392401
436	-5995.119136814809	-5961.851922881182	-33.26721393362719	0.766826790217223	0.4121998226547893	-0.655062202326452	1.8514990329196073	0.7801391380443431	0.40882658461416027	0.03842573548154369	0.7590499173024969	2.952811417912357	12.280180175304768	-17.893448953727	-5961.851922881182
438	-5994.896419802793	-5961.851922881182	-33.0444969216114	0.5215698223752724	0.4121998226547893	-0.655062202326452	1.8514990329196073	0.7801391380443431	0.40882658461416027	0.03842573548154369	0.7590499173024969	2.952811417912357	12.280180175304768	-17.88562530964418	-5961.851922881182
440	-5994.896419802793	-5961.851922881182	-33.0444969216114	0.5215698223752724	0.4121998226547893	-0.655062202326452	1.8514990329196073	0.7801391380443431	0.40882658461416027	0.03842573548154369	0.7590499173024969	2.952811417912357	12.280180175304768	-17.88562530964418	-5961.851922881182
442	-5994.896419802793	-5961.851922881182	-33.0444969216114	0.5215698223752724	0.4121998226547893	-0.655062202326452	1.8514990329196073	0.7801391380443431	0.40882658461416027	0.03842573548154369	0.7590499173024969	2.952811417912357	12.280180175304768	-17.88562530964418	-5961.851922881182
444	-5995.806089303091	-5963.120462598707	-32.685626704383594	0.5215698223752724	0.4121998226547893	-0.655062202326452	1.8514990329196073	0.7801391380443431	0.40882658461416027	0.03842573548154369	0.7590499173024969	2.952811417912357	12.060075443071632	-17.526755092416376	-5963.120462598707
446	-5995.806089303091	-5963.120462598707	-32.685626704383594	0.5215698223752724	0.4121998226547893	-0.655062202326452	1.8514990329196073	0.7801391380443431	0.40882658461416027	0.03842573548154369	0.7590499173024969	2.952811417912357	12.060075443071632	-17.526755092416376	-5963.120462598707
448	-5995.78593725012	-5963.140234434697	-32.64570281542233	0.5215698223752724	0.4121998226547893	-0.655062202326452	1.8514990329196073	0.7801391380443431	0.40882658461416027	0.03842573548154369	0.7590499173024969	2.952811417912357	11.99886413841423	-17.486831203455115	-5963.140234434697
450	-5995.8471740249415	-5963.215952407549	-32.63122161739302	0.5215698223752724	0.4121998226547893	-0.655062202326452	1.8514990329196073	0.7801391380443431	0.40882658461416027	0.03842573548154369	0.7590499173024969	2.952811417912357	11.984368240604208	-17.472350005425795	-5963.215952407549
452	-5995.8471740249415	-5963.215952407549	-32.63122161739302	0.5215698223752724	0.4121998226547893	-0.655062202326452	1.8514990329196073	0.7801391380443431	0.40882658461416027	0.03842573548154369	0.7590499173024969	2.952811417912357	11.984368240604208	-17.472350005425795	-5963.215952407549
454	-6003.358152739546	-5963.215952407549	-40.14220033199766	0.5215698223752724	0.4121998226547893	-0.655062202326452	3.5410349810518738	0.7801391380443431	0.40882658461416027	0.03842573548154369	1.8319253886556013	2.952811417912357	11.984368240604208	-17.972466649616624	-5963.215952407549
456	-6002.98640091407	-5962.682972634491	-40.30342827957859	0.5215698223752724	0.4121998226547893	-0.655062202326452	3.5410349810518738	0.7801391380443431	0.40882658461416027	0.03842573548154369	1.8319253886556013	2.952811417912357	12.166722499180722	-18.13369459719756	-5962.682972634491
458	-6003.526280887199	-5963.2514202861	-40.27486060109943	0.5215698223752724	0.4121998226547893	-0.655062202326452	3.5410349810518738	0.7801391380443431	0.40882658461416027	0.03842573548154369	1.8319253886556013	2.952811417912357	12.157124921603888	-18.105126918718398	-5963.2514202861
460	-6004.845003123834	-5963.2514202861	-41.59358283773443	0.7440066301480666	0.4121998226547893	-0.8898110972034838	3.5410349810518738	0.7801391380443431	0.40882658461416027	0.03842573548154369	1.8319253886556013	2.952811417912357	12.157124921603888	-18.04011543366502	-5963.2514202861
462	-6003.937899153969	-5961.980649154402	-41.95724999956691	0.7440066301480666	0.22092198292355955	-0.8898110972034838	3.5410349810518738	0.7801391380443431	0.40882658461416027	0.03842573548154369	1.8319253886556013	2.952811417912357	12.330866639160767	-18.322021700165948	-5961.980649154402
464	-6002.518196748439	-5961.980649154402	-40.537547594036525	0.7440066301480666	0.22092198292355955	-0.5927735205781722	3.5410349810518738	0.7801391380443431	0.40882658461416027	0.03842573548154369	1.8319253886556013	2.952811417912357	12.330866639160767	-18.394523086160486	-5961.980649154402
466	-6002.518196748439	-5961.980649154402	-40.537547594036525	0.7440066301480666	0.22092198292355955	-0.5927735205781722	3.5410349810518738	0.7801391380443431	0.40882658461416027	0.03842573548154369	1.8319253886556013	2.952811417912357	12.330866639160767	-18.394523086160486	-5961.980649154402
468	-6000.695686959024	-5960.8063926580335	-39.88929430099029	0.7440066301480666	0.22092198292355955	-0.5927735205781722	3.5410349810518738	0.7801391380443431	0.40882658461416027	0.03842573548154369	1.8319253886556013	2.747673880655783	11.474217413527166	-17.74626979311425	-5960.8063926580335
470	-6000.738802945177	-5960.8063926580335	-39.93241028714373	0.7440066301480666	0.14494950994270317	-0.5927735205781722	3.5410349810518738	0.7801391380443431	0.40882658461416027	0.03842573548154369	1.8319253886556013	2.747673880655783	11.474217413527166	-17.74675983671432	-5960.8063926580335
472	-6001.55813947619	-5961.149419494773	-40.40871998141735	0.7440066301480666	0.14494950994270317	-0.5927735205781722	3.5410349810518738	0.7801391380443431	0.40882658461416027	0.03842573548154369	1.8319253886556013	2.879531604129949	12.055981936928006	-18.223069530987935	-5961.149419494773
474	-6001.458031366807	-5961.143445449653	-40.31458591715402	0.7440066301480666	0.14494950994270317	-0.5927735205781722	3.5410349810518738	0.7801391380443431	0.40882658461416027	0.03842573548154369	1.8319253886556013	2.580933435449914	11.458785599567936	-18.128935466724606	-5961.143445449653
476	-6001.458031366807	-5961.143445449653	-40.31458591715402	0.7440066301480666	0.14494950994270317	-0.5927735205781722	3.5410349810518738	0.7801391380443431	0.40882658461416027	0.03842573548154369	1.8319253886556013	2.580933435449914	11.458785599567936	-18.128935466724606	-5961.143445449653
478	-6001.458031366807	-5961.143445449653	-40.31458591715402	0.7440066301480666	0.14494950994270317	-0.5927735205781722	3.5410349810518738	0.7801391380443431	0.40882658461416027	0.03842573548154369	1.8319253886556013	2.580933435449914	11.458785599567936	-18.128935466724606	-5961.143445449653
480	-6000.821312790411	-5961.377962222834	-39.44335056757674	0.7440066301480666	0.14494950994270317	-0.5927735205781722	3.5410349810518738	0.7801391380443431	0.40882658461416027	0.03842573548154369	1.8319253886556013	2.333921131766832	10.362104457201943	-17.25770011714733	-5961.377962222834
482	-6000.045464928196	-5960.5839116197685	-39.46155330842774	0.7440066301480666	0.14494950994270317	-0.5927735205781722	3.5410349810518738	0.7801391380443431	0.40882658461416027	0.03842573548154369	1.8319253886556013	2.333921131766832	10.367840541166983	-17.27590285799833	-5960.5839116197685
484	-5998.619657154221	-5960.5839116197685	-38.035745534452886	0.7440066301480666	0.14494950994270317	-0.5927735205781722	3.5410349810518738	0.5247607058154816	0.40882658461416027	0.03842573548154369	0.8948934178826013	2.333921131766832	10.367840541166983	-17.32048492560085	-5960.5839116197685
486	-5999.102113405426	-5960.208104644417	-38.89400876100922	0.7440066301480666	0.14494950994270317	-0.5927735205781722	3.5410349810518738	0.5247607058154816	0.40882658461416027	0.03842573548154369	0.8948934178826013	2.5363197335376952	11.266943942886005	-18.17874815215718	-5960.208104644417
488	-5998.372868278988	-5960.143817012221	-38.22905126676655	0.7440066301480666	0.14494950994270317	-0.5927735205781722	3.5410349810518738	0.5247607058154816	0.40882658461416027	0.03842573548154369	0.8948934178826013	2.3794383869964637	10.570039166334393	-17.513790657914505	-5960.143817012221
490	-5998.415096795011	-5960.143817012221	-38.271279782789414	0.7440066301480666	0.14494950994270317	-0.5927735205781722	3.5410349810518738	0.5247607058154816	0.2118745404063043	0.03842573548154369	0.8948934178826013	2.3794383869964637	10.570039166334393	-17.513790657914505	-5960.143817012221
492	-5998.415096795011	-5960.143817012221	-38.271279782789414	0.7440066301480666	0.14494950994270317	-0.5927735205781722	3.5410349810518738	0.5247607058154816	0.2118745404063043	0.03842573548154369	0.8948934178826013	2.3794383869964637	10.570039166334393	-17.513790657914505	-5960.143817012221
494	-5998.415096795011	-5960.143817012221	-38.271279782789414	0.7440066301480666	0.14494950994270317	-0.5927735205781722	3.5410349810518738	0.5247607058154816	0.2118745404063043	0.03842573548154369	0.8948934178826013	2.3794383869964637	10.570039166334393	-17.513790657914505	-5960.143817012221
496	-6000.499018760709	-5961.181145900014	-39.317872860695275	0.7440066301480666	0.14494950994270317	-0.5927735205781722	3.5410349810518738	0.5247607058154816	0.2118745404063043	0.03842573548154369	0.8948934178826013	2.626432870064012	11.667248228002094	-18.56038373582037	-5961.181145900014
498	-6000.839706405439	-5961.181145900014	-39.65856050542514	0.7440066301480666	0.14494950994270317	-0.5927735205781722	3.5410349810518738	0.30123434453707615	0.2118745404063043	0.03842573548154369	0.8948934178826013	2.626432870064012	11.667248228002094	-19.038343503524963	-5961.181145900014
500	-5993.406778802856	-5961.181145900014	-32.22563290284231	0.7440066301480666	0.14494950994270317	-0.5927735205781722	1.378664906846163	0.30123434453707615	0.2118745404063043	0.03842573548154369	0.8948934178826013	2.626432870064012	11.667248228002094	-18.206317528453884	-5961.181145900014
502	-5993.406778802856	-5961.181145900014	-32.22563290284231	0.7440066301480666	0.14494950994270317	-0.5927735205781722	1.378664906846163	0.30123434453707615	0.2118745404063043	0.03842573548154369	0.8948934178826013	2.626432870064012	11.667248228002094	-18.206317528453884	-5961.181145900014
504	-5991.659448393746	-5959.466966340062	-32.19248205368435	0.7440066301480666	0.14494950994270317	-0.5927735205781722	1.378664906846163	0.30123434453707615	0.2118745404063043	0.03842573548154369	0.8948934178826013	2.626432870064012	11.658625437228114	-18.173166679295925	-5959.466966340062
506	-5991.458140149195	-5959.246497825249	-32.21164232394598	0.7440066301480666	0.14494950994270317	-0.5927735205781722	1.378664906846163	0.30123434453707615	0.2118745404063043	0.03842573548154369	0.8948934178826013	2.626432870064012	11.662932290012957	-18.19232694955755	-5959.246497825249
508	-5990.2621113230225	-5958.428833737044	-31.833277585978394	0.7440066301480666	0.14494950994270317	-0.5927735205781722	1.378664906846163	0.30123434453707615	0.2118745404063043	0.03842573548154369	0.8948934178826013	2.546601481274026	11.30843319251552	-17.813962211589967	-5958.428833737044
510	-5990.2621113230225	-5958.428833737044	-31.833277585978394	0.7440066301480666	0.14494950994270317	-0.5927735205781722	1.378664906846163	0.30123434453707615	0.2118745404063043	0.03842573548154369	0.8948934178826013	2.546601481274026	11.30843319251552	-17.813962211589967	-5958.428833737044
512	-5989.519364367897	-5958.50763421313	-31.011730154766994	0.7440066301480666	0.14494950994270317	-0.5927735205781722	1.378664906846163	0.30123434453707615	0.2118745404063043	0.03842573548154369	0.8948934178826013	2.3724179071518243	10.534953978873869	-16.992414780378567	-5958.50763421313
514	-5989.00722241556	-5958.50763421313	-30.49958820243086	0.7440066301480666	0.14494950994270317	-0.33313215198846846	1.378664906846163	0.30123434453707615	0.2118745404063043	0.03842573548154369	0.8948934178826013	2.3724179071518243	10.534953978873869	-17.07863468729274	-5958.50763421313
516	-5989.00722241556	-5958.50763421313	-30.49958820243086	0.7440066301480666	0.14494950994270317	-0.33313215198846846	1.378664906846163	0.30123434453707615	0.2118745404063043	0.03842573548154369	0.8948934178826013	2.3724179071518243	10.534953978873869	-17.07863468729274	-5958.50763421313
518	-5988.938175552211	-5958.50763421313	-30.4305413390808	0.7440066301480666	0.14494950994270317	-0.33313215198846846	1.378664906846163	0.41932318795000995	0.2118745404063043	0.03842573548154369	0.8948934178826013	2.3724179071518243	10.534953978873869	-16.94951803774403	-5958.50763421313
520	-5988.938175552211	-5958.50763421313	-30.4305413390808	0.7440066301480666	0.14494950994270317	-0.33313215198846846	1.378664906846163	0.41932318795000995	0.2118745404063043	0.03842573548154369	0.8948934178826013	2.3724179071518243	10.534953978873869	-16.94951803774403	-5958.50763421313
522	-5988.938175552211	-5958.50763421313	-30.4305413390808	0.7440066301480666	0.14494950994270317	-0.33313215198846846	1.378664906846163	0.41932318795000995	0.2118745404063043	0.03842573548154369	0.8948934178826013	2.3724179071518243	10.534953978873869	-16.94951803774403	-5958.50763421313
524	-5987.685913215791	-5958.50763421313	-29.17827900266109	0.7440066301480666	0.14494950994270317	-0.33313215198846846	0.6279509789776688	0.41932318795000995	0.2118745404063043	0.051402447286590644	0.8948934178826013	2.3724179071518243	10.534953978873869	-16.71098699386827	-5958.50763421313
526	-5987.645220578689	-5958.50763421313	-29.13758636555968	0.7440066301480666	0.14494950994270317	-0.33313215198846846	0.6279509789776688	0.41932318795000995	0.2118745404063043	0.11455372227093089	0.8948934178826013	2.3724179071518243	10.534953978873869	-16.716327673382168	-5958.50763421313
528	-5987.645220578689	-5958.50763421313	-29.13758636555968	0.7440066301480666	0.14494950994270317	-0.33313215198846846	0.6279509789776688	0.41932318795000995	0.2118745404063043	0.11455372227093089	0.8948934178826013	2.3724179071518243	10.534953978873869	-16.716327673382168	-5958.50763421313
530	-5987.6556843979415	-5958.45907237198	-29.196612025961656	0.7440066301480666	0.14494950994270317	-0.33313215198846846	0.6279509789776688	0.41932318795000995	0.2118745404063043	0.05604291332601209	0.8948934178826013	2.3724179071518243	10.546584968986298	-16.732974143136406	-5958.45907237198
532	-5987.755464770607	-5958.237946529241	-29.51751824136672	0.7440066301480666	0.14494950994270317	-0.33313215198846846	0.6279509789776688	0.41932318795000995	0.2118745404063043	0.05604291332601209	0.8948934178826013	2.3724179071518243	10.690098255958922	-17.05388035854147	-5958.237946529241
534	-5989.473504657621	-5958.237946529241	-31.235558128380365	0.7440066301480666	0.14494950994270317	-0.33313215198846846	0.6279509789776688	0.41932318795000995	0.2118745404063043	0.05604291332601209	2.090680459185751	2.3724179071518243	10.690098255958922	-17.05388035854147	-5958.237946529241
536	-5989.473504657621	-5958.237946529241	-31.235558128380365	0.7440066301480666	0.14494950994270317	-0.33313215198846846	0.6279509789776688	0.41932318795000995	0.2118745404063043	0.05604291332601209	2.090680459185751	2.3724179071518243	10.690098255958922	-17.05388035854147	-5958.237946529241
538	-5988.968877261622	-5957.707768324572	-31.26110893705003	0.7440066301480666	0.14494950994270317	-0.33313215198846846	0.6279509789776688	0.41932318795000995	0.2118745404063043	0.05604291332601209	2.090680459185751	2.3724179071518243	10.696655428670175	-17.079431167211133	-5957.707768324572
540	-5988.968877261622	-5957.707768324572	-31.26110893705003	0.7440066301480666	0.14494950994270317	-0.33313215198846846	0.6279509789776688	0.41932318795000995	0.2118745404063043	0.05604291332601209	2.090680459185751	2.3724179071518243	10.696655428670175	-17.079431167211133	-5957.707768324572
542	-5989.011336792205	-5957.707768324572	-31.303568467633475	0.7440066301480666	0.14494950994270317	-0.33313215198846846	0.6279509789776688	0.41932318795000995	0.2118745404063043	0.03650947894677867	2.090680459185751	2.3724179071518243	10.696655428670175	-17.08286039431823	-5957.707768324572
544	-5989.043208033114	-5957.707768324572	-31.335439708542232	0.7440066301480666	0.14494950994270317	-0.33313215198846846	0.6279509789776688	0.41932318795000995	0.09255503897397997	0.03650947894677867	2.090680459185751	2.3724179071518243	10.696655428670175	-17.08286039431823	-5957.707768324572
546	-5989.043208033114	-5957.707768324572	-31.335439708542232	0.7440066301480666	0.14494950994270317	-0.33313215198846846	0.6279509789776688	0.41932318795000995	0.09255503897397997	0.03650947894677867	2.090680459185751	2.3724179071518243	10.696655428670175	-17.08286039431823	-5957.707768324572
548	-5989.043208033114	-5957.707768324572	-31.335439708542232	0.7440066301480666	0.14494950994270317	-0.33313215198846846	0.6279509789776688	0.41932318795000995	0.09255503897397997	0.03650947894677867	2.090680459185751	2.3724179071518243	10.696655428670175	-17.08286039431823	-5957.707768324572
550	-5991.618485265979	-5959.331888030795	-32.28659723518332	0.7440066301480666	0.37522009562867775	-0.33313215198846846	0.6279509789776688	0.41932318795000995	0.09255503897397997	0.03650947894677867	2.090680459185751	2.594440371617197	11.697700730448988	-18.14545088357228	-5959.331888030795
552	-5991.7352957184075	-5959.28701963249	-32.44827608591706	0.7440066301480666	0.37522009562867775	-0.33313215198846846	0.6279509789776688	0.760128209076844	0.09255503897397997	0.03650947894677867	2.090680459185751	2.594440371617197	11.892878535692336	-17.936709998037127	-5959.28701963249
554	-5991.7352957184075	-5959.28701963249	-32.44827608591706	0.7440066301480666	0.37522009562867775	-0.33313215198846846	0.6279509789776688	0.760128209076844	0.09255503897397997	0.03650947894677867	2.090680459185751	2.594440371617197	11.892878535692336	-17.936709998037127	-5959.28701963249
556	-5993.155197618217	-5959.3662740227155	-33.788923595501416	0.7440066301480666	0.37522009562867775	-0.33313215198846846	0.6279509789776688	0.760128209076844	0.09255503897397997	0.03650947894677867	2.090680459185751	5.947036219473347	18.771223247092532	-19.277357507621485	-5959.3662740227155
558	-5993.155197618217	-5959.3662740227155	-33.788923595501416	0.7440066301480666	0.37522009562867775	-0.33313215198846846	0.6279509789776688	0.760128209076844	0.09255503897397997	0.03650947894677867	2.090680459185751	5.947036219473347	18.771223247092532	-19.277357507621485	-5959.3662740227155
560	-5994.355367574044	-5960.566443978542	-33.788923595501416	0.7440066301480666	0.37522009562867775	-0.33313215198846846	0.6279509789776688	0.760128209076844	0.09255503897397997	0.03650947894677867	2.090680459185751	5.947036219473347	18.771223247092532	-19.277357507621485	-5960.566443978542
562	-5996.846388598676	-5962.724509947128	-34.12187865154735	0.7440066301480666	0.37522009562867775	-0.33313215198846846	0.6279509789776688	0.760128209076844	0.09255503897397997	0.03650947894677867	2.090680459185751	5.947036219473347	19.003502138028523	-19.610312563667424	-5962.724509947128
564	-5993.3713006789685	-5960.52431293533	-32.846987743638564	0.7440066301480666	0.37522009562867775	-0.33313215198846846	0.6279509789776688	0.760128209076844	0.19679502302400262	0.03650947894677867	2.090680459185751	5.355892735794555	17.11452819514469	-18.39957648522501	-5960.52431293533
566	-5993.3713006789685	-5960.52431293533	-32.846987743638564	0.7440066301480666	0.37522009562867775	-0.33313215198846846	0.6279509789776688	0.760128209076844	0.19679502302400262	0.03650947894677867	2.090680459185751	5.355892735794555	17.11452819514469	-18.39957648522501	-5960.52431293533
568	-5993.4354060924825	-5960.52431293533	-32.91109315715188	0.7440066301480666	0.1603027703759952	-0.33313215198846846	0.6279509789776688	0.760128209076844	0.19679502302400262	0.03650947894677867	2.090680459185751	5.355892735794555	17.11452819514469	-18.36132855480333	-5960.52431293533
570	-5993.59569040861	-5960.5774561531725	-33.01823425543737	0.7440066301480666	0.1603027703759952	-0.33313215198846846	0.6279509789776688	0.760128209076844	0.19679502302400262	0.03650947894677867	2.090680459185751	5.355892735794555	17.26506080934726	-18.468469653088817	-5960.5774561531725
572	-5993.589338344389	-5960.594552976785	-32.994785367604095	0.7440066301480666	0.1603027703759952	-0.33313215198846846	0.6279509789776688	0.760128209076844	0.19679502302400262	0.05036085662586485	2.090680459185751	5.355892735794555	17.270112190338725	-18.472776296074883	-5960.594552976785
574	-5993.1781021666275	-5960.2333826723925	-32.94471949423461	0.7440066301480666	0.1603027703759952	-0.33313215198846846	0.6279509789776688	0.760128209076844	0.19679502302400262	0.05036085662586485	2.090680459185751	5.355892735794555	17.232147932743686	-18.4227104227054	-5960.2333826723925
576	-5993.331710727327	-5960.292483930895	-33.039226796431834	0.7440066301480666	0.1603027703759952	-0.33313215198846846	0.6279509789776688	0.760128209076844	0.19679502302400262	0.05036085662586485	2.090680459185751	5.355892735794555	17.368402689497437	-18.517217724902626	-5960.292483930895
578	-5993.331710727327	-5960.292483930895	-33.039226796431834	0.7440066301480666	0.1603027703759952	-0.33313215198846846	0.6279509789776688	0.760128209076844	0.19679502302400262	0.05036085662586485	2.090680459185751	5.355892735794555	17.368402689497437	-18.517217724902626	-5960.292483930895
580	-5993.249080705204	-5960.292483930895	-32.9565967743087	0.7440066301480666	0.1603027703759952	-0.33313215198846846	0.6279509789776688	0.5491151960679705	0.19679502302400262	0.08906861296407759	2.090680459185751	5.355892735794555	17.368402689497437	-18.744857335567616	-5960.292483930895
582	-5993.108789867764	-5960.091848749136	-33.016941118628004	0.7440066301480666	0.1603027703759952	-0.33313215198846846	0.6279509789776688	0.5491151960679705	0.19679502302400262	0.08906861296407759	2.090680459185751	5.355892735794555	17.42193752353882	-18.80520167988692	-5960.091848749136
584	-5991.9274224556675	-5958.898359611572	-33.029062844095385	0.7440066301480666	0.1603027703759952	-0.33313215198846846	0.6279509789776688	0.5491151960679705	0.19679502302400262	0.08906861296407759	2.090680459185751	5.355892735794555	17.423521698901464	-18.817323405354305	-5958.898359611572
586	-5992.019940153848	-5958.93067802945	-33.08926212439845	0.7440066301480666	0.1603027703759952	-0.33313215198846846	0.6279509789776688	0.5491151960679705	0.19679502302400262	0.08906861296407759	2.090680459185751	5.355892735794555	17.503501508736004	-18.877522685657368	-5958.93067802945
588	-5992.019940153848	-5958.93067802945	-33.08926212439845	0.7440066301480666	0.1603027703759952	-0.33313215198846846	0.6279509789776688	0.5491151960679705	0.19679502302400262	0.08906861296407759	2.090680459185751	5.355892735794555	17.503501508736004	-18.877522685657368	-5958.93067802945
590	-5992.019940153848	-5958.93067802945	-33.08926212439845	0.7440066301480666	0.1603027703759952	-0.33313215198846846	0.6279509789776688	0.5491151960679705	0.19679502302400262	0.08906861296407759	2.090680459185751	5.355892735794555	17.503501508736004	-18.877522685657368	-5958.93067802945
592	-5992.824348720272	-5959.37691106567	-33.447437654601025	0.7440066301480666	0.1603027703759952	-0.33313215198846846	0.6279509789776688	0.5491151960679705	0.19679502302400262	0.08906861296407759	2.090680459185751	5.496900540218144	17.994494278752228	-19.235698215859944	-5959.37691106567
594	-5991.857540553717	-5959.371479812981	-32.486060740735724	0.7440066301480666	0.1603027703759952	-0.33313215198846846	0.6279509789776688	0.5491151960679705	0.46312662606388083	0.08906861296407759	2.090680459185751	3.1571317348990413	13.314956668114025	-18.332689037075838	-5959.371479812981
596	-5991.295375666357	-5959.234046232959	-32.06132943339844	0.7440066301480666	0.1603027703759952	-0.33313215198846846	0.6279509789776688	0.5491151960679705	0.46312662606388083	0.08906861296407759	2.090680459185751	3.039478070311137	12.818761520944195	-17.90795772973855	-5959.234046232959
598	-5991.17242796969	-5959.234046232959	-31.938381736730996	0.7440066301480666	0.1603027703759952	-0.19974674375238133	0.6279509789776688	0.5491151960679705	0.46312662606388083	0.08906861296407759	2.090680459185751	3.039478070311137	12.818761520944195	-17.939847799803083	-5959.234046232959
600	-5991.329490184138	-5959.234046232959	-32.09544395117865	0.7440066301480666	0.1603027703759952	-0.19974674375238133	0.6279509789776688	0.5491151960679705	1.1161411770129932	0.08906861296407759	2.090680459185751	3.039478070311137	12.818761520944195	-17.939847799803083	-5959.234046232959
602	-5992.063839756542	-5959.234046232959	-32.8297935235819	0.7440066301480666	0.1603027703759952	-0.19974674375238133	0.6279509789776688	0.5491151960679705	1.8871053335029027	0.08906861296407759	2.090680459185751	3.039478070311137	12.818761520944195	-17.939847799803083	-5959.234046232959
604	-5992.063839756542	-5959.234046232959	-32.8297935235819	0.7440066301480666	0.1603027703759952	-0.19974674375238133	0.6279509789776688	0.5491151960679705	1.8871053335029027	0.08906861296407759	2.090680459185751	3.039478070311137	12.818761520944195	-17.939847799803083	-5959.234046232959
606	-5992.310139715925	-5959.234046232959	-33.076093482966094	0.7440066301480666	0.1603027703759952	-0.19974674375238133	0.6279509789776688	1.3083395171508296	1.8871053335029027	0.08906861296407759	2.090680459185751	3.039478070311137	12.818761520944195	-18.208659231242166	-5959.234046232959
608	-5992.310139715925	-5959.234046232959	-33.076093482966094	0.7440066301480666	0.1603027703759952	-0.19974674375238133	0.6279509789776688	1.3083395171508296	1.8871053335029027	0.08906861296407759	2.090680459185751	3.039478070311137	12.818761520944195	-18.208659231242166	-5959.234046232959
610	-5992.185660250713	-5959.161413234976	-33.02424701573737	0.7440066301480666	0.1603027703759952	-0.19974674375238133	0.6279509789776688	1.3083395171508296	1.8871053335029027	0.08906861296407759	2.090680459185751	2.8083923061644813	12.359458174561494	-18.15681276401344	-5959.161413234976
612	-5993.647638367407	-5960.778372017897	-32.869266349510184	0.7440066301480666	0.1603027703759952	-0.19974674375238133	0.6279509789776688	1.3083395171508296	1.8871053335029027	0.08906861296407759	2.090680459185751	2.8083923061644813	12.15366789857604	-18.001832097786256	-5960.778372017897
614	-5994.346013024188	-5960.913502036972	-33.43251098721653	0.7440066301480666	0.1603027703759952	-0.19974674375238133	0.6279509789776688	1.3083395171508296	1.8871053335029027	0.08906861296407759	2.090680459185751	3.0341805094660077	13.136394394350235	-18.565076735492603	-5960.913502036972
616	-5993.244583550423	-5960.258883222733	-32.98570032769024	0.7440066301480666	0.1603027703759952	-0.19974674375238133	0.6279509789776688	1.3083395171508296	1.8871053335029027	0.08906861296407759	2.090680459185751	2.852400938755846	12.349385142186584	-18.118266075966307	-5960.258883222733
618	-5992.870818815709	-5959.949631279933	-32.921187535775516	0.7440066301480666	0.1603027703759952	-0.09612605236010802	0.6279509789776688	1.3083395171508296	1.8871053335029027	0.08906861296407759	2.090680459185751	2.852400938755846	12.356522131680432	-18.14948054235105	-5959.949631279933
620	-5992.870818815709	-5959.949631279933	-32.921187535775516	0.7440066301480666	0.1603027703759952	-0.09612605236010802	0.6279509789776688	1.3083395171508296	1.8871053335029027	0.08906861296407759	2.090680459185751	2.852400938755846	12.356522131680432	-18.14948054235105	-5959.949631279933
622	-5993.107450111831	-5960.202512281524	-32.9049378303068	0.7440066301480666	0.1603027703759952	-0.09612605236010802	0.6279509789776688	1.3083395171508296	1.8871053335029027	0.08906861296407759	2.090680459185751	2.852400938755846	12.345312671155583	-18.133230836882333	-5960.202512281524
624	-5993.989781524557	-5961.608766404703	-32.38101511985385	0.7440066301480666	0.1603027703759952	-0.09612605236010802	0.6279509789776688	1.3083395171508296	1.8871053335029027	0.08906861296407759	2.090680459185751	2.5415073798392505	11.188782238153554	-17.60930812642938	-5961.608766404703
626	-5993.989781524557	-5961.608766404703	-32.38101511985385	0.7440066301480666	0.1603027703759952	-0.09612605236010802	0.6279509789776688	1.3083395171508296	1.8871053335029027	0.08906861296407759	2.090680459185751	2.5415073798392505	11.188782238153554	-17.60930812642938	-5961.608766404703
628	-5994.645951543147	-5961.072125882578	-33.57382566056875	0.7440066301480666	0.1603027703759952	-0.09612605236010802	0.6279509789776688	1.3083395171508296	1.8871053335029027	0.08906861296407759	2.090680459185751	3.0120291247371087	13.260216452250212	-18.802118667144285	-5961.072125882578
630	-5992.849496841308	-5960.21194564409	-32.63755119721834	0.7440066301480666	0.1603027703759952	-0.09612605236010802	0.6279509789776688	1.3083395171508296	1.8871053335029027	0.08906861296407759	2.090680459185751	2.642516726342341	11.633467778320183	-17.865844203793873	-5960.21194564409
632	-5993.114934282466	-5959.310002472074	-33.80493181039084	0.7440066301480666	0.1603027703759952	-0.09612605236010802	0.6279509789776688	1.3083395171508296	1.8871053335029027	0.08906861296407759	2.090680459185751	2.985016922713681	13.537151765337393	-19.033224816966374	-5959.310002472074
634	-5990.982018919887	-5957.566053154129	-33.415965765758216	0.7440066301480666	0.1603027703759952	-0.09612605236010802	0.6279509789776688	1.3083395171508296	1.8871053335029027	0.08906861296407759	2.090680459185751	2.837081049702383	12.866257624251242	-18.644258772333746	-5957.566053154129
636	-5990.879904120766	-5957.500172570069	-33.37973155069741	0.7440066301480666	0.1603027703759952	-0.07146937577750155	0.6279509789776688	1.3083395171508296	1.8871053335029027	0.08906861296407759	2.090680459185751	2.8291137522019585	12.830125663121592	-18.627640087739636	-5957.500172570069
638	-5989.84822655296	-5957.018284327679	-32.829942225281236	0.7440066301480666	0.1603027703759952	-0.07146937577750155	0.6279509789776688	1.3083395171508296	1.8871053335029027	0.08906861296407759	2.090680459185751	2.619630139728484	11.880110461255828	-18.077850762323465	-5957.018284327679
640	-5990.032993534548	-5957.20800061849	-32.82499291605804	0.7440066301480666	0.1603027703759952	-0.07146937577750155	0.6279509789776688	1.3083395171508296	1.8871053335029027	0.08906861296407759	2.090680459185751	2.619630139728484	11.88011046125583	-18.072901453100265	-5957.20800061849
642	-5988.273231216125	-5955.414754846988	-32.85847636913701	0.7440066301480666	0.1603027703759952	-0.07146937577750155	0.6279509789776688	1.3083395171508296	1.8871053335029027	0.08906861296407759	2.090680459185751	2.619630139728484	11.882552684009084	-18.106384906179237	-5955.414754846988
644	-5988.273231216125	-5955.414754846988	-32.85847636913701	0.7440066301480666	0.1603027703759952	-0.07146937577750155	0.6279509789776688	1.3083395171508296	1.8871053335029027	0.08906861296407759	2.090680459185751	2.619630139728484	11.882552684009084	-18.106384906179237	-5955.414754846988
646	-5987.307521377612	-5954.454898167585	-32.85262321002706	0.7440066301480666	0.1603027703759952	-0.07146937577750155	0.6279509789776688	1.3083395171508296	1.8871053335029027	0.08906861296407759	2.090680459185751	2.619630139728484	11.882552684009084	-18.100531747069287	-5954.454898167585
648	-5987.104289819487	-5954.454898167585	-32.64939165190209	0.5016102606002676	0.1603027703759952	-0.1834108640622858	0.6279509789776688	1.3083395171508296	1.8871053335029027	0.08906861296407759	2.090680459185751	2.619630139728484	11.882552684009084	-18.061550951002847	-5954.454898167585
650	-5987.470581561885	-5954.814451773437	-32.65612978844785	0.5016102606002676	0.1603027703759952	-0.1834108640622858	0.6279509789776688	1.3083395171508296	1.8871053335029027	0.08906861296407759	2.090680459185751	2.619630139728484	11.882552684009084	-18.0682890875486	-5954.814451773437
652	-5987.309776202156	-5954.814451773437	-32.49532442871932	0.20696501388136027	0.1603027703759952	-0.1834108640622858	0.6279509789776688	1.3083395171508296	1.8871053335029027	0.08906861296407759	2.090680459185751	2.619630139728484	11.882552684009084	-18.069029615061467	-5954.814451773437
654	-5987.1235577684065	-5954.638690332222	-32.48486743618443	0.20696501388136027	0.1603027703759952	-0.1834108640622858	0.6279509789776688	1.3083395171508296	1.8871053335029027	0.08906861296407759	2.090680459185751	2.619630139728484	11.882552684009084	-18.058572622526572	-5954.638690332222
656	-5987.1235577684065	-5954.638690332222	-32.48486743618443	0.20696501388136027	0.1603027703759952	-0.1834108640622858	0.6279509789776688	1.3083395171508296	1.8871053335029027	0.08906861296407759	2.090680459185751	2.619630139728484	11.882552684009084	-18.058572622526572	-5954.638690332222
658	-5987.658120092213	-5955.183762603904	-32.4743574883087	0.20696501388136027	0.21156413000704394	-0.1834108640622858	0.6279509789776688	1.3083395171508296	1.8871053335029027	0.08906861296407759	2.090680459185751	2.619630139728484	11.877333474489557	-18.049140781200748	-5955.183762603904
660	-5987.658120092213	-5955.183762603904	-32.4743574883087	0.20696501388136027	0.21156413000704394	-0.1834108640622858	0.6279509789776688	1.3083395171508296	1.8871053335029027	0.08906861296407759	2.090680459185751	2.619630139728484	11.877333474489557	-18.049140781200748	-5955.183762603904
662	-5987.625228723173	-5955.141610029976	-32.48361869319663	0.20696501388136027	0.21156413000704394	-0.1834108640622858	0.6279509789776688	1.3083395171508296	1.8871053335029027	0.08906861296407759	2.090680459185751	2.619630139728484	11.895991762710667	-18.05840198608869	-5955.141610029976
664	-5986.709866751974	-5954.47735768416	-32.232509067813865	0.20696501388136027	0.21156413000704394	-0.1834108640622858	0.6279509789776688	1.3083395171508296	1.8871053335029027	0.08906861296407759	2.090680459185751	2.619630139728484	11.67862477887746	-17.807292360705915	-5954.47735768416
666	-5986.412911673197	-5954.47735768416	-31.935553989037185	0.20696501388136027	0.21156413000704394	-0.1834108640622858	0.2836519296112506	1.3083395171508296	1.8871053335029027	0.08906861296407759	2.090680459185751	2.619630139728484	11.67862477887746	-17.73041747548277	-5954.47735768416
668	-5986.412911673197	-5954.47735768416	-31.935553989037185	0.20696501388136027	0.21156413000704394	-0.1834108640622858	0.2836519296112506	1.3083395171508296	1.8871053335029027	0.08906861296407759	2.090680459185751	2.619630139728484	11.67862477887746	-17.73041747548277	-5954.47735768416
670	-5987.022956817976	-5954.502840517666	-32.520116300309326	0.20696501388136027	0.21156413000704394	-0.1834108640622858	0.2836519296112506	1.3083395171508296	1.8871053335029027	0.08906861296407759	2.090680459185751	5.0807702085257045	16.600904916471897	-18.314979786754915	-5954.502840517666
672	-5987.167652330166	-5954.546447405893	-32.62120492427346	0.20696501388136027	0.21156413000704394	-0.3560880694781182	0.2836519296112506	1.3083395171508296	1.8871053335029027	0.08906861296407759	2.090680459185751	5.0807702085257045	16.590029719737288	-18.273929020034387	-5954.546447405893
674	-5987.1486468479225	-5954.545062909362	-32.6035839385605	0.20696501388136027	0.21156413000704394	-0.3560880694781182	0.2836519296112506	1.3083395171508296	1.8871053335029027	0.08906861296407759	2.090680459185751	5.0807702085257045	16.555101809386493	-18.256308034321425	-5954.545062909362
676	-5986.995606246699	-5954.3755571229385	-32.62004912376076	0.20696501388136027	0.21156413000704394	-0.3560880694781182	0.2836519296112506	1.3083395171508296	1.8871053335029027	0.08906861296407759	2.090680459185751	5.0807702085257045	16.555101809386493	-18.272773219521685	-5954.3755571229385
678	-5986.889227929563	-5953.994222692523	-32.89500523704025	0.20696501388136027	0.21156413000704394	-0.3560880694781182	0.2836519296112506	1.3083395171508296	1.8871053335029027	0.08906861296407759	2.090680459185751	5.280303214268127	17.205257019881092	-18.547729332801183	-5953.994222692523
680	-5987.692030398084	-5954.600600695674	-33.09142970241014	0.20696501388136027	0.21156413000704394	-0.3560880694781182	0.2836519296112506	1.3083395171508296	1.8871053335029027	0.08906861296407759	2.090680459185751	5.280303214268127	17.367119426969825	-18.744153798171066	-5954.600600695674
682	-5987.692030398084	-5954.600600695674	-33.09142970241014	0.20696501388136027	0.21156413000704394	-0.3560880694781182	0.2836519296112506	1.3083395171508296	1.8871053335029027	0.08906861296407759	2.090680459185751	5.280303214268127	17.367119426969825	-18.744153798171066	-5954.600600695674
684	-5987.692030398084	-5954.600600695674	-33.09142970241014	0.20696501388136027	0.21156413000704394	-0.3560880694781182	0.2836519296112506	1.3083395171508296	1.8871053335029027	0.08906861296407759	2.090680459185751	5.280303214268127	17.367119426969825	-18.744153798171066	-5954.600600695674
686	-5987.703642223242	-5954.600521896984	-33.10312032625835	0.20696501388136027	0.21156413000704394	-0.3560880694781182	0.2836519296112506	1.3083395171508296	1.8871053335029027	0.08906861296407759	2.090680459185751	5.280303214268127	17.390644049617485	-18.755844422019273	-5954.600521896984
688	-5987.623900698367	-5954.690657623098	-32.9332430752695	0.20696501388136027	0.21156413000704394	-0.3560880694781182	0.09054374698265608	1.3083395171508296	1.8871053335029027	0.08906861296407759	2.090680459185751	5.280303214268127	17.36563328166703	-18.690860814510337	-5954.690657623098
690	-5987.623900698367	-5954.690657623098	-32.9332430752695	0.20696501388136027	0.21156413000704394	-0.3560880694781182	0.09054374698265608	1.3083395171508296	1.8871053335029027	0.08906861296407759	2.090680459185751	5.280303214268127	17.36563328166703	-18.690860814510337	-5954.690657623098
692	-5988.401899203767	-5955.458085155316	-32.94381404845042	0.20696501388136027	0.21156413000704394	-0.3560880694781182	0.09054374698265608	1.3083395171508296	1.8871053335029027	0.08906861296407759	2.090680459185751	5.280303214268127	17.371929615606557	-18.701431787691252	-5955.458085155316
694	-5988.518201652203	-5955.458085155316	-33.060116496886884	0.4255702344284903	0.21156413000704394	-0.3560880694781182	0.09054374698265608	1.3083395171508296	1.8871053335029027	0.08906861296407759	2.090680459185751	5.280303214268127	17.371929615606557	-18.72570775196716	-5955.458085155316
696	-5988.518201652203	-5955.458085155316	-33.060116496886884	0.4255702344284903	0.21156413000704394	-0.3560880694781182	0.09054374698265608	1.3083395171508296	1.8871053335029027	0.08906861296407759	2.090680459185751	5.280303214268127	17.371929615606557	-18.72570775196716	-5955.458085155316
698	-5988.447042448077	-5955.49053706245	-32.95650538562701	0.4255702344284903	0.21156413000704394	-0.3560880694781182	0.09054374698265608	1.3083395171508296	1.8871053335029027	0.08906861296407759	2.090680459185751	5.280303214268127	17.231295829603337	-18.62209664070729	-5955.49053706245
700	-5988.607215021161	-5956.1670418689155	-32.44017315224552	0.4255702344284903	0.21156413000704394	-0.3560880694781182	0.09054374698265608	1.3083395171508296	1.8871053335029027	0.08906861296407759	2.090680459185751	4.919832655005093	16.054966631738356	-18.105764407325797	-5956.1670418689155
702	-5988.879202930796	-5956.43483912375	-32.444363807046386	0.4255702344284903	0.21156413000704394	-0.3560880694781182	0.09054374698265608	1.3083395171508296	1.8871053335029027	0.08906861296407759	2.090680459185751	4.919832655005093	16.05496663173836	-18.109955062126666	-5956.43483912375
704	-5988.131374336091	-5956.43483912375	-31.696535212340805	0.4255702344284903	0.21156413000704394	-0.3560880694781182	0.09054374698265608	1.3083395171508296	1.8871053335029027	0.08906861296407759	1.673616748403255	4.919832655005093	16.05496663173836	-18.109955062126666	-5956.43483912375
706	-5988.133607274981	-5956.43483912375	-31.6987681512309	0.4255702344284903	0.44476253135956306	-0.3560880694781182	0.09054374698265608	1.3083395171508296	1.8871053335029027	0.08906861296407759	1.673616748403255	4.919832655005093	16.05496663173836	-18.134903135250838	-5956.43483912375
708	-5987.911927706504	-5956.130283812251	-31.78164389425277	0.4255702344284903	0.44476253135956306	-0.3560880694781182	0.09054374698265608	1.3083395171508296	1.8871053335029027	0.08906861296407759	1.673616748403255	4.919832655005093	16.16277654383323	-18.217778878272707	-5956.130283812251
710	-5987.041219853262	-5956.130283812251	-30.91093604101117	0.4255702344284903	0.44476253135956306	-0.3560880694781182	0.09054374698265608	1.3083395171508296	1.8871053335029027	0.08906861296407759	0.9662100422903709	4.919832655005093	16.16277654383323	-18.217778878272707	-5956.130283812251
712	-5987.022907167638	-5956.130283812251	-30.892623355386995	0.4255702344284903	0.44476253135956306	-0.3560880694781182	0.05801681277865444	1.3083395171508296	1.8871053335029027	0.08906861296407759	0.9662100422903709	4.919832655005093	16.16277654383323	-18.21346475563161	-5956.130283812251
714	-5987.5294369414	-5956.130283812251	-31.399153129148736	0.4255702344284903	0.44476253135956306	-0.8137024997060215	0.05801681277865444	1.3083395171508296	1.8871053335029027	0.08906861296407759	0.9662100422903709	4.919832655005093	16.16277654383323	-18.15813215386683	-5956.130283812251
716	-5987.315279896226	-5956.130283812251	-31.18499608397444	0.4255702344284903	0.44476253135956306	-0.8137024997060215	0.08818347993724422	1.3083395171508296	1.8871053335029027	0.08906861296407759	0.6190483710168501	4.919832655005093	16.16277654383323	-18.161472499980817	-5956.130283812251
718	-5987.318562772989	-5956.13506533186	-31.183497441129653	0.4255702344284903	0.44476253135956306	-0.8137024997060215	0.08818347993724422	1.3083395171508296	1.8871053335029027	0.08906861296407759	0.6190483710168501	4.918831158084708	16.159486397182196	-18.15997385713603	-5956.13506533186
720	-5987.318562772989	-5956.13506533186	-31.183497441129653	0.4255702344284903	0.44476253135956306	-0.8137024997060215	0.08818347993724422	1.3083395171508296	1.8871053335029027	0.08906861296407759	0.6190483710168501	4.918831158084708	16.159486397182196	-18.15997385713603	-5956.13506533186
722	-5987.318562772989	-5956.13506533186	-31.183497441129653	0.4255702344284903	0.44476253135956306	-0.8137024997060215	0.08818347993724422	1.3083395171508296	1.8871053335029027	0.08906861296407759	0.6190483710168501	4.918831158084708	16.159486397182196	-18.15997385713603	-5956.13506533186
724	-5986.478280537934	-5955.276995420953	-31.201285116980564	0.4255702344284903	0.44476253135956306	-0.8137024997060215	0.08818347993724422	1.3083395171508296	1.8871053335029027	0.08906861296407759	0.6190483710168501	4.918831158084708	16.16081074727343	-18.177761532986942	-5955.276995420953
726	-5986.478280537934	-5955.276995420953	-31.201285116980564	0.4255702344284903	0.44476253135956306	-0.8137024997060215	0.08818347993724422	1.3083395171508296	1.8871053335029027	0.08906861296407759	0.6190483710168501	4.918831158084708	16.16081074727343	-18.177761532986942	-5955.276995420953
728	-5987.171546164266	-5956.0058245221	-31.165721642166364	0.4255702344284903	0.44476253135956306	-0.8137024997060215	0.08818347993724422	1.3083395171508296	1.8871053335029027	0.08906861296407759	0.6190483710168501	5.117381101523116	16.555160834719214	-18.142198058172742	-5956.0058245221
730	-5987.068810246943	-5956.0058245221	-31.062985724843564	0.4255702344284903	0.44476253135956306	-0.8137024997060215	0.08818347993724422	1.3083395171508296	1.8871053335029027	0.08906861296407759	0.36367143396211354	5.117381101523116	16.555160834719214	-18.142198058172742	-5956.0058245221
732	-5987.655031617774	-5956.0058245221	-31.649207095673564	0.4255702344284903	1.2964477766999036	-0.8137024997060215	0.08818347993724422	1.3083395171508296	1.8871053335029027	0.08906861296407759	0.36367143396211354	5.117381101523116	16.555160834719214	-18.349389754317137	-5956.0058245221
734	-5987.655031617774	-5956.0058245221	-31.649207095673564	0.4255702344284903	1.2964477766999036	-0.8137024997060215	0.08818347993724422	1.3083395171508296	1.8871053335029027	0.08906861296407759	0.36367143396211354	5.117381101523116	16.555160834719214	-18.349389754317137	-5956.0058245221
736	-5987.6680063857575	-5956.0893290813965	-31.57867730436103	0.4255702344284903	1.2964477766999036	-0.8137024997060215	0.08818347993724422	1.3083395171508296	1.8871053335029027	0.08906861296407759	0.36367143396211354	5.117381101523116	16.417150681932185	-18.278859963004603	-5956.0893290813965
738	-5987.6680063857575	-5956.0893290813965	-31.57867730436103	0.4255702344284903	1.2964477766999036	-0.8137024997060215	0.08818347993724422	1.3083395171508296	1.8871053335029027	0.08906861296407759	0.36367143396211354	5.117381101523116	16.417150681932185	-18.278859963004603	-5956.0893290813965
740	-5987.6680063857575	-5956.0893290813965	-31.57867730436103	0.4255702344284903	1.2964477766999036	-0.8137024997060215	0.08818347993724422	1.3083395171508296	1.8871053335029027	0.08906861296407759	0.36367143396211354	5.117381101523116	16.417150681932185	-18.278859963004603	-5956.0893290813965
742	-5987.401945482334	-5955.826921667459	-31.57502381487496	0.4255702344284903	1.2964477766999036	-0.8137024997060215	0.08818347993724422	1.3083395171508296	1.8871053335029027	0.08906861296407759	0.36367143396211354	5.117381101523116	16.417150681932185	-18.275206473518534	-5955.826921667459
744	-5988.772031748686	-5955.8269506011	-32.94508114758579	0.4255702344284903	1.2964477766999036	-0.8137024997060215	0.08818347993724422	1.3083395171508296	1.8871053335029027	0.08906861296407759	0.36367143396211354	10.44988861580659	27.082165710499133	-19.645263806229362	-5955.8269506011
746	-5987.417048793771	-5954.20462171576	-33.21242707801056	0.4255702344284903	1.2964477766999036	-0.8137024997060215	0.08818347993724422	1.3083395171508296	1.8871053335029027	0.08906861296407759	0.36367143396211354	10.44988861580659	27.263895893986717	-19.91260973665414	-5954.20462171576
748	-5990.666546405304	-5954.204621715777	-36.46192468952708	0.4255702344284903	1.2964477766999036	-0.8137024997060215	0.08818347993724422	1.3083395171508296	1.8871053335029027	0.08906861296407759	0.36367143396211354	23.100254387258225	52.56462743688999	-23.162107348170654	-5954.204621715777
750	-5990.622623942394	-5954.204621715777	-36.41800222661702	0.4255702344284903	1.2964477766999036	-0.8137024997060215	0.08818347993724422	1.3083395171508296	1.8871053335029027	0.1648582241422325	0.36367143396211354	23.100254387258225	52.56462743688999	-23.126502385585194	-5954.204621715777
752	-5990.622623942394	-5954.204621715777	-36.41800222661702	0.4255702344284903	1.2964477766999036	-0.8137024997060215	0.08818347993724422	1.3083395171508296	1.8871053335029027	0.1648582241422325	0.36367143396211354	23.100254387258225	52.56462743688999	-23.126502385585194	-5954.204621715777
754	-5990.716655959444	-5954.275614122174	-36.441041837270134	0.4255702344284903	1.2964477766999036	-0.8137024997060215	0.08818347993724422	1.3083395171508296	1.8871053335029027	0.1648582241422325	0.36367143396211354	23.100254387258225	52.5874781621363	-23.14954199623831	-5954.275614122174
756	-5990.716655959444	-5954.275614122174	-36.441041837270134	0.4255702344284903	1.2964477766999036	-0.8137024997060215	0.08818347993724422	1.3083395171508296	1.8871053335029027	0.1648582241422325	0.36367143396211354	23.100254387258225	52.5874781621363	-23.14954199623831	-5954.275614122174
758	-5990.050296368617	-5954.275614122174	-35.774682246442254	0.4255702344284903	1.2964477766999036	-0.27471202046288984	0.08818347993724422	1.3083395171508296	1.8871053335029027	0.1648582241422325	0.36367143396211354	23.100254387258225	52.5874781621363	-23.11735752536416	-5954.275614122174
760	-5989.219460868078	-5953.316740895116	-35.90271997296299	0.4255702344284903	1.2964477766999036	-0.27471202046288984	0.08818347993724422	1.3083395171508296	1.8871053335029027	0.1648582241422325	0.36367143396211354	23.100254387258225	52.779056770560906	-23.245395251884894	-5953.316740895116
762	-5989.219460868078	-5953.316740895116	-35.90271997296299	0.4255702344284903	1.2964477766999036	-0.27471202046288984	0.08818347993724422	1.3083395171508296	1.8871053335029027	0.1648582241422325	0.36367143396211354	23.100254387258225	52.779056770560906	-23.245395251884894	-5953.316740895116
764	-5989.219460868078	-5953.316740895116	-35.90271997296299	0.4255702344284903	1.2964477766999036	-0.27471202046288984	0.08818347993724422	1.3083395171508296	1.8871053335029027	0.1648582241422325	0.36367143396211354	23.100254387258225	52.779056770560906	-23.245395251884894	-5953.316740895116
766	-5990.867625522547	-5953.316740895116	-37.55088462743136	0.4255702344284903	1.2964477766999036	-0.27471202046288984	0.08818347993724422	2.0755722637085743	1.8871053335029027	0.1648582241422325	0.6411510261177037	23.100254387258225	52.779056770560906	-23.651496914275214	-5953.316740895116
768	-5990.867625522547	-5953.316740895116	-37.55088462743136	0.4255702344284903	1.2964477766999036	-0.27471202046288984	0.08818347993724422	2.0755722637085743	1.8871053335029027	0.1648582241422325	0.6411510261177037	23.100254387258225	52.779056770560906	-23.651496914275214	-5953.316740895116
770	-5990.867625522547	-5953.316740895116	-37.55088462743136	0.4255702344284903	1.2964477766999036	-0.27471202046288984	0.08818347993724422	2.0755722637085743	1.8871053335029027	0.1648582241422325	0.6411510261177037	23.100254387258225	52.779056770560906	-23.651496914275214	-5953.316740895116
772	-5990.867625522547	-5953.316740895116	-37.55088462743136	0.4255702344284903	1.2964477766999036	-0.27471202046288984	0.08818347993724422	2.0755722637085743	1.8871053335029027	0.1648582241422325	0.6411510261177037	23.100254387258225	52.779056770560906	-23.651496914275214	-5953.316740895116
774	-5989.9901823958935	-5952.446721644057	-37.54346075183635	0.4255702344284903	1.2964477766999036	-0.27471202046288984	0.08818347993724422	2.0755722637085743	1.8871053335029027	0.1648582241422325	0.6411510261177037	23.100254387258225	52.770734103484436	-23.6440730386802	-5952.446721644057
776	-5989.939642759492	-5952.393143160789	-37.546499598703555	0.4255702344284903	1.2964477766999036	-0.27471202046288984	0.08818347993724422	0.8291848975903294	1.8871053335029027	0.1648582241422325	0.6411510261177037	23.100254387258225	52.777180297689185	-24.915500266819485	-5952.393143160789
778	-5990.173475205867	-5952.393143160789	-37.78033204507801	0.7207217457406437	1.2964477766999036	-0.27471202046288984	0.08818347993724422	0.8291848975903294	1.8871053335029027	0.1648582241422325	0.6411510261177037	23.100254387258225	52.777180297689185	-25.193651423472282	-5952.393143160789
780	-5990.074473753952	-5952.430932858952	-37.643540895000456	0.7207217457406437	1.2964477766999036	-0.27471202046288984	0.08818347993724422	0.8291848975903294	1.8871053335029027	0.1648582241422325	0.6411510261177037	23.100254387258225	52.60141051192309	-25.056860273394722	-5952.430932858952
782	-5990.074473753952	-5952.430932858952	-37.643540895000456	0.7207217457406437	1.2964477766999036	-0.27471202046288984	0.08818347993724422	0.8291848975903294	1.8871053335029027	0.1648582241422325	0.6411510261177037	23.100254387258225	52.60141051192309	-25.056860273394722	-5952.430932858952
784	-5989.997129175713	-5952.430932858952	-37.56619631676149	0.7207217457406437	1.2964477766999036	-0.27471202046288984	0.08818347993724422	0.8291848975903294	1.8871053335029027	0.1648582241422325	0.6411510261177037	22.891485160947646	52.18387205930193	-24.979515695155758	-5952.430932858952
786	-5989.739167241446	-5952.274846015556	-37.464321225889734	0.7207217457406437	1.2964477766999036	-0.27471202046288984	0.08818347993724422	0.8291848975903294	1.8871053335029027	0.1648582241422325	0.6411510261177037	22.891485160947646	52.10887633161515	-24.877640604283997	-5952.274846015556
788	-5990.420273753916	-5953.99735765124	-36.4229161026759	0.7207217457406437	1.2964477766999036	-0.27471202046288984	0.08818347993724422	0.8291848975903294	1.8871053335029027	0.1648582241422325	0.6411510261177037	21.5279237065124	49.00494250206445	-23.836235481070165	-5953.99735765124
790	-5989.919032243357	-5953.286995220064	-36.63203702329315	0.7207217457406437	1.2964477766999036	-0.27471202046288984	0.08818347993724422	0.8291848975903294	1.8871053335029027	0.1648582241422325	0.6411510261177037	21.5279237065124	49.12910367954449	-24.045356401687414	-5953.286995220064
792	-5991.529611050462	-5953.775566486923	-37.754044563539935	0.7207217457406437	1.2964477766999036	-0.27471202046288984	0.08818347993724422	0.6082144201170729	1.8871053335029027	0.1648582241422325	0.6411510261177037	21.5279237065124	49.12910367954449	-25.067992188901272	-5953.775566486923
794	-5991.807786814775	-5952.807650055161	-39.00013675961388	0.7207217457406437	1.2964477766999036	-0.27471202046288984	0.08818347993724422	0.6082144201170729	1.8871053335029027	0.1648582241422325	0.6411510261177037	22.947843681110445	52.369518157025226	-26.314084384975217	-5952.807650055161
796	-5992.5477839979585	-5955.60035299388	-36.947431004078275	0.7207217457406437	1.2964477766999036	-0.27471202046288984	0.08818347993724422	0.6082144201170729	1.8871053335029027	0.1648582241422325	0.6411510261177037	20.606824493881465	47.027053368821655	-24.261378629439616	-5955.60035299388
798	-5993.239967089122	-5955.60035299388	-37.639614095242166	1.1253270132862894	1.2964477766999036	-0.27471202046288984	0.08818347993724422	0.6082144201170729	1.8871053335029027	0.1648582241422325	0.6411510261177037	20.606824493881465	47.027053368821655	-24.73119026810573	-5955.60035299388
800	-5993.819947699579	-5955.60035299388	-38.219594705698555	1.1253270132862894	1.2964477766999036	-0.6473638800485142	0.08818347993724422	0.6082144201170729	1.8871053335029027	0.1648582241422325	0.6411510261177037	20.606824493881465	47.027053368821655	-24.934695841774108	-5955.60035299388
802	-5993.819947699579	-5955.60035299388	-38.219594705698555	1.1253270132862894	1.2964477766999036	-0.6473638800485142	0.08818347993724422	0.6082144201170729	1.8871053335029027	0.1648582241422325	0.6411510261177037	20.606824493881465	47.027053368821655	-24.934695841774108	-5955.60035299388
804	-5994.437113208813	-5955.60035299388	-38.83676021493248	1.1253270132862894	1.2964477766999036	-0.9304785423318921	0.08818347993724422	0.6082144201170729	1.8871053335029027	0.1648582241422325	0.6411510261177037	20.606824493881465	47.027053368821655	-25.080184990318013	-5955.60035299388
806	-5994.437113208813	-5955.60035299388	-38.83676021493248	1.1253270132862894	1.2964477766999036	-0.9304785423318921	0.08818347993724422	0.6082144201170729	1.8871053335029027	0.1648582241422325	0.6411510261177037	20.606824493881465	47.027053368821655	-25.080184990318013	-5955.60035299388
808	-5994.437113208813	-5955.60035299388	-38.83676021493248	1.1253270132862894	1.2964477766999036	-0.9304785423318921	0.08818347993724422	0.6082144201170729	1.8871053335029027	0.1648582241422325	0.6411510261177037	20.606824493881465	47.027053368821655	-25.080184990318013	-5955.60035299388
810	-5993.520798987675	-5954.66374368565	-38.8570553020251	1.1253270132862894	1.2964477766999036	-0.9304785423318921	0.08818347993724422	0.6082144201170729	1.8871053335029027	0.1648582241422325	0.6411510261177037	20.606824493881465	47.02881456894419	-25.100480077410637	-5954.66374368565
812	-5993.520798987675	-5954.66374368565	-38.8570553020251	1.1253270132862894	1.2964477766999036	-0.9304785423318921	0.08818347993724422	0.6082144201170729	1.8871053335029027	0.1648582241422325	0.6411510261177037	20.606824493881465	47.02881456894419	-25.100480077410637	-5954.66374368565
814	-5993.496497725206	-5954.671081120911	-38.8254166042946	1.1253270132862894	1.2964477766999036	-0.9304785423318921	0.08818347993724422	0.6082144201170729	1.8871053335029027	0.1648582241422325	0.6411510261177037	20.606824493881465	46.99814196104394	-25.06884137968013	-5954.671081120911
816	-5993.496497725206	-5954.671081120911	-38.8254166042946	1.1253270132862894	1.2964477766999036	-0.9304785423318921	0.08818347993724422	0.6082144201170729	1.8871053335029027	0.1648582241422325	0.6411510261177037	20.606824493881465	46.99814196104394	-25.06884137968013	-5954.671081120911
818	-5993.711487867351	-5954.872097514826	-38.839390352524596	1.1253270132862894	1.2964477766999036	-0.9304785423318921	0.08818347993724422	0.6082144201170729	1.8871053335029027	0.1648582241422325	0.6411510261177037	20.606824493881465	47.00277883485549	-25.082815127910127	-5954.872097514826
820	-5992.729831448746	-5954.872097514826	-37.85773393392029	0.7648924754790402	1.2964477766999036	-0.7808578731119425	0.08818347993724422	0.6082144201170729	1.8871053335029027	0.1648582241422325	0.6411510261177037	20.606824493881465	47.00277883485549	-24.584419912928666	-5954.872097514826
822	-5992.034133388949	-5954.872097514826	-37.16203587412265	0.7648924754790402	0.7828231532683588	-0.7808578731119425	0.08818347993724422	0.6082144201170729	1.8871053335029027	0.1648582241422325	0.6411510261177037	20.606824493881465	47.00277883485549	-24.029836617656045	-5954.872097514826
824	-5991.116672917329	-5952.791528900281	-38.32514401704782	0.7648924754790402	0.7828231532683588	-0.7808578731119425	0.08818347993724422	0.6082144201170729	1.8871053335029027	0.1648582241422325	0.6411510261177037	21.96205073770757	50.093958624767524	-25.192944760581213	-5952.791528900281
826	-5990.4537037585915	-5952.154009965794	-38.2996937927978	0.7648924754790402	0.7828231532683588	-0.7808578731119425	0.08818347993724422	0.6082144201170729	1.8871053335029027	0.1648582241422325	0.6411510261177037	21.96205073770757	50.085051832606325	-25.167494536331183	-5952.154009965794
828	-5990.395914016099	-5952.278447151335	-38.117466864763955	0.7648924754790402	0.7828231532683588	-0.7808578731119425	0.08818347993724422	0.6082144201170729	1.8871053335029027	0.1648582241422325	0.6411510261177037	21.96205073770757	49.908655616459754	-24.985267608297345	-5952.278447151335
830	-5989.6030850941315	-5952.278447151335	-37.32463794279652	0.7648924754790402	0.7828231532683588	-0.3312754847370841	0.05008512221583112	0.6082144201170729	1.8871053335029027	0.1648582241422325	0.6411510261177037	21.96205073770757	49.908655616459754	-24.747334952323502	-5952.278447151335
832	-5989.607696580871	-5952.268562962769	-37.33913361810209	0.7648924754790402	0.7828231532683588	-0.3312754847370841	0.05008512221583112	0.6082144201170729	1.8871053335029027	0.1648582241422325	0.6411510261177037	21.96205073770757	49.94590267506895	-24.76183062762907	-5952.268562962769
834	-5990.624225677893	-5952.268562962769	-38.355662715124694	0.7648924754790402	1.4416731948460357	-0.3312754847370841	0.05008512221583112	0.6082144201170729	1.8871053335029027	0.1648582241422325	0.6411510261177037	21.96205073770757	49.94590267506895	-25.549504408201216	-5952.268562962769
836	-5991.300250123692	-5952.268562962769	-39.03168716092415	1.1444888600651095	1.4416731948460357	-0.3312754847370841	0.05008512221583112	0.6082144201170729	1.8871053335029027	0.1648582241422325	0.6411510261177037	21.96205073770757	49.94590267506895	-26.04798853475019	-5952.268562962769
838	-5991.05640304412	-5952.029813238709	-39.02658980541144	1.1444888600651095	1.4416731948460357	-0.3312754847370841	0.05008512221583112	0.6082144201170729	1.8871053335029027	0.1648582241422325	0.6411510261177037	21.96205073770757	49.94590267506895	-26.042891179237483	-5952.029813238709
840	-5991.474607845555	-5952.441358813525	-39.03324903202953	1.1444888600651095	1.4416731948460357	-0.3312754847370841	0.05008512221583112	0.6082144201170729	1.8871053335029027	0.1648582241422325	0.6411510261177037	21.96205073770757	49.94590267506895	-26.049550405855577	-5952.441358813525
842	-5991.474607845555	-5952.441358813525	-39.03324903202953	1.1444888600651095	1.4416731948460357	-0.3312754847370841	0.05008512221583112	0.6082144201170729	1.8871053335029027	0.1648582241422325	0.6411510261177037	21.96205073770757	49.94590267506895	-26.049550405855577	-5952.441358813525
844	-5992.556065545394	-5952.441358813525	-40.114706731868765	1.1444888600651095	1.4416731948460357	-0.3312754847370841	0.05008512221583112	0.6082144201170729	1.8871053335029027	0.1648582241422325	1.7107463937366902	21.96205073770757	49.94590267506895	-26.049550405855577	-5952.441358813525
846	-5992.654328464712	-5952.788774807787	-39.86555365692537	1.1444888600651095	1.4416731948460357	-0.3312754847370841	0.05008512221583112	0.6082144201170729	1.8871053335029027	0.1648582241422325	1.7107463937366902	21.96205073770757	49.73069615036418	-25.800397330912187	-5952.788774807787
848	-5994.340532533729	-5954.482223758528	-39.858308775201	1.1444888600651095	1.4416731948460357	-0.3312754847370841	0.05008512221583112	0.6082144201170729	1.8871053335029027	0.1648582241422325	1.7107463937366902	21.96205073770757	49.73069615036417	-25.79315244918782	-5954.482223758528
850	-5994.287866137488	-5954.332098381139	-39.95576775634914	1.1444888600651095	1.4416731948460357	-0.3312754847370841	0.05008512221583112	0.6082144201170729	1.8871053335029027	0.1648582241422325	1.7107463937366902	22.151029864467976	50.119469599831014	-25.89061143033595	-5954.332098381139
852	-5995.346029810161	-5953.054447977036	-42.29158183312503	1.1444888600651095	1.4416731948460357	-0.3312754847370841	0.05008512221583112	0.6082144201170729	1.8871053335029027	0.1648582241422325	1.7107463937366902	24.706128950161258	55.89273062792891	-28.226425507111845	-5953.054447977036
854	-5995.453593599771	-5953.183058464974	-42.27053513479708	1.1444888600651095	1.4416731948460357	-0.3312754847370841	0.05008512221583112	0.6082144201170729	1.8871053335029027	0.1648582241422325	1.7107463937366902	24.706128950161258	55.873905099290916	-28.205378808783895	-5953.183058464974
856	-5995.453593599771	-5953.183058464974	-42.27053513479708	1.1444888600651095	1.4416731948460357	-0.3312754847370841	0.05008512221583112	0.6082144201170729	1.8871053335029027	0.1648582241422325	1.7107463937366902	24.706128950161258	55.873905099290916	-28.205378808783895	-5953.183058464974
858	-5994.798263450177	-5952.48157260524	-42.31669084493692	1.1444888600651095	1.4416731948460357	-0.3312754847370841	0.05008512221583112	0.6082144201170729	1.8871053335029027	0.1648582241422325	1.7107463937366902	24.706128950161258	55.873905099290916	-28.251534518923737	-5952.48157260524
860	-5996.464208649219	-5952.09243255424	-44.37177609497812	1.8397606185107744	1.4416731948460357	-0.3312754847370841	0.05008512221583112	0.6082144201170729	1.8871053335029027	0.1648582241422325	1.7107463937366902	24.706128950161258	55.82304092198627	-29.234110043639504	-5952.09243255424
862	-5996.257388138351	-5952.09243255424	-44.16495558411175	1.8397606185107744	1.4416731948460357	-0.16925322958593236	0.05008512221583112	0.6082144201170729	1.8871053335029027	0.1648582241422325	1.7107463937366902	24.706128950161258	55.82304092198627	-29.116501228286584	-5952.09243255424
864	-5996.219357113738	-5952.018129666786	-44.201227446951364	1.8397606185107744	1.4416731948460357	-0.16925322958593236	0.05008512221583112	0.6082144201170729	1.8871053335029027	0.1648582241422325	1.7107463937366902	24.706128950161258	55.861284180282986	-29.152773091126196	-5952.018129666786
866	-5996.326712172191	-5951.865303854009	-44.46140831818238	1.8397606185107744	1.4416731948460357	-0.16925322958593236	0.05008512221583112	0.6082144201170729	1.8871053335029027	0.1648582241422325	1.7107463937366902	24.706128950161258	56.11317860327574	-29.41295396235721	-5951.865303854009
868	-5996.36476349053	-5951.827012645517	-44.537750845012575	1.8397606185107744	1.4416731948460357	-0.16925322958593236	0.05008512221583112	0.6082144201170729	1.8871053335029027	0.1648582241422325	1.7107463937366902	24.706128950161258	56.1954070191334	-29.48929648918741	-5951.827012645517
870	-5996.329146226356	-5951.827012645517	-44.502133580839015	1.8397606185107744	1.4416731948460357	-0.16925322958593236	0.1185525898704234	0.6082144201170729	1.8871053335029027	0.1648582241422325	1.7107463937366902	24.706128950161258	56.1954070191334	-29.436317786442935	-5951.827012645517
872	-5996.329146226356	-5951.827012645517	-44.502133580839015	1.8397606185107744	1.4416731948460357	-0.16925322958593236	0.1185525898704234	0.6082144201170729	1.8871053335029027	0.1648582241422325	1.7107463937366902	24.706128950161258	56.1954070191334	-29.436317786442935	-5951.827012645517
874	-5997.040593532361	-5952.583743984611	-44.4568495477495	1.8397606185107744	1.4416731948460357	-0.16925322958593236	0.1185525898704234	0.6082144201170729	1.8871053335029027	0.1648582241422325	1.7107463937366902	24.706128950161258	56.19238745824251	-29.39103375335342	-5952.583743984611
876	-5996.377124312994	-5952.583743984611	-43.79338032838283	1.8397606185107744	1.4416731948460357	-0.16925322958593236	0.1185525898704234	0.6082144201170729	1.8871053335029027	0.2762515536700322	1.7107463937366902	24.706128950161258	56.19238745824251	-28.868993583924983	-5952.583743984611
878	-5996.377124312994	-5952.583743984611	-43.79338032838283	1.8397606185107744	1.4416731948460357	-0.16925322958593236	0.1185525898704234	0.6082144201170729	1.8871053335029027	0.2762515536700322	1.7107463937366902	24.706128950161258	56.19238745824251	-28.868993583924983	-5952.583743984611
880	-5995.278800284215	-5952.6157354492525	-42.66306483496267	1.8397606185107744	1.4416731948460357	-0.16925322958593236	0.1185525898704234	0.6082144201170729	1.8871053335029027	0.2762515536700322	1.7107463937366902	23.511408626276882	53.470754030583805	-27.738678090504823	-5952.6157354492525
882	-5995.278800284215	-5952.6157354492525	-42.66306483496267	1.8397606185107744	1.4416731948460357	-0.16925322958593236	0.1185525898704234	0.6082144201170729	1.8871053335029027	0.2762515536700322	1.7107463937366902	23.511408626276882	53.470754030583805	-27.738678090504823	-5952.6157354492525
884	-5995.183299963175	-5952.6157354492525	-42.567564513923095	1.8397606185107744	1.4416731948460357	-0.16925322958593236	0.1185525898704234	0.6082144201170729	1.8871053335029027	0.2762515536700322	1.7107463937366902	23.300905213657686	53.04974720534541	-27.643177769465247	-5952.6157354492525
886	-5995.073096224165	-5952.6157354492525	-42.457360774913	1.8397606185107744	1.4416731948460357	-0.16925322958593236	0.1185525898704234	0.6082144201170729	1.8871053335029027	0.2762515536700322	1.7107463937366902	23.058078142697365	52.564093063424764	-27.53297403045515	-5952.6157354492525
888	-5994.748020676381	-5952.493860190172	-42.254160486209145	1.8397606185107744	1.4416731948460357	-0.16925322958593236	0.1185525898704234	0.6082144201170729	1.8871053335029027	0.2762515536700322	1.7107463937366902	23.058078142697365	52.48621040208246	-27.329773741751296	-5952.493860190172
890	-5994.232555981399	-5952.489582820602	-41.742973160797575	1.8397606185107744	0.6384774471204124	-0.16925322958593236	0.1185525898704234	0.6082144201170729	1.8871053335029027	0.2762515536700322	1.7107463937366902	23.058078142697365	52.52172717084849	-26.176282585846902	-5952.489582820602
892	-5994.232555981399	-5952.489582820602	-41.742973160797575	1.8397606185107744	0.6384774471204124	-0.16925322958593236	0.1185525898704234	0.6082144201170729	1.8871053335029027	0.2762515536700322	1.7107463937366902	23.058078142697365	52.52172717084849	-26.176282585846902	-5952.489582820602
894	-5991.094824761224	-5952.489582820602	-38.60524194062209	0.9205308638641394	0.6384774471204124	-0.16925322958593236	0.1185525898704234	0.6082144201170729	1.8871053335029027	0.2762515536700322	1.7107463937366902	23.058078142697365	52.52172717084849	-24.988985960704195	-5952.489582820602
896	-5991.955547036558	-5953.348793521808	-38.606753514749364	0.9205308638641394	0.6384774471204124	-0.16925322958593236	0.05708443235029992	0.6082144201170729	1.8871053335029027	0.2762515536700322	1.7107463937366902	23.058078142697365	52.51522420986663	-25.00629926108256	-5953.348793521808
898	-5991.30714005777	-5952.688178444545	-38.61896161322499	0.9205308638641394	0.6384774471204124	-0.16925322958593236	0.05708443235029992	0.6082144201170729	1.8871053335029027	0.2762515536700322	1.7107463937366902	23.058078142697365	52.51681517121487	-25.018507359558185	-5952.688178444545
900	-5991.518830557612	-5952.906082962597	-38.61274759501529	0.9205308638641394	0.6384774471204124	-0.16925322958593236	0.05708443235029992	0.6082144201170729	1.8871053335029027	0.2762515536700322	1.7107463937366902	23.058078142697365	52.51681517121486	-25.01229334134849	-5952.906082962597
902	-5992.034442170296	-5952.906082962597	-39.12835920769886	0.9205308638641394	1.0788182096732881	-0.16925322958593236	0.05708443235029992	0.6082144201170729	1.8871053335029027	0.2762515536700322	1.7107463937366902	23.058078142697365	52.51681517121486	-25.555154577058804	-5952.906082962597
904	-5992.034442170296	-5952.906082962597	-39.12835920769886	0.9205308638641394	1.0788182096732881	-0.16925322958593236	0.05708443235029992	0.6082144201170729	1.8871053335029027	0.2762515536700322	1.7107463937366902	23.058078142697365	52.51681517121486	-25.555154577058804	-5952.906082962597
906	-5991.161636696178	-5952.034697312258	-39.1269393839202	0.9205308638641394	1.0788182096732881	-0.16925322958593236	0.05708443235029992	0.6082144201170729	1.8871053335029027	0.2762515536700322	1.7107463937366902	23.058078142697365	52.48850182806318	-25.55373475328015	-5952.034697312258
908	-5991.161636696178	-5952.034697312258	-39.1269393839202	0.9205308638641394	1.0788182096732881	-0.16925322958593236	0.05708443235029992	0.6082144201170729	1.8871053335029027	0.2762515536700322	1.7107463937366902	23.058078142697365	52.48850182806318	-25.55373475328015	-5952.034697312258
910	-5990.442704819665	-5952.1679004269035	-38.274804392761204	0.9205308638641394	1.0788182096732881	-0.16925322958593236	0.05708443235029992	0.6082144201170729	1.8871053335029027	0.2762515536700322	0.8063229413923458	23.058078142697365	52.51415736916324	-25.589999647169158	-5952.1679004269035
912	-5990.570909535841	-5952.187243740133	-38.38366579570746	0.9205308638641394	1.0788182096732881	-0.16925322958593236	0.05708443235029992	0.6082144201170729	1.8871053335029027	0.2762515536700322	0.8063229413923458	23.058078142697365	52.56418278878525	-25.698861050115415	-5952.187243740133
914	-5990.570909535841	-5952.187243740133	-38.38366579570746	0.9205308638641394	1.0788182096732881	-0.16925322958593236	0.05708443235029992	0.6082144201170729	1.8871053335029027	0.2762515536700322	0.8063229413923458	23.058078142697365	52.56418278878525	-25.698861050115415	-5952.187243740133
916	-5990.826047932658	-5952.297110933961	-38.528936998696594	0.9205308638641394	1.0788182096732881	-0.16925322958593236	0.05708443235029992	0.6082144201170729	1.8871053335029027	0.2762515536700322	0.8063229413923458	23.058078142697365	52.642650175713705	-25.844132253104547	-5952.297110933961
918	-5990.67648279577	-5952.39550469316	-38.28097810261055	0.9205308638641394	1.0788182096732881	-0.16925322958593236	0.05708443235029992	0.6082144201170729	1.8871053335029027	0.2762515536700322	0.8063229413923458	23.058078142697365	52.49559662641922	-25.5961733570185	-5952.39550469316
920	-5990.67648279577	-5952.39550469316	-38.28097810261055	0.9205308638641394	1.0788182096732881	-0.16925322958593236	0.05708443235029992	0.6082144201170729	1.8871053335029027	0.2762515536700322	0.8063229413923458	23.058078142697365	52.49559662641922	-25.5961733570185	-5952.39550469316
922	-5990.585858506652	-5952.232978836952	-38.352879669700215	0.9205308638641394	1.0788182096732881	-0.16925322958593236	0.05708443235029992	0.6082144201170729	1.8871053335029027	0.2762515536700322	0.8063229413923458	23.058078142697365	52.533227033615525	-25.668074924108172	-5952.232978836952
924	-5990.967179631748	-5952.622259529703	-38.344920102045116	0.9205308638641394	1.0788182096732881	-0.16925322958593236	0.05708443235029992	0.6082144201170729	1.8871053335029027	0.2762515536700322	0.8063229413923458	23.058078142697365	52.53072027246811	-25.66011535645307	-5952.622259529703
926	-5991.001249721506	-5952.689617975949	-38.311631745556696	0.9205308638641394	1.0788182096732881	-0.16925322958593236	0.05708443235029992	0.6082144201170729	1.8871053335029027	0.2762515536700322	0.8063229413923458	23.058078142697365	52.51147685750805	-25.62682699996465	-5952.689617975949
928	-5991.005411385408	-5952.630857669961	-38.374553715446666	0.9205308638641394	1.0788182096732881	-0.16925322958593236	0.05708443235029992	0.6082144201170729	1.8871053335029027	0.2762515536700322	0.8063229413923458	23.058078142697365	52.56167434889029	-25.68974896985462	-5952.630857669961
930	-5991.351980750189	-5952.918203371575	-38.433777378613414	0.9205308638641394	1.0788182096732881	-0.16925322958593236	0.05708443235029992	0.6082144201170729	1.8871053335029027	0.2762515536700322	0.8063229413923458	23.058078142697365	52.60315392799472	-25.74897263302137	-5952.918203371575
932	-5990.032471387646	-5952.918203371575	-37.114268016070696	0.9205308638641394	1.0788182096732881	-0.16925322958593236	0.05708443235029992	0.9013312094756807	1.8871053335029027	0.2762515536700322	0.8063229413923458	23.058078142697365	52.60315392799472	-24.54013235867998	-5952.918203371575
934	-5990.032471387646	-5952.918203371575	-37.114268016070696	0.9205308638641394	1.0788182096732881	-0.16925322958593236	0.05708443235029992	0.9013312094756807	1.8871053335029027	0.2762515536700322	0.8063229413923458	23.058078142697365	52.60315392799472	-24.54013235867998	-5952.918203371575
936	-5990.035020658171	-5952.932119281982	-37.102901376189315	0.9205308638641394	1.0788182096732881	-0.16925322958593236	0.05708443235029992	0.9013312094756807	1.8871053335029027	0.2762515536700322	0.8063229413923458	23.058078142697365	52.60315392799472	-24.528765718798596	-5952.932119281982
938	-5990.044102639844	-5952.926982017365	-37.117120622479035	0.9205308638641394	1.0788182096732881	-0.16925322958593236	0.05708443235029992	0.9013312094756807	1.8871053335029027	0.2762515536700322	0.8063229413923458	23.058078142697365	52.61744946915785	-24.54298496508832	-5952.926982017365
940	-5990.117987609279	-5952.991004880424	-37.126982728855346	0.9205308638641394	1.0788182096732881	-0.16925322958593236	0.05708443235029992	0.9013312094756807	1.8871053335029027	0.2762515536700322	0.8063229413923458	23.058078142697365	52.62527017258122	-24.552847071464626	-5952.991004880424
942	-5990.117987609279	-5952.991004880424	-37.126982728855346	0.9205308638641394	1.0788182096732881	-0.16925322958593236	0.05708443235029992	0.9013312094756807	1.8871053335029027	0.2762515536700322	0.8063229413923458	23.058078142697365	52.62527017258122	-24.552847071464626	-5952.991004880424
944	-5989.843315839662	-5952.715148938045	-37.12816690161703	0.9205308638641394	1.0788182096732881	-0.16925322958593236	0.05708443235029992	0.9013312094756807	1.8871053335029027	0.2762515536700322	0.8063229413923458	23.058078142697365	52.62527017258122	-24.55403124422631	-5952.715148938045
946	-5989.843315839662	-5952.715148938045	-37.12816690161703	0.9205308638641394	1.0788182096732881	-0.16925322958593236	0.05708443235029992	0.9013312094756807	1.8871053335029027	0.2762515536700322	0.8063229413923458	23.058078142697365	52.62527017258122	-24.55403124422631	-5952.715148938045
948	-5989.996457828065	-5952.820429573306	-37.176028254759466	0.9205308638641394	1.0788182096732881	-0.16925322958593236	0.05708443235029992	0.9013312094756807	1.8871053335029027	0.2762515536700322	0.8063229413923458	23.058078142697365	52.65520101762919	-24.601892597368746	-5952.820429573306
950	-5989.996457828065	-5952.820429573306	-37.176028254759466	0.9205308638641394	1.0788182096732881	-0.16925322958593236	0.05708443235029992	0.9013312094756807	1.8871053335029027	0.2762515536700322	0.8063229413923458	23.058078142697365	52.65520101762919	-24.601892597368746	-5952.820429573306
952	-5989.996457828065	-5952.820429573306	-37.176028254759466	0.9205308638641394	1.0788182096732881	-0.16925322958593236	0.05708443235029992	0.9013312094756807	1.8871053335029027	0.2762515536700322	0.8063229413923458	23.058078142697365	52.65520101762919	-24.601892597368746	-5952.820429573306
954	-5990.212457286931	-5952.908952180383	-37.30350510654769	0.9205308638641394	1.0788182096732881	-0.16925322958593236	0.05708443235029992	0.9013312094756807	1.8871053335029027	0.2762515536700322	0.8063229413923458	23.058078142697365	52.78654811733351	-24.72936944915697	-5952.908952180383
956	-5989.426474675934	-5952.118150365025	-37.3083243109089	0.9205308638641394	1.0788182096732881	-0.16925322958593236	0.1361672121125694	0.9013312094756807	1.8871053335029027	0.2762515536700322	0.8063229413923458	23.058078142697365	52.79183796898657	-24.713162199019912	-5952.118150365025
958	-5989.3769577912535	-5952.0895656469365	-37.28739214431716	0.9205308638641394	1.0788182096732881	-0.16925322958593236	0.1361672121125694	0.9013312094756807	1.8871053335029027	0.2762515536700322	0.8063229413923458	23.058078142697365	52.76932066561035	-24.692230032428167	-5952.0895656469365
960	-5989.3769577912535	-5952.0895656469365	-37.28739214431716	0.9205308638641394	1.0788182096732881	-0.16925322958593236	0.1361672121125694	0.9013312094756807	1.8871053335029027	0.2762515536700322	0.8063229413923458	23.058078142697365	52.76932066561035	-24.692230032428167	-5952.0895656469365
962	-5989.339645849765	-5952.17038789187	-37.16925795789457	0.9205308638641394	1.0788182096732881	-0.16925322958593236	0.1361672121125694	0.9013312094756807	1.8871053335029027	0.2762515536700322	0.8063229413923458	23.058078142697365	52.61945425136351	-24.57409584600558	-5952.17038789187
964	-5989.625876838571	-5954.390357492335	-35.235519346234966	0.9205308638641394	1.0788182096732881	-0.16925322958593236	0.1361672121125694	1.6128429797459807	1.8871053335029027	0.2762515536700322	0.8063229413923458	20.875421523223068	47.638544766015215	-22.194190362732147	-5954.390357492335
966	-5990.929585689495	-5954.390357492335	-36.53922819715985	1.6131077715909987	1.0788182096732881	-0.16925322958593236	0.1361672121125694	1.6128429797459807	1.8871053335029027	0.2762515536700322	0.8063229413923458	21.054573385704536	47.99684849097815	-22.49032418187117	-5954.390357492335
968	-5990.929585689495	-5954.390357492335	-36.53922819715985	1.6131077715909987	1.0788182096732881	-0.16925322958593236	0.1361672121125694	1.6128429797459807	1.8871053335029027	0.2762515536700322	0.8063229413923458	21.054573385704536	47.99684849097815	-22.49032418187117	-5954.390357492335
970	-5991.179569094826	-5954.538780304774	-36.64078879005143	1.6131077715909987	1.0788182096732881	-0.16925322958593236	0.1361672121125694	1.6128429797459807	1.8871053335029027	0.2762515536700322	0.8063229413923458	21.054573385704536	48.20664990565886	-22.591884774762747	-5954.538780304774
972	-5991.3172767647375	-5954.538780304774	-36.77849645996296	1.6131077715909987	0.46950036644281407	-0.16925322958593236	0.1361672121125694	1.6128429797459807	1.8871053335029027	0.2762515536700322	0.3236063352958396	21.054573385704536	48.20664990565886	-22.357772764476017	-5954.538780304774
974	-5991.171597331916	-5954.538780304774	-36.632817027141705	1.6131077715909987	0.687342878513623	-0.16925322958593236	0.1361672121125694	1.6128429797459807	1.8871053335029027	0.2762515536700322	0.3236063352958396	21.054573385704536	48.20664990565886	-22.437491961582367	-5954.538780304774
976	-5991.183967870437	-5954.5549933361535	-36.62897453428409	1.6131077715909987	0.687342878513623	-0.16925322958593236	0.1361672121125694	1.6128429797459807	1.8871053335029027	0.2762515536700322	0.3236063352958396	21.054573385704536	48.19925575821193	-22.433649468724752	-5954.5549933361535
978	-5991.150420811266	-5954.5549933361535	-36.59542747511226	1.6131077715909987	0.687342878513623	-0.0800027503422196	0.1361672121125694	1.6128429797459807	1.8871053335029027	0.2762515536700322	0.3236063352958396	21.054573385704536	48.19925575821193	-22.434501614154197	-5954.5549933361535
980	-5991.150420811266	-5954.5549933361535	-36.59542747511226	1.6131077715909987	0.687342878513623	-0.0800027503422196	0.1361672121125694	1.6128429797459807	1.8871053335029027	0.2762515536700322	0.3236063352958396	21.054573385704536	48.19925575821193	-22.434501614154197	-5954.5549933361535
982	-5989.106922019906	-5954.554993336133	-34.551928683773795	1.6131077715909987	0.687342878513623	-0.0800027503422196	0.1361672121125694	1.6128429797459807	1.8871053335029027	0.2762515536700322	0.3236063352958396	10.340784583773416	26.77167815434969	-20.391002822815732	-5954.554993336133
984	-5987.912901489859	-5954.5547479379375	-33.35815355192122	1.6131077715909987	0.687342878513623	-0.0800027503422196	0.1361672121125694	1.6128429797459807	1.8871053335029027	0.1608660978612826	0.3236063352958396	4.268297120130102	14.626703227063063	-19.21032524592644	-5954.5547479379375
986	-5987.848809912789	-5954.520182187664	-33.32862772512435	1.6131077715909987	0.687342878513623	-0.0800027503422196	0.1361672121125694	1.6128429797459807	1.8871053335029027	0.1608660978612826	0.3236063352958396	4.268297120130102	14.588250271566197	-19.180799419129567	-5954.520182187664
988	-5987.848809912789	-5954.520182187664	-33.32862772512435	1.6131077715909987	0.687342878513623	-0.0800027503422196	0.1361672121125694	1.6128429797459807	1.8871053335029027	0.1608660978612826	0.3236063352958396	4.268297120130102	14.588250271566197	-19.180799419129567	-5954.520182187664
990	-5987.848809912789	-5954.520182187664	-33.32862772512435	1.6131077715909987	0.687342878513623	-0.0800027503422196	0.1361672121125694	1.6128429797459807	1.8871053335029027	0.1608660978612826	0.3236063352958396	4.268297120130102	14.588250271566197	-19.180799419129567	-5954.520182187664
992	-5987.725969982955	-5954.397581200938	-33.328388782017086	1.6131077715909987	0.687342878513623	-0.0800027503422196	0.1361672121125694	1.6128429797459807	1.8871053335029027	0.1608660978612826	0.3236063352958396	4.268297120130102	14.588250271566196	-19.1805604760223	-5954.397581200938
994	-5986.135201201822	-5952.175985198252	-33.95921600356965	1.6131077715909987	0.687342878513623	-0.0800027503422196	0.1361672121125694	1.6128429797459807	1.8871053335029027	0.1608660978612826	0.3236063352958396	4.720700717071321	16.13448210833535	-19.811387697574872	-5952.175985198252
996	-5983.9581991503055	-5951.791072955349	-32.16712619495638	0.68445601681139	0.687342878513623	-0.0800027503422196	0.1361672121125694	1.6128429797459807	1.8871053335029027	0.1608660978612826	0.3236063352958396	4.720700717071321	16.13030740900964	-19.51463236251262	-5951.791072955349
998	-5983.9581991503055	-5951.791072955349	-32.16712619495638	0.68445601681139	0.687342878513623	-0.0800027503422196	0.1361672121125694	1.6128429797459807	1.8871053335029027	0.1608660978612826	0.3236063352958396	4.720700717071321	16.13030740900964	-19.51463236251262	-5951.791072955349
1000	-5983.9581991503055	-5951.791072955349	-32.16712619495638	0.68445601681139	0.687342878513623	-0.0800027503422196	0.1361672121125694	1.6128429797459807	1.8871053335029027	0.1608660978612826	0.3236063352958396	4.720700717071321	16.13030740900964	-19.51463236251262	-5951.791072955349
1002	-5983.980335684375	-5951.807469350182	-32.172866334193195	0.68445601681139	0.687342878513623	-0.0800027503422196	0.1361672121125694	1.6128429797459807	1.8871053335029027	0.1608660978612826	0.3236063352958396	4.720700717071321	16.143595694954193	-19.520372501749435	-5951.807469350182
1004	-5985.064160323303	-5952.891317312847	-32.17284301045681	0.68445601681139	0.687342878513623	-0.0800027503422196	0.1361672121125694	1.6128429797459807	1.8871053335029027	0.1608660978612826	0.3236063352958396	4.720700717071321	16.143595694954193	-19.520349178013046	-5952.891317312847
1006	-5984.54635011243	-5952.760747085871	-31.7856030265591	0.68445601681139	0.687342878513623	-0.0800027503422196	0.1361672121125694	1.6128429797459807	1.8871053335029027	0.1608660978612826	0.3236063352958396	2.633888972291009	11.983113946310134	-19.13310919411534	-5952.760747085871
1008	-5984.54635011243	-5952.760747085871	-31.7856030265591	0.68445601681139	0.687342878513623	-0.0800027503422196	0.1361672121125694	1.6128429797459807	1.8871053335029027	0.1608660978612826	0.3236063352958396	2.633888972291009	11.983113946310134	-19.13310919411534	-5952.760747085871
1010	-5984.54635011243	-5952.760747085871	-31.7856030265591	0.68445601681139	0.687342878513623	-0.0800027503422196	0.1361672121125694	1.6128429797459807	1.8871053335029027	0.1608660978612826	0.3236063352958396	2.633888972291009	11.983113946310134	-19.13310919411534	-5952.760747085871
1012	-5984.54635011243	-5952.760747085871	-31.7856030265591	0.68445601681139	0.687342878513623	-0.0800027503422196	0.1361672121125694	1.6128429797459807	1.8871053335029027	0.1608660978612826	0.3236063352958396	2.633888972291009	11.983113946310134	-19.13310919411534	-5952.760747085871
1014	-5985.024864026524	-5952.760747085871	-32.264116940652094	0.68445601681139	1.4152491779421863	-0.0800027503422196	0.1361672121125694	1.6128429797459807	1.8871053335029027	0.1608660978612826	0.3236063352958396	2.633888972291009	11.983113946310134	-19.344597953015807	-5952.760747085871
1016	-5985.015074136037	-5952.719196519217	-32.29587761681985	0.68445601681139	1.4152491779421863	-0.0800027503422196	0.1361672121125694	1.6128429797459807	1.8871053335029027	0.1608660978612826	0.3236063352958396	2.633888972291009	12.018555632555007	-19.37635862918356	-5952.719196519217
1018	-5985.013822901246	-5952.719196519217	-32.294626382029634	0.68445601681139	1.4152491779421863	-0.0800027503422196	0.1361672121125694	1.6128429797459807	1.8871053335029027	0.10390778625772569	0.3236063352958396	2.633888972291009	12.018555632555007	-19.37175639730681	-5952.719196519217
1020	-5984.831207481964	-5952.553629168014	-32.277578313950286	0.68445601681139	1.4152491779421863	-0.0800027503422196	0.1361672121125694	1.6128429797459807	1.8871053335029027	0.10390778625772569	0.3236063352958396	2.633888972291009	11.99632163306118	-19.35470832922747	-5952.553629168014
1022	-5984.864886379969	-5952.69985821952	-32.16502816044928	0.68445601681139	1.4152491779421863	-0.0800027503422196	0.1361672121125694	1.6128429797459807	1.8871053335029027	0.10390778625772569	0.3236063352958396	2.633888972291009	11.801461196040753	-19.24215817572646	-5952.69985821952
1024	-5984.864886379969	-5952.69985821952	-32.16502816044928	0.68445601681139	1.4152491779421863	-0.0800027503422196	0.1361672121125694	1.6128429797459807	1.8871053335029027	0.10390778625772569	0.3236063352958396	2.633888972291009	11.801461196040753	-19.24215817572646	-5952.69985821952
1026	-5984.876744636423	-5952.670495810893	-32.2062488255299	0.68445601681139	1.4152491779421863	-0.0800027503422196	0.1361672121125694	1.6128429797459807	1.8871053335029027	0.10390778625772569	0.3236063352958396	2.633888972291009	11.909447766067336	-19.283378840807075	-5952.670495810893
1028	-5985.816254778429	-5953.597314996416	-32.218939782012825	0.68445601681139	1.4152491779421863	-0.0800027503422196	0.1361672121125694	1.6128429797459807	1.8871053335029027	0.10390778625772569	0.3236063352958396	2.633888972291009	11.918733116015385	-19.29606979729001	-5953.597314996416
1030	-5985.816254778429	-5953.597314996416	-32.218939782012825	0.68445601681139	1.4152491779421863	-0.0800027503422196	0.1361672121125694	1.6128429797459807	1.8871053335029027	0.10390778625772569	0.3236063352958396	2.633888972291009	11.918733116015385	-19.29606979729001	-5953.597314996416
1032	-5986.063601739189	-5953.8087455240475	-32.25485621514186	0.68445601681139	1.4152491779421863	-0.0800027503422196	0.1361672121125694	1.6128429797459807	1.8871053335029027	0.10390778625772569	0.3236063352958396	2.633888972291009	11.95640168711936	-19.331986230419034	-5953.8087455240475
1034	-5987.396062309286	-5955.039053445083	-32.35700886420382	0.68445601681139	1.4152491779421863	-0.0800027503422196	0.1361672121125694	1.6128429797459807	1.8871053335029027	0.10390778625772569	0.3236063352958396	2.633888972291009	12.08933556701523	-19.434138879481	-5955.039053445083
1036	-5987.286995214263	-5954.966880808535	-32.3201144057279	0.68445601681139	1.4152491779421863	-0.0800027503422196	0.1361672121125694	1.6128429797459807	1.8871053335029027	0.10390778625772569	0.3236063352958396	2.4407484601041234	11.703054542641457	-19.39724442100508	-5954.966880808535
1038	-5987.286995214263	-5954.966880808535	-32.3201144057279	0.68445601681139	1.4152491779421863	-0.0800027503422196	0.1361672121125694	1.6128429797459807	1.8871053335029027	0.10390778625772569	0.3236063352958396	2.4407484601041234	11.703054542641457	-19.39724442100508	-5954.966880808535
1040	-5987.739931259416	-5955.670899153063	-32.06903210635298	0.68445601681139	0.48317914625047076	-0.0800027503422196	0.1361672121125694	1.6128429797459807	1.8871053335029027	0.10390778625772569	0.3236063352958396	2.4407484601041234	11.978561258776722	-19.392935254496535	-5955.670899153063
1042	-5987.231883268133	-5955.16452356546	-32.067359702673215	0.68445601681139	0.48317914625047076	-0.0800027503422196	0.1361672121125694	1.6128429797459807	1.8871053335029027	0.10390778625772569	0.3236063352958396	2.4407484601041234	11.978561258776722	-19.391262850816773	-5955.16452356546
1044	-5987.231883268133	-5955.16452356546	-32.067359702673215	0.68445601681139	0.48317914625047076	-0.0800027503422196	0.1361672121125694	1.6128429797459807	1.8871053335029027	0.10390778625772569	0.3236063352958396	2.4407484601041234	11.978561258776722	-19.391262850816773	-5955.16452356546
1046	-5987.231883268133	-5955.16452356546	-32.067359702673215	0.68445601681139	0.48317914625047076	-0.0800027503422196	0.1361672121125694	1.6128429797459807	1.8871053335029027	0.10390778625772569	0.3236063352958396	2.4407484601041234	11.978561258776722	-19.391262850816773	-5955.16452356546
1048	-5986.916724002092	-5954.891435145043	-32.02528885704958	0.68445601681139	0.48317914625047076	-0.0800027503422196	0.1361672121125694	1.6128429797459807	1.8871053335029027	0.10390778625772569	0.3236063352958396	2.4407484601041234	11.928180501812339	-19.349192005193135	-5954.891435145043
1050	-5986.971928534365	-5954.891435145043	-32.080493389322285	0.68445601681139	0.48317914625047076	-0.0800027503422196	0.2791296849375533	1.6128429797459807	1.8871053335029027	0.10390778625772569	0.3236063352958396	2.4407484601041234	11.928180501812339	-19.363273210764703	-5954.891435145043
1052	-5986.971928534365	-5954.891435145043	-32.080493389322285	0.68445601681139	0.48317914625047076	-0.0800027503422196	0.2791296849375533	1.6128429797459807	1.8871053335029027	0.10390778625772569	0.3236063352958396	2.4407484601041234	11.928180501812339	-19.363273210764703	-5954.891435145043
1054	-5986.760506882885	-5954.694191470208	-32.066315412676495	0.68445601681139	0.48317914625047076	-0.0800027503422196	0.2791296849375533	1.6128429797459807	1.8871053335029027	0.10390778625772569	0.3236063352958396	2.4407484601041234	11.909062076041046	-19.34909523411891	-5954.694191470208
1056	-5987.260845020953	-5955.192888044348	-32.06795697660476	0.68445601681139	0.48317914625047076	-0.0800027503422196	0.2791296849375533	1.6128429797459807	1.8871053335029027	0.10390778625772569	0.3236063352958396	2.4407484601041234	11.909062076041046	-19.35073679804718	-5955.192888044348
1058	-5987.260845020953	-5955.192888044348	-32.06795697660476	0.68445601681139	0.48317914625047076	-0.0800027503422196	0.2791296849375533	1.6128429797459807	1.8871053335029027	0.10390778625772569	0.3236063352958396	2.4407484601041234	11.909062076041046	-19.35073679804718	-5955.192888044348
1060	-5987.464319532928	-5955.192888044348	-32.271431488579374	0.68445601681139	0.48317914625047076	-0.0800027503422196	0.2791296849375533	1.6128429797459807	1.8871053335029027	0.10390778625772569	0.778605108320496	2.4407484601041234	11.909062076041046	-19.35073679804718	-5955.192888044348
1062	-5986.96398139486	-5954.694191470208	-32.26978992465111	0.68445601681139	0.48317914625047076	-0.0800027503422196	0.2791296849375533	1.6128429797459807	1.8871053335029027	0.10390778625772569	0.778605108320496	2.4407484601041234	11.909062076041046	-19.34909523411891	-5954.694191470208
1064	-5986.928587151453	-5954.666474423461	-32.26211272799193	0.68445601681139	0.48317914625047076	-0.0800027503422196	0.2791296849375533	1.6128429797459807	1.8871053335029027	0.10390778625772569	0.778605108320496	2.4407484601041234	11.889052122418445	-19.341418037459736	-5954.666474423461
1066	-5985.360748773501	-5954.666474423461	-30.694274350039592	0.68445601681139	0.48317914625047076	-0.0800027503422196	0.2791296849375533	1.0780810477065506	1.8871053335029027	0.10390778625772569	0.778605108320496	2.4407484601041234	11.889052122418445	-18.20343129729331	-5954.666474423461
1068	-5985.360748773501	-5954.666474423461	-30.694274350039592	0.68445601681139	0.48317914625047076	-0.0800027503422196	0.2791296849375533	1.0780810477065506	1.8871053335029027	0.10390778625772569	0.778605108320496	2.4407484601041234	11.889052122418445	-18.20343129729331	-5954.666474423461
1070	-5985.953728021371	-5955.15186841404	-30.801859607330268	0.68445601681139	0.48317914625047076	-0.0800027503422196	0.2791296849375533	1.0780810477065506	1.8871053335029027	0.10390778625772569	0.778605108320496	2.4407484601041234	11.952494128610018	-18.311016554583986	-5955.15186841404
1072	-5985.953728021371	-5955.15186841404	-30.801859607330268	0.68445601681139	0.48317914625047076	-0.0800027503422196	0.2791296849375533	1.0780810477065506	1.8871053335029027	0.10390778625772569	0.778605108320496	2.4407484601041234	11.952494128610018	-18.311016554583986	-5955.15186841404
1074	-5985.85864757947	-5955.15186841404	-30.706779165429722	0.68445601681139	0.48317914625047076	-0.0800027503422196	0.2791296849375533	1.0780810477065506	1.8871053335029027	0.10390778625772569	0.6187432867795757	2.4407484601041234	11.952494128610018	-18.311016554583986	-5955.15186841404
1076	-5986.294303679774	-5955.570957969893	-30.723345709880565	0.68445601681139	0.48317914625047076	-0.0800027503422196	0.2791296849375533	1.0780810477065506	1.8871053335029027	0.10390778625772569	0.6187432867795757	2.4407484601041234	11.97993676555644	-18.32758309903483	-5955.570957969893
1078	-5986.278781109571	-5955.588424634328	-30.690356475243508	0.68445601681139	0.48317914625047076	-0.18540933197220708	0.2791296849375533	1.0780810477065506	1.8871053335029027	0.10390778625772569	0.6187432867795757	2.2123958017914047	11.523231448931003	-18.23719557815699	-5955.588424634328
1080	-5986.278781109571	-5955.588424634328	-30.690356475243508	0.68445601681139	0.48317914625047076	-0.18540933197220708	0.2791296849375533	1.0780810477065506	1.8871053335029027	0.10390778625772569	0.6187432867795757	2.2123958017914047	11.523231448931003	-18.23719557815699	-5955.588424634328
1082	-5988.151691171099	-5957.017734780698	-31.13395639040002	0.68445601681139	0.48317914625047076	-0.18540933197220708	0.2791296849375533	1.0780810477065506	1.8871053335029027	0.10390778625772569	0.6187432867795757	2.322316341361655	12.095750985188378	-18.6807954933135	-5957.017734780698
1084	-5988.151691171099	-5957.017734780698	-31.13395639040002	0.68445601681139	0.48317914625047076	-0.18540933197220708	0.2791296849375533	1.0780810477065506	1.8871053335029027	0.10390778625772569	0.6187432867795757	2.322316341361655	12.095750985188378	-18.6807954933135	-5957.017734780698
1086	-5987.940538729191	-5956.791690709954	-31.14884801923623	0.68445601681139	0.48317914625047076	-0.18540933197220708	0.2791296849375533	1.0780810477065506	1.8871053335029027	0.10390778625772569	0.6187432867795757	2.322316341361655	12.097023050524678	-18.69568712214971	-5956.791690709954
1088	-5984.883491519716	-5954.98612752502	-29.89736399469584	0.68445601681139	0.48317914625047076	-0.18540933197220708	0.2791296849375533	1.0780810477065506	1.8871053335029027	0.10390778625772569	0.6187432867795757	2.0113872587234405	10.477383119150133	-17.44420309760932	-5954.98612752502
1090	-5985.880274602795	-5955.733501954185	-30.14677264860994	0.8741953806467284	0.48317914625047076	-0.18540933197220708	0.2791296849375533	1.0780810477065506	1.8871053335029027	0.10390778625772569	0.6187432867795757	2.0113872587234405	10.477383119150133	-17.489552330756723	-5955.733501954185
1092	-5985.643494183634	-5955.733501954185	-29.909992229448914	0.8741953806467284	0.48317914625047076	-0.18540933197220708	0.2791296849375533	1.0780810477065506	1.5034743441819904	0.10390778625772569	0.6187432867795757	2.0113872587234405	10.477383119150133	-17.489552330756723	-5955.733501954185
1094	-5985.7430321048	-5955.849968973311	-29.893063131489228	0.8741953806467284	0.48317914625047076	-0.18540933197220708	0.2791296849375533	1.0780810477065506	1.5034743441819904	0.10390778625772569	0.6187432867795757	2.0113872587234405	10.45804471608175	-17.472623232797037	-5955.849968973311
1096	-5985.7406053017	-5955.852334994173	-29.888270307526675	0.8741953806467284	0.48317914625047076	-0.18540933197220708	0.2791296849375533	1.0780810477065506	1.5034743441819904	0.10390778625772569	0.6187432867795757	2.0113872587234405	10.45804471608175	-17.467830408834484	-5955.852334994173
1098	-5986.520599191145	-5956.592877484203	-29.927721706942396	0.8741953806467284	0.48317914625047076	-0.18540933197220708	0.2791296849375533	1.0780810477065506	1.5034743441819904	0.10390778625772569	0.6187432867795757	2.0113872587234405	10.478992581864718	-17.507281808250205	-5956.592877484203
1100	-5986.520599191145	-5956.592877484203	-29.927721706942396	0.8741953806467284	0.48317914625047076	-0.18540933197220708	0.2791296849375533	1.0780810477065506	1.5034743441819904	0.10390778625772569	0.6187432867795757	2.0113872587234405	10.478992581864718	-17.507281808250205	-5956.592877484203
1102	-5986.5440565478675	-5956.6129572099835	-29.93109933788393	0.8741953806467284	0.48317914625047076	-0.18540933197220708	0.2791296849375533	1.0780810477065506	1.5034743441819904	0.10390778625772569	0.6187432867795757	2.0113872587234405	10.478992581864718	-17.510659439191738	-5956.6129572099835
1104	-5985.893968510966	-5955.793896802421	-30.100071708545048	0.8741953806467284	0.48317914625047076	-0.18540933197220708	0.2791296849375533	1.0780810477065506	1.5034743441819904	0.10390778625772569	0.6187432867795757	2.0113872587234405	10.684172272302984	-17.679631809852857	-5955.793896802421
1106	-5986.011455037575	-5955.85942468705	-30.152030350525155	0.8741953806467284	0.48317914625047076	-0.18540933197220708	0.2791296849375533	1.0780810477065506	1.5034743441819904	0.10390778625772569	0.6187432867795757	2.0113872587234405	10.735199067356145	-17.731590451832965	-5955.85942468705
1108	-5988.081258410278	-5957.050554279847	-31.030704130430163	0.8741953806467284	0.48317914625047076	-0.18540933197220708	0.2791296849375533	1.0780810477065506	1.5034743441819904	0.10390778625772569	0.6187432867795757	2.220325004728141	11.850343993484744	-18.610264231737972	-5957.050554279847
1110	-5987.1043079402825	-5956.057359976085	-31.046947964197873	0.8741953806467284	0.48317914625047076	-0.18540933197220708	0.2791296849375533	1.0780810477065506	1.5034743441819904	0.10390778625772569	0.6187432867795757	2.220325004728141	11.857892387107427	-18.626508065505682	-5956.057359976085
1112	-5987.1043079402825	-5956.057359976085	-31.046947964197873	0.8741953806467284	0.48317914625047076	-0.18540933197220708	0.2791296849375533	1.0780810477065506	1.5034743441819904	0.10390778625772569	0.6187432867795757	2.220325004728141	11.857892387107427	-18.626508065505682	-5956.057359976085
1114	-5984.956103959651	-5955.119169998634	-29.836933961017497	0.8741953806467284	0.48317914625047076	-0.18540933197220708	0.2791296849375533	1.0780810477065506	1.5034743441819904	0.10390778625772569	0.6187432867795757	1.9344595549531158	10.331196190196671	-17.416494062325306	-5955.119169998634
1116	-5985.3459059264	-5954.791830526104	-30.554075400295464	0.8741953806467284	0.48317914625047076	-0.18540933197220708	0.2791296849375533	1.0780810477065506	1.5034743441819904	0.10390778625772569	0.6187432867795757	2.104174967704846	11.23758020900384	-18.133635501603273	-5954.791830526104
1118	-5984.386853659321	-5954.171946430411	-30.21490722891024	0.8741953806467284	0.48317914625047076	-0.18540933197220708	0.2791296849375533	1.0780810477065506	1.5034743441819904	0.10390778625772569	0.6187432867795757	2.104174967704846	11.027319447503068	-17.794467330218048	-5954.171946430411
1120	-5985.008825263668	-5954.8251485380315	-30.183676725636772	0.8741953806467284	0.48317914625047076	-0.18540933197220708	0.2791296849375533	1.0780810477065506	1.5034743441819904	0.10390778625772569	0.6187432867795757	2.104174967704846	11.017326673697758	-17.76323682694458	-5954.8251485380315
1122	-5984.641048627255	-5954.386058702861	-30.254989924393733	0.8741953806467284	0.48317914625047076	-0.18540933197220708	0.2791296849375533	1.0780810477065506	1.5034743441819904	0.10390778625772569	0.6187432867795757	2.104174967704846	11.048271723521335	-17.834550025701542	-5954.386058702861
1124	-5984.7891717704	-5954.5840786423605	-30.205093128039493	0.8741953806467284	0.48317914625047076	-0.18540933197220708	0.2791296849375533	1.0780810477065506	1.5034743441819904	0.10390778625772569	0.6187432867795757	2.416092831319177	11.43438210298815	-17.784653229347303	-5954.5840786423605
1126	-5984.8045808793695	-5954.5840786423605	-30.22050223700888	0.8741953806467284	0.48317914625047076	-0.18540933197220708	0.2791296849375533	1.0780810477065506	1.5034743441819904	0.06285743711642187	0.6187432867795757	2.416092831319177	11.43438210298815	-17.781508481009684	-5954.5840786423605
1128	-5984.660221532019	-5954.5840786423605	-30.076142889658122	0.8741953806467284	0.48317914625047076	-0.18540933197220708	0.2791296849375533	1.0780810477065506	1.5034743441819904	0.06285743711642187	0.2053017530936499	2.416092831319177	11.43438210298815	-17.781508481009684	-5954.5840786423605
1130	-5984.665649819385	-5954.5840786423605	-30.081571177024237	0.8741953806467284	0.48317914625047076	-0.18540933197220708	0.2791296849375533	1.0780810477065506	1.5034743441819904	0.12815557369615949	0.2053017530936499	2.416092831319177	11.43438210298815	-17.787869796620818	-5954.5840786423605
1132	-5983.596937905262	-5953.856120631192	-29.740817274069897	0.8741953806467284	0.48317914625047076	-0.18540933197220708	0.2791296849375533	1.0780810477065506	1.5034743441819904	0.12815557369615949	0.2053017530936499	1.841625812709149	10.157716114907833	-17.447115893666478	-5953.856120631192
1134	-5986.371185371623	-5955.734516807227	-30.636668564396516	0.8741953806467284	0.48317914625047076	-0.18540933197220708	0.2791296849375533	1.0780810477065506	1.5034743441819904	0.12815557369615949	0.2053017530936499	2.045001648621509	11.279460820902619	-18.342967183993096	-5955.734516807227
1136	-5987.184686512192	-5957.114674867673	-30.070011644518797	0.8741953806467284	0.48317914625047076	-0.18540933197220708	0.2791296849375533	1.0780810477065506	1.5034743441819904	0.12815557369615949	0.2053017530936499	2.045001648621509	10.906459007828715	-17.776310264115377	-5957.114674867673
1138	-5985.794222334962	-5955.721092613217	-30.073129721745765	0.8741953806467284	0.48317914625047076	-0.18540933197220708	0.2791296849375533	1.0780810477065506	1.5034743441819904	0.12815557369615949	0.2053017530936499	2.045001648621509	10.915830923900153	-17.779428341342346	-5955.721092613217
1140	-5985.907681400882	-5956.2151183482365	-29.69256305264558	0.8741953806467284	0.48317914625047076	-0.18540933197220708	0.2791296849375533	1.0780810477065506	1.5034743441819904	0.12815557369615949	0.2053017530936499	2.045001648621509	10.653219535027194	-17.39886167224216	-5956.2151183482365
1142	-5984.258278968921	-5954.5520622620825	-29.706216706839097	0.8741953806467284	0.48317914625047076	-0.18540933197220708	0.2791296849375533	1.0780810477065506	1.5034743441819904	0.12815557369615949	0.2053017530936499	2.045001648621509	10.65321953502719	-17.412515326435678	-5954.5520622620825
1144	-5985.245520936913	-5954.509983857039	-30.735537079874238	0.8741953806467284	0.30924201057205264	-0.18540933197220708	0.2791296849375533	1.0780810477065506	1.5034743441819904	0.12815557369615949	0.2053017530936499	5.311447727200545	17.186111692185264	-18.358696392072165	-5954.509983857039
1146	-5985.245520936913	-5954.509983857039	-30.735537079874238	0.8741953806467284	0.30924201057205264	-0.18540933197220708	0.2791296849375533	1.0780810477065506	1.5034743441819904	0.12815557369615949	0.2053017530936499	5.311447727200545	17.186111692185264	-18.358696392072165	-5954.509983857039
1148	-5984.224225800002	-5953.481947618432	-30.74227818157044	0.8741953806467284	0.30924201057205264	-0.18540933197220708	0.2791296849375533	1.0780810477065506	1.5034743441819904	0.12815557369615949	0.3555363615884323	5.311447727200545	17.186111692185264	-18.34256224891493	-5953.481947618432
1150	-5984.139904802176	-5953.481947618432	-30.657957183743957	0.8741953806467284	0.30924201057205264	-0.18540933197220708	0.11788650017538306	1.0780810477065506	1.5034743441819904	0.12815557369615949	0.3555363615884323	5.311447727200545	17.186111692185264	-18.320145319305137	-5953.481947618432
1152	-5984.139904802176	-5953.481947618432	-30.657957183743957	0.8741953806467284	0.30924201057205264	-0.18540933197220708	0.11788650017538306	1.0780810477065506	1.5034743441819904	0.12815557369615949	0.3555363615884323	5.311447727200545	17.186111692185264	-18.320145319305137	-5953.481947618432
1154	-5984.139904802176	-5953.481947618432	-30.657957183743957	0.8741953806467284	0.30924201057205264	-0.18540933197220708	0.11788650017538306	1.0780810477065506	1.5034743441819904	0.12815557369615949	0.3555363615884323	5.311447727200545	17.186111692185264	-18.320145319305137	-5953.481947618432
1156	-5984.0592221253355	-5953.381988626645	-30.677233498690853	0.8741953806467284	0.30924201057205264	-0.18540933197220708	0.11788650017538306	1.0780810477065506	1.5034743441819904	0.12815557369615949	0.3555363615884323	5.311447727200545	17.202481287521742	-18.339421634252034	-5953.381988626645
1158	-5983.928476956903	-5953.243908506503	-30.684568450400064	0.8741953806467284	0.30924201057205264	-0.18540933197220708	0.11788650017538306	1.0780810477065506	1.5034743441819904	0.12815557369615949	0.3555363615884323	5.311447727200545	17.1933828077272	-18.346756585961245	-5953.243908506503
1160	-5983.980962113465	-5953.243908506503	-30.737053606961368	0.8741953806467284	0.30924201057205264	-0.18540933197220708	0.11788650017538306	1.0780810477065506	1.5034743441819904	0.3108720833195684	0.3555363615884323	5.311447727200545	17.1933828077272	-18.383986504438138	-5953.243908506503
1162	-5983.608108472553	-5952.857150136466	-30.75095833608731	0.8741953806467284	0.30924201057205264	-0.18540933197220708	0.11788650017538306	1.0780810477065506	1.5034743441819904	0.3108720833195684	0.3555363615884323	5.311447727200545	17.199983181061423	-18.39789123356408	-5952.857150136466
1164	-5983.621695871599	-5952.772696809945	-30.84899906165323	0.8741953806467284	0.30924201057205264	-0.18540933197220708	0.11788650017538306	1.0780810477065506	1.5034743441819904	0.3108720833195684	0.3555363615884323	5.311447727200545	17.28972856729033	-18.49593195913	-5952.772696809945
1166	-5983.689637989224	-5952.772696809945	-30.916941179279256	0.8741953806467284	0.17802723318864686	-0.18540933197220708	0.11788650017538306	1.0780810477065506	1.5034743441819904	0.3108720833195684	0.3555363615884323	5.311447727200545	17.28972856729033	-18.481135187167787	-5952.772696809945
1168	-5983.689637989224	-5952.772696809945	-30.916941179279256	0.8741953806467284	0.17802723318864686	-0.18540933197220708	0.11788650017538306	1.0780810477065506	1.5034743441819904	0.3108720833195684	0.3555363615884323	5.311447727200545	17.28972856729033	-18.481135187167787	-5952.772696809945
1170	-5984.59005948221	-5953.6593630490415	-30.930696433168528	0.8741953806467284	0.17802723318864686	-0.18540933197220708	0.11788650017538306	1.0780810477065506	1.5034743441819904	0.3108720833195684	0.3555363615884323	5.311447727200545	17.296110781528785	-18.494890441057056	-5953.6593630490415
1172	-5983.3546946020015	-5952.44325629321	-30.91143830879205	0.8741953806467284	0.17802723318864686	-0.18540933197220708	0.11788650017538306	1.0780810477065506	1.5034743441819904	0.3108720833195684	0.3555363615884323	5.311447727200545	17.287153481315652	-18.475632316680578	-5952.44325629321
1174	-5983.527090533805	-5952.570114337986	-30.95697619581959	0.8741953806467284	0.17802723318864686	-0.18540933197220708	0.11788650017538306	1.0780810477065506	1.5034743441819904	0.3108720833195684	0.7491998774233761	5.311447727200545	17.28715348131565	-18.426102025042802	-5952.570114337986
1176	-5983.527090533805	-5952.570114337986	-30.95697619581959	0.8741953806467284	0.17802723318864686	-0.18540933197220708	0.11788650017538306	1.0780810477065506	1.5034743441819904	0.3108720833195684	0.7491998774233761	5.311447727200545	17.28715348131565	-18.426102025042802	-5952.570114337986
1178	-5983.527090533805	-5952.570114337986	-30.95697619581959	0.8741953806467284	0.17802723318864686	-0.18540933197220708	0.11788650017538306	1.0780810477065506	1.5034743441819904	0.3108720833195684	0.7491998774233761	5.311447727200545	17.28715348131565	-18.426102025042802	-5952.570114337986
1180	-5983.5789410652105	-5952.569454013194	-31.009487052016485	0.8741953806467284	0.17802723318864686	-0.18540933197220708	0.11788650017538306	1.0780810477065506	1.5034743441819904	0.3108720833195684	0.7491998774233761	5.505841405001526	17.67397694814435	-18.478612881239698	-5952.569454013194
1182	-5983.933157255787	-5952.943105157301	-30.990052098485535	0.8741953806467284	0.17802723318864686	-0.18540933197220708	0.11788650017538306	1.0780810477065506	1.5034743441819904	0.3108720833195684	0.7491998774233761	5.505841405001526	17.656973609761227	-18.459177927708748	-5952.943105157301
1184	-5983.804981891618	-5952.943601229385	-30.86138066223219	0.8741953806467284	0.17802723318864686	-0.18540933197220708	0.11788650017538306	1.0780810477065506	1.5034743441819904	0.3108720833195684	0.7491998774233761	5.505841405001526	17.473787975501224	-18.330506491455402	-5952.943601229385
1186	-5983.804981891618	-5952.943601229385	-30.86138066223219	0.8741953806467284	0.17802723318864686	-0.18540933197220708	0.11788650017538306	1.0780810477065506	1.5034743441819904	0.3108720833195684	0.7491998774233761	5.505841405001526	17.473787975501224	-18.330506491455402	-5952.943601229385
1188	-5984.310025815279	-5952.943601229385	-31.366424585893974	0.8741953806467284	0.17802723318864686	-0.18540933197220708	0.056547107108284665	1.0780810477065506	1.5034743441819904	0.7387123295678574	0.7491998774233761	5.505841405001526	17.473787975501224	-18.723756543187864	-5952.943601229385
1190	-5984.310025815279	-5952.943601229385	-31.366424585893974	0.8741953806467284	0.17802723318864686	-0.18540933197220708	0.056547107108284665	1.0780810477065506	1.5034743441819904	0.7387123295678574	0.7491998774233761	5.505841405001526	17.473787975501224	-18.723756543187864	-5952.943601229385
1192	-5983.015887580675	-5951.535725705269	-31.48016187540525	0.8741953806467284	0.17802723318864686	-0.18540933197220708	0.056547107108284665	1.0780810477065506	1.5034743441819904	0.7387123295678574	0.7491998774233761	5.505841405001526	17.600273579599957	-18.837493832699142	-5951.535725705269
1194	-5982.8875839833445	-5951.736437940624	-31.15114604272104	0.8741953806467284	0.17802723318864686	-0.18540933197220708	0.056547107108284665	1.0780810477065506	1.5034743441819904	0.7387123295678574	0.7491998774233761	5.231895839059765	16.731048398634336	-18.508478000014932	-5951.736437940624
1196	-5982.507796997714	-5951.736437940624	-30.771359057090585	0.8741953806467284	0.17802723318864686	-0.18540933197220708	0.056547107108284665	0.6617832047760381	1.5034743441819904	0.7387123295678574	0.7491998774233761	5.231895839059765	16.731048398634336	-18.227099623300557	-5951.736437940624
1198	-5982.507796997714	-5951.736437940624	-30.771359057090585	0.8741953806467284	0.17802723318864686	-0.18540933197220708	0.056547107108284665	0.6617832047760381	1.5034743441819904	0.7387123295678574	0.7491998774233761	5.231895839059765	16.731048398634336	-18.227099623300557	-5951.736437940624
1200	-5982.518163094672	-5951.754773240295	-30.763389854376463	0.8741953806467284	0.17802723318864686	-0.18540933197220708	0.056547107108284665	0.6617832047760381	1.5034743441819904	0.7387123295678574	0.7491998774233761	5.231895839059765	16.722651547133434	-18.21913042058643	-5951.754773240295
1202	-5983.2689844214265	-5951.754773240295	-31.514211181131124	0.8741953806467284	0.17802723318864686	-0.3490142111324196	0.056547107108284665	1.227219469852787	1.5034743441819904	0.7387123295678574	0.7491998774233761	5.231895839059765	16.722651547133434	-18.655274366276643	-5951.754773240295
1204	-5983.460693009744	-5951.489716382459	-31.97097662728536	0.8741953806467284	0.17802723318864686	-0.3490142111324196	0.056547107108284665	1.227219469852787	1.5034743441819904	0.7387123295678574	0.7491998774233761	5.620621398668627	17.96513080910048	-19.112039812430883	-5951.489716382459
1206	-5983.494464857816	-5951.5152219068605	-31.979242950955566	0.8741953806467284	0.17802723318864686	-0.3490142111324196	0.056547107108284665	1.227219469852787	1.5034743441819904	0.7387123295678574	0.7491998774233761	5.620621398668627	17.97553096017408	-19.12030613610109	-5951.5152219068605
1208	-5983.494464857816	-5951.5152219068605	-31.979242950955566	0.8741953806467284	0.17802723318864686	-0.3490142111324196	0.056547107108284665	1.227219469852787	1.5034743441819904	0.7387123295678574	0.7491998774233761	5.620621398668627	17.97553096017408	-19.12030613610109	-5951.5152219068605
1210	-5985.483984916736	-5953.134976018666	-32.349008898069464	0.8741953806467284	0.17802723318864686	-0.3490142111324196	0.056547107108284665	1.227219469852787	1.5034743441819904	0.7387123295678574	0.7491998774233761	5.932018778856282	18.9714232025881	-19.490072083214987	-5953.134976018666
1212	-5985.483984916736	-5953.134976018666	-32.349008898069464	0.8741953806467284	0.17802723318864686	-0.3490142111324196	0.056547107108284665	1.227219469852787	1.5034743441819904	0.7387123295678574	0.7491998774233761	5.932018778856282	18.9714232025881	-19.490072083214987	-5953.134976018666
1214	-5984.437803802744	-5952.085911518445	-32.351892284299424	0.8741953806467284	0.17802723318864686	-0.3490142111324196	0.056547107108284665	1.227219469852787	1.5034743441819904	0.7387123295678574	0.7491998774233761	5.932018778856282	18.99532885515965	-19.492955469444944	-5952.085911518445
1216	-5984.426349469226	-5952.085379015321	-32.3409704539043	0.8741953806467284	0.17802723318864686	-0.3490142111324196	0.056547107108284665	1.227219469852787	1.5034743441819904	0.7387123295678574	0.7491998774233761	5.932018778856282	18.976385397308462	-19.482033639049817	-5952.085379015321
1218	-5984.481017459624	-5952.232213299208	-32.248804160416285	0.8741953806467284	0.17802723318864686	-0.3490142111324196	0.056547107108284665	1.227219469852787	1.5034743441819904	0.7387123295678574	0.7491998774233761	5.932018778856282	18.868819921712053	-19.389867345561804	-5952.232213299208
1220	-5984.357109247891	-5952.088810383186	-32.26829886470463	0.8741953806467284	0.17802723318864686	-0.3490142111324196	0.056547107108284665	1.227219469852787	1.5034743441819904	0.7387123295678574	0.7491998774233761	5.932018778856282	18.891625647201852	-19.409362049850152	-5952.088810383186
1222	-5984.357109247891	-5952.088810383186	-32.26829886470463	0.8741953806467284	0.17802723318864686	-0.3490142111324196	0.056547107108284665	1.227219469852787	1.5034743441819904	0.7387123295678574	0.7491998774233761	5.932018778856282	18.891625647201852	-19.409362049850152	-5952.088810383186
1224	-5984.357109247891	-5952.088810383186	-32.26829886470463	0.8741953806467284	0.17802723318864686	-0.3490142111324196	0.056547107108284665	1.227219469852787	1.5034743441819904	0.7387123295678574	0.7491998774233761	5.932018778856282	18.891625647201852	-19.409362049850152	-5952.088810383186
1226	-5983.294618504357	-5951.76089103164	-31.53372747271655	0.8741953806467284	0.17802723318864686	-0.3490142111324196	0.056547107108284665	1.227219469852787	1.5034743441819904	0.7387123295678574	0.7491998774233761	5.300520174902873	16.88049998031404	-18.674790657862072	-5951.76089103164
1228	-5983.294618504357	-5951.76089103164	-31.53372747271655	0.8741953806467284	0.17802723318864686	-0.3490142111324196	0.056547107108284665	1.227219469852787	1.5034743441819904	0.7387123295678574	0.7491998774233761	5.300520174902873	16.88049998031404	-18.674790657862072	-5951.76089103164
1230	-5983.6922184502255	-5951.7063288768695	-31.985889573356307	0.8741953806467284	0.17802723318864686	-0.3490142111324196	0.056547107108284665	1.227219469852787	1.5034743441819904	0.7387123295678574	1.6846054465403386	5.300520174902873	16.883080797082357	-18.67965085846388	-5951.7063288768695
1232	-5983.6922184502255	-5951.7063288768695	-31.985889573356307	0.8741953806467284	0.17802723318864686	-0.3490142111324196	0.056547107108284665	1.227219469852787	1.5034743441819904	0.7387123295678574	1.6846054465403386	5.300520174902873	16.883080797082357	-18.67965085846388	-5951.7063288768695
1234	-5983.6922184502255	-5951.7063288768695	-31.985889573356307	0.8741953806467284	0.17802723318864686	-0.3490142111324196	0.056547107108284665	1.227219469852787	1.5034743441819904	0.7387123295678574	1.6846054465403386	5.300520174902873	16.883080797082357	-18.67965085846388	-5951.7063288768695
1236	-5982.741917105446	-5950.621487458372	-32.12042964707433	0.8741953806467284	0.17802723318864686	-0.3490142111324196	0.056547107108284665	1.227219469852787	1.5034743441819904	0.7387123295678574	1.6846054465403386	5.300520174902873	17.091782351655077	-18.81419093218191	-5950.621487458372
1238	-5981.959653615534	-5949.716288550762	-32.24336506477199	0.8741953806467284	0.17802723318864686	-0.3490142111324196	0.056547107108284665	1.227219469852787	1.5034743441819904	0.7387123295678574	1.6846054465403386	5.300520174902873	17.238655343212578	-18.937126349879566	-5949.716288550762
1240	-5982.137326820852	-5949.717160257886	-32.42016656296593	0.8741953806467284	0.17802723318864686	-0.60267859594905	0.056547107108284665	1.227219469852787	1.5034743441819904	0.7387123295678574	1.6846054465403386	5.300520174902873	17.248465074910627	-18.858173290492985	-5949.717160257886
1242	-5982.137326820852	-5949.717160257886	-32.42016656296593	0.8741953806467284	0.17802723318864686	-0.60267859594905	0.056547107108284665	1.227219469852787	1.5034743441819904	0.7387123295678574	1.6846054465403386	5.300520174902873	17.248465074910627	-18.858173290492985	-5949.717160257886
1244	-5981.972836960295	-5949.493561040145	-32.4792759201498	0.8741953806467284	0.17802723318864686	-0.60267859594905	0.056547107108284665	1.227219469852787	1.5034743441819904	0.7387123295678574	1.6846054465403386	5.300520174902873	17.248465074910623	-18.91728264767686	-5949.493561040145
1246	-5981.972836960295	-5949.493561040145	-32.4792759201498	0.8741953806467284	0.17802723318864686	-0.60267859594905	0.056547107108284665	1.227219469852787	1.5034743441819904	0.7387123295678574	1.6846054465403386	5.300520174902873	17.248465074910623	-18.91728264767686	-5949.493561040145
1248	-5982.129199836117	-5949.584034595508	-32.545165240608924	0.8741953806467284	0.17802723318864686	-0.60267859594905	0.12742919898125207	1.227219469852787	1.5034743441819904	0.7387123295678574	1.6846054465403386	5.300520174902873	17.245479016522534	-18.933932535812705	-5949.584034595508
1250	-5982.129199836117	-5949.584034595508	-32.545165240608924	0.8741953806467284	0.17802723318864686	-0.60267859594905	0.12742919898125207	1.227219469852787	1.5034743441819904	0.7387123295678574	1.6846054465403386	5.300520174902873	17.245479016522534	-18.933932535812705	-5949.584034595508
1252	-5982.551576992664	-5949.584034595508	-32.96754239715659	0.8741953806467284	0.17802723318864686	-0.9162287817652002	0.12742919898125207	1.227219469852787	1.5034743441819904	0.7387123295678574	1.6846054465403386	5.300520174902873	17.245479016522534	-18.840100552821575	-5949.584034595508
1254	-5981.743670511105	-5949.207070147053	-32.53660036405166	0.8741953806467284	0.17802723318864686	-0.9162287817652002	0.12742919898125207	1.227219469852787	1.5034743441819904	0.7387123295678574	0.7278798727065587	5.300520174902873	17.247930605523738	-18.856456743023774	-5949.207070147053
1256	-5981.743670511105	-5949.207070147053	-32.53660036405166	0.8741953806467284	0.17802723318864686	-0.9162287817652002	0.12742919898125207	1.227219469852787	1.5034743441819904	0.7387123295678574	0.7278798727065587	5.300520174902873	17.247930605523738	-18.856456743023774	-5949.207070147053
1258	-5982.313532124022	-5949.800064800149	-32.51346732387297	0.8741953806467284	0.17802723318864686	-0.9162287817652002	0.12742919898125207	1.227219469852787	1.5034743441819904	0.7387123295678574	0.7278798727065587	5.300520174902873	17.244468013265205	-18.833323702845085	-5949.800064800149
1260	-5983.057544179705	-5949.800064800149	-33.257479379555626	0.8741953806467284	0.17802723318864686	-0.9162287817652002	0.12742919898125207	1.227219469852787	1.5034743441819904	0.7387123295678574	1.9586063632801969	5.300520174902873	17.244468013265205	-18.833323702845085	-5949.800064800149
1262	-5982.929894644932	-5949.662663220903	-33.26723142402942	0.8741953806467284	0.17802723318864686	-0.9162287817652002	0.12742919898125207	1.227219469852787	1.5034743441819904	0.7387123295678574	1.9586063632801969	5.300520174902873	17.249772772363695	-18.84307574731888	-5949.662663220903
1264	-5982.929894644932	-5949.662663220903	-33.26723142402942	0.8741953806467284	0.17802723318864686	-0.9162287817652002	0.12742919898125207	1.227219469852787	1.5034743441819904	0.7387123295678574	1.9586063632801969	5.300520174902873	17.249772772363695	-18.84307574731888	-5949.662663220903
1266	-5982.929894644932	-5949.662663220903	-33.26723142402942	0.8741953806467284	0.17802723318864686	-0.9162287817652002	0.12742919898125207	1.227219469852787	1.5034743441819904	0.7387123295678574	1.9586063632801969	5.300520174902873	17.249772772363695	-18.84307574731888	-5949.662663220903
1268	-5984.094611648977	-5949.629657604365	-34.46495404461194	1.435825376971487	0.17802723318864686	-0.9162287817652002	0.12742919898125207	1.227219469852787	1.5034743441819904	0.7387123295678574	1.9586063632801969	5.300520174902873	17.25513082607864	-18.843406852611615	-5949.629657604365
1270	-5984.056077344464	-5949.6397854937195	-34.41629185074444	1.435825376971487	0.17802723318864686	-0.9162287817652002	0.12742919898125207	1.227219469852787	1.5034743441819904	0.7387123295678574	1.9586063632801969	5.264457140706249	17.137732466575276	-18.794744658744115	-5949.6397854937195
1272	-5984.056077344464	-5949.6397854937195	-34.41629185074444	1.435825376971487	0.17802723318864686	-0.9162287817652002	0.12742919898125207	1.227219469852787	1.5034743441819904	0.7387123295678574	1.9586063632801969	5.264457140706249	17.137732466575276	-18.794744658744115	-5949.6397854937195
1274	-5983.557702725961	-5949.119679795331	-34.438022930629984	1.435825376971487	0.17802723318864686	-0.9162287817652002	0.12742919898125207	1.227219469852787	1.5034743441819904	0.7387123295678574	1.9586063632801969	5.264457140706249	17.140465382088	-18.816475738629656	-5949.119679795331
1276	-5983.074316693263	-5949.119679795331	-33.95463689793246	1.435825376971487	0.17802723318864686	-0.5564089694672055	0.12742919898125207	1.227219469852787	1.5034743441819904	0.7387123295678574	1.9586063632801969	5.264457140706249	17.140465382088	-18.908825495622235	-5949.119679795331
1278	-5983.074316693263	-5949.119679795331	-33.95463689793246	1.435825376971487	0.17802723318864686	-0.5564089694672055	0.12742919898125207	1.227219469852787	1.5034743441819904	0.7387123295678574	1.9586063632801969	5.264457140706249	17.140465382088	-18.908825495622235	-5949.119679795331
1280	-5982.552061349563	-5949.111656049572	-33.440405299990374	1.435825376971487	0.17802723318864686	-0.5564089694672055	0.12742919898125207	1.227219469852787	1.5034743441819904	0.7387123295678574	1.9586063632801969	3.041255207031066	12.694061514737633	-18.39459389768015	-5949.111656049572
1282	-5982.5068789985135	-5949.107549456365	-33.39932954214887	1.435825376971487	0.17802723318864686	-0.5564089694672055	0.12742919898125207	1.227219469852787	1.5034743441819904	0.7387123295678574	1.9586063632801969	2.8649874754190034	12.341526051513508	-18.353518139838645	-5949.107549456365
1284	-5982.5068789985135	-5949.107549456365	-33.39932954214887	1.435825376971487	0.17802723318864686	-0.5564089694672055	0.12742919898125207	1.227219469852787	1.5034743441819904	0.7387123295678574	1.9586063632801969	2.8649874754190034	12.341526051513508	-18.353518139838645	-5949.107549456365
1286	-5982.5068789985135	-5949.107549456365	-33.39932954214887	1.435825376971487	0.17802723318864686	-0.5564089694672055	0.12742919898125207	1.227219469852787	1.5034743441819904	0.7387123295678574	1.9586063632801969	2.8649874754190034	12.341526051513508	-18.353518139838645	-5949.107549456365
1288	-5982.5068789985135	-5949.107549456365	-33.39932954214887	1.435825376971487	0.17802723318864686	-0.5564089694672055	0.12742919898125207	1.227219469852787	1.5034743441819904	0.7387123295678574	1.9586063632801969	2.8649874754190034	12.341526051513508	-18.353518139838645	-5949.107549456365
1290	-5985.375633721923	-5951.3821229625655	-33.99351075935775	1.435825376971487	0.17802723318864686	-0.5564089694672055	0.12742919898125207	1.227219469852787	1.5034743441819904	0.7387123295678574	1.9586063632801969	3.150353660077181	13.570799907820623	-18.947699357047522	-5951.3821229625655
1292	-5985.319797416475	-5951.272530515373	-34.04726690110202	1.435825376971487	0.17802723318864686	-0.5564089694672055	0.12742919898125207	1.227219469852787	1.5034743441819904	0.7387123295678574	1.9586063632801969	3.150353660077181	13.570799907820623	-19.001455498791795	-5951.272530515373
1294	-5985.556237968574	-5951.531246707718	-34.02499126085618	1.435825376971487	0.17802723318864686	-0.5564089694672055	0.12742919898125207	1.227219469852787	1.5034743441819904	0.7387123295678574	1.9586063632801969	3.150353660077181	13.567969575055491	-18.97917985854596	-5951.531246707718
1296	-5982.756097820192	-5949.583667413177	-33.17243040701507	1.435825376971487	0.37378822063743206	-0.5564089694672055	0.12742919898125207	1.227219469852787	1.5034743441819904	0.7387123295678574	1.9586063632801969	2.87302944849384	12.37358733382584	-18.35368562923956	-5949.583667413177
1298	-5982.756097820192	-5949.583667413177	-33.17243040701507	1.435825376971487	0.37378822063743206	-0.5564089694672055	0.12742919898125207	1.227219469852787	1.5034743441819904	0.7387123295678574	1.9586063632801969	2.87302944849384	12.37358733382584	-18.35368562923956	-5949.583667413177
1300	-5983.36375666219	-5950.245599517774	-33.11815714441615	1.435825376971487	0.37378822063743206	-0.5564089694672055	0.12742919898125207	1.227219469852787	1.5034743441819904	0.7387123295678574	1.9586063632801969	2.87302944849384	12.37358733382584	-18.299412366640645	-5950.245599517774
1302	-5983.588471087628	-5950.464295169119	-33.12417591850834	1.435825376971487	0.37378822063743206	-0.5564089694672055	0.12742919898125207	1.227219469852787	1.5034743441819904	0.7387123295678574	1.9586063632801969	2.87302944849384	12.376920476246726	-18.305431140732836	-5950.464295169119
1304	-5982.981255393331	-5949.802806057782	-33.178449335548805	1.435825376971487	0.37378822063743206	-0.5564089694672055	0.12742919898125207	1.227219469852787	1.5034743441819904	0.7387123295678574	1.9586063632801969	2.87302944849384	12.376920476246726	-18.359704557773302	-5949.802806057782
1306	-5983.431695043568	-5950.53819513789	-32.893499905677686	1.435825376971487	0.37378822063743206	-0.5564089694672055	0.12742919898125207	1.227219469852787	1.5034743441819904	0.7387123295678574	1.4765402831971073	2.87302944849384	12.567200775617795	-18.5466308100673	-5950.53819513789
1308	-5983.431695043568	-5950.53819513789	-32.893499905677686	1.435825376971487	0.37378822063743206	-0.5564089694672055	0.12742919898125207	1.227219469852787	1.5034743441819904	0.7387123295678574	1.4765402831971073	2.87302944849384	12.567200775617795	-18.5466308100673	-5950.53819513789
1310	-5983.431695043568	-5950.53819513789	-32.893499905677686	1.435825376971487	0.37378822063743206	-0.5564089694672055	0.12742919898125207	1.227219469852787	1.5034743441819904	0.7387123295678574	1.4765402831971073	2.87302944849384	12.567200775617795	-18.5466308100673	-5950.53819513789
1312	-5984.256933331683	-5951.388876490652	-32.86805684103095	1.435825376971487	0.37378822063743206	-0.5564089694672055	0.12742919898125207	1.227219469852787	1.5034743441819904	0.7387123295678574	1.4765402831971073	2.87302944849384	12.564270648644188	-18.521187745420562	-5951.388876490652
1314	-5984.256933331683	-5951.388876490652	-32.86805684103095	1.435825376971487	0.37378822063743206	-0.5564089694672055	0.12742919898125207	1.227219469852787	1.5034743441819904	0.7387123295678574	1.4765402831971073	2.87302944849384	12.564270648644188	-18.521187745420562	-5951.388876490652
1316	-5986.279718811172	-5953.392596909485	-32.88712190168687	1.435825376971487	0.37378822063743206	-0.5564089694672055	0.12742919898125207	1.227219469852787	1.5034743441819904	0.7387123295678574	1.4765402831971073	2.87302944849384	12.564270648644188	-18.540252806076474	-5953.392596909485
1318	-5986.279718811172	-5953.392596909485	-32.88712190168687	1.435825376971487	0.37378822063743206	-0.5564089694672055	0.12742919898125207	1.227219469852787	1.5034743441819904	0.7387123295678574	1.4765402831971073	2.87302944849384	12.564270648644188	-18.540252806076474	-5953.392596909485
1320	-5986.076331223723	-5953.392596909485	-32.68373431423776	1.435825376971487	0.37378822063743206	-0.21070675543124984	0.12742919898125207	1.227219469852787	1.5034743441819904	0.7387123295678574	1.4765402831971073	2.87302944849384	12.564270648644188	-18.64611137936721	-5953.392596909485
1322	-5986.824244495766	-5954.714422405175	-32.10982209059027	1.435825376971487	0.37378822063743206	-0.21070675543124984	0.12742919898125207	1.227219469852787	1.5034743441819904	0.7387123295678574	1.4765402831971073	2.6239969211585197	11.475206951299507	-18.072199155719716	-5954.714422405175
1324	-5987.059991434209	-5954.726042282391	-32.333949151818274	1.435825376971487	0.37378822063743206	-0.21070675543124984	0.12742919898125207	1.227219469852787	1.5034743441819904	0.7387123295678574	1.4765402831971073	3.6017369296409796	13.430686968264427	-18.29632621694772	-5954.726042282391
1326	-5988.157403208544	-5955.934963383562	-32.22243982498156	1.435825376971487	0.37378822063743206	-0.21070675543124984	0.12742919898125207	1.227219469852787	1.5034743441819904	0.7387123295678574	1.4765402831971073	3.6017369296409796	13.305003196131794	-18.184816890111005	-5955.934963383562
1328	-5988.157403208544	-5955.934963383562	-32.22243982498156	1.435825376971487	0.37378822063743206	-0.21070675543124984	0.12742919898125207	1.227219469852787	1.5034743441819904	0.7387123295678574	1.4765402831971073	3.6017369296409796	13.305003196131794	-18.184816890111005	-5955.934963383562
1330	-5988.157403208544	-5955.934963383562	-32.22243982498156	1.435825376971487	0.37378822063743206	-0.21070675543124984	0.12742919898125207	1.227219469852787	1.5034743441819904	0.7387123295678574	1.4765402831971073	3.6017369296409796	13.305003196131794	-18.184816890111005	-5955.934963383562
1332	-5987.2102076133315	-5954.967209626793	-32.24299798653828	1.435825376971487	0.37378822063743206	-0.21070675543124984	0.12742919898125207	1.227219469852787	1.5034743441819904	0.7387123295678574	1.4765402831971073	3.6017369296409796	13.307380859647987	-18.205375051667726	-5954.967209626793
1334	-5987.35137380573	-5955.184740051463	-32.166633754266215	1.435825376971487	0.37378822063743206	-0.21070675543124984	0.12742919898125207	1.227219469852787	1.5034743441819904	0.7387123295678574	1.4765402831971073	3.6017369296409796	13.150968590646825	-18.12901081939566	-5955.184740051463
1336	-5987.590295210507	-5955.439812621271	-32.15048258923649	1.435825376971487	0.37378822063743206	-0.21070675543124984	0.12742919898125207	1.227219469852787	1.5034743441819904	0.7387123295678574	1.4765402831971073	3.6017369296409796	13.131818743924685	-18.112859654365934	-5955.439812621271
1338	-5987.590295210507	-5955.439812621271	-32.15048258923649	1.435825376971487	0.37378822063743206	-0.21070675543124984	0.12742919898125207	1.227219469852787	1.5034743441819904	0.7387123295678574	1.4765402831971073	3.6017369296409796	13.131818743924685	-18.112859654365934	-5955.439812621271
1340	-5987.590295210507	-5955.439812621271	-32.15048258923649	1.435825376971487	0.37378822063743206	-0.21070675543124984	0.12742919898125207	1.227219469852787	1.5034743441819904	0.7387123295678574	1.4765402831971073	3.6017369296409796	13.131818743924685	-18.112859654365934	-5955.439812621271
1342	-5988.2732231404625	-5955.445897448157	-32.82732569230602	1.435825376971487	0.37378822063743206	-0.21070675543124984	0.12742919898125207	1.227219469852787	1.5034743441819904	0.7387123295678574	1.4765402831971073	6.559653910198364	19.04765270503945	-18.789702757435464	-5955.445897448157
1344	-5988.414409377323	-5955.405956393026	-33.008452984297136	1.435825376971487	0.37378822063743206	-0.21070675543124984	0.35761994096317445	1.227219469852787	1.5034743441819904	0.7387123295678574	1.4765402831971073	6.559653910198364	19.063718753649642	-18.866500394342513	-5955.405956393026
1346	-5988.414409377323	-5955.405956393026	-33.008452984297136	1.435825376971487	0.37378822063743206	-0.21070675543124984	0.35761994096317445	1.227219469852787	1.5034743441819904	0.7387123295678574	1.4765402831971073	6.559653910198364	19.063718753649642	-18.866500394342513	-5955.405956393026
1348	-5987.158218346916	-5953.59303830259	-33.56518004432669	1.435825376971487	0.37378822063743206	-0.21070675543124984	0.35761994096317445	1.227219469852787	1.5034743441819904	0.7387123295678574	1.4765402831971073	7.104493333556725	20.64713545138978	-19.423227454372064	-5953.59303830259
1350	-5985.451597987782	-5952.02018778687	-33.43141020091221	1.435825376971487	0.37378822063743206	-0.21070675543124984	0.35761994096317445	1.227219469852787	1.5034743441819904	0.7387123295678574	1.4765402831971073	7.104493333556725	20.513537518554905	-19.28945761095759	-5952.02018778687
1352	-5985.451597987782	-5952.02018778687	-33.43141020091221	1.435825376971487	0.37378822063743206	-0.21070675543124984	0.35761994096317445	1.227219469852787	1.5034743441819904	0.7387123295678574	1.4765402831971073	7.104493333556725	20.513537518554905	-19.28945761095759	-5952.02018778687
1354	-5985.451597987782	-5952.02018778687	-33.43141020091221	1.435825376971487	0.37378822063743206	-0.21070675543124984	0.35761994096317445	1.227219469852787	1.5034743441819904	0.7387123295678574	1.4765402831971073	7.104493333556725	20.513537518554905	-19.28945761095759	-5952.02018778687
1356	-5985.451597987782	-5952.02018778687	-33.43141020091221	1.435825376971487	0.37378822063743206	-0.21070675543124984	0.35761994096317445	1.227219469852787	1.5034743441819904	0.7387123295678574	1.4765402831971073	7.104493333556725	20.513537518554905	-19.28945761095759	-5952.02018778687
1358	-5985.4154552202235	-5951.96977287949	-33.44568234073391	1.435825376971487	0.37378822063743206	-0.21070675543124984	0.35761994096317445	1.227219469852787	1.5034743441819904	0.7387123295678574	1.4765402831971073	7.104493333556725	20.5385702909169	-19.303729750779283	-5951.96977287949
1360	-5985.697264130742	-5952.316991683499	-33.38027244724338	1.435825376971487	0.37378822063743206	-0.21070675543124984	0.35761994096317445	1.227219469852787	1.5034743441819904	0.7387123295678574	1.4765402831971073	6.888283186232293	20.206453438225406	-19.238319857288754	-5952.316991683499
1362	-5985.697264130742	-5952.316991683499	-33.38027244724338	1.435825376971487	0.37378822063743206	-0.21070675543124984	0.35761994096317445	1.227219469852787	1.5034743441819904	0.7387123295678574	1.4765402831971073	6.888283186232293	20.206453438225406	-19.238319857288754	-5952.316991683499
1364	-5985.357498369988	-5952.316932669848	-33.04056570014045	1.435825376971487	0.37378822063743206	-0.21070675543124984	0.35761994096317445	1.227219469852787	1.5034743441819904	0.7387123295678574	1.4765402831971073	5.371507667857562	17.172902401475948	-18.898613110185828	-5952.316932669848
1366	-5985.896990927702	-5953.511530465612	-32.38546046208967	1.435825376971487	0.37378822063743206	-0.21070675543124984	0.35761994096317445	1.227219469852787	1.5034743441819904	0.7387123295678574	1.4765402831971073	2.6712714615119975	11.728338089406337	-18.243507872135048	-5953.511530465612
1368	-5985.588034694746	-5953.423791771066	-32.16424292367988	1.435825376971487	0.37378822063743206	-0.21070675543124984	0.35761994096317445	1.227219469852787	1.5034743441819904	0.5201585977799771	1.4765402831971073	2.6712714615119975	11.715797356265158	-17.97471788370853	-5953.423791771066
1370	-5985.588034694746	-5953.423791771066	-32.16424292367988	1.435825376971487	0.37378822063743206	-0.21070675543124984	0.35761994096317445	1.227219469852787	1.5034743441819904	0.5201585977799771	1.4765402831971073	2.6712714615119975	11.715797356265158	-17.97471788370853	-5953.423791771066
1372	-5984.512707939768	-5952.356869366076	-32.15583857369189	1.435825376971487	0.37378822063743206	-0.21070675543124984	0.35761994096317445	1.227219469852787	1.5034743441819904	0.5201585977799771	1.4765402831971073	2.6712714615119975	11.715797356265158	-17.96631353372054	-5952.356869366076
1374	-5984.699328240734	-5952.544111676637	-32.15521656409693	1.435825376971487	0.37378822063743206	-0.21070675543124984	0.35761994096317445	1.227219469852787	1.5034743441819904	0.5201585977799771	1.4765402831971073	2.6712714615119975	11.71199345054295	-17.965691524125585	-5952.544111676637
1376	-5985.593886848131	-5953.12217237748	-32.47171447065064	1.435825376971487	0.37378822063743206	-0.21070675543124984	0.35761994096317445	1.227219469852787	1.5034743441819904	0.5201585977799771	1.4765402831971073	2.6712714615119975	12.016316554434885	-18.282189430679296	-5953.12217237748
1378	-5983.985610019145	-5951.297954929169	-32.68765508997575	1.435825376971487	0.37378822063743206	-0.21070675543124984	0.35761994096317445	1.227219469852787	1.5034743441819904	0.5201585977799771	1.4765402831971073	2.6712714615119975	12.17648836821543	-18.498130050004406	-5951.297954929169
1380	-5983.985610019145	-5951.297954929169	-32.68765508997575	1.435825376971487	0.37378822063743206	-0.21070675543124984	0.35761994096317445	1.227219469852787	1.5034743441819904	0.5201585977799771	1.4765402831971073	2.6712714615119975	12.17648836821543	-18.498130050004406	-5951.297954929169
1382	-5983.682750682929	-5951.250484786476	-32.432265896453245	1.435825376971487	0.7777719060466851	-0.21070675543124984	0.35761994096317445	1.227219469852787	1.5034743441819904	0.5201585977799771	1.4765402831971073	2.6712714615119975	12.181081853781112	-18.59018513190087	-5951.250484786476
1384	-5983.682750682929	-5951.250484786476	-32.432265896453245	1.435825376971487	0.7777719060466851	-0.21070675543124984	0.35761994096317445	1.227219469852787	1.5034743441819904	0.5201585977799771	1.4765402831971073	2.6712714615119975	12.181081853781112	-18.59018513190087	-5951.250484786476
1386	-5983.682750682929	-5951.250484786476	-32.432265896453245	1.435825376971487	0.7777719060466851	-0.21070675543124984	0.35761994096317445	1.227219469852787	1.5034743441819904	0.5201585977799771	1.4765402831971073	2.6712714615119975	12.181081853781112	-18.59018513190087	-5951.250484786476
1388	-5983.986394084494	-5951.518277827537	-32.46811625695798	1.435825376971487	0.7777719060466851	-0.21070675543124984	0.35761994096317445	1.227219469852787	1.5034743441819904	0.5201585977799771	1.4765402831971073	2.6712714615119975	12.217024122579012	-18.626035492405606	-5951.518277827537
1390	-5984.792290289399	-5952.153593879156	-32.638696410243284	1.435825376971487	0.7777719060466851	-0.21070675543124984	0.35761994096317445	1.227219469852787	1.5034743441819904	0.5201585977799771	1.4765402831971073	2.6712714615119975	12.351425794914388	-18.796615645690913	-5952.153593879156
1392	-5984.792290289399	-5952.153593879156	-32.638696410243284	1.435825376971487	0.7777719060466851	-0.21070675543124984	0.35761994096317445	1.227219469852787	1.5034743441819904	0.5201585977799771	1.4765402831971073	2.6712714615119975	12.351425794914388	-18.796615645690913	-5952.153593879156
1394	-5984.792290289399	-5952.153593879156	-32.638696410243284	1.435825376971487	0.7777719060466851	-0.21070675543124984	0.35761994096317445	1.227219469852787	1.5034743441819904	0.5201585977799771	1.4765402831971073	2.6712714615119975	12.351425794914388	-18.796615645690913	-5952.153593879156
1396	-5984.613023717258	-5951.94673452451	-32.66628919274784	1.435825376971487	0.7777719060466851	-0.21070675543124984	0.35761994096317445	1.227219469852787	1.5034743441819904	0.5201585977799771	1.4765402831971073	2.6712714615119975	12.351425794914388	-18.82420842819547	-5951.94673452451
1398	-5984.586418768013	-5951.892734942751	-32.693683825261225	1.435825376971487	0.7777719060466851	-0.21070675543124984	0.35761994096317445	1.227219469852787	1.5034743441819904	0.5201585977799771	1.4765402831971073	2.6712714615119975	12.388200318675134	-18.851603060708854	-5951.892734942751
1400	-5984.494217618459	-5952.535145838897	-31.95907177956161	1.435825376971487	0.7777719060466851	-0.21070675543124984	0.35761994096317445	1.227219469852787	1.5034743441819904	0.5201585977799771	1.4765402831971073	2.419840929186011	11.22217438474687	-18.116991015009237	-5952.535145838897
1402	-5984.957814686164	-5953.103746086908	-31.854068599255335	1.435825376971487	0.7777719060466851	-0.21070675543124984	0.35761994096317445	1.227219469852787	1.5034743441819904	0.5201585977799771	1.4765402831971073	2.419840929186011	11.080830705472405	-18.011987834702964	-5953.103746086908
1404	-5986.63436339002	-5953.5547512447265	-33.07961214529333	1.435825376971487	0.7777719060466851	-0.21070675543124984	0.35761994096317445	1.227219469852787	1.5034743441819904	0.5201585977799771	1.4765402831971073	3.067167293756077	13.416592844825395	-19.23753138074096	-5953.5547512447265
1406	-5986.63436339002	-5953.5547512447265	-33.07961214529333	1.435825376971487	0.7777719060466851	-0.21070675543124984	0.35761994096317445	1.227219469852787	1.5034743441819904	0.5201585977799771	1.4765402831971073	3.067167293756077	13.416592844825395	-19.23753138074096	-5953.5547512447265
1408	-5985.5773337014225	-5953.694136802294	-31.88319689912776	0.6268805565215798	0.7777719060466851	-0.21070675543124984	0.35761994096317445	1.227219469852787	1.5034743441819904	0.5201585977799771	1.4765402831971073	3.067167293756077	13.437054425757129	-19.08055686069798	-5953.694136802294
1410	-5985.5773337014225	-5953.694136802294	-31.88319689912776	0.6268805565215798	0.7777719060466851	-0.21070675543124984	0.35761994096317445	1.227219469852787	1.5034743441819904	0.5201585977799771	1.4765402831971073	3.067167293756077	13.437054425757129	-19.08055686069798	-5953.694136802294
1412	-5986.262017902547	-5954.401624459786	-31.86039344276147	0.6268805565215798	0.7777719060466851	-0.21070675543124984	0.35761994096317445	1.227219469852787	1.5034743441819904	0.5201585977799771	1.4765402831971073	3.067167293756077	13.434604128227193	-19.057753404331688	-5954.401624459786
1414	-5985.411185241713	-5953.730716533664	-31.680468708048473	0.6268805565215798	0.7777719060466851	-0.21070675543124984	0.35761994096317445	1.227219469852787	1.5034743441819904	0.5201585977799771	1.4765402831971073	2.9943555391983327	13.115678877440812	-18.87782866961869	-5953.730716533664
1416	-5985.411185241713	-5953.730716533664	-31.680468708048473	0.6268805565215798	0.7777719060466851	-0.21070675543124984	0.35761994096317445	1.227219469852787	1.5034743441819904	0.5201585977799771	1.4765402831971073	2.9943555391983327	13.115678877440812	-18.87782866961869	-5953.730716533664
1418	-5985.246905318502	-5953.67428242198	-31.57262289652196	0.6268805565215798	0.7777719060466851	-0.21070675543124984	0.35761994096317445	1.227219469852787	1.5034743441819904	0.5201585977799771	1.4765402831971073	2.5450034679754627	12.216974734995073	-18.769982858092177	-5953.67428242198
1420	-5985.835252709726	-5954.343547175977	-31.491705533748778	0.6268805565215798	0.7777719060466851	-0.21070675543124984	0.35761994096317445	1.227219469852787	1.5034743441819904	0.6197251268165537	1.4765402831971073	2.5450034679754627	12.037809340310266	-18.722585220336253	-5954.343547175977
1422	-5985.883731165551	-5954.397163778677	-31.48656738687381	0.6268805565215798	0.7777719060466851	-0.21070675543124984	0.35761994096317445	1.227219469852787	1.5034743441819904	0.6197251268165537	1.4765402831971073	2.5450034679754627	12.017726946588246	-18.717447073461283	-5954.397163778677
1424	-5985.883731165551	-5954.397163778677	-31.48656738687381	0.6268805565215798	0.7777719060466851	-0.21070675543124984	0.35761994096317445	1.227219469852787	1.5034743441819904	0.6197251268165537	1.4765402831971073	2.5450034679754627	12.017726946588246	-18.717447073461283	-5954.397163778677
1426	-5984.940490921008	-5954.079353912818	-30.861137008190045	0.6268805565215798	0.7777719060466851	-0.21070675543124984	0.21941727786834433	1.227219469852787	1.5034743441819904	0.6197251268165537	1.4765402831971073	2.357978787734674	11.134580197403368	-18.161010969683865	-5954.079353912818
1428	-5984.911589358484	-5954.055874426794	-30.85571493169039	0.6268805565215798	0.7777719060466851	-0.21070675543124984	0.21941727786834433	1.227219469852787	1.5034743441819904	0.6197251268165537	1.4765402831971073	2.357978787734674	11.131621773209499	-18.15558889318421	-5954.055874426794
1430	-5984.849770269374	-5954.025424575957	-30.824345693416735	0.6268805565215798	0.7777719060466851	-0.21070675543124984	0.21941727786834433	1.227219469852787	1.5034743441819904	0.6197251268165537	1.4765402831971073	2.23401848683574	10.883701171411632	-18.124219654910554	-5954.025424575957
1432	-5984.849770269374	-5954.025424575957	-30.824345693416735	0.6268805565215798	0.7777719060466851	-0.21070675543124984	0.21941727786834433	1.227219469852787	1.5034743441819904	0.6197251268165537	1.4765402831971073	2.23401848683574	10.883701171411632	-18.124219654910554	-5954.025424575957
1434	-5985.728404043479	-5954.344306989862	-31.384097053616966	0.6268805565215798	0.7777719060466851	-0.21070675543124984	0.21941727786834433	1.227219469852787	1.5034743441819904	0.6197251268165537	1.4765402831971073	2.428956722065686	11.833402130301268	-18.683971015110785	-5954.344306989862
1436	-5985.915183650314	-5954.428096528421	-31.487087121893705	0.6268805565215798	0.7777719060466851	-0.21070675543124984	0.21941727786834433	1.227219469852787	1.5034743441819904	0.6197251268165537	1.4765402831971073	2.428956722065686	12.050999352457511	-18.786961083387524	-5954.428096528421
1438	-5985.915183650314	-5954.428096528421	-31.487087121893705	0.6268805565215798	0.7777719060466851	-0.21070675543124984	0.21941727786834433	1.227219469852787	1.5034743441819904	0.6197251268165537	1.4765402831971073	2.428956722065686	12.050999352457511	-18.786961083387524	-5954.428096528421
1440	-5985.94150649886	-5954.428719434903	-31.512787063957123	0.6268805565215798	0.7777719060466851	-0.21070675543124984	0.21941727786834433	1.227219469852787	1.5034743441819904	0.6197251268165537	1.4765402831971073	2.428956722065686	12.071195729277736	-18.812661025450943	-5954.428719434903
1442	-5986.0940870793465	-5954.548721281713	-31.54536579763299	0.6268805565215798	0.7777719060466851	-0.21070675543124984	0.21941727786834433	1.227219469852787	0.8270882759339134	0.6197251268165537	1.4765402831971073	2.428956722065686	12.071195729277738	-18.80334565074866	-5954.548721281713
1444	-5987.716450062709	-5954.6362596749805	-33.08019038772835	0.6268805565215798	0.7777719060466851	-0.21070675543124984	0.21941727786834433	1.227219469852787	0.8270882759339134	1.2558318780754611	1.4765402831971073	2.428956722065686	12.07389261887637	-20.084353010308696	-5954.6362596749805
1446	-5987.894058791274	-5954.6362596749805	-33.2577991162935	0.6268805565215798	1.5487785563986207	-0.21070675543124984	0.21941727786834433	1.227219469852787	0.8270882759339134	1.2558318780754611	1.4765402831971073	2.428956722065686	12.07389261887637	-19.848397877465953	-5954.6362596749805
1448	-5986.977704022054	-5954.218847575841	-32.75885644621328	0.6268805565215798	1.5487785563986207	-0.21070675543124984	0.21941727786834433	1.227219469852787	0.8270882759339134	1.2558318780754611	1.4765402831971073	2.2216758782468484	11.043538052455629	-19.34945520738573	-5954.218847575841
1450	-5987.109839891938	-5954.360812646395	-32.74902724554258	0.6268805565215798	1.5487785563986207	-0.21070675543124984	0.21941727786834433	1.227219469852787	0.8270882759339134	1.2558318780754611	1.4765402831971073	2.2216758782468484	11.028941038121804	-19.33962600671503	-5954.360812646395
1452	-5986.108619419504	-5954.360812646395	-31.74780677310868	0.6268805565215798	1.5487785563986207	-0.21070675543124984	0.21941727786834433	0.6822386105150935	0.8270882759339134	1.2558318780754611	1.4765402831971073	2.2216758782468484	11.028941038121804	-18.92827636042273	-5954.360812646395
1454	-5986.223744508921	-5954.463673696064	-31.76007081285777	0.6268805565215798	1.5487785563986207	-0.21070675543124984	0.21941727786834433	0.6822386105150935	0.8270882759339134	1.2558318780754611	1.4765402831971073	2.2216758782468484	11.042933040003117	-18.940540400171816	-5954.463673696064
1456	-5986.764484879721	-5954.629572666631	-32.134912213089706	0.6268805565215798	1.5487785563986207	-0.21070675543124984	0.21941727786834433	0.6822386105150935	0.8270882759339134	1.2558318780754611	1.4765402831971073	4.104970000835147	14.809521285179713	-19.315381800403753	-5954.629572666631
1458	-5985.4158643048595	-5953.401995375483	-32.0138689293761	0.6268805565215798	1.5487785563986207	-0.21070675543124984	0.21941727786834433	0.6822386105150935	0.8270882759339134	1.2558318780754611	1.4765402831971073	4.104970000835147	14.630416187213651	-19.19433851669015	-5953.401995375483
1460	-5985.572570684177	-5953.612786772992	-31.95978391118469	0.6268805565215798	1.5487785563986207	-0.21070675543124984	0.21941727786834433	0.6822386105150935	0.8270882759339134	1.2558318780754611	1.4765402831971073	4.104970000835147	14.50806128663115	-19.140253498498737	-5953.612786772992
1462	-5985.572570684177	-5953.612786772992	-31.95978391118469	0.6268805565215798	1.5487785563986207	-0.21070675543124984	0.21941727786834433	0.6822386105150935	0.8270882759339134	1.2558318780754611	1.4765402831971073	4.104970000835147	14.50806128663115	-19.140253498498737	-5953.612786772992
1464	-5986.2794139347525	-5953.687060493525	-32.592353441227964	0.6268805565215798	1.5487785563986207	-0.21070675543124984	0.21941727786834433	0.6822386105150935	0.8270882759339134	1.2558318780754611	1.4765402831971073	4.510080838942244	15.939831279089201	-19.77282302854201	-5953.687060493525
1466	-5985.590127649939	-5953.2078803959175	-32.38224725402175	0.6268805565215798	1.5487785563986207	-0.21070675543124984	0.21941727786834433	0.6822386105150935	0.8270882759339134	1.2558318780754611	1.4765402831971073	4.3751700029251435	15.463020321452847	-19.562716841335792	-5953.2078803959175
1468	-5984.073524260729	-5951.455520787287	-32.61800347344143	0.6268805565215798	0.8551400148823222	-0.21070675543124984	0.21941727786834433	0.6822386105150935	0.8270882759339134	1.2558318780754611	1.4765402831971073	4.3751700029251435	16.7473250185197	-20.197369831678557	-5951.455520787287
1470	-5984.073524260729	-5951.455520787287	-32.61800347344143	0.6268805565215798	0.8551400148823222	-0.21070675543124984	0.21941727786834433	0.6822386105150935	0.8270882759339134	1.2558318780754611	1.4765402831971073	4.3751700029251435	16.7473250185197	-20.197369831678557	-5951.455520787287
1472	-5984.118220456136	-5951.488231860562	-32.62998859557443	0.6268805565215798	0.8551400148823222	-0.21070675543124984	0.21941727786834433	0.6822386105150935	0.8270882759339134	1.2558318780754611	1.4765402831971073	4.3751700029251435	16.759202459998733	-20.209354953811552	-5951.488231860562
1474	-5983.069684496804	-5951.488231860562	-31.581452636242098	0.6268805565215798	0.8551400148823222	-0.21070675543124984	0.21941727786834433	0.6822386105150935	0.8270882759339134	0.664295233568828	1.4765402831971073	4.3751700029251435	16.759202459998733	-19.423216858526207	-5951.488231860562
1476	-5983.398405856925	-5951.624634679477	-31.773771177447703	0.6268805565215798	0.8551400148823222	-0.489265160695134	0.21941727786834433	0.6822386105150935	0.8270882759339134	0.664295233568828	1.4765402831971073	4.3751700029251435	16.762442414781248	-19.35943181203579	-5951.624634679477
1478	-5984.363231703402	-5951.624634679477	-32.73859702392515	0.6268805565215798	0.8551400148823222	-0.7732222505416113	0.21941727786834433	1.1533286650288066	0.8270882759339134	0.664295233568828	1.4765402831971073	4.3751700029251435	16.762442414781248	-19.428375888662902	-5951.624634679477
1480	-5984.513265191593	-5951.624634679477	-32.88863051211628	0.6268805565215798	0.8551400148823222	-0.7732222505416113	0.21941727786834433	1.1533286650288066	0.8270882759339134	0.30878425058942255	1.4765402831971073	4.3751700029251435	16.762442414781248	-19.399423533296133	-5951.624634679477
1482	-5984.382247659689	-5951.513334563043	-32.86891309664626	0.6268805565215798	0.8551400148823222	-0.7732222505416113	0.21941727786834433	1.1533286650288066	0.8270882759339134	0.30878425058942255	1.4765402831971073	4.3751700029251435	16.744678948677542	-19.379706117826114	-5951.513334563043
1484	-5983.582470612798	-5950.6864333876265	-32.89603722517167	0.6268805565215798	0.8551400148823222	-0.7732222505416113	0.21941727786834433	1.1533286650288066	0.8270882759339134	0.30878425058942255	1.4765402831971073	4.3751700029251435	16.74711625496207	-19.406830246351525	-5950.6864333876265
1486	-5983.582470612798	-5950.6864333876265	-32.89603722517167	0.6268805565215798	0.8551400148823222	-0.7732222505416113	0.21941727786834433	1.1533286650288066	0.8270882759339134	0.30878425058942255	1.4765402831971073	4.3751700029251435	16.74711625496207	-19.406830246351525	-5950.6864333876265
1488	-5984.347423348931	-5950.656188689262	-33.69123465966911	0.6268805565215798	0.8551400148823222	-0.7732222505416113	0.21941727786834433	1.1533286650288066	0.8270882759339134	0.30878425058942255	2.080557018856442	4.3751700029251435	16.637087029752355	-19.31426538550849	-5950.656188689262
1490	-5984.958497870477	-5951.262921868998	-33.695576001479196	0.6268805565215798	0.8551400148823222	-0.7732222505416113	0.21941727786834433	1.1533286650288066	0.8270882759339134	0.30878425058942255	2.080557018856442	4.3751700029251435	16.637087029752355	-19.318606727318578	-5951.262921868998
1492	-5984.347423348931	-5950.656188689262	-33.69123465966911	0.6268805565215798	0.8551400148823222	-0.7732222505416113	0.21941727786834433	1.1533286650288066	0.8270882759339134	0.30878425058942255	2.080557018856442	4.3751700029251435	16.637087029752355	-19.31426538550849	-5950.656188689262
1494	-5984.347423348931	-5950.656188689262	-33.69123465966911	0.6268805565215798	0.8551400148823222	-0.7732222505416113	0.21941727786834433	1.1533286650288066	0.8270882759339134	0.30878425058942255	2.080557018856442	4.3751700029251435	16.637087029752355	-19.31426538550849	-5950.656188689262
1496	-5984.223680931328	-5950.656188689262	-33.56749224206543	0.3438856007612085	0.8551400148823222	-0.7732222505416113	0.21941727786834433	1.1533286650288066	0.8270882759339134	0.30878425058942255	2.080557018856442	4.3751700029251435	16.637087029752355	-19.223244582958177	-5950.656188689262
1498	-5984.384903544299	-5950.774787877347	-33.610115666951664	0.3438856007612085	0.8551400148823222	-0.7732222505416113	0.21941727786834433	1.1533286650288066	0.8270882759339134	0.30878425058942255	2.080557018856442	4.395743376321029	16.715319647788707	-19.265868007844414	-5950.774787877347
1500	-5983.096722528569	-5949.969825629933	-33.12689689863561	0.3438856007612085	0.8551400148823222	-0.7732222505416113	0.21941727786834433	1.1533286650288066	0.8270882759339134	0.30878425058942255	2.080557018856442	4.163903284992716	15.833721041600587	-18.782649239528357	-5949.969825629933
1502	-5983.096722528569	-5949.969825629933	-33.12689689863561	0.3438856007612085	0.8551400148823222	-0.7732222505416113	0.21941727786834433	1.1533286650288066	0.8270882759339134	0.30878425058942255	2.080557018856442	4.163903284992716	15.833721041600587	-18.782649239528357	-5949.969825629933
1504	-5983.096722528569	-5949.969825629933	-33.12689689863561	0.3438856007612085	0.8551400148823222	-0.7732222505416113	0.21941727786834433	1.1533286650288066	0.8270882759339134	0.30878425058942255	2.080557018856442	4.163903284992716	15.833721041600587	-18.782649239528357	-5949.969825629933
1506	-5983.467723918578	-5949.969825629933	-33.4978982886438	0.8861051666445393	0.8551400148823222	-0.7732222505416113	0.21941727786834433	1.1533286650288066	0.8270882759339134	0.30878425058942255	2.080557018856442	4.163903284992716	15.833721041600587	-18.95039921723226	-5949.969825629933
1508	-5983.467723918578	-5949.969825629933	-33.4978982886438	0.8861051666445393	0.8551400148823222	-0.7732222505416113	0.21941727786834433	1.1533286650288066	0.8270882759339134	0.30878425058942255	2.080557018856442	4.163903284992716	15.833721041600587	-18.95039921723226	-5949.969825629933
1510	-5983.423226058013	-5950.371166538422	-33.052059519591495	0.8861051666445393	0.8551400148823222	-0.7732222505416113	0.21941727786834433	1.1533286650288066	0.8270882759339134	0.30878425058942255	2.080557018856442	3.960549668472094	15.060445531481772	-18.50456044817995	-5950.371166538422
1512	-5983.423226058013	-5950.371166538422	-33.052059519591495	0.8861051666445393	0.8551400148823222	-0.7732222505416113	0.21941727786834433	1.1533286650288066	0.8270882759339134	0.30878425058942255	2.080557018856442	3.960549668472094	15.060445531481772	-18.50456044817995	-5950.371166538422
1514	-5985.025813267813	-5951.9475077723255	-33.078305495487044	0.8861051666445393	0.8551400148823222	-0.7732222505416113	0.21941727786834433	1.1533286650288066	0.8270882759339134	0.30878425058942255	2.080557018856442	3.960549668472094	15.113961684314184	-18.530806424075497	-5951.9475077723255
1516	-5985.079438585747	-5952.008666534049	-33.070772051698036	0.8861051666445393	0.8551400148823222	-0.7732222505416113	0.21941727786834433	1.1533286650288066	0.8270882759339134	0.30878425058942255	2.080557018856442	3.960549668472094	15.110400154229719	-18.523272980286492	-5952.008666534049
1518	-5985.620134604546	-5951.61657803376	-34.00355657078685	0.8861051666445393	0.8551400148823222	-0.7732222505416113	0.21941727786834433	1.1533286650288066	0.8270882759339134	0.30878425058942255	2.080557018856442	4.384652662868453	16.728449790862165	-19.456057499375305	-5951.61657803376
1520	-5985.620134604546	-5951.61657803376	-34.00355657078685	0.8861051666445393	0.8551400148823222	-0.7732222505416113	0.21941727786834433	1.1533286650288066	0.8270882759339134	0.30878425058942255	2.080557018856442	4.384652662868453	16.728449790862165	-19.456057499375305	-5951.61657803376
1522	-5985.606880879875	-5951.615099664186	-33.99178121568796	0.8861051666445393	0.8551400148823222	-0.7732222505416113	0.21941727786834433	1.1533286650288066	0.8270882759339134	0.30878425058942255	2.080557018856442	4.384652662868453	16.720888887909222	-19.444282144276414	-5951.615099664186
1524	-5984.202728249785	-5951.668818982618	-32.533909267167004	0.8861051666445393	0.8551400148823222	-0.7732222505416113	0.21941727786834433	1.1533286650288066	0.8270882759339134	0.30878425058942255	0.7798614989039045	4.384652662868453	16.720888887909222	-19.445042680001972	-5951.668818982618
1526	-5984.202728249785	-5951.668818982618	-32.533909267167004	0.8861051666445393	0.8551400148823222	-0.7732222505416113	0.21941727786834433	1.1533286650288066	0.8270882759339134	0.30878425058942255	0.7798614989039045	4.384652662868453	16.720888887909222	-19.445042680001972	-5951.668818982618
1528	-5984.202728249785	-5951.668818982618	-32.533909267167004	0.8861051666445393	0.8551400148823222	-0.7732222505416113	0.21941727786834433	1.1533286650288066	0.8270882759339134	0.30878425058942255	0.7798614989039045	4.384652662868453	16.720888887909222	-19.445042680001972	-5951.668818982618
1530	-5983.584124926258	-5950.8384107652755	-32.74571416098193	0.8861051666445393	0.8551400148823222	-0.7732222505416113	0.21941727786834433	1.1533286650288066	0.8270882759339134	0.30878425058942255	0.7798614989039045	4.384652662868453	16.96797179220246	-19.656847573816904	-5950.8384107652755
1532	-5983.145880215695	-5950.85927434883	-32.286605866865166	0.8861051666445393	0.8551400148823222	-0.4350372759057426	0.21941727786834433	1.1533286650288066	0.8270882759339134	0.30878425058942255	0.7798614989039045	4.384652662868453	16.969598433474605	-19.68055812355586	-5950.85927434883
1534	-5983.145880215695	-5950.85927434883	-32.286605866865166	0.8861051666445393	0.8551400148823222	-0.4350372759057426	0.21941727786834433	1.1533286650288066	0.8270882759339134	0.30878425058942255	0.7798614989039045	4.384652662868453	16.969598433474605	-19.68055812355586	-5950.85927434883
1536	-5983.26412624072	-5952.383733458384	-30.88039278233515	0.8861051666445393	0.8551400148823222	-0.4350372759057426	0.21941727786834433	1.1533286650288066	0.8270882759339134	0.30878425058942255	0.7798614989039045	3.747073849952192	14.502024087961395	-18.274345039025846	-5952.383733458384
1538	-5983.365835762402	-5952.490210911989	-30.875624850412414	0.8861051666445393	0.8551400148823222	-0.4350372759057426	0.21941727786834433	1.1533286650288066	0.8270882759339134	0.30878425058942255	0.7798614989039045	3.747073849952192	14.499718204638683	-18.269577107103107	-5952.490210911989
1540	-5982.407430667904	-5951.268152021807	-31.1392786460977	0.8861051666445393	0.8551400148823222	-0.4350372759057426	0.21941727786834433	1.1533286650288066	0.8270882759339134	0.30878425058942255	0.7798614989039045	3.867335269849438	14.96508311849594	-18.533230902788397	-5951.268152021807
1542	-5982.253487799305	-5951.175497291479	-31.077990507826115	0.8861051666445393	0.8551400148823222	-0.4350372759057426	0.13550086648896187	1.1533286650288066	0.8270882759339134	0.30878425058942255	0.7798614989039045	3.867335269849438	14.965083118495942	-18.523341260031028	-5951.175497291479
1544	-5982.253487799305	-5951.175497291479	-31.077990507826115	0.8861051666445393	0.8551400148823222	-0.4350372759057426	0.13550086648896187	1.1533286650288066	0.8270882759339134	0.30878425058942255	0.7798614989039045	3.867335269849438	14.965083118495942	-18.523341260031028	-5951.175497291479
1546	-5982.454560077025	-5951.3985854594375	-31.055974617587356	0.8861051666445393	0.8551400148823222	-0.4350372759057426	0.13550086648896187	1.1533286650288066	0.8270882759339134	0.30878425058942255	0.7798614989039045	3.867335269849438	14.950509702616232	-18.50132536979227	-5951.3985854594375
1548	-5982.6665499250175	-5951.585784375342	-31.080765549676016	0.8861051666445393	0.8551400148823222	-0.4350372759057426	0.13550086648896187	1.1533286650288066	0.8270882759339134	0.30878425058942255	0.7798614989039045	3.867335269849438	14.97072739302349	-18.52611630188093	-5951.585784375342
1550	-5982.6665499250175	-5951.585784375342	-31.080765549676016	0.8861051666445393	0.8551400148823222	-0.4350372759057426	0.13550086648896187	1.1533286650288066	0.8270882759339134	0.30878425058942255	0.7798614989039045	3.867335269849438	14.97072739302349	-18.52611630188093	-5951.585784375342
1552	-5983.401456707628	-5951.585784375342	-31.815672332286425	0.8861051666445393	0.8551400148823222	-0.9513379967161718	0.13550086648896187	1.1533286650288066	0.8270882759339134	0.30878425058942255	0.7798614989039045	3.867335269849438	14.97072739302349	-18.4752773368842	-5951.585784375342
1554	-5984.056180937241	-5952.243333138959	-31.812847798281613	0.8861051666445393	0.8551400148823222	-0.9513379967161718	0.13550086648896187	1.1533286650288066	0.8270882759339134	0.30878425058942255	0.7798614989039045	3.867335269849438	14.97072739302349	-18.47245280287939	-5952.243333138959
1556	-5984.257369281774	-5952.691929767392	-31.56543951438182	0.8861051666445393	0.8551400148823222	-0.9513379967161718	0.13550086648896187	1.1533286650288066	0.8270882759339134	0.30878425058942255	0.7798614989039045	3.867335269849438	14.795468764941242	-18.225044518979594	-5952.691929767392
1558	-5984.257369281774	-5952.691929767392	-31.56543951438182	0.8861051666445393	0.8551400148823222	-0.9513379967161718	0.13550086648896187	1.1533286650288066	0.8270882759339134	0.30878425058942255	0.7798614989039045	3.867335269849438	14.795468764941242	-18.225044518979594	-5952.691929767392
1560	-5984.892999792053	-5952.691929767392	-32.20107002466113	0.8861051666445393	0.8551400148823222	-0.9513379967161718	0.13550086648896187	1.1533286650288066	0.8270882759339134	0.30878425058942255	1.5307395666456887	3.867335269849438	14.795468764941242	-18.225044518979594	-5952.691929767392
1562	-5983.191206179993	-5949.990696903236	-33.20050927675655	0.8861051666445393	0.8551400148823222	-0.9513379967161718	0.13550086648896187	1.1533286650288066	0.8270882759339134	0.30878425058942255	1.5307395666456887	4.325750812140739	16.549253312718136	-19.224483771075015	-5949.990696903236
1564	-5983.110845641435	-5949.915009606449	-33.195836034986435	0.8861051666445393	0.8551400148823222	-0.9513379967161718	0.13550086648896187	1.1533286650288066	0.8270882759339134	0.30878425058942255	1.5307395666456887	4.325750812140739	16.54681185109272	-19.219810529304898	-5949.915009606449
1566	-5983.110845641435	-5949.915009606449	-33.195836034986435	0.8861051666445393	0.8551400148823222	-0.9513379967161718	0.13550086648896187	1.1533286650288066	0.8270882759339134	0.30878425058942255	1.5307395666456887	4.325750812140739	16.54681185109272	-19.219810529304898	-5949.915009606449
1568	-5982.740178943284	-5949.76864025667	-32.97153868661505	0.8861051666445393	0.8551400148823222	-0.9513379967161718	0.13550086648896187	1.1533286650288066	0.8270882759339134	0.30878425058942255	1.5307395666456887	4.325750812140739	16.358073461980727	-18.995513180933514	-5949.76864025667
1570	-5983.603058219771	-5950.406916115224	-33.19614210454717	0.8861051666445393	0.8551400148823222	-0.9513379967161718	0.13550086648896187	1.1533286650288066	0.8270882759339134	0.30878425058942255	1.5307395666456887	4.325750812140739	16.512387672022065	-19.220116598865637	-5950.406916115224
1572	-5983.048309116992	-5950.406916115224	-32.64139300176823	0.8861051666445393	0.8551400148823222	-0.9513379967161718	0.13550086648896187	1.1533286650288066	0.8270882759339134	0.30878425058942255	0.9282005797899713	4.325750812140739	16.512387672022065	-19.220116598865637	-5950.406916115224
1574	-5983.048309116992	-5950.406916115224	-32.64139300176823	0.8861051666445393	0.8551400148823222	-0.9513379967161718	0.13550086648896187	1.1533286650288066	0.8270882759339134	0.30878425058942255	0.9282005797899713	4.325750812140739	16.512387672022065	-19.220116598865637	-5950.406916115224
1576	-5982.402280519585	-5949.727475056899	-32.6748054626864	0.8861051666445393	0.8551400148823222	-0.9513379967161718	0.13550086648896187	1.1533286650288066	0.8270882759339134	0.30878425058942255	0.9282005797899713	4.325750812140739	16.51514811641724	-19.25352905978381	-5949.727475056899
1578	-5982.402280519585	-5949.727475056899	-32.6748054626864	0.8861051666445393	0.8551400148823222	-0.9513379967161718	0.13550086648896187	1.1533286650288066	0.8270882759339134	0.30878425058942255	0.9282005797899713	4.325750812140739	16.51514811641724	-19.25352905978381	-5949.727475056899
1580	-5982.3564290568775	-5949.668994601688	-32.68743445519018	0.8861051666445393	0.8551400148823222	-0.9513379967161718	0.13550086648896187	1.1533286650288066	0.8270882759339134	0.30878425058942255	0.9282005797899713	4.325750812140739	16.523816373126827	-19.266158052287587	-5949.668994601688
1582	-5982.273940784476	-5949.592666966614	-32.681273817861864	0.8861051666445393	0.8551400148823222	-0.9513379967161718	0.13550086648896187	1.1533286650288066	0.8270882759339134	0.30878425058942255	0.9282005797899713	4.325750812140739	16.52055976580282	-19.259997414959273	-5949.592666966614
1584	-5982.402298612238	-5949.585651714169	-32.81664689806919	0.8861051666445393	0.8551400148823222	-0.9513379967161718	0.13550086648896187	1.1533286650288066	0.8270882759339134	0.13156693655804444	0.9282005797899713	4.325750812140739	16.481209896502936	-19.308915136150652	-5949.585651714169
1586	-5982.485045081997	-5949.667322312162	-32.81772276983476	0.8861051666445393	0.8551400148823222	-0.9513379967161718	0.13550086648896187	1.1533286650288066	0.8270882759339134	0.13156693655804444	0.9282005797899713	4.325750812140739	16.481209896502936	-19.30999100791622	-5949.667322312162
1588	-5982.485045081997	-5949.667322312162	-32.81772276983476	0.8861051666445393	0.8551400148823222	-0.9513379967161718	0.13550086648896187	1.1533286650288066	0.8270882759339134	0.13156693655804444	0.9282005797899713	4.325750812140739	16.481209896502936	-19.30999100791622	-5949.667322312162
1590	-5982.483202452151	-5949.177411059485	-33.305791392666364	0.8861051666445393	0.8551400148823222	-0.9513379967161718	0.13550086648896187	1.1533286650288066	0.8270882759339134	0.13156693655804444	0.9282005797899713	5.812242110772045	19.457776599964337	-19.79805963074783	-5949.177411059485
1592	-5981.672791823319	-5948.629611733918	-33.043180089401595	0.8861051666445393	0.8551400148823222	-0.9513379967161718	0.13550086648896187	1.1533286650288066	0.8270882759339134	0.13156693655804444	0.9282005797899713	5.812242110772045	19.287878574024617	-19.535448327483056	-5948.629611733918
1594	-5985.094946271134	-5950.842856308964	-34.25208996217041	0.8861051666445393	0.8551400148823222	-0.9513379967161718	0.13550086648896187	1.1533286650288066	0.8270882759339134	0.13156693655804444	0.9282005797899713	6.504750811929169	21.585963114346683	-20.74435820025187	-5950.842856308964
1596	-5985.0156882577085	-5950.844610162463	-34.171078095245676	0.8861051666445393	0.8551400148823222	-0.9513379967161718	0.13550086648896187	1.1533286650288066	0.8270882759339134	0.13156693655804444	0.9282005797899713	6.504750811929169	21.447134562937034	-20.663346333327137	-5950.844610162463
1598	-5981.850111843926	-5949.2152754629005	-32.6348363810256	0.8861051666445393	0.8551400148823222	-0.9513379967161718	0.13550086648896187	1.1533286650288066	0.8270882759339134	0.13156693655804444	0.9282005797899713	5.616530336523342	18.518539047387232	-19.12710461910706	-5949.2152754629005
1600	-5981.850111843926	-5949.2152754629005	-32.6348363810256	0.8861051666445393	0.8551400148823222	-0.9513379967161718	0.13550086648896187	1.1533286650288066	0.8270882759339134	0.13156693655804444	0.9282005797899713	5.616530336523342	18.518539047387232	-19.12710461910706	-5949.2152754629005
1602	-5981.889682845793	-5949.262200825373	-32.62748202042026	0.8861051666445393	0.8551400148823222	-0.9513379967161718	0.13550086648896187	1.1533286650288066	0.8270882759339134	0.13156693655804444	0.9282005797899713	5.616530336523342	18.514978368849683	-19.119750258501725	-5949.262200825373
1604	-5982.497661718242	-5949.955488365708	-32.542173352533325	0.8861051666445393	0.8551400148823222	-0.9513379967161718	0.13550086648896187	1.1533286650288066	0.8270882759339134	0.13156693655804444	0.9282005797899713	5.616530336523342	18.449357044492615	-19.034441590614787	-5949.955488365708
1606	-5982.3082428048165	-5949.860099542793	-32.44814326202346	0.8861051666445393	0.8551400148823222	-0.9513379967161718	0.13550086648896187	1.1533286650288066	0.8270882759339134	0.13156693655804444	0.5990702563905478	5.616530336523342	18.579251260888825	-19.1484444038422	-5949.860099542793
1608	-5982.278056017507	-5949.83402786517	-32.444028152336614	0.8861051666445393	0.8551400148823222	-0.9513379967161718	0.13550086648896187	1.1533286650288066	0.8270882759339134	0.13156693655804444	0.5990702563905478	5.616530336523342	18.577325152980507	-19.14432929415536	-5949.83402786517
1610	-5981.701230666188	-5948.685316588542	-33.01591407764605	0.8861051666445393	0.8551400148823222	-0.9513379967161718	0.13550086648896187	1.1533286650288066	0.8270882759339134	0.13156693655804444	0.5990702563905478	5.948211815284329	19.67440009230655	-19.716215219464797	-5948.685316588542
1612	-5981.636792263069	-5948.5990985190065	-33.03769374406235	0.8861051666445393	0.8551400148823222	-0.9513379967161718	0.13550086648896187	1.1533286650288066	0.8270882759339134	0.13156693655804444	0.5990702563905478	5.948211815284329	19.70244587797066	-19.737994885881097	-5948.5990985190065
1614	-5981.636792263069	-5948.5990985190065	-33.03769374406235	0.8861051666445393	0.8551400148823222	-0.9513379967161718	0.13550086648896187	1.1533286650288066	0.8270882759339134	0.13156693655804444	0.5990702563905478	5.948211815284329	19.70244587797066	-19.737994885881097	-5948.5990985190065
1616	-5981.124912783298	-5948.5990985190065	-32.525814264291206	0.8861051666445393	0.8551400148823222	-0.6178047167734859	0.13550086648896187	1.1533286650288066	0.8270882759339134	0.0765179147041256	0.5990702563905478	5.948211815284329	19.70244587797066	-19.773147406361986	-5948.5990985190065
1618	-5981.6568105969645	-5948.5990985190065	-33.05771207795813	0.8861051666445393	0.8551400148823222	-0.6178047167734859	0.13550086648896187	1.1533286650288066	2.235099629147661	0.0765179147041256	0.5990702563905478	5.948211815284329	19.70244587797066	-19.773147406361986	-5948.5990985190065
1620	-5986.684250413864	-5952.1733925798935	-34.510857833970086	0.8861051666445393	0.8551400148823222	-0.6178047167734859	0.13550086648896187	1.1533286650288066	2.235099629147661	0.0765179147041256	0.5990702563905478	6.783259627679051	22.46840056151926	-21.226293162373942	-5952.1733925798935
1622	-5986.554997709548	-5952.0869012969215	-34.46809641262628	0.8861051666445393	0.8551400148823222	-0.6178047167734859	0.13550086648896187	1.1533286650288066	2.235099629147661	0.0765179147041256	0.5990702563905478	6.783259627679051	22.465337939094358	-21.183531741030134	-5952.0869012969215
1624	-5986.559586783419	-5952.0873927469465	-34.47219403647258	0.8861051666445393	0.8551400148823222	-0.6178047167734859	0.13550086648896187	1.1533286650288066	2.235099629147661	0.0765179147041256	0.5990702563905478	6.783259627679051	22.472181100959833	-21.187629364876432	-5952.0873927469465
1626	-5986.0113344004885	-5952.090184586754	-33.9211498137345	0.8861051666445393	0.8551400148823222	-0.6178047167734859	0.13550086648896187	1.1533286650288066	0.7571499695625604	0.0765179147041256	0.5990702563905478	6.783259627679051	22.421078474151102	-21.14322057217301	-5952.090184586754
1628	-5985.825114084726	-5951.910668198277	-33.91444588644978	0.8861051666445393	0.8551400148823222	-0.6178047167734859	0.13550086648896187	1.1533286650288066	0.7571499695625604	0.0765179147041256	0.5990702563905478	6.783259627679051	22.41809030351496	-21.136516644888285	-5951.910668198277
1630	-5985.711227830264	-5951.8013129208275	-33.90991490943665	0.8861051666445393	0.8551400148823222	-0.6178047167734859	0.13550086648896187	1.1533286650288066	0.7571499695625604	0.0765179147041256	0.5990702563905478	6.783259627679051	22.41604165596394	-21.131985667875153	-5951.8013129208275
1632	-5981.24611674203	-5948.81412510662	-32.43199163540966	0.8861051666445393	0.8551400148823222	-0.6178047167734859	0.13550086648896187	1.1533286650288066	0.7571499695625604	0.0765179147041256	0.5990702563905478	5.927798747998436	19.5890753054913	-19.654062393848164	-5948.81412510662
1634	-5982.013769694872	-5950.207585738893	-31.80618395597979	0.8861051666445393	0.8551400148823222	-0.6178047167734859	0.04701310303050339	1.1533286650288066	0.7571499695625604	0.0765179147041256	0.5990702563905478	5.602858695817855	18.51527448624369	-19.090997998541017	-5950.207585738893
1636	-5982.013769694872	-5950.207585738893	-31.80618395597979	0.8861051666445393	0.8551400148823222	-0.6178047167734859	0.04701310303050339	1.1533286650288066	0.7571499695625604	0.0765179147041256	0.5990702563905478	5.602858695817855	18.51527448624369	-19.090997998541017	-5950.207585738893
1638	-5982.015937770488	-5950.217730265272	-31.798207505216087	0.8861051666445393	0.8551400148823222	-0.6178047167734859	0.04701310303050339	1.1533286650288066	0.7571499695625604	0.12422926571703267	0.5990702563905478	5.602858695817855	18.56236607707591	-19.102026079871433	-5950.217730265272
1640	-5983.098277132654	-5951.185397853555	-31.912879279099894	0.8861051666445393	0.8551400148823222	-0.6178047167734859	0.04701310303050339	1.1533286650288066	0.7571499695625604	0.12422926571703267	0.5990702563905478	5.602858695817855	18.746734728126984	-19.21669785375524	-5951.185397853555
1642	-5981.727654966931	-5949.85967107286	-31.867983894071454	0.8861051666445393	0.8551400148823222	-0.6178047167734859	0.04701310303050339	1.1533286650288066	0.7571499695625604	0.12422926571703267	0.5990702563905478	2.9332300518714636	14.111287004401255	-19.1718024687268	-5949.85967107286
1644	-5981.726558539055	-5949.857945892912	-31.86861264614382	0.8861051666445393	0.8551400148823222	-0.6178047167734859	0.04701310303050339	1.1533286650288066	0.7571499695625604	0.12422926571703267	0.5990702563905478	2.9332300518714636	14.111287004401252	-19.172431220799165	-5949.857945892912
1646	-5981.726558539055	-5949.857945892912	-31.86861264614382	0.8861051666445393	0.8551400148823222	-0.6178047167734859	0.04701310303050339	1.1533286650288066	0.7571499695625604	0.12422926571703267	0.5990702563905478	2.9332300518714636	14.111287004401252	-19.172431220799165	-5949.857945892912
1648	-5982.435992346377	-5950.794470140314	-31.641522206063442	0.8861051666445393	0.8551400148823222	-0.6178047167734859	0.04701310303050339	1.1533286650288066	0.7571499695625604	0.12422926571703267	0.5990702563905478	2.9332300518714636	13.977984162998863	-18.945340780718787	-5950.794470140314
1650	-5982.265184654632	-5950.66056742713	-31.604617227501954	0.8861051666445393	0.8551400148823222	-0.6178047167734859	0.04701310303050339	1.1533286650288066	0.7571499695625604	0.12422926571703267	0.5990702563905478	2.8543273331702133	13.789588883851428	-18.9084358021573	-5950.66056742713
1652	-5982.265184654632	-5950.66056742713	-31.604617227501954	0.8861051666445393	0.8551400148823222	-0.6178047167734859	0.04701310303050339	1.1533286650288066	0.7571499695625604	0.12422926571703267	0.5990702563905478	2.8543273331702133	13.789588883851428	-18.9084358021573	-5950.66056742713
1654	-5982.200039333873	-5950.66056742713	-31.539471906742946	0.8861051666445393	0.8551400148823222	-0.6178047167734859	0.04701310303050339	1.1533286650288066	0.7571499695625604	0.2365342087355253	0.5990702563905478	2.8543273331702133	13.789588883851428	-18.87005351096476	-5950.66056742713
1656	-5982.197669440529	-5950.658204039943	-31.539465400586472	0.8861051666445393	0.8551400148823222	-0.6178047167734859	0.04701310303050339	1.1533286650288066	0.7571499695625604	0.2365342087355253	0.5990702563905478	2.8543273331702133	13.789588883851428	-18.87004700480828	-5950.658204039943
1658	-5981.659190753511	-5950.658204039943	-31.0009867135686	0.8861051666445393	0.8551400148823222	-0.6178047167734859	0.04701310303050339	0.710226004875508	0.7571499695625604	0.2365342087355253	0.5990702563905478	2.8543273331702133	13.789588883851428	-18.821819183717956	-5950.658204039943
1660	-5981.659190753511	-5950.658204039943	-31.0009867135686	0.8861051666445393	0.8551400148823222	-0.6178047167734859	0.04701310303050339	0.710226004875508	0.7571499695625604	0.2365342087355253	0.5990702563905478	2.8543273331702133	13.789588883851428	-18.821819183717956	-5950.658204039943
1662	-5981.087165069406	-5949.764334331838	-31.322830737568076	0.8861051666445393	0.8551400148823222	-0.6178047167734859	0.04701310303050339	0.710226004875508	0.7571499695625604	0.2365342087355253	0.5990702563905478	2.8543273331702133	13.943839055659074	-19.14366320771743	-5949.764334331838
1664	-5981.087165069406	-5949.764334331838	-31.322830737568076	0.8861051666445393	0.8551400148823222	-0.6178047167734859	0.04701310303050339	0.710226004875508	0.7571499695625604	0.2365342087355253	0.5990702563905478	2.8543273331702133	13.943839055659074	-19.14366320771743	-5949.764334331838
1666	-5981.087165069406	-5949.764334331838	-31.322830737568076	0.8861051666445393	0.8551400148823222	-0.6178047167734859	0.04701310303050339	0.710226004875508	0.7571499695625604	0.2365342087355253	0.5990702563905478	2.8543273331702133	13.943839055659074	-19.14366320771743	-5949.764334331838
1668	-5981.087165069406	-5949.764334331838	-31.322830737568076	0.8861051666445393	0.8551400148823222	-0.6178047167734859	0.04701310303050339	0.710226004875508	0.7571499695625604	0.2365342087355253	0.5990702563905478	2.8543273331702133	13.943839055659074	-19.14366320771743	-5949.764334331838
1670	-5981.087165069406	-5949.764334331838	-31.322830737568076	0.8861051666445393	0.8551400148823222	-0.6178047167734859	0.04701310303050339	0.710226004875508	0.7571499695625604	0.2365342087355253	0.5990702563905478	2.8543273331702133	13.943839055659074	-19.14366320771743	-5949.764334331838
1672	-5981.087165069406	-5949.764334331838	-31.322830737568076	0.8861051666445393	0.8551400148823222	-0.6178047167734859	0.04701310303050339	0.710226004875508	0.7571499695625604	0.2365342087355253	0.5990702563905478	2.8543273331702133	13.943839055659074	-19.14366320771743	-5949.764334331838
1674	-5980.9373711702865	-5949.573150022354	-31.364221147932664	0.8861051666445393	0.8551400148823222	-0.6178047167734859	0.04701310303050339	0.710226004875508	0.7571499695625604	0.2365342087355253	0.5990702563905478	2.8543273331702133	13.948574957702167	-19.18505361808202	-5949.573150022354
1676	-5980.87466602649	-5949.573150022354	-31.301516004136086	0.8861051666445393	0.8551400148823222	-0.6178047167734859	0.04701310303050339	0.710226004875508	0.7571499695625604	0.2822567431240705	0.5990702563905478	2.8543273331702133	13.948574957702167	-19.126019047547548	-5949.573150022354
1678	-5981.008740730147	-5949.557556776061	-31.451183954086662	0.8861051666445393	0.8551400148823222	-0.6178047167734859	0.04701310303050339	0.710226004875508	0.7571499695625604	0.2822567431240705	0.5990702563905478	2.8543273331702133	14.087713551083425	-19.275686997498124	-5949.557556776061
1680	-5980.564206436613	-5949.557556776061	-31.006649660552384	0.3132332200445497	0.8551400148823222	-0.6178047167734859	0.04701310303050339	0.710226004875508	0.7571499695625604	0.2822567431240705	0.5990702563905478	2.8543273331702133	14.087713551083425	-19.028334295237336	-5949.557556776061
1682	-5980.564206436613	-5949.557556776061	-31.006649660552384	0.3132332200445497	0.8551400148823222	-0.6178047167734859	0.04701310303050339	0.710226004875508	0.7571499695625604	0.2822567431240705	0.5990702563905478	2.8543273331702133	14.087713551083425	-19.028334295237336	-5949.557556776061
1684	-5980.4279646452915	-5950.474168698029	-29.95379594726232	0.3132332200445497	0.8551400148823222	-0.6178047167734859	0.04701310303050339	0.710226004875508	0.7571499695625604	0.2822567431240705	0.5990702563905478	2.5877162702171956	12.77183774357386	-17.975480581947274	-5950.474168698029
1686	-5980.356340626432	-5950.358100828461	-29.998239797970946	0.3132332200445497	0.8551400148823222	-0.6178047167734859	0.04701310303050339	0.710226004875508	0.7571499695625604	0.2822567431240705	0.5990702563905478	2.5877162702171956	12.801704011618574	-18.019924432655895	-5950.358100828461
1688	-5980.398697969435	-5950.378264543952	-30.020433425482373	0.3132332200445497	0.8551400148823222	-0.6178047167734859	0.04701310303050339	0.710226004875508	0.7571499695625604	0.2822567431240705	0.5990702563905478	2.5877162702171956	12.818890870406845	-18.042118060167326	-5950.378264543952
1690	-5980.385405014404	-5950.3590452511935	-30.026359763209804	0.3132332200445497	0.8551400148823222	-0.6178047167734859	0.04701310303050339	0.710226004875508	0.7571499695625604	0.2822567431240705	0.5990702563905478	2.5877162702171956	12.821329863132965	-18.048044397894753	-5950.3590452511935
1692	-5980.560297099949	-5950.545904699797	-30.01439240015226	0.3132332200445497	0.8551400148823222	-0.6178047167734859	0.04701310303050339	0.710226004875508	0.7571499695625604	0.2822567431240705	0.5990702563905478	2.5877162702171956	12.817219064639577	-18.036077034837213	-5950.545904699797
1694	-5980.274204982544	-5950.258694671978	-30.015510310565176	0.3132332200445497	0.8551400148823222	-0.6178047167734859	0.04701310303050339	0.710226004875508	0.7571499695625604	0.2822567431240705	0.5990702563905478	2.5877162702171956	12.818709496597478	-18.03719494525013	-5950.258694671978
1696	-5980.000941499184	-5950.159950148583	-29.840991350600483	0.3132332200445497	0.8551400148823222	-0.6178047167734859	0.04701310303050339	0.710226004875508	0.7571499695625604	0.2822567431240705	0.5990702563905478	2.5877162702171956	12.643521498727138	-17.86267598528543	-5950.159950148583
1698	-5981.130814915578	-5950.252564695827	-30.87825021975206	0.3132332200445497	0.8551400148823222	-1.201646036180908	0.04701310303050339	0.710226004875508	0.7571499695625604	0.2822567431240705	0.5990702563905478	2.5877162702171956	12.65007369951294	-17.81021613413252	-5950.252564695827
1700	-5981.130814915578	-5950.252564695827	-30.87825021975206	0.3132332200445497	0.8551400148823222	-1.201646036180908	0.04701310303050339	0.710226004875508	0.7571499695625604	0.2822567431240705	0.5990702563905478	2.5877162702171956	12.65007369951294	-17.81021613413252	-5950.252564695827
1702	-5981.130814915578	-5950.252564695827	-30.87825021975206	0.3132332200445497	0.8551400148823222	-1.201646036180908	0.04701310303050339	0.710226004875508	0.7571499695625604	0.2822567431240705	0.5990702563905478	2.5877162702171956	12.65007369951294	-17.81021613413252	-5950.252564695827
1704	-5981.385935497183	-5950.341501699815	-31.044433797368086	0.3132332200445497	0.8551400148823222	-1.201646036180908	0.04701310303050339	0.710226004875508	0.7571499695625604	0.2822567431240705	0.5990702563905478	2.5877162702171956	12.809067642341908	-17.97639971174855	-5950.341501699815
1706	-5981.384547157197	-5950.336730059326	-31.047817097870386	0.3132332200445497	0.8551400148823222	-1.201646036180908	0.04701310303050339	0.710226004875508	0.7571499695625604	0.2822567431240705	0.5990702563905478	2.5877162702171956	12.809067642341908	-17.979783012250845	-5950.336730059326
1708	-5981.384547157197	-5950.336730059326	-31.047817097870386	0.3132332200445497	0.8551400148823222	-1.201646036180908	0.04701310303050339	0.710226004875508	0.7571499695625604	0.2822567431240705	0.5990702563905478	2.5877162702171956	12.809067642341908	-17.979783012250845	-5950.336730059326
1710	-5981.625445039187	-5950.336730059326	-31.28871497986045	0.7875341143533716	0.8551400148823222	-1.201646036180908	0.04701310303050339	0.710226004875508	0.7571499695625604	0.2822567431240705	0.2732244046152702	2.5877162702171956	12.809067642341908	-18.154324246452642	-5950.336730059326
1712	-5981.625445039187	-5950.336730059326	-31.28871497986045	0.7875341143533716	0.8551400148823222	-1.201646036180908	0.04701310303050339	0.710226004875508	0.7571499695625604	0.2822567431240705	0.2732244046152702	2.5877162702171956	12.809067642341908	-18.154324246452642	-5950.336730059326
1714	-5981.625445039187	-5950.336730059326	-31.28871497986045	0.7875341143533716	0.8551400148823222	-1.201646036180908	0.04701310303050339	0.710226004875508	0.7571499695625604	0.2822567431240705	0.2732244046152702	2.5877162702171956	12.809067642341908	-18.154324246452642	-5950.336730059326
1716	-5981.756382135677	-5950.344068656651	-31.412313479026487	0.7875341143533716	0.8551400148823222	-1.201646036180908	0.04701310303050339	0.710226004875508	0.7571499695625604	0.2822567431240705	0.2732244046152702	2.802143056106403	13.237921214120323	-18.277922745618678	-5950.344068656651
1718	-5982.185639675984	-5949.880655644888	-32.30498403109628	0.7875341143533716	0.8551400148823222	-1.201646036180908	0.04701310303050339	0.710226004875508	0.7571499695625604	0.2822567431240705	0.2732244046152702	3.0091963134682524	14.270964256643323	-19.170593297688473	-5949.880655644888
1720	-5982.588545400052	-5950.1839900675095	-32.40455533254187	0.7875341143533716	0.8551400148823222	-1.201646036180908	0.04701310303050339	0.710226004875508	0.7571499695625604	0.2822567431240705	0.2732244046152702	3.0091963134682524	14.330131197076993	-19.270164599134056	-5950.1839900675095
1722	-5982.588545400052	-5950.1839900675095	-32.40455533254187	0.7875341143533716	0.8551400148823222	-1.201646036180908	0.04701310303050339	0.710226004875508	0.7571499695625604	0.2822567431240705	0.2732244046152702	3.0091963134682524	14.330131197076993	-19.270164599134056	-5950.1839900675095
1724	-5982.588545400052	-5950.1839900675095	-32.40455533254187	0.7875341143533716	0.8551400148823222	-1.201646036180908	0.04701310303050339	0.710226004875508	0.7571499695625604	0.2822567431240705	0.2732244046152702	3.0091963134682524	14.330131197076993	-19.270164599134056	-5950.1839900675095
1726	-5982.588545400052	-5950.1839900675095	-32.40455533254187	0.7875341143533716	0.8551400148823222	-1.201646036180908	0.04701310303050339	0.710226004875508	0.7571499695625604	0.2822567431240705	0.2732244046152702	3.0091963134682524	14.330131197076993	-19.270164599134056	-5950.1839900675095
1728	-5982.589660454636	-5950.1839900675095	-32.40567038712611	0.7875341143533716	0.8551400148823222	-1.201646036180908	0.04701310303050339	0.710226004875508	0.7571499695625604	0.2822567431240705	0.3303368045572368	3.0091963134682524	14.330131197076993	-19.270164599134056	-5950.1839900675095
1730	-5982.613105269251	-5950.206599050114	-32.406506219136745	0.7875341143533716	0.8551400148823222	-1.201646036180908	0.04701310303050339	0.710226004875508	0.7571499695625604	0.2822567431240705	0.3303368045572368	3.0091963134682524	14.330461184561885	-19.271000431144696	-5950.206599050114
1732	-5982.613105269251	-5950.206599050114	-32.406506219136745	0.7875341143533716	0.8551400148823222	-1.201646036180908	0.04701310303050339	0.710226004875508	0.7571499695625604	0.2822567431240705	0.3303368045572368	3.0091963134682524	14.330461184561885	-19.271000431144696	-5950.206599050114
1734	-5982.680689878386	-5950.222073192067	-32.45861668631933	0.7875341143533716	0.8551400148823222	-1.201646036180908	0.04701310303050339	0.710226004875508	0.7571499695625604	0.2822567431240705	0.2092338909020734	3.0091963134682524	14.374982768535576	-19.321600576007675	-5950.222073192067
1736	-5982.823432212463	-5950.232398622443	-32.59103359001981	0.7875341143533716	0.8551400148823222	-1.201646036180908	0.04701310303050339	0.710226004875508	0.7571499695625604	0.2822567431240705	0.07310979653363811	3.0091963134682524	14.550076099558266	-19.43481242554742	-5950.232398622443
1738	-5982.831330783376	-5950.232947713667	-32.59838306970909	0.7875341143533716	0.8551400148823222	-1.201646036180908	0.04701310303050339	0.710226004875508	0.7571499695625604	0.2822567431240705	0.07310979653363811	3.0091963134682524	14.562053332592553	-19.4421619052367	-5950.232947713667
1740	-5983.312224731092	-5950.698606805488	-32.61361792560376	0.7875341143533716	0.8551400148823222	-1.201646036180908	0.04701310303050339	0.710226004875508	0.7571499695625604	0.2822567431240705	0.07310979653363811	3.0091963134682524	14.567989800979618	-19.45739676113137	-5950.698606805488
1742	-5983.312224731092	-5950.698606805488	-32.61361792560376	0.7875341143533716	0.8551400148823222	-1.201646036180908	0.04701310303050339	0.710226004875508	0.7571499695625604	0.2822567431240705	0.07310979653363811	3.0091963134682524	14.567989800979618	-19.45739676113137	-5950.698606805488
1744	-5982.705204191127	-5951.239688801097	-31.46551539003022	0.7875341143533716	0.8551400148823222	-1.201646036180908	0.04701310303050339	0.710226004875508	0.7571499695625604	0.2822567431240705	0.07310979653363811	2.732302438413899	13.22750326319824	-18.309294225557828	-5951.239688801097
1746	-5982.504421540834	-5950.376201114738	-32.12822042609616	0.7875341143533716	0.8551400148823222	-1.201646036180908	0.04701310303050339	0.710226004875508	0.7571499695625604	0.2822567431240705	0.1701117697354402	2.8961285937365426	14.020611293137065	-18.987582236729654	-5950.376201114738
1748	-5983.5527843244445	-5950.853279550814	-32.69950477363088	0.7875341143533716	0.8551400148823222	-1.201646036180908	0.04701310303050339	0.710226004875508	0.7571499695625604	0.2822567431240705	0.1701117697354402	3.033488990514205	14.685594448393282	-19.55886658426437	-5950.853279550814
1750	-5982.298645905916	-5949.640281461156	-32.658364444760366	0.7875341143533716	0.8551400148823222	-1.201646036180908	0.04701310303050339	0.710226004875508	0.7571499695625604	0.2822567431240705	0.1701117697354402	3.033488990514205	14.679234282019262	-19.517726255393857	-5949.640281461156
1752	-5982.362937600623	-5949.729210532632	-32.63372706799015	0.7875341143533716	0.8551400148823222	-1.201646036180908	0.04701310303050339	0.710226004875508	0.7571499695625604	0.2822567431240705	0.1701117697354402	3.033488990514205	14.66693600577744	-19.493088878623638	-5949.729210532632
1754	-5982.039260827434	-5949.729210532632	-32.3100502948018	0.4321665160938959	0.8551400148823222	-1.201646036180908	0.04701310303050339	0.710226004875508	0.7571499695625604	0.2822567431240705	0.1701117697354402	3.033488990514205	14.66693600577744	-19.298965135808597	-5949.729210532632
1756	-5981.911112791505	-5949.71858648531	-32.1925263061952	0.4321665160938959	0.8551400148823222	-1.201646036180908	0.04701310303050339	0.710226004875508	0.7571499695625604	0.2822567431240705	0.1701117697354402	3.033488990514205	14.477122762741912	-19.181441147202	-5949.71858648531
1758	-5981.587917675344	-5949.4630811948045	-32.124836480539265	0.4321665160938959	0.8551400148823222	-1.201646036180908	0.04701310303050339	0.710226004875508	0.7571499695625604	0.2822567431240705	0.1701117697354402	3.033488990514205	14.43439761919134	-19.11375132154607	-5949.4630811948045
1760	-5981.587917675344	-5949.4630811948045	-32.124836480539265	0.4321665160938959	0.8551400148823222	-1.201646036180908	0.04701310303050339	0.710226004875508	0.7571499695625604	0.2822567431240705	0.1701117697354402	3.033488990514205	14.43439761919134	-19.11375132154607	-5949.4630811948045
1762	-5981.587917675344	-5949.4630811948045	-32.124836480539265	0.4321665160938959	0.8551400148823222	-1.201646036180908	0.04701310303050339	0.710226004875508	0.7571499695625604	0.2822567431240705	0.1701117697354402	3.033488990514205	14.43439761919134	-19.11375132154607	-5949.4630811948045
1764	-5981.647035311155	-5949.4630811948045	-32.18395411635122	0.4321665160938959	0.8551400148823222	-1.201646036180908	0.09234684059527279	0.710226004875508	0.7571499695625604	0.2822567431240705	0.1701117697354402	3.033488990514205	14.43439761919134	-19.115234997752363	-5949.4630811948045
1766	-5981.050694493398	-5949.4630811948045	-31.587613298593503	0.4321665160938959	0.8551400148823222	-0.5894517969370073	0.09234684059527279	1.1549943915045215	0.7571499695625604	0.2822567431240705	0.1701117697354402	3.033488990514205	14.43439761919134	-19.17909346316954	-5949.4630811948045
1768	-5981.058497179285	-5949.476844972765	-31.581652206519948	0.4321665160938959	0.8551400148823222	-0.5894517969370073	0.09234684059527279	1.1549943915045215	0.7571499695625604	0.2822567431240705	0.1701117697354402	3.033488990514205	14.43439761919134	-19.17313237109599	-5949.476844972765
1770	-5981.047408852558	-5949.465692843875	-31.581716008682605	0.4321665160938959	0.8551400148823222	-0.5894517969370073	0.09234684059527279	1.1549943915045215	0.7571499695625604	0.2822567431240705	0.1701117697354402	3.033488990514205	14.43439761919134	-19.173196173258642	-5949.465692843875
1772	-5980.965142126865	-5949.376423240518	-31.588718886346683	0.4321665160938959	0.8551400148823222	-0.5894517969370073	0.09234684059527279	1.1549943915045215	0.7571499695625604	0.2822567431240705	0.3550063675518784	3.033488990514205	14.439888127184833	-19.183841044523696	-5949.376423240518
1774	-5980.965142126865	-5949.376423240518	-31.588718886346683	0.4321665160938959	0.8551400148823222	-0.5894517969370073	0.09234684059527279	1.1549943915045215	0.7571499695625604	0.2822567431240705	0.3550063675518784	3.033488990514205	14.439888127184833	-19.183841044523696	-5949.376423240518
1776	-5980.975093801345	-5949.377388761713	-31.597705039631883	0.4321665160938959	0.8551400148823222	-0.5894517969370073	0.09234684059527279	1.1549943915045215	0.7571499695625604	0.2822567431240705	0.3550063675518784	3.033488990514205	14.457686172962706	-19.192827197808896	-5949.377388761713
1778	-5980.819154913538	-5949.122062660227	-31.697092253310878	0.4321665160938959	0.8551400148823222	-0.5894517969370073	0.09234684059527279	1.1549943915045215	0.7571499695625604	0.2822567431240705	0.3550063675518784	3.033488990514205	14.524331024301329	-19.29221441148789	-5949.122062660227
1780	-5980.819154913538	-5949.122062660227	-31.697092253310878	0.4321665160938959	0.8551400148823222	-0.5894517969370073	0.09234684059527279	1.1549943915045215	0.7571499695625604	0.2822567431240705	0.3550063675518784	3.033488990514205	14.524331024301329	-19.29221441148789	-5949.122062660227
1782	-5980.868003113163	-5949.150592699461	-31.717410413701046	0.4321665160938959	0.8551400148823222	-0.5894517969370073	0.09234684059527279	1.1549943915045215	0.7571499695625604	0.2822567431240705	0.3550063675518784	3.033488990514205	14.553841794342244	-19.31253257187806	-5949.150592699461
1784	-5979.805507812877	-5948.601834999013	-31.203672813864408	0.4321665160938959	0.8551400148823222	-0.5894517969370073	0.09234684059527279	1.1549943915045215	0.7571499695625604	0.2822567431240705	0.3550063675518784	2.8656189110055217	13.74844754804274	-18.798794972041424	-5948.601834999013
1786	-5979.805507812877	-5948.601834999013	-31.203672813864408	0.4321665160938959	0.8551400148823222	-0.5894517969370073	0.09234684059527279	1.1549943915045215	0.7571499695625604	0.2822567431240705	0.3550063675518784	2.8656189110055217	13.74844754804274	-18.798794972041424	-5948.601834999013
1788	-5980.050109610344	-5948.805133005103	-31.24497660524095	0.4321665160938959	0.8551400148823222	-0.5894517969370073	0.051668589770790085	1.1549943915045215	0.7571499695625604	0.2822567431240705	0.3550063675518784	2.8656189110055217	13.80685972968937	-18.86700577936222	-5948.805133005103
1790	-5979.900951786641	-5948.805133005103	-31.095818781537965	0.4321665160938959	0.5835553809097535	-0.5894517969370073	0.051668589770790085	1.1549943915045215	0.7571499695625604	0.2822567431240705	0.3550063675518784	2.8656189110055217	13.80685972968937	-18.79584195180278	-5948.805133005103
1792	-5979.8060859139105	-5948.792872453398	-31.013213460513217	0.4321665160938959	0.5835553809097535	-0.5894517969370073	0.051668589770790085	1.1549943915045215	0.7571499695625604	0.2822567431240705	0.3550063675518784	2.8656189110055217	13.652812230535412	-18.713236630778034	-5948.792872453398
1794	-5979.766967512981	-5948.779029978273	-30.987937534708085	0.4321665160938959	0.5835553809097535	-0.5894517969370073	0.051668589770790085	1.1549943915045215	0.7571499695625604	0.2822567431240705	0.3550063675518784	2.8656189110055217	13.618178320067262	-18.6879607049729	-5948.779029978273
1796	-5979.766967512981	-5948.779029978273	-30.987937534708085	0.4321665160938959	0.5835553809097535	-0.5894517969370073	0.051668589770790085	1.1549943915045215	0.7571499695625604	0.2822567431240705	0.3550063675518784	2.8656189110055217	13.618178320067262	-18.6879607049729	-5948.779029978273
1798	-5979.766967512981	-5948.779029978273	-30.987937534708085	0.4321665160938959	0.5835553809097535	-0.5894517969370073	0.051668589770790085	1.1549943915045215	0.7571499695625604	0.2822567431240705	0.3550063675518784	2.8656189110055217	13.618178320067262	-18.6879607049729	-5948.779029978273
1800	-5979.740887761344	-5948.779029978273	-30.961857783071935	0.4321665160938959	0.5835553809097535	-0.5894517969370073	0.017582709325203637	1.1549943915045215	0.7571499695625604	0.2822567431240705	0.3550063675518784	2.8656189110055217	13.618178320067262	-18.683153182566425	-5948.779029978273
1802	-5981.344757196483	-5951.171784657968	-30.172972538515737	0.4321665160938959	0.5835553809097535	-0.5894517969370073	0.017582709325203637	1.1549943915045215	0.7571499695625604	0.2822567431240705	0.3550063675518784	2.5975391109342523	12.344192268622091	-17.894267938010227	-5951.171784657968
1804	-5981.344757196483	-5951.171784657968	-30.172972538515737	0.4321665160938959	0.5835553809097535	-0.5894517969370073	0.017582709325203637	1.1549943915045215	0.7571499695625604	0.2822567431240705	0.3550063675518784	2.5975391109342523	12.344192268622091	-17.894267938010227	-5951.171784657968
1806	-5979.801103406204	-5948.786522031788	-31.014581374415545	0.4321665160938959	0.5835553809097535	-0.5894517969370073	0.017582709325203637	1.1549943915045215	0.7571499695625604	0.2822567431240705	0.3550063675518784	2.8833898522424213	13.70263052889032	-18.735876773910036	-5948.786522031788
1808	-5980.925308989687	-5949.493386545792	-31.431922443894646	0.4321665160938959	0.5835553809097535	-0.5894517969370073	0.017582709325203637	1.1549943915045215	0.7571499695625604	0.2822567431240705	0.3550063675518784	3.031022635072266	14.37369690270946	-19.153217843389136	-5949.493386545792
1810	-5982.510367989016	-5950.91310183276	-31.59726615625634	0.4321665160938959	0.5835553809097535	-0.5894517969370073	0.017582709325203637	1.1549943915045215	0.7571499695625604	0.2822567431240705	0.3550063675518784	3.031022635072266	14.530226118955463	-19.31856155575083	-5950.91310183276
1812	-5982.510367989016	-5950.91310183276	-31.59726615625634	0.4321665160938959	0.5835553809097535	-0.5894517969370073	0.017582709325203637	1.1549943915045215	0.7571499695625604	0.2822567431240705	0.3550063675518784	3.031022635072266	14.530226118955463	-19.31856155575083	-5950.91310183276
1814	-5982.510367989016	-5950.91310183276	-31.59726615625634	0.4321665160938959	0.5835553809097535	-0.5894517969370073	0.017582709325203637	1.1549943915045215	0.7571499695625604	0.2822567431240705	0.3550063675518784	3.031022635072266	14.530226118955463	-19.31856155575083	-5950.91310183276
1816	-5982.446260692091	-5950.91310183276	-31.533158859330847	0.25555926150806374	0.5835553809097535	-0.5894517969370073	0.017582709325203637	1.1549943915045215	0.7571499695625604	0.2822567431240705	0.3550063675518784	3.031022635072266	14.530226118955463	-19.272851506594264	-5950.91310183276
1818	-5982.223780452287	-5950.834667081848	-31.389113370439308	0.25555926150806374	0.5835553809097535	-0.5894517969370073	0.017582709325203637	1.1549943915045215	0.7571499695625604	0.2822567431240705	0.3550063675518784	3.031022635072266	14.339233996585385	-19.128806017702725	-5950.834667081848
1820	-5982.223780452287	-5950.834667081848	-31.389113370439308	0.25555926150806374	0.5835553809097535	-0.5894517969370073	0.017582709325203637	1.1549943915045215	0.7571499695625604	0.2822567431240705	0.3550063675518784	3.031022635072266	14.339233996585385	-19.128806017702725	-5950.834667081848
1822	-5982.223780452287	-5950.834667081848	-31.389113370439308	0.25555926150806374	0.5835553809097535	-0.5894517969370073	0.017582709325203637	1.1549943915045215	0.7571499695625604	0.2822567431240705	0.3550063675518784	3.031022635072266	14.339233996585385	-19.128806017702725	-5950.834667081848
1824	-5981.83157194487	-5950.451599631839	-31.379972313031328	0.25555926150806374	0.5835553809097535	-0.5894517969370073	0.017582709325203637	1.1549943915045215	0.7571499695625604	0.2822567431240705	0.3550063675518784	3.031022635072266	14.334251200243521	-19.119664960294745	-5950.451599631839
1826	-5982.744848953012	-5951.238679509705	-31.50616944330612	0.512599214593067	0.5835553809097535	-0.5894517969370073	0.017582709325203637	1.1549943915045215	0.7571499695625604	0.2822567431240705	0.3550063675518784	3.031022635072266	14.334251200243521	-19.198411719642202	-5951.238679509705
1828	-5982.641299086343	-5951.238679509705	-31.40261957663756	0.2984122165449935	0.5835553809097535	-0.5894517969370073	0.017582709325203637	1.1549943915045215	0.7571499695625604	0.2822567431240705	0.3550063675518784	3.031022635072266	14.334251200243521	-19.143579981559913	-5951.238679509705
1830	-5982.715932877267	-5951.314445378889	-31.401487498378028	0.2984122165449935	0.5835553809097535	-0.5894517969370073	0.017582709325203637	1.1549943915045215	0.7571499695625604	0.2822567431240705	0.3550063675518784	3.031022635072266	14.334251200243521	-19.142447903300383	-5951.314445378889
1832	-5982.715932877267	-5951.314445378889	-31.401487498378028	0.2984122165449935	0.5835553809097535	-0.5894517969370073	0.017582709325203637	1.1549943915045215	0.7571499695625604	0.2822567431240705	0.3550063675518784	3.031022635072266	14.334251200243521	-19.142447903300383	-5951.314445378889
1834	-5982.967819341419	-5951.5247957299025	-31.443023611516324	0.2984122165449935	0.5835553809097535	-0.5894517969370073	0.017582709325203637	1.1549943915045215	0.7571499695625604	0.2822567431240705	0.3550063675518784	3.031022635072266	14.338772964640896	-19.18398401643868	-5951.5247957299025
1836	-5982.967819341419	-5951.5247957299025	-31.443023611516324	0.2984122165449935	0.5835553809097535	-0.5894517969370073	0.017582709325203637	1.1549943915045215	0.7571499695625604	0.2822567431240705	0.3550063675518784	3.031022635072266	14.338772964640896	-19.18398401643868	-5951.5247957299025
1838	-5982.904154741541	-5951.445309438834	-31.45884530270754	0.2984122165449935	0.5835553809097535	-0.5894517969370073	0.017582709325203637	1.1549943915045215	0.7571499695625604	0.2822567431240705	0.3550063675518784	3.031022635072266	14.351849209891755	-19.199805707629896	-5951.445309438834
1840	-5982.948406569512	-5951.482331272308	-31.466075297203687	0.2984122165449935	0.5835553809097535	-0.5894517969370073	0.017582709325203637	1.1549943915045215	0.7571499695625604	0.2822567431240705	0.3550063675518784	3.031022635072266	14.351849209891753	-19.207035702126042	-5951.482331272308
1842	-5980.983406600137	-5950.248008713444	-30.735397886692738	0.2984122165449935	0.5835553809097535	-0.5894517969370073	0.017582709325203637	1.1549943915045215	0.7571499695625604	0.2822567431240705	0.3550063675518784	2.780180803897815	13.16733808716067	-18.476358291615092	-5950.248008713444
1844	-5980.983406600137	-5950.248008713444	-30.735397886692738	0.2984122165449935	0.5835553809097535	-0.5894517969370073	0.017582709325203637	1.1549943915045215	0.7571499695625604	0.2822567431240705	0.3550063675518784	2.780180803897815	13.16733808716067	-18.476358291615092	-5950.248008713444
1846	-5981.011647733639	-5950.206106064951	-30.8055416686876	0.2984122165449935	0.5835553809097535	-0.5894517969370073	0.017582709325203637	1.1549943915045215	0.7571499695625604	0.2822567431240705	0.6870330674013589	2.780180803897815	13.16733808716067	-18.46722639118943	-5950.206106064951
1848	-5981.011647733639	-5950.206106064951	-30.8055416686876	0.2984122165449935	0.5835553809097535	-0.5894517969370073	0.017582709325203637	1.1549943915045215	0.7571499695625604	0.2822567431240705	0.6870330674013589	2.780180803897815	13.16733808716067	-18.46722639118943	-5950.206106064951
1850	-5980.471001889131	-5949.720867167409	-30.75013472172189	0.2984122165449935	0.5835553809097535	-0.5894517969370073	0.017582709325203637	1.1549943915045215	0.7571499695625604	0.2822567431240705	0.6870330674013589	2.780180803897815	13.110033467639484	-18.41181944422372	-5949.720867167409
1852	-5980.471001889131	-5949.720867167409	-30.75013472172189	0.2984122165449935	0.5835553809097535	-0.5894517969370073	0.017582709325203637	1.1549943915045215	0.7571499695625604	0.2822567431240705	0.6870330674013589	2.780180803897815	13.110033467639484	-18.41181944422372	-5949.720867167409
1854	-5980.590277908479	-5949.81939030375	-30.770887604728635	0.2984122165449935	0.5835553809097535	-0.5894517969370073	0.017582709325203637	1.1549943915045215	0.7571499695625604	0.2822567431240705	0.6870330674013589	2.780180803897815	13.11229235353851	-18.432572327230467	-5949.81939030375
1856	-5980.393271628303	-5949.713243710201	-30.680027918102525	0.2984122165449935	0.5835553809097535	-0.5894517969370073	0.017582709325203637	1.1549943915045215	0.7571499695625604	0.2822567431240705	0.6870330674013589	2.780180803897815	12.937776358036455	-18.341712640604356	-5949.713243710201
1858	-5980.345298706763	-5949.659113672105	-30.686185034658106	0.2984122165449935	0.5835553809097535	-0.5894517969370073	0.017582709325203637	1.1549943915045215	0.7571499695625604	0.2822567431240705	0.6870330674013589	2.780180803897815	12.942732552274732	-18.347869757159938	-5949.659113672105
1860	-5980.385470103623	-5949.7044677678805	-30.68100233574266	0.2984122165449935	0.5835553809097535	-0.5894517969370073	0.017582709325203637	1.1549943915045215	0.7571499695625604	0.2822567431240705	0.6870330674013589	2.780180803897815	12.938562777668078	-18.342687058244493	-5949.7044677678805
1862	-5979.816006360406	-5949.369614634059	-30.44639172634755	0.2984122165449935	0.5835553809097535	-0.5894517969370073	0.017582709325203637	1.1549943915045215	0.7571499695625604	0.2822567431240705	0.6870330674013589	2.780180803897815	12.74387075504536	-18.10807644884938	-5949.369614634059
1864	-5979.836774615073	-5949.392219736523	-30.444554878550655	0.2984122165449935	0.5835553809097535	-0.5894517969370073	0.017582709325203637	1.1549943915045215	0.7571499695625604	0.2822567431240705	0.6870330674013589	2.780180803897815	12.74185807613753	-18.106239601052486	-5949.392219736523
1866	-5979.855627183171	-5949.395973769855	-30.459653413316527	0.2984122165449935	0.5835553809097535	-0.5894517969370073	0.017582709325203637	1.1549943915045215	0.7571499695625604	0.2822567431240705	0.6870330674013589	2.780180803897815	12.76242689082078	-18.12133813581836	-5949.395973769855
1868	-5979.855627183171	-5949.395973769855	-30.459653413316527	0.2984122165449935	0.5835553809097535	-0.5894517969370073	0.017582709325203637	1.1549943915045215	0.7571499695625604	0.2822567431240705	0.6870330674013589	2.780180803897815	12.76242689082078	-18.12133813581836	-5949.395973769855
1870	-5979.802786323567	-5949.338371509881	-30.464414813686155	0.2984122165449935	0.5835553809097535	-0.5894517969370073	0.017582709325203637	1.1549943915045215	0.7571499695625604	0.2822567431240705	0.6870330674013589	2.780180803897815	12.767643318357644	-18.126099536187986	-5949.338371509881
1872	-5979.802786323567	-5949.338371509881	-30.464414813686155	0.2984122165449935	0.5835553809097535	-0.5894517969370073	0.017582709325203637	1.1549943915045215	0.7571499695625604	0.2822567431240705	0.6870330674013589	2.780180803897815	12.767643318357644	-18.126099536187986	-5949.338371509881
1874	-5979.960308223696	-5949.294972354863	-30.665335868833797	0.2984122165449935	0.5835553809097535	-0.5894517969370073	0.017582709325203637	1.1549943915045215	0.7571499695625604	0.2822567431240705	0.6870330674013589	2.780180803897815	12.996998589621798	-18.32702059133563	-5949.294972354863
1876	-5979.960308223696	-5949.294972354863	-30.665335868833797	0.2984122165449935	0.5835553809097535	-0.5894517969370073	0.017582709325203637	1.1549943915045215	0.7571499695625604	0.2822567431240705	0.6870330674013589	2.780180803897815	12.996998589621798	-18.32702059133563	-5949.294972354863
1878	-5979.960308223696	-5949.294972354863	-30.665335868833797	0.2984122165449935	0.5835553809097535	-0.5894517969370073	0.017582709325203637	1.1549943915045215	0.7571499695625604	0.2822567431240705	0.6870330674013589	2.780180803897815	12.996998589621798	-18.32702059133563	-5949.294972354863
1880	-5979.960308223696	-5949.294972354863	-30.665335868833797	0.2984122165449935	0.5835553809097535	-0.5894517969370073	0.017582709325203637	1.1549943915045215	0.7571499695625604	0.2822567431240705	0.6870330674013589	2.780180803897815	12.996998589621798	-18.32702059133563	-5949.294972354863
1882	-5979.960308223696	-5949.294972354863	-30.665335868833797	0.2984122165449935	0.5835553809097535	-0.5894517969370073	0.017582709325203637	1.1549943915045215	0.7571499695625604	0.2822567431240705	0.6870330674013589	2.780180803897815	12.996998589621798	-18.32702059133563	-5949.294972354863
1884	-5979.928150953036	-5949.261491021144	-30.66665993189177	0.2984122165449935	0.5835553809097535	-0.5894517969370073	0.017582709325203637	1.1549943915045215	0.7571499695625604	0.2822567431240705	0.6870330674013589	2.745608603459096	12.937981346926335	-18.3283446543936	-5949.261491021144
1886	-5980.905393157809	-5949.261491021144	-31.643902136664856	0.2984122165449935	0.5835553809097535	-0.5894517969370073	0.017582709325203637	1.1549943915045215	0.7571499695625604	0.2822567431240705	1.73770453753018	2.745608603459096	12.937981346926335	-18.3283446543936	-5949.261491021144
1888	-5981.314603284875	-5949.261491021144	-32.05311226373084	0.5668453435440471	0.5835553809097535	-0.5894517969370073	0.017582709325203637	1.1549943915045215	0.7571499695625604	0.07920176632839702	1.73770453753018	2.745608603459096	12.937981346926335	-18.382482979323584	-5949.261491021144
1890	-5981.360171121931	-5949.322041533319	-32.03812958861199	0.5668453435440471	0.5835553809097535	-0.5894517969370073	0.017582709325203637	1.1549943915045215	0.7571499695625604	0.07920176632839702	1.73770453753018	2.745608603459096	12.902903963485553	-18.36750030420473	-5949.322041533319
1892	-5981.40186018034	-5949.166476468277	-32.235383712062784	0.5668453435440471	0.5835553809097535	-0.5894517969370073	0.017582709325203637	1.1549943915045215	0.7571499695625604	0.07920176632839702	1.73770453753018	2.745608603459096	13.070732379010204	-18.564754427655526	-5949.166476468277
1894	-5981.40186018034	-5949.166476468277	-32.235383712062784	0.5668453435440471	0.5835553809097535	-0.5894517969370073	0.017582709325203637	1.1549943915045215	0.7571499695625604	0.07920176632839702	1.73770453753018	2.745608603459096	13.070732379010204	-18.564754427655526	-5949.166476468277
1896	-5981.40186018034	-5949.166476468277	-32.235383712062784	0.5668453435440471	0.5835553809097535	-0.5894517969370073	0.017582709325203637	1.1549943915045215	0.7571499695625604	0.07920176632839702	1.73770453753018	2.745608603459096	13.070732379010204	-18.564754427655526	-5949.166476468277
1898	-5981.40186018034	-5949.166476468277	-32.235383712062784	0.5668453435440471	0.5835553809097535	-0.5894517969370073	0.017582709325203637	1.1549943915045215	0.7571499695625604	0.07920176632839702	1.73770453753018	2.745608603459096	13.070732379010204	-18.564754427655526	-5949.166476468277
1900	-5981.58526122494	-5949.341015776557	-32.244245448383055	0.5668453435440471	0.5835553809097535	-0.5894517969370073	0.017582709325203637	1.1549943915045215	0.7571499695625604	0.07920176632839702	1.73770453753018	2.745608603459096	13.07535915121842	-18.573616163975792	-5949.341015776557
1902	-5981.674129537879	-5949.461304253358	-32.21282528452078	0.5668453435440471	0.5835553809097535	-0.5894517969370073	0.017582709325203637	1.1549943915045215	0.7571499695625604	0.07920176632839702	1.73770453753018	2.745608603459096	13.075359151218423	-18.542196000113524	-5949.461304253358
1904	-5981.674129537879	-5949.461304253358	-32.21282528452078	0.5668453435440471	0.5835553809097535	-0.5894517969370073	0.017582709325203637	1.1549943915045215	0.7571499695625604	0.07920176632839702	1.73770453753018	2.745608603459096	13.075359151218423	-18.542196000113524	-5949.461304253358
1906	-5982.031872719012	-5949.461304253358	-32.570568465654404	0.5668453435440471	1.0942550506660658	-0.5894517969370073	0.03492609473022138	1.1549943915045215	0.7571499695625604	0.07920176632839702	1.73770453753018	2.745608603459096	13.075359151218423	-18.750319864433358	-5949.461304253358
1908	-5980.827726540216	-5949.461304253358	-31.366422286857052	0.5668453435440471	1.0942550506660658	-0.5894517969370073	0.03492609473022138	1.1549943915045215	0.7571499695625604	0.07920176632839702	0.664299266313904	2.745608603459096	13.075359151218423	-18.750319864433358	-5949.461304253358
1910	-5980.547951036318	-5949.179629748804	-31.368321287514902	0.5668453435440471	1.0942550506660658	-0.5894517969370073	0.03492609473022138	1.1549943915045215	0.7571499695625604	0.07920176632839702	0.664299266313904	2.745608603459096	13.075359151218423	-18.75221886509121	-5949.179629748804
1912	-5980.547951036318	-5949.179629748804	-31.368321287514902	0.5668453435440471	1.0942550506660658	-0.5894517969370073	0.03492609473022138	1.1549943915045215	0.7571499695625604	0.07920176632839702	0.664299266313904	2.745608603459096	13.075359151218423	-18.75221886509121	-5949.179629748804
1914	-5980.547951036318	-5949.179629748804	-31.368321287514902	0.5668453435440471	1.0942550506660658	-0.5894517969370073	0.03492609473022138	1.1549943915045215	0.7571499695625604	0.07920176632839702	0.664299266313904	2.745608603459096	13.075359151218423	-18.75221886509121	-5949.179629748804
1916	-5980.547951036318	-5949.179629748804	-31.368321287514902	0.5668453435440471	1.0942550506660658	-0.5894517969370073	0.03492609473022138	1.1549943915045215	0.7571499695625604	0.07920176632839702	0.664299266313904	2.745608603459096	13.075359151218423	-18.75221886509121	-5949.179629748804
1918	-5980.547951036318	-5949.179629748804	-31.368321287514902	0.5668453435440471	1.0942550506660658	-0.5894517969370073	0.03492609473022138	1.1549943915045215	0.7571499695625604	0.07920176632839702	0.664299266313904	2.745608603459096	13.075359151218423	-18.75221886509121	-5949.179629748804
1920	-5980.186857423098	-5949.179629748804	-31.007227674294672	0.5668453435440471	0.5260959824734388	-0.5894517969370073	0.03492609473022138	1.1549943915045215	0.7571499695625604	0.07920176632839702	0.664299266313904	2.745608603459096	13.075359151218423	-18.529375496240412	-5949.179629748804
1922	-5980.186857423098	-5949.179629748804	-31.007227674294672	0.5668453435440471	0.5260959824734388	-0.5894517969370073	0.03492609473022138	1.1549943915045215	0.7571499695625604	0.07920176632839702	0.664299266313904	2.745608603459096	13.075359151218423	-18.529375496240412	-5949.179629748804
1924	-5980.186857423098	-5949.179629748804	-31.007227674294672	0.5668453435440471	0.5260959824734388	-0.5894517969370073	0.03492609473022138	1.1549943915045215	0.7571499695625604	0.07920176632839702	0.664299266313904	2.745608603459096	13.075359151218423	-18.529375496240412	-5949.179629748804
1926	-5979.516338327356	-5948.513067735207	-31.003270592148272	0.5668453435440471	0.5260959824734388	-0.5894517969370073	0.03492609473022138	1.1549943915045215	0.7571499695625604	0.07920176632839702	0.664299266313904	2.745608603459096	13.077315282223845	-18.525418414094013	-5948.513067735207
1928	-5979.399750448958	-5948.305236806453	-31.094513642505472	0.5668453435440471	0.5260959824734388	-0.5894517969370073	0.07603042941697054	1.1549943915045215	0.7571499695625604	0.07920176632839702	0.664299266313904	2.745608603459096	13.116117578238836	-18.590152043456097	-5948.305236806453
1930	-5981.114000312827	-5950.535316932272	-30.578683380554985	0.5668453435440471	0.5260959824734388	-0.3346220710290617	0.07603042941697054	1.1549943915045215	0.7571499695625604	0.07920176632839702	0.664299266313904	2.745608603459096	12.907172525322892	-18.329178085487086	-5950.535316932272
1932	-5981.128174124679	-5950.549559916407	-30.57861420827293	0.5668453435440471	0.5260959824734388	-0.3346220710290617	0.07603042941697054	1.1549943915045215	0.7571499695625604	0.07920176632839702	0.664299266313904	2.745608603459096	12.907172525322894	-18.329108913205033	-5950.549559916407
1934	-5981.06017351262	-5950.370678493369	-30.689495019250497	0.5668453435440471	0.5260959824734388	-0.3346220710290617	0.07603042941697054	1.1549943915045215	0.7571499695625604	0.07920176632839702	0.664299266313904	2.781035777926198	13.073716530304337	-18.4399897241826	-5950.370678493369
1936	-5982.007511341003	-5950.682754727423	-31.324756613579552	1.0134526905525219	0.5260959824734388	-0.3346220710290617	0.07603042941697054	1.1549943915045215	0.7571499695625604	0.07920176632839702	0.664299266313904	2.781035777926198	13.07878065407994	-18.60443693702536	-5950.682754727423
1938	-5981.979535773494	-5950.682754727423	-31.296781046070322	1.0134526905525219	0.5260959824734388	-0.3346220710290617	0.07603042941697054	1.1549943915045215	0.7571499695625604	0.11340592595215436	0.664299266313904	2.781035777926198	13.07878065407994	-18.592595183407546	-5950.682754727423
1940	-5981.405946010465	-5950.682754727423	-30.72319128304207	0.6153818793941012	0.5260959824734388	-0.3346220710290617	0.07603042941697054	1.1549943915045215	0.7571499695625604	0.11340592595215436	0.664299266313904	2.781035777926198	13.07878065407994	-18.457973464390435	-5950.682754727423
1942	-5981.333739104404	-5950.716327429136	-30.617411675267995	0.6153818793941012	0.5260959824734388	-0.3346220710290617	0.07603042941697054	1.1549943915045215	0.7571499695625604	0.42405909154269955	0.664299266313904	2.781035777926198	12.917391262814327	-18.391595317517293	-5950.716327429136
1944	-5981.190722916968	-5950.716327429136	-30.47439548783221	0.22644051692316072	0.5260959824734388	-0.3346220710290617	0.07603042941697054	1.1549943915045215	0.7571499695625604	0.42405909154269955	0.664299266313904	2.781035777926198	12.917391262814327	-18.371378191649992	-5950.716327429136
1946	-5981.150284617638	-5950.711689399026	-30.43859521861251	0.22644051692316072	0.5260959824734388	-0.3346220710290617	0.07603042941697054	1.1549943915045215	0.7571499695625604	0.42405909154269955	0.49489442675414685	2.781035777926198	12.900666066248974	-18.36192677086008	-5950.711689399026
1948	-5981.125485041776	-5950.711689399026	-30.41379564274998	0.22644051692316072	0.20740353012435853	-0.3346220710290617	0.07603042941697054	1.1549943915045215	0.7571499695625604	0.42405909154269955	0.49489442675414685	2.781035777926198	12.900666066248974	-18.381842690581443	-5950.711689399026
1950	-5981.125485041776	-5950.711689399026	-30.41379564274998	0.22644051692316072	0.20740353012435853	-0.3346220710290617	0.07603042941697054	1.1549943915045215	0.7571499695625604	0.42405909154269955	0.49489442675414685	2.781035777926198	12.900666066248974	-18.381842690581443	-5950.711689399026
1952	-5981.102296749119	-5950.711689399026	-30.39060735009303	0.22644051692316072	0.20740353012435853	-0.3346220710290617	0.041679092460762276	1.1549943915045215	0.7571499695625604	0.42405909154269955	0.49489442675414685	2.781035777926198	12.900666066248974	-18.372170853163883	-5950.711689399026
1954	-5980.9575723467115	-5950.600654450712	-30.356917895999324	0.22644051692316072	0.20740353012435853	-0.3346220710290617	0.041679092460762276	1.1549943915045215	1.4459906320938662	0.42405909154269955	0.49489442675414685	2.781035777926198	12.900666066248974	-18.375282085086774	-5950.600654450712
1956	-5981.026740735802	-5950.673881740052	-30.35285899575061	0.22644051692316072	0.20740353012435853	-0.3346220710290617	0.041679092460762276	1.1549943915045215	1.4459906320938662	0.42405909154269955	0.49489442675414685	2.781035777926198	12.898534293084097	-18.371223184838062	-5950.673881740052
1958	-5981.020104891417	-5950.673881740052	-30.346223151365358	0.22644051692316072	0.29309385473643706	-0.3346220710290617	0.041679092460762276	1.1549943915045215	1.4459906320938662	0.42405909154269955	0.49489442675414685	2.781035777926198	12.898534293084097	-18.36254721016517	-5950.673881740052
1960	-5981.038038586377	-5950.682013580383	-30.356025005994848	0.22644051692316072	0.29309385473643706	-0.3346220710290617	0.041679092460762276	1.1549943915045215	1.4459906320938662	0.42405909154269955	0.49489442675414685	2.781035777926198	12.914957089038786	-18.372349064794662	-5950.682013580383
1962	-5981.059781969179	-5950.717938507961	-30.341843461218712	0.22644051692316072	0.29309385473643706	-0.3346220710290617	0.041679092460762276	1.1549943915045215	1.4459906320938662	0.42405909154269955	0.49489442675414685	2.781035777926198	12.900566804224423	-18.358167520018526	-5950.717938507961
1964	-5982.532184385537	-5951.494432879745	-31.037751505792638	0.22644051692316072	0.29309385473643706	-0.3346220710290617	0.041679092460762276	1.1549943915045215	1.4459906320938662	0.42405909154269955	0.49489442675414685	3.005238097607977	14.174943058205422	-19.054075564592452	-5951.494432879745
1966	-5982.002288905323	-5950.97370761661	-31.02858128871309	0.22644051692316072	0.29309385473643706	-0.3346220710290617	0.041679092460762276	1.1549943915045215	1.4459906320938662	0.42405909154269955	0.49489442675414685	3.005238097607977	14.169957700306611	-19.044905347512906	-5950.97370761661
1968	-5983.76098803964	-5950.97370761661	-32.78728042303039	0.22644051692316072	0.29309385473643706	-0.3346220710290617	0.041679092460762276	1.1549943915045215	3.052908267493558	0.42405909154269955	0.49489442675414685	3.005238097607977	14.169957700306611	-19.044905347512906	-5950.97370761661
1970	-5984.754524914055	-5950.9993711657335	-33.7551537483217	0.22644051692316072	0.29309385473643706	-0.3346220710290617	0.041679092460762276	1.1549943915045215	3.052908267493558	0.42405909154269955	0.49489442675414685	6.8884306024954585	21.936342710081572	-20.012778672804217	-5950.9993711657335
1972	-5984.754524914055	-5950.9993711657335	-33.7551537483217	0.22644051692316072	0.29309385473643706	-0.3346220710290617	0.041679092460762276	1.1549943915045215	3.052908267493558	0.42405909154269955	0.49489442675414685	6.8884306024954585	21.936342710081572	-20.012778672804217	-5950.9993711657335
1974	-5984.16714737978	-5950.424556334981	-33.74259104479849	0.22644051692316072	0.29309385473643706	-0.3346220710290617	0.041679092460762276	1.1549943915045215	3.052908267493558	0.42405909154269955	0.49489442675414685	6.8884306024954585	21.929752227485242	-20.000215969281	-5950.424556334981
1976	-5984.16714737978	-5950.424556334981	-33.74259104479849	0.22644051692316072	0.29309385473643706	-0.3346220710290617	0.041679092460762276	1.1549943915045215	3.052908267493558	0.42405909154269955	0.49489442675414685	6.8884306024954585	21.929752227485242	-20.000215969281	-5950.424556334981
1978	-5984.272820622426	-5950.424556334981	-33.84826428744452	0.22644051692316072	0.29309385473643706	-0.3346220710290617	0.041679092460762276	1.1549943915045215	3.052908267493558	0.42405909154269955	0.8892086696426936	6.8884306024954585	21.929752227485242	-20.000215969281	-5950.424556334981
1980	-5984.272820622426	-5950.424556334981	-33.84826428744452	0.22644051692316072	0.29309385473643706	-0.3346220710290617	0.041679092460762276	1.1549943915045215	3.052908267493558	0.42405909154269955	0.8892086696426936	6.8884306024954585	21.929752227485242	-20.000215969281	-5950.424556334981
1982	-5984.214011231148	-5950.420801378758	-33.793209852389296	0.22644051692316072	0.29309385473643706	-0.3346220710290617	0.041679092460762276	1.1549943915045215	3.052908267493558	0.42405909154269955	0.8892086696426936	6.8884306024954585	21.861362714223446	-19.94516153422577	-5950.420801378758
1984	-5984.214011231148	-5950.420801378758	-33.793209852389296	0.22644051692316072	0.29309385473643706	-0.3346220710290617	0.041679092460762276	1.1549943915045215	3.052908267493558	0.42405909154269955	0.8892086696426936	6.8884306024954585	21.861362714223446	-19.94516153422577	-5950.420801378758
1986	-5982.079976350141	-5950.420211212236	-31.65976513790513	0.22644051692316072	0.29309385473643706	-0.3346220710290617	0.041679092460762276	1.1549943915045215	1.8972819558769174	0.42405909154269955	0.8892086696426936	4.4088074610701	16.90211643137273	-19.337259945966515	-5950.420211212236
1988	-5982.074652155685	-5950.393027712122	-31.681624443562857	0.22644051692316072	0.29309385473643706	-0.3346220710290617	0.041679092460762276	1.1549943915045215	1.8972819558769174	0.42405909154269955	0.8892086696426936	4.4088074610701	16.926579525047725	-19.359119251624243	-5950.393027712122
1990	-5982.074652155685	-5950.393027712122	-31.681624443562857	0.22644051692316072	0.29309385473643706	-0.3346220710290617	0.041679092460762276	1.1549943915045215	1.8972819558769174	0.42405909154269955	0.8892086696426936	4.4088074610701	16.926579525047725	-19.359119251624243	-5950.393027712122
1992	-5982.074652155685	-5950.393027712122	-31.681624443562857	0.22644051692316072	0.29309385473643706	-0.3346220710290617	0.041679092460762276	1.1549943915045215	1.8972819558769174	0.42405909154269955	0.8892086696426936	4.4088074610701	16.926579525047725	-19.359119251624243	-5950.393027712122
1994	-5981.294632488464	-5950.147649977094	-31.14698251137042	0.22644051692316072	0.29309385473643706	-0.3346220710290617	0.041679092460762276	1.1549943915045215	1.8972819558769174	0.42405909154269955	0.8892086696426936	4.116847667062599	15.80566854968274	-18.824477319431807	-5950.147649977094
1996	-5981.409193725723	-5950.148481967017	-31.260711758705817	0.22644051692316072	0.29309385473643706	-0.3346220710290617	0.041679092460762276	1.1549943915045215	1.8972819558769174	0.42405909154269955	0.8892086696426936	4.116847667062599	15.9342937136976	-18.938206566767203	-5950.148481967017
1998	-5981.441747860384	-5950.148481967017	-31.29326589336666	0.22644051692316072	0.29309385473643706	-0.3346220710290617	0.09302231621912843	1.1549943915045215	1.8972819558769174	0.42405909154269955	0.8892086696426936	4.116847667062599	15.9342937136976	-18.950122123277502	-5950.148481967017
2000	-5981.97590560937	-5950.148481967017	-31.82742364235281	0.22644051692316072	0.29309385473643706	-0.3346220710290617	0.09302231621912843	1.1549943915045215	1.8972819558769174	0.42405909154269955	1.5574961775686083	4.116847667062599	15.9342937136976	-18.950122123277502	-5950.148481967017
2002	-5981.9724914001	-5950.148481967017	-31.824009433083425	0.15109996593784344	0.29309385473643706	-0.3346220710290617	0.09302231621912843	1.1549943915045215	1.8972819558769174	0.42405909154269955	1.5574961775686083	4.116847667062599	15.9342937136976	-18.953070169499878	-5950.148481967017
2004	-5981.9724914001	-5950.148481967017	-31.824009433083425	0.15109996593784344	0.29309385473643706	-0.3346220710290617	0.09302231621912843	1.1549943915045215	1.8972819558769174	0.42405909154269955	1.5574961775686083	4.116847667062599	15.9342937136976	-18.953070169499878	-5950.148481967017
2006	-5981.977049119663	-5950.148481967017	-31.828567152646578	0.2346098658186705	0.29309385473643706	-0.3346220710290617	0.09302231621912843	1.1549943915045215	1.8972819558769174	0.42405909154269955	1.5574961775686083	4.116847667062599	15.9342937136976	-18.949893538094717	-5950.148481967017
2008	-5981.977049119663	-5950.148481967017	-31.828567152646578	0.2346098658186705	0.29309385473643706	-0.3346220710290617	0.09302231621912843	1.1549943915045215	1.8972819558769174	0.42405909154269955	1.5574961775686083	4.116847667062599	15.9342937136976	-18.949893538094717	-5950.148481967017
2010	-5981.994419714971	-5950.207193904126	-31.78722581084427	0.2346098658186705	0.29309385473643706	-0.3346220710290617	0.09302231621912843	1.1549943915045215	1.8972819558769174	0.42405909154269955	1.5574961775686083	4.116847667062599	15.921665230999414	-18.90855219629241	-5950.207193904126
2012	-5981.994419714971	-5950.207193904126	-31.78722581084427	0.2346098658186705	0.29309385473643706	-0.3346220710290617	0.09302231621912843	1.1549943915045215	1.8972819558769174	0.42405909154269955	1.5574961775686083	4.116847667062599	15.921665230999414	-18.90855219629241	-5950.207193904126
2014	-5981.9761451822515	-5950.207193904126	-31.768951278125552	0.2346098658186705	0.4292450393382789	-0.3346220710290617	0.040409584707231494	1.1549943915045215	1.8972819558769174	0.42405909154269955	1.5574961775686083	4.116847667062599	15.921665230999414	-18.894161916238343	-5950.207193904126
2016	-5984.084787211681	-5952.060220608592	-32.02456660308846	0.2346098658186705	0.4292450393382789	-0.3346220710290617	0.040409584707231494	1.1549943915045215	1.8972819558769174	0.42405909154269955	1.5574961775686083	4.116847667062599	16.197976937741497	-19.149777241201253	-5952.060220608592
2018	-5984.248136788988	-5952.216569427286	-32.03156736170147	0.2346098658186705	0.4292450393382789	-0.3346220710290617	0.040409584707231494	1.1549943915045215	1.8972819558769174	0.42405909154269955	1.5574961775686083	4.116847667062599	16.197976937741494	-19.15677799981426	-5952.216569427286
2020	-5984.248136788988	-5952.216569427286	-32.03156736170147	0.2346098658186705	0.4292450393382789	-0.3346220710290617	0.040409584707231494	1.1549943915045215	1.8972819558769174	0.42405909154269955	1.5574961775686083	4.116847667062599	16.197976937741494	-19.15677799981426	-5952.216569427286
2022	-5984.248136788988	-5952.216569427286	-32.03156736170147	0.2346098658186705	0.4292450393382789	-0.3346220710290617	0.040409584707231494	1.1549943915045215	1.8972819558769174	0.42405909154269955	1.5574961775686083	4.116847667062599	16.197976937741494	-19.15677799981426	-5952.216569427286
2024	-5984.704079077942	-5952.216569427286	-32.48750965065549	0.2346098658186705	1.1046695648191291	-0.3346220710290617	0.040409584707231494	1.1549943915045215	1.8972819558769174	0.42405909154269955	1.5574961775686083	4.116847667062599	16.197976937741494	-19.2531597742414	-5952.216569427286
2026	-5984.835684467302	-5952.336066199549	-32.49961826775199	0.2346098658186705	1.1046695648191291	-0.3346220710290617	0.040409584707231494	1.1549943915045215	1.8972819558769174	0.42405909154269955	1.5574961775686083	4.116847667062599	16.230019159179584	-19.2652683913379	-5952.336066199549
2028	-5984.835684467302	-5952.336066199549	-32.49961826775199	0.2346098658186705	1.1046695648191291	-0.3346220710290617	0.040409584707231494	1.1549943915045215	1.8972819558769174	0.42405909154269955	1.5574961775686083	4.116847667062599	16.230019159179584	-19.2652683913379	-5952.336066199549
2030	-5984.851934397724	-5952.336066199549	-32.515868198174815	0.2346098658186705	1.1046695648191291	-0.3346220710290617	0.07052687169988213	1.1549943915045215	1.8972819558769174	0.42405909154269955	1.5574961775686083	4.116847667062599	16.230019159179584	-19.26976986026569	-5952.336066199549
2032	-5985.360933818183	-5952.383130727064	-32.9778030911194	0.2346098658186705	1.1046695648191291	-0.3346220710290617	0.07052687169988213	1.1549943915045215	1.8972819558769174	0.42405909154269955	1.5574961775686083	4.338542940242205	17.10401762164197	-19.731704753210266	-5952.383130727064
2034	-5985.360933818183	-5952.383130727064	-32.9778030911194	0.2346098658186705	1.1046695648191291	-0.3346220710290617	0.07052687169988213	1.1549943915045215	1.8972819558769174	0.42405909154269955	1.5574961775686083	4.338542940242205	17.10401762164197	-19.731704753210266	-5952.383130727064
2036	-5985.360933818183	-5952.383130727064	-32.9778030911194	0.2346098658186705	1.1046695648191291	-0.3346220710290617	0.07052687169988213	1.1549943915045215	1.8972819558769174	0.42405909154269955	1.5574961775686083	4.338542940242205	17.10401762164197	-19.731704753210266	-5952.383130727064
2038	-5985.378850165645	-5952.382514289806	-32.99633587584003	0.2346098658186705	1.1046695648191291	-0.3346220710290617	0.07052687169988213	1.1549943915045215	1.8972819558769174	0.42405909154269955	1.5574961775686083	4.338542940242205	17.137663016524364	-19.750237537930907	-5952.382514289806
2040	-5985.15920325688	-5953.034090105509	-32.125113151370684	0.2346098658186705	1.1046695648191291	-0.3346220710290617	0.07052687169988213	1.1549943915045215	1.8972819558769174	0.42405909154269955	1.5574961775686083	3.9250835444389143	15.504458529697967	-18.879014813461556	-5953.034090105509
2042	-5985.136004351423	-5952.989962635413	-32.14604171601067	0.2346098658186705	1.1046695648191291	-0.3346220710290617	0.07052687169988213	1.1549943915045215	1.8972819558769174	0.42405909154269955	1.5574961775686083	3.9250835444389143	15.506731587078002	-18.89994337810154	-5952.989962635413
2044	-5985.136004351423	-5952.989962635413	-32.14604171601067	0.2346098658186705	1.1046695648191291	-0.3346220710290617	0.07052687169988213	1.1549943915045215	1.8972819558769174	0.42405909154269955	1.5574961775686083	3.9250835444389143	15.506731587078002	-18.89994337810154	-5952.989962635413
2046	-5985.136004351423	-5952.989962635413	-32.14604171601067	0.2346098658186705	1.1046695648191291	-0.3346220710290617	0.07052687169988213	1.1549943915045215	1.8972819558769174	0.42405909154269955	1.5574961775686083	3.9250835444389143	15.506731587078002	-18.89994337810154	-5952.989962635413
2048	-5985.247478196384	-5952.638104303587	-32.60937389279617	0.2346098658186705	0.5475011704722077	-0.3346220710290617	0.07052687169988213	1.1549943915045215	1.8972819558769174	0.42405909154269955	1.5574961775686083	4.358912512763584	17.220649084717216	-19.692827010535527	-5952.638104303587
2050	-5985.200075347497	-5952.637584007633	-32.56249133986331	0.2346098658186705	0.5475011704722077	-0.3346220710290617	0.07052687169988213	1.1549943915045215	1.8972819558769174	0.42405909154269955	1.5574961775686083	4.172583526755513	16.847991112701077	-19.645944457602667	-5952.637584007633
2052	-5985.187422611519	-5952.637584007633	-32.549838603885206	0.2346098658186705	0.5475011704722077	-0.3346220710290617	0.07052687169988213	0.710029632160356	1.8972819558769174	0.42405909154269955	1.5574961775686083	4.172583526755513	16.847991112701077	-19.618938078580893	-5952.637584007633
2054	-5985.506170991272	-5952.899237571976	-32.60693341929488	0.2346098658186705	0.5475011704722077	-0.3346220710290617	0.07052687169988213	0.710029632160356	1.8972819558769174	0.42405909154269955	1.5574961775686083	4.172583526755513	16.88955855872615	-19.67603289399057	-5952.899237571976
2056	-5985.506170991272	-5952.899237571976	-32.60693341929488	0.2346098658186705	0.5475011704722077	-0.3346220710290617	0.07052687169988213	0.710029632160356	1.8972819558769174	0.42405909154269955	1.5574961775686083	4.172583526755513	16.88955855872615	-19.67603289399057	-5952.899237571976
2058	-5985.495125283284	-5952.855736385928	-32.63938889735627	0.2346098658186705	0.5475011704722077	-0.3346220710290617	0.12176436422510688	0.710029632160356	1.8972819558769174	0.42405909154269955	1.5574961775686083	4.172583526755513	16.88955855872615	-19.686416915807143	-5952.855736385928
2060	-5985.616109334443	-5952.855736385928	-32.760372948514345	0.2346098658186705	0.5475011704722077	-0.3346220710290617	0.12176436422510688	0.710029632160356	1.8972819558769174	0.3349824822458046	1.5574961775686083	4.172583526755513	16.88955855872615	-19.736277338182997	-5952.855736385928
2062	-5985.004898965078	-5952.455209800541	-32.54968916453694	0.2346098658186705	0.5475011704722077	-0.3346220710290617	0.12176436422510688	0.710029632160356	1.8972819558769174	0.3349824822458046	1.5574961775686083	4.172583526755513	16.740513395579455	-19.525593554205596	-5952.455209800541
2064	-5985.004898965078	-5952.455209800541	-32.54968916453694	0.2346098658186705	0.5475011704722077	-0.3346220710290617	0.12176436422510688	0.710029632160356	1.8972819558769174	0.3349824822458046	1.5574961775686083	4.172583526755513	16.740513395579455	-19.525593554205596	-5952.455209800541
2066	-5985.9795502822035	-5952.455834465283	-33.52371581692003	0.2346098658186705	0.5475011704722077	-0.3346220710290617	0.12176436422510688	0.710029632160356	1.8972819558769174	0.3349824822458046	1.5574961775686083	7.1587471482642515	22.71284063859693	-20.499620206588684	-5952.455834465283
2068	-5985.724409689478	-5953.149587173552	-32.57482251592634	0.2346098658186705	0.5475011704722077	-0.3346220710290617	0.12176436422510688	0.710029632160356	1.8972819558769174	0.3349824822458046	1.5574961775686083	6.584347153439335	20.89041902276539	-19.55072690559499	-5953.149587173552
2070	-5985.755408179059	-5953.159809951218	-32.59559822784058	0.2346098658186705	0.5475011704722077	-0.3346220710290617	0.12176436422510688	0.710029632160356	1.8972819558769174	0.3349824822458046	1.5574961775686083	6.584347153439335	20.913302006683203	-19.57150261750923	-5953.159809951218
2072	-5985.836449914814	-5953.159810914826	-32.67663899998793	0.2346098658186705	0.5475011704722077	-0.3346220710290617	0.12176436422510688	0.710029632160356	1.8972819558769174	0.3349824822458046	1.5574961775686083	6.832683409502303	21.409974518809136	-19.65254338965658	-5953.159810914826
2074	-5985.763649817464	-5953.086731635605	-32.676918181859406	0.2346098658186705	0.5475011704722077	-0.3346220710290617	0.12176436422510688	0.710029632160356	1.8972819558769174	0.3349824822458046	1.5574961775686083	6.832683409502303	21.409974518809133	-19.65282257152806	-5953.086731635605
2076	-5985.763649817464	-5953.086731635605	-32.676918181859406	0.2346098658186705	0.5475011704722077	-0.3346220710290617	0.12176436422510688	0.710029632160356	1.8972819558769174	0.3349824822458046	1.5574961775686083	6.832683409502303	21.409974518809133	-19.65282257152806	-5953.086731635605
2078	-5984.417712446267	-5953.066382697725	-31.35132974854171	0.2346098658186705	0.5475011704722077	-0.3346220710290617	0.12176436422510688	0.710029632160356	1.8972819558769174	0.3349824822458046	1.5574961775686083	2.8225369915901886	13.389681682984904	-18.327234138210358	-5953.066382697725
2080	-5984.232176794774	-5952.602043306716	-31.630133488057915	0.2346098658186705	0.5475011704722077	-0.3346220710290617	0.12176436422510688	0.710029632160356	1.8972819558769174	0.3349824822458046	0.7074143975359958	3.100971937188792	14.710534271309747	-19.28395497958911	-5952.602043306716
2082	-5984.066782882008	-5952.462377639729	-31.60440524227876	0.2346098658186705	0.5475011704722077	-0.3346220710290617	0.12176436422510688	0.710029632160356	1.8972819558769174	0.3349824822458046	0.7074143975359958	3.100971937188792	14.68944808870971	-19.258226733809956	-5952.462377639729
2084	-5983.793073229194	-5953.224687402695	-30.5683858264994	0.2346098658186705	0.5475011704722077	-0.3346220710290617	0.12176436422510688	0.710029632160356	1.8972819558769174	0.3349824822458046	0.7074143975359958	2.798547662087744	13.256850251694182	-18.2222073180306	-5953.224687402695
2086	-5983.793073229194	-5953.224687402695	-30.5683858264994	0.2346098658186705	0.5475011704722077	-0.3346220710290617	0.12176436422510688	0.710029632160356	1.8972819558769174	0.3349824822458046	0.7074143975359958	2.798547662087744	13.256850251694182	-18.2222073180306	-5953.224687402695
2088	-5983.866367092915	-5953.224687402695	-30.641679690220514	0.2346098658186705	0.5475011704722077	-0.3346220710290617	0.12176436422510688	0.710029632160356	1.8972819558769174	0.14680260478350013	0.7074143975359958	2.798547662087744	13.256850251694182	-18.25304228574866	-5953.224687402695
2090	-5983.873541183503	-5953.224145986892	-30.64939519661111	0.2346098658186705	0.5475011704722077	-0.3346220710290617	0.12176436422510688	0.710029632160356	1.8972819558769174	0.14680260478350013	0.7074143975359958	2.798547662087744	13.267813915012063	-18.260757792139252	-5953.224145986892
2092	-5984.1526502247525	-5952.876047381521	-31.27660284323183	0.2346098658186705	0.5475011704722077	-0.3346220710290617	0.12176436422510688	0.710029632160356	1.8972819558769174	0.14680260478350013	1.448149889964108	2.798547662087744	13.220834383279417	-18.19835585152309	-5952.876047381521
2094	-5984.1526502247525	-5952.876047381521	-31.27660284323183	0.2346098658186705	0.5475011704722077	-0.3346220710290617	0.12176436422510688	0.710029632160356	1.8972819558769174	0.14680260478350013	1.448149889964108	2.798547662087744	13.220834383279417	-18.19835585152309	-5952.876047381521
2096	-5983.640795229165	-5952.876047381521	-30.76474784764388	0.2346098658186705	0.5475011704722077	-0.3346220710290617	0.12176436422510688	0.710029632160356	1.3312043974192702	0.14680260478350013	1.448149889964108	2.798547662087744	13.220834383279417	-18.19835585152309	-5952.876047381521
2098	-5983.141638677748	-5952.292963936437	-30.84867474131123	0.2346098658186705	0.5475011704722077	-0.3346220710290617	0.12176436422510688	0.710029632160356	1.3312043974192702	0.14680260478350013	1.448149889964108	2.798547662087744	13.277879694483051	-18.28228274519044	-5952.292963936437
2100	-5982.894297252259	-5952.292963936437	-30.601333315821343	0.2346098658186705	0.5475011704722077	-0.3346220710290617	0.12176436422510688	0.710029632160356	1.3312043974192702	0.39330095827698824	1.448149889964108	2.798547662087744	13.277879694483051	-18.258773244178105	-5952.292963936437
2102	-5982.894297252259	-5952.292963936437	-30.601333315821343	0.2346098658186705	0.5475011704722077	-0.3346220710290617	0.12176436422510688	0.710029632160356	1.3312043974192702	0.39330095827698824	1.448149889964108	2.798547662087744	13.277879694483051	-18.258773244178105	-5952.292963936437
2104	-5982.362376116016	-5952.292963936437	-30.069412179578414	0.2346098658186705	0.5475011704722077	-0.3346220710290617	0.12176436422510688	0.710029632160356	1.3312043974192702	0.39330095827698824	0.6143529797461595	2.798547662087744	13.277879694483051	-18.258773244178105	-5952.292963936437
2106	-5982.362376116016	-5952.292963936437	-30.069412179578414	0.2346098658186705	0.5475011704722077	-0.3346220710290617	0.12176436422510688	0.710029632160356	1.3312043974192702	0.39330095827698824	0.6143529797461595	2.798547662087744	13.277879694483051	-18.258773244178105	-5952.292963936437
2108	-5982.324407316598	-5952.292963936437	-30.031443380160102	0.2346098658186705	0.29891941656352106	-0.3346220710290617	0.12176436422510688	0.710029632160356	1.3312043974192702	0.39330095827698824	0.6143529797461595	2.798547662087744	13.277879694483051	-18.267687069865186	-5952.292963936437
2110	-5982.276514136712	-5952.245175721738	-30.03133841497425	0.2346098658186705	0.29891941656352106	-0.3346220710290617	0.12176436422510688	0.710029632160356	1.3312043974192702	0.39330095827698824	0.6143529797461595	2.798547662087744	13.277879694483051	-18.267582104679335	-5952.245175721738
2112	-5984.087899747647	-5954.583179734216	-29.50472001343043	0.2346098658186705	0.29891941656352106	-0.3346220710290617	0.12176436422510688	0.710029632160356	1.3312043974192702	0.39330095827698824	0.6143529797461595	2.636272704492106	12.507956282574884	-17.740963703135513	-5954.583179734216
2114	-5984.087899747647	-5954.583179734216	-29.50472001343043	0.2346098658186705	0.29891941656352106	-0.3346220710290617	0.12176436422510688	0.710029632160356	1.3312043974192702	0.39330095827698824	0.6143529797461595	2.636272704492106	12.507956282574884	-17.740963703135513	-5954.583179734216
2116	-5984.091879951838	-5954.583179734216	-29.508700217621204	0.2346098658186705	0.24793137290403033	-0.3346220710290617	0.12176436422510688	0.710029632160356	1.3312043974192702	0.39330095827698824	0.6143529797461595	2.636272704492106	12.507956282574884	-17.746923035209278	-5954.583179734216
2118	-5984.116489792956	-5954.592249848277	-29.524239944678367	0.2346098658186705	0.24793137290403033	-0.3346220710290617	0.12176436422510688	0.710029632160356	1.3312043974192702	0.39330095827698824	0.6143529797461595	2.636272704492106	12.526249093493156	-17.76246276226644	-5954.592249848277
2120	-5983.938952485257	-5954.592249848277	-29.346702636980098	0.2346098658186705	0.24793137290403033	-0.3346220710290617	0.12176436422510688	0.710029632160356	0.8854818296328514	0.39330095827698824	0.6143529797461595	2.636272704492106	12.526249093493156	-17.76246276226644	-5954.592249848277
2122	-5983.653632265925	-5954.1257602593205	-29.52787200660477	0.5122606753261525	0.24793137290403033	-0.3346220710290617	0.12176436422510688	0.710029632160356	0.8854818296328514	0.39330095827698824	0.6143529797461595	2.636272704492106	12.579795322680127	-17.805101267934067	-5954.1257602593205
2124	-5984.379045912476	-5954.157691719472	-30.221354193003688	0.5122606753261525	0.24793137290403033	-0.3346220710290617	0.12176436422510688	0.710029632160356	0.8854818296328514	0.39330095827698824	0.6143529797461595	4.776112921351602	16.859475756399117	-18.498583454332984	-5954.157691719472
2126	-5983.146478927319	-5951.743695687289	-31.40278324003006	0.5122606753261525	0.24793137290403033	-0.3346220710290617	0.12176436422510688	0.710029632160356	0.8854818296328514	0.39330095827698824	0.6143529797461595	5.368586036187969	18.950880687645025	-19.680012501359357	-5951.743695687289
2128	-5982.4944146358375	-5951.042322441791	-31.452092194046923	0.5122606753261525	0.24793137290403033	-0.3346220710290617	0.12176436422510688	0.710029632160356	0.8854818296328514	0.39330095827698824	0.6143529797461595	5.368586036187969	18.981711115355928	-19.72932145537622	-5951.042322441791
2130	-5982.4944146358375	-5951.042322441791	-31.452092194046923	0.5122606753261525	0.24793137290403033	-0.3346220710290617	0.12176436422510688	0.710029632160356	0.8854818296328514	0.39330095827698824	0.6143529797461595	5.368586036187969	18.981711115355928	-19.72932145537622	-5951.042322441791
2132	-5982.4944146358375	-5951.042322441791	-31.452092194046923	0.5122606753261525	0.24793137290403033	-0.3346220710290617	0.12176436422510688	0.710029632160356	0.8854818296328514	0.39330095827698824	0.6143529797461595	5.368586036187969	18.981711115355928	-19.72932145537622	-5951.042322441791
2134	-5983.31043963668	-5951.718608581844	-31.59183105483558	0.5122606753261525	0.24793137290403033	-0.3346220710290617	0.12176436422510688	0.710029632160356	0.8854818296328514	0.39330095827698824	0.6143529797461595	5.368586036187969	19.081458389877692	-19.869060316164877	-5951.718608581844
2136	-5983.194633913576	-5951.623757165341	-31.570876748234767	0.5122606753261525	0.24793137290403033	-0.3346220710290617	0.12176436422510688	0.710029632160356	0.8854818296328514	0.39330095827698824	0.6143529797461595	5.368586036187969	19.07788313584288	-19.848106009564063	-5951.623757165341
2138	-5982.346394870114	-5951.5531777209935	-30.793217149120412	0.5122606753261525	0.24793137290403033	-0.3346220710290617	0.12176436422510688	0.710029632160356	0.8854818296328514	0.39330095827698824	0.6143529797461595	3.3479835596795153	14.880891242653371	-19.07044641044971	-5951.5531777209935
2140	-5982.340527090644	-5951.552232446606	-30.788294644038345	0.5122606753261525	0.24793137290403033	-0.3346220710290617	0.12176436422510688	0.710029632160356	0.8854818296328514	0.39330095827698824	0.6143529797461595	3.3479835596795153	14.873090014754501	-19.06552390536764	-5951.552232446606
2142	-5982.49111719019	-5951.601287015783	-30.889830174407287	0.5122606753261525	0.24793137290403033	-0.3346220710290617	0.12176436422510688	0.710029632160356	0.8854818296328514	0.39330095827698824	0.6143529797461595	3.3479835596795153	14.988375733402679	-19.167059435736583	-5951.601287015783
2144	-5982.819799326921	-5951.601287015783	-31.218512311138156	0.5122606753261525	0.24793137290403033	-0.3346220710290617	0.12176436422510688	0.710029632160356	0.8854818296328514	0.7632575188281178	0.6143529797461595	3.3479835596795153	14.988375733402679	-19.295149091552624	-5951.601287015783
2146	-5982.813816038222	-5951.599766044345	-31.21404999387698	0.5122606753261525	0.24793137290403033	-0.3346220710290617	0.12176436422510688	0.710029632160356	0.8854818296328514	0.7632575188281178	0.6143529797461595	3.3479835596795153	14.988375733402679	-19.290686774291448	-5951.599766044345
2148	-5982.813816038222	-5951.599766044345	-31.21404999387698	0.5122606753261525	0.24793137290403033	-0.3346220710290617	0.12176436422510688	0.710029632160356	0.8854818296328514	0.7632575188281178	0.6143529797461595	3.3479835596795153	14.988375733402679	-19.290686774291448	-5951.599766044345
2150	-5983.181056385849	-5951.599766044345	-31.581290341503486	0.5122606753261525	0.24793137290403033	-0.3346220710290617	0.12176436422510688	0.710029632160356	0.8854818296328514	0.7632575188281178	1.6331157009545028	3.3479835596795153	14.988375733402679	-19.290686774291448	-5951.599766044345
2152	-5982.907186999847	-5951.360777614094	-31.546409385752753	0.5122606753261525	0.24793137290403033	-0.3346220710290617	0.12176436422510688	0.710029632160356	0.8854818296328514	0.7632575188281178	1.6331157009545028	3.3479835596795153	14.95533709039933	-19.255805818540715	-5951.360777614094
2154	-5982.892707622047	-5952.267946071503	-30.624761550544203	0.5122606753261525	0.24793137290403033	-0.3346220710290617	0.12176436422510688	0.710029632160356	0.8854818296328514	0.7632575188281178	1.6331157009545028	2.971632304779911	13.301729577873944	-18.334157983332165	-5952.267946071503
2156	-5982.045683517234	-5950.6678026626605	-31.37788085457309	0.5122606753261525	0.24793137290403033	-0.3346220710290617	0.12176436422510688	0.710029632160356	0.8854818296328514	0.7632575188281178	1.6331157009545028	3.2623988336189	14.60611933359764	-19.08727728736105	-5950.6678026626605
2158	-5982.805076041177	-5950.674193701545	-32.13088233963169	0.5122606753261525	0.24793137290403033	-0.3346220710290617	0.12176436422510688	0.710029632160356	0.8854818296328514	0.7632575188281178	1.6331157009545028	6.281599950818883	20.644521567997607	-19.84027877241965	-5950.674193701545
2160	-5982.062534194699	-5950.108337600461	-31.95419659423847	0.5122606753261525	0.24793137290403033	-0.3346220710290617	0.12176436422510688	0.710029632160356	0.8854818296328514	0.7632575188281178	1.6331157009545028	6.281599950818883	20.485090078382694	-19.663593027026433	-5950.108337600461
2162	-5982.062534194699	-5950.108337600461	-31.95419659423847	0.5122606753261525	0.24793137290403033	-0.3346220710290617	0.12176436422510688	0.710029632160356	0.8854818296328514	0.7632575188281178	1.6331157009545028	6.281599950818883	20.485090078382694	-19.663593027026433	-5950.108337600461
2164	-5982.066790213425	-5950.112081115328	-31.954709098096927	0.5122606753261525	0.24793137290403033	-0.3346220710290617	0.12176436422510688	0.710029632160356	0.8854818296328514	0.7632575188281178	1.6331157009545028	6.281599950818883	20.485265548743076	-19.66410553088489	-5950.112081115328
2166	-5982.066790213425	-5950.112081115328	-31.954709098096927	0.5122606753261525	0.24793137290403033	-0.3346220710290617	0.12176436422510688	0.710029632160356	0.8854818296328514	0.7632575188281178	1.6331157009545028	6.281599950818883	20.485265548743076	-19.66410553088489	-5950.112081115328
2168	-5982.066790213425	-5950.112081115328	-31.954709098096927	0.5122606753261525	0.24793137290403033	-0.3346220710290617	0.12176436422510688	0.710029632160356	0.8854818296328514	0.7632575188281178	1.6331157009545028	6.281599950818883	20.485265548743076	-19.66410553088489	-5950.112081115328
2170	-5982.226390022263	-5950.300480741972	-31.92590928029105	0.5122606753261525	0.24793137290403033	-0.2533570793865847	0.12176436422510688	0.710029632160356	0.8854818296328514	0.7632575188281178	1.6331157009545028	6.281599950818883	20.485265548743076	-19.6929830138646	-5950.300480741972
2172	-5982.158531450866	-5950.245639109517	-31.912892341349032	0.5122606753261525	0.24793137290403033	-0.2533570793865847	0.12176436422510688	0.710029632160356	0.8854818296328514	0.7632575188281178	1.6331157009545028	6.281599950818883	20.480851572481583	-19.67996607492258	-5950.245639109517
2174	-5982.4645094075295	-5950.437366966734	-32.02714244079576	0.5122606753261525	0.24793137290403033	-0.2533570793865847	0.12176436422510688	0.710029632160356	0.8854818296328514	0.7632575188281178	1.6331157009545028	6.281599950818883	20.585021265274673	-19.794216174369303	-5950.437366966734
2176	-5982.4645094075295	-5950.437366966734	-32.02714244079576	0.5122606753261525	0.24793137290403033	-0.2533570793865847	0.12176436422510688	0.710029632160356	0.8854818296328514	0.7632575188281178	1.6331157009545028	6.281599950818883	20.585021265274673	-19.794216174369303	-5950.437366966734
2178	-5982.4899870657455	-5950.437366966734	-32.05262009901199	0.5122606753261525	0.24793137290403033	-0.2533570793865847	0.12176436422510688	0.710029632160356	0.4241296670844838	0.7632575188281178	1.6331157009545028	6.281599950818883	20.585021265274673	-19.794216174369303	-5950.437366966734
2180	-5982.399601536971	-5950.504192456717	-31.89540908025408	0.5122606753261525	0.24793137290403033	-0.2533570793865847	0.12176436422510688	0.710029632160356	0.4241296670844838	0.7632575188281178	1.6331157009545028	6.281599950818883	20.365104036813545	-19.637005155611398	-5950.504192456717
2182	-5985.633283186419	-5952.718057445472	-32.91522574094654	0.5122606753261525	0.24793137290403033	-0.2533570793865847	0.12176436422510688	0.710029632160356	0.4241296670844838	0.7632575188281178	1.6331157009545028	7.018687241377706	22.732880223028502	-20.656821816303854	-5952.718057445472
2184	-5986.9364168643215	-5952.766786078429	-34.16963078589272	0.5122606753261525	0.24793137290403033	-0.2533570793865847	0.12176436422510688	0.710029632160356	0.4241296670844838	0.7632575188281178	1.6331157009545028	7.018687241377706	25.218361270140555	-21.911226861250036	-5952.766786078429
2186	-5986.9364168643215	-5952.766786078429	-34.16963078589272	0.5122606753261525	0.24793137290403033	-0.2533570793865847	0.12176436422510688	0.710029632160356	0.4241296670844838	0.7632575188281178	1.6331157009545028	7.018687241377706	25.218361270140555	-21.911226861250036	-5952.766786078429
2188	-5986.901800386162	-5952.742159278196	-34.159641107966	0.5122606753261525	0.24793137290403033	-0.2533570793865847	0.12176436422510688	0.710029632160356	0.4241296670844838	0.7632575188281178	1.6331157009545028	7.018687241377706	25.21480607767027	-21.90123718332332	-5952.742159278196
2190	-5988.083920187026	-5952.742159278196	-35.34176090882984	0.5122606753261525	0.24793137290403033	-0.2533570793865847	0.12176436422510688	0.710029632160356	0.4241296670844838	1.5776415804056112	1.6331157009545028	7.018687241377706	25.21480607767027	-22.506949465579396	-5952.742159278196
2192	-5988.083920187026	-5952.742159278196	-35.34176090882984	0.5122606753261525	0.24793137290403033	-0.2533570793865847	0.12176436422510688	0.710029632160356	0.4241296670844838	1.5776415804056112	1.6331157009545028	7.018687241377706	25.21480607767027	-22.506949465579396	-5952.742159278196
2194	-5988.083920187026	-5952.742159278196	-35.34176090882984	0.5122606753261525	0.24793137290403033	-0.2533570793865847	0.12176436422510688	0.710029632160356	0.4241296670844838	1.5776415804056112	1.6331157009545028	7.018687241377706	25.21480607767027	-22.506949465579396	-5952.742159278196
2196	-5988.726621742624	-5952.7313852572315	-35.99523648539211	0.5122606753261525	0.24793137290403033	-0.2533570793865847	0.12176436422510688	0.710029632160356	0.4241296670844838	1.5776415804056112	1.6331157009545028	11.034231137665957	33.36669617122658	-23.160425042141675	-5952.7313852572315
2198	-5988.607551414693	-5952.61266572958	-35.99488568511369	0.5122606753261525	0.24793137290403033	-0.2533570793865847	0.12176436422510688	0.710029632160356	0.4241296670844838	1.5776415804056112	1.6331157009545028	11.034231137665957	33.36669617122658	-23.160074241863242	-5952.61266572958
2200	-5988.607551414693	-5952.61266572958	-35.99488568511369	0.5122606753261525	0.24793137290403033	-0.2533570793865847	0.12176436422510688	0.710029632160356	0.4241296670844838	1.5776415804056112	1.6331157009545028	11.034231137665957	33.36669617122658	-23.160074241863242	-5952.61266572958
2202	-5988.607551414693	-5952.61266572958	-35.99488568511369	0.5122606753261525	0.24793137290403033	-0.2533570793865847	0.12176436422510688	0.710029632160356	0.4241296670844838	1.5776415804056112	1.6331157009545028	11.034231137665957	33.36669617122658	-23.160074241863242	-5952.61266572958
2204	-5988.607551414693	-5952.61266572958	-35.99488568511369	0.5122606753261525	0.24793137290403033	-0.2533570793865847	0.12176436422510688	0.710029632160356	0.4241296670844838	1.5776415804056112	1.6331157009545028	11.034231137665957	33.36669617122658	-23.160074241863242	-5952.61266572958
2206	-5988.48351833873	-5952.61266572958	-35.87085260915057	0.5122606753261525	0.24793137290403033	-0.2533570793865847	0.12176436422510688	0.47384041653247183	0.4241296670844838	1.5776415804056112	1.6331157009545028	11.034231137665957	33.36669617122658	-23.215483650713033	-5952.61266572958
2208	-5987.669387128594	-5952.612653802173	-35.056733326421345	0.5122606753261525	0.24793137290403033	-0.2533570793865847	0.12176436422510688	0.47384041653247183	0.4241296670844838	1.5776415804056112	1.6331157009545028	6.047676718417961	23.393587332730583	-22.40136436798381	-5952.612653802173
2210	-5987.6494698371735	-5952.612649372749	-35.03682046442456	0.5122606753261525	0.24793137290403033	-0.2533570793865847	0.12176436422510688	0.47384041653247183	0.4241296670844838	1.5776415804056112	1.6331157009545028	5.92924811270746	23.15673012130958	-22.381451505987023	-5952.612649372749
2212	-5987.730312579084	-5952.636708942232	-35.09360363685201	0.5122606753261525	0.24793137290403033	-0.2533570793865847	0.12176436422510688	0.47384041653247183	0.4241296670844838	1.5776415804056112	1.6331157009545028	5.92924811270746	23.273985562402558	-22.438234678414478	-5952.636708942232
2214	-5988.226363114739	-5953.107830741444	-35.118532373295515	0.5122606753261525	0.24793137290403033	-0.2533570793865847	0.12176436422510688	0.47384041653247183	0.4241296670844838	1.5776415804056112	1.6331157009545028	5.92924811270746	23.279685022914613	-22.46316341485798	-5953.107830741444
2216	-5988.226363114739	-5953.107830741444	-35.118532373295515	0.5122606753261525	0.24793137290403033	-0.2533570793865847	0.12176436422510688	0.47384041653247183	0.4241296670844838	1.5776415804056112	1.6331157009545028	5.92924811270746	23.279685022914613	-22.46316341485798	-5953.107830741444
2218	-5985.0549396800225	-5950.622541498147	-34.43239818187558	0.5122606753261525	0.24793137290403033	-0.2533570793865847	0.12176436422510688	0.47384041653247183	0.4241296670844838	1.5776415804056112	1.6331157009545028	5.441245072410663	21.3636651748016	-21.777029223438042	-5950.622541498147
2220	-5985.239146830421	-5950.791266830259	-34.447880000162954	0.5122606753261525	0.24793137290403033	-0.2533570793865847	0.12176436422510688	0.47384041653247183	0.4241296670844838	1.5776415804056112	1.6331157009545028	5.441245072410663	21.36700321230558	-21.79251104172542	-5950.791266830259
2222	-5985.196818608172	-5950.791266830259	-34.4055517779134	0.5122606753261525	0.24793137290403033	-0.2533570793865847	0.07136564249561114	0.47384041653247183	0.4241296670844838	1.5776415804056112	1.6331157009545028	5.441245072410663	21.36700321230558	-21.76781844515123	-5950.791266830259
2224	-5985.195086202095	-5950.791266830259	-34.40381937183565	0.5122606753261525	0.24793137290403033	-0.22534456436109537	0.07136564249561114	0.47384041653247183	0.4241296670844838	1.5776415804056112	1.6331157009545028	5.441245072410663	21.36700321230558	-21.78149480719441	-5950.791266830259
2226	-5985.2089837627445	-5950.796172761051	-34.412811001693655	0.5122606753261525	0.24793137290403033	-0.22534456436109537	0.07136564249561114	0.47384041653247183	0.4241296670844838	1.5776415804056112	1.6331157009545028	5.441245072410663	21.38567111863545	-21.790486437052408	-5950.796172761051
2228	-5985.810096900211	-5950.796172761051	-35.01392413915974	0.5122606753261525	0.24793137290403033	-0.22534456436109537	0.07136564249561114	0.47384041653247183	0.4241296670844838	1.5776415804056112	2.675504801842075	5.441245072410663	21.38567111863545	-21.790486437052408	-5950.796172761051
2230	-5985.531834330226	-5950.522420331241	-35.00941399898543	0.5122606753261525	0.24793137290403033	-0.22534456436109537	0.07136564249561114	0.47384041653247183	0.20825651548130586	1.5776415804056112	2.675504801842075	5.441245072410663	21.334226330676323	-21.751944471934657	-5950.522420331241
2232	-5985.283341142316	-5950.295883917248	-34.9874572250682	0.5122606753261525	0.24793137290403033	-0.22534456436109537	0.07136564249561114	0.47384041653247183	0.20825651548130586	1.5776415804056112	2.675504801842075	5.441245072410663	21.329509359298008	-21.72998769801742	-5950.295883917248
2234	-5985.206518536604	-5950.2076315708955	-34.99888696570821	0.5122606753261525	0.24793137290403033	-0.22534456436109537	0.07136564249561114	0.47384041653247183	0.20825651548130586	1.5776415804056112	2.675504801842075	5.441245072410663	21.332300469136484	-21.741417438657436	-5950.2076315708955
2236	-5986.43970490377	-5950.2076315708955	-36.232073332874485	1.274075714625903	0.24793137290403033	-0.22534456436109537	0.07136564249561114	0.47384041653247183	0.20825651548130586	1.5776415804056112	2.675504801842075	5.441245072410663	21.332300469136484	-21.80262372730234	-5950.2076315708955
2238	-5987.647081206861	-5950.2076315708955	-37.439449635965246	1.274075714625903	0.24793137290403033	-0.22534456436109537	0.12879941213340418	1.0863410858164044	0.20825651548130586	1.5776415804056112	2.675504801842075	5.441245072410663	21.332300469136484	-22.163254566497848	-5950.2076315708955
2240	-5987.934696587825	-5950.243835363636	-37.69086122418834	1.274075714625903	0.24793137290403033	-0.22534456436109537	0.326411869883376	1.0863410858164044	0.20825651548130586	1.5776415804056112	2.675504801842075	5.441245072410663	21.502641555670248	-22.32515755139952	-5950.243835363636
2242	-5987.485904902229	-5949.801127268528	-37.68477763370112	1.274075714625903	0.24793137290403033	-0.22534456436109537	0.326411869883376	1.0863410858164044	0.20825651548130586	1.5776415804056112	2.675504801842075	5.441245072410663	21.484801210937157	-22.319073960912295	-5949.801127268528
2244	-5987.557338900124	-5949.801127268528	-37.756211631595505	1.274075714625903	0.24793137290403033	-0.22534456436109537	0.326411869883376	1.0863410858164044	0.13035964852310966	1.5776415804056112	2.675504801842075	5.441245072410663	21.484801210937157	-22.319073960912295	-5949.801127268528
2246	-5987.496747885218	-5949.799086274351	-37.69766161086655	1.274075714625903	0.24793137290403033	-0.22534456436109537	0.326411869883376	1.0863410858164044	0.13035964852310966	1.5776415804056112	2.675504801842075	5.441245072410663	21.394747963394884	-22.26052394018334	-5949.799086274351
2248	-5987.496747885218	-5949.799086274351	-37.69766161086655	1.274075714625903	0.24793137290403033	-0.22534456436109537	0.326411869883376	1.0863410858164044	0.13035964852310966	1.5776415804056112	2.675504801842075	5.441245072410663	21.394747963394884	-22.26052394018334	-5949.799086274351
2250	-5987.496747885218	-5949.799086274351	-37.69766161086655	1.274075714625903	0.24793137290403033	-0.22534456436109537	0.326411869883376	1.0863410858164044	0.13035964852310966	1.5776415804056112	2.675504801842075	5.441245072410663	21.394747963394884	-22.26052394018334	-5949.799086274351
2252	-5987.487572854036	-5949.7990911951565	-37.68848165888018	1.274075714625903	0.24793137290403033	-0.22534456436109537	0.326411869883376	1.0863410858164044	0.13035964852310966	1.5776415804056112	2.675504801842075	5.441245072410663	21.35902726352978	-22.251343988196968	-5949.7990911951565
2254	-5988.765063416133	-5951.148791121918	-37.6162722942143	1.274075714625903	0.24793137290403033	-0.22534456436109537	0.326411869883376	1.0863410858164044	0.13035964852310966	1.5776415804056112	2.675504801842075	5.441245072410663	21.256767847315903	-22.17913462353109	-5951.148791121918
2256	-5988.701480846132	-5951.148791121918	-37.55268972421303	1.274075714625903	0.24793137290403033	-0.41487577361472255	0.326411869883376	1.0863410858164044	0.31115010214097494	1.5776415804056112	2.675504801842075	5.441245072410663	21.256767847315903	-22.088834805909606	-5951.148791121918
2258	-5988.701480846132	-5951.148791121918	-37.55268972421303	1.274075714625903	0.24793137290403033	-0.41487577361472255	0.326411869883376	1.0863410858164044	0.31115010214097494	1.5776415804056112	2.675504801842075	5.441245072410663	21.256767847315903	-22.088834805909606	-5951.148791121918
2260	-5988.702274313702	-5951.055512621309	-37.64676169239272	1.274075714625903	0.24793137290403033	-0.41487577361472255	0.326411869883376	1.0863410858164044	0.31115010214097494	1.5776415804056112	2.675504801842075	5.441245072410663	21.412924392317237	-22.182906774089297	-5951.055512621309
2262	-5988.702274313702	-5951.055512621309	-37.64676169239272	1.274075714625903	0.24793137290403033	-0.41487577361472255	0.326411869883376	1.0863410858164044	0.31115010214097494	1.5776415804056112	2.675504801842075	5.441245072410663	21.412924392317237	-22.182906774089297	-5951.055512621309
2264	-5988.779574445161	-5951.132328673455	-37.64724577170602	1.274075714625903	0.24793137290403033	-0.41487577361472255	0.326411869883376	1.0863410858164044	0.31115010214097494	1.5776415804056112	2.675504801842075	5.441245072410663	21.412924392317237	-22.183390853402592	-5951.132328673455
2266	-5987.785107545143	-5951.258867654645	-36.52623989049748	1.274075714625903	0.24793137290403033	-0.41487577361472255	0.326411869883376	0.4709296840415778	0.31115010214097494	1.5776415804056112	2.675504801842075	5.441245072410663	21.40982280653057	-21.82926183909436	-5951.258867654645
2268	-5987.612822958927	-5951.108201120902	-36.50462183802482	1.274075714625903	0.24793137290403033	-0.41487577361472255	0.326411869883376	0.4709296840415778	0.31115010214097494	1.5776415804056112	2.675504801842075	5.441245072410663	21.379653218084076	-21.807643786621696	-5951.108201120902
2270	-5987.920937151679	-5951.825998374535	-36.094938777144094	1.274075714625903	0.24793137290403033	-0.41487577361472255	0.326411869883376	0.4709296840415778	0.31115010214097494	1.5776415804056112	2.675504801842075	5.146518156132557	20.221616926719317	-21.397960725740973	-5951.825998374535
2272	-5987.920613215116	-5951.825684849546	-36.094928365569935	1.274075714625903	0.24793137290403033	-0.41487577361472255	0.326411869883376	0.4709296840415778	0.31115010214097494	1.5776415804056112	2.675504801842075	5.146518156132557	20.22161692671932	-21.397950314166813	-5951.825684849546
2274	-5987.087080710583	-5950.957246922345	-36.12983378823797	1.274075714625903	0.24793137290403033	-0.41487577361472255	0.326411869883376	0.4709296840415778	0.31115010214097494	1.5776415804056112	2.675504801842075	5.146518156132557	20.244965040997023	-21.432855736834846	-5950.957246922345
2276	-5987.087080710583	-5950.957246922345	-36.12983378823797	1.274075714625903	0.24793137290403033	-0.41487577361472255	0.326411869883376	0.4709296840415778	0.31115010214097494	1.5776415804056112	2.675504801842075	5.146518156132557	20.244965040997023	-21.432855736834846	-5950.957246922345
2278	-5987.895944401716	-5950.9573383217885	-36.93860607992757	1.274075714625903	0.24793137290403033	-0.41487577361472255	0.326411869883376	0.4709296840415778	0.31115010214097494	1.5776415804056112	2.675504801842075	10.288861841401438	30.52965241153479	-22.241628028524442	-5950.9573383217885
2280	-5987.895944401716	-5950.9573383217885	-36.93860607992757	1.274075714625903	0.24793137290403033	-0.41487577361472255	0.326411869883376	0.4709296840415778	0.31115010214097494	1.5776415804056112	2.675504801842075	10.288861841401438	30.52965241153479	-22.241628028524442	-5950.9573383217885
2282	-5988.035851552625	-5951.010291773055	-37.02555977957003	1.274075714625903	0.24793137290403033	-0.41487577361472255	0.326411869883376	0.4709296840415778	0.31115010214097494	1.5776415804056112	2.675504801842075	10.288861841401438	30.658686529233336	-22.32858172816691	-5951.010291773055
2284	-5988.903104052257	-5951.352320176122	-37.550783876134616	1.274075714625903	0.24793137290403033	-0.8713643424597342	0.326411869883376	0.4709296840415778	0.31115010214097494	1.5776415804056112	2.675504801842075	10.288861841401438	30.66348046567878	-22.11764862761654	-5951.352320176122
2286	-5991.371195612401	-5954.5011059833105	-36.87008962908982	1.274075714625903	0.24793137290403033	-0.8713643424597342	0.326411869883376	0.4709296840415778	0.31115010214097494	1.5776415804056112	2.675504801842075	9.400815667002288	28.01687222649185	-21.436954380571738	-5954.5011059833105
2288	-5991.016488118465	-5954.640940590242	-36.375547528222306	1.274075714625903	0.24793137290403033	-0.8713643424597342	0.326411869883376	0.4709296840415778	0.31115010214097494	1.5776415804056112	1.1531162773903259	9.400815667002288	28.046472881799286	-21.454953239745546	-5954.640940590242
2290	-5990.5284876807555	-5954.640940590242	-35.88754709051331	1.274075714625903	0.24793137290403033	-0.4785233038303697	0.326411869883376	0.4709296840415778	0.31115010214097494	1.5776415804056112	1.1531162773903259	9.400815667002288	28.046472881799286	-21.62547204502404	-5954.640940590242
2292	-5990.5284876807555	-5954.640940590242	-35.88754709051331	1.274075714625903	0.24793137290403033	-0.4785233038303697	0.326411869883376	0.4709296840415778	0.31115010214097494	1.5776415804056112	1.1531162773903259	9.400815667002288	28.046472881799286	-21.62547204502404	-5954.640940590242
2294	-5990.5284876807555	-5954.640940590242	-35.88754709051331	1.274075714625903	0.24793137290403033	-0.4785233038303697	0.326411869883376	0.4709296840415778	0.31115010214097494	1.5776415804056112	1.1531162773903259	9.400815667002288	28.046472881799286	-21.62547204502404	-5954.640940590242
2296	-5990.529147933732	-5954.641463611372	-35.88768432235989	1.274075714625903	0.24793137290403033	-0.4785233038303697	0.326411869883376	0.4709296840415778	0.31115010214097494	1.5776415804056112	1.1531162773903259	9.400815667002288	28.046472881799286	-21.625609276870616	-5954.641463611372
2298	-5990.290789718005	-5954.641463611372	-35.64932610663241	1.274075714625903	0.24793137290403033	-0.4785233038303697	0.2035569157925175	0.4709296840415778	0.31115010214097494	1.5776415804056112	1.539732095043132	9.400815667002288	28.046472881799286	-21.56798696699341	-5954.641463611372
2300	-5990.290789718005	-5954.641463611372	-35.64932610663241	1.274075714625903	0.24793137290403033	-0.4785233038303697	0.2035569157925175	0.4709296840415778	0.31115010214097494	1.5776415804056112	1.539732095043132	9.400815667002288	28.046472881799286	-21.56798696699341	-5954.641463611372
2302	-5990.290789718005	-5954.641463611372	-35.64932610663241	1.274075714625903	0.24793137290403033	-0.4785233038303697	0.2035569157925175	0.4709296840415778	0.31115010214097494	1.5776415804056112	1.539732095043132	9.400815667002288	28.046472881799286	-21.56798696699341	-5954.641463611372
2304	-5990.290789718005	-5954.641463611372	-35.64932610663241	1.274075714625903	0.24793137290403033	-0.4785233038303697	0.2035569157925175	0.4709296840415778	0.31115010214097494	1.5776415804056112	1.539732095043132	9.400815667002288	28.046472881799286	-21.56798696699341	-5954.641463611372
2306	-5986.557400831086	-5950.7724622681035	-35.7849385629827	1.274075714625903	0.24793137290403033	-0.4785233038303697	0.2035569157925175	0.4709296840415778	0.31115010214097494	1.5776415804056112	1.539732095043132	9.518067132706172	28.42087999295056	-21.703599423343704	-5950.7724622681035
2308	-5986.557400831086	-5950.7724622681035	-35.7849385629827	1.274075714625903	0.24793137290403033	-0.4785233038303697	0.2035569157925175	0.4709296840415778	0.31115010214097494	1.5776415804056112	1.539732095043132	9.518067132706172	28.42087999295056	-21.703599423343704	-5950.7724622681035
2310	-5986.677274920166	-5950.900737991384	-35.77653692878256	1.274075714625903	0.24793137290403033	-0.4785233038303697	0.2035569157925175	0.4709296840415778	0.31115010214097494	1.5776415804056112	1.539732095043132	9.518067132706172	28.408018062497025	-21.695197789143567	-5950.900737991384
2312	-5986.677274920166	-5950.900737991384	-35.77653692878256	1.274075714625903	0.24793137290403033	-0.4785233038303697	0.2035569157925175	0.4709296840415778	0.31115010214097494	1.5776415804056112	1.539732095043132	9.518067132706172	28.408018062497025	-21.695197789143567	-5950.900737991384
2314	-5986.677274920166	-5950.900737991384	-35.77653692878256	1.274075714625903	0.24793137290403033	-0.4785233038303697	0.2035569157925175	0.4709296840415778	0.31115010214097494	1.5776415804056112	1.539732095043132	9.518067132706172	28.408018062497025	-21.695197789143567	-5950.900737991384
2316	-5987.92076495121	-5950.821778153731	-37.09898679747818	1.274075714625903	0.24793137290403033	-0.4785233038303697	0.2035569157925175	0.18078196963039644	0.31115010214097494	1.5776415804056112	1.539732095043132	11.111529029315461	33.16393055078257	-23.116460813632226	-5950.821778153731
2318	-5987.849845777085	-5950.732216869755	-37.11762890732987	1.274075714625903	0.24793137290403033	-0.4785233038303697	0.2035569157925175	0.18078196963039644	0.31115010214097494	1.5776415804056112	1.539732095043132	11.111529029315461	33.16779394630172	-23.13510292348392	-5950.732216869755
2320	-5987.726371265463	-5950.737542875944	-36.9888283895188	1.274075714625903	0.24793137290403033	-0.31335559160711374	0.2035569157925175	0.18078196963039644	0.31115010214097494	1.5776415804056112	1.539732095043132	11.111529029315461	33.01692670098495	-23.17071626127881	-5950.737542875944
2322	-5985.641340836781	-5949.887219634989	-35.75412120179159	1.274075714625903	0.24793137290403033	-0.31335559160711374	0.2035569157925175	0.18078196963039644	0.31115010214097494	1.5776415804056112	1.539732095043132	9.771980503249507	28.854107690145575	-21.9360090735516	-5949.887219634989
2324	-5985.641340836781	-5949.887219634989	-35.75412120179159	1.274075714625903	0.24793137290403033	-0.31335559160711374	0.2035569157925175	0.18078196963039644	0.31115010214097494	1.5776415804056112	1.539732095043132	9.771980503249507	28.854107690145575	-21.9360090735516	-5949.887219634989
2326	-5985.851941657662	-5949.471645230464	-36.38029642719802	1.274075714625903	0.24793137290403033	-0.31335559160711374	0.2035569157925175	0.18078196963039644	0.31115010214097494	1.5776415804056112	1.539732095043132	10.490614171709108	30.976045331404936	-22.562184298958023	-5949.471645230464
2328	-5985.851941657662	-5949.471645230464	-36.38029642719802	1.274075714625903	0.24793137290403033	-0.31335559160711374	0.2035569157925175	0.18078196963039644	0.31115010214097494	1.5776415804056112	1.539732095043132	10.490614171709108	30.976045331404936	-22.562184298958023	-5949.471645230464
2330	-5985.803492262643	-5949.483801938284	-36.31969032435889	1.274075714625903	0.24793137290403033	-0.31335559160711374	0.2035569157925175	0.18078196963039644	0.31115010214097494	1.5776415804056112	1.539732095043132	10.490614171709108	30.85757820854671	-22.50157819611889	-5949.483801938284
2332	-5985.757443749249	-5949.509092701618	-36.248351047630976	1.274075714625903	0.24793137290403033	-0.31335559160711374	0.2035569157925175	0.18078196963039644	0.31115010214097494	1.5776415804056112	1.539732095043132	10.490614171709108	30.717517829753863	-22.430238919390984	-5949.509092701618
2334	-5984.830352703535	-5949.509092701618	-35.32126000191647	1.274075714625903	0.24793137290403033	-0.31335559160711374	0.2035569157925175	0.18078196963039644	0.31115010214097494	0.9466679662450972	1.539732095043132	10.490614171709108	30.717517829753863	-22.124390266738253	-5949.509092701618
2336	-5984.987329495382	-5949.588013406921	-35.399316088461035	1.274075714625903	0.24793137290403033	-0.31335559160711374	0.2035569157925175	0.18078196963039644	0.31115010214097494	0.9466679662450972	1.539732095043132	10.490614171709108	30.767479413755627	-22.202446353282816	-5949.588013406921
2338	-5984.85038873166	-5949.588013406921	-35.26237532473917	1.274075714625903	0.4169053616847244	-0.31335559160711374	0.2035569157925175	0.18078196963039644	0.31115010214097494	0.9466679662450972	1.539732095043132	10.490614171709108	30.767479413755627	-22.224621187604207	-5949.588013406921
2340	-5984.85038873166	-5949.588013406921	-35.26237532473917	1.274075714625903	0.4169053616847244	-0.31335559160711374	0.2035569157925175	0.18078196963039644	0.31115010214097494	0.9466679662450972	1.539732095043132	10.490614171709108	30.767479413755627	-22.224621187604207	-5949.588013406921
2342	-5984.85038873166	-5949.588013406921	-35.26237532473917	1.274075714625903	0.4169053616847244	-0.31335559160711374	0.2035569157925175	0.18078196963039644	0.31115010214097494	0.9466679662450972	1.539732095043132	10.490614171709108	30.767479413755627	-22.224621187604207	-5949.588013406921
2344	-5984.85038873166	-5949.588013406921	-35.26237532473917	1.274075714625903	0.4169053616847244	-0.31335559160711374	0.2035569157925175	0.18078196963039644	0.31115010214097494	0.9466679662450972	1.539732095043132	10.490614171709108	30.767479413755627	-22.224621187604207	-5949.588013406921
2346	-5984.85038873166	-5949.588013406921	-35.26237532473917	1.274075714625903	0.4169053616847244	-0.31335559160711374	0.2035569157925175	0.18078196963039644	0.31115010214097494	0.9466679662450972	1.539732095043132	10.490614171709108	30.767479413755627	-22.224621187604207	-5949.588013406921
2348	-5984.85038873166	-5949.588013406921	-35.26237532473917	1.274075714625903	0.4169053616847244	-0.31335559160711374	0.2035569157925175	0.18078196963039644	0.31115010214097494	0.9466679662450972	1.539732095043132	10.490614171709108	30.767479413755627	-22.224621187604207	-5949.588013406921
2350	-5984.85038873166	-5949.588013406921	-35.26237532473917	1.274075714625903	0.4169053616847244	-0.31335559160711374	0.2035569157925175	0.18078196963039644	0.31115010214097494	0.9466679662450972	1.539732095043132	10.490614171709108	30.767479413755627	-22.224621187604207	-5949.588013406921
2352	-5984.85038873166	-5949.588013406921	-35.26237532473917	1.274075714625903	0.4169053616847244	-0.31335559160711374	0.2035569157925175	0.18078196963039644	0.31115010214097494	0.9466679662450972	1.539732095043132	10.490614171709108	30.767479413755627	-22.224621187604207	-5949.588013406921
2354	-5984.791920225957	-5949.630759998208	-35.161160227748674	1.274075714625903	0.4169053616847244	-0.31335559160711374	0.2035569157925175	0.18078196963039644	0.31115010214097494	0.9466679662450972	1.539732095043132	10.490614171709108	30.640222139592073	-22.123406090613713	-5949.630759998208
2356	-5984.791920225957	-5949.630759998208	-35.161160227748674	1.274075714625903	0.4169053616847244	-0.31335559160711374	0.2035569157925175	0.18078196963039644	0.31115010214097494	0.9466679662450972	1.539732095043132	10.490614171709108	30.640222139592073	-22.123406090613713	-5949.630759998208
2358	-5983.463897213574	-5949.673594673856	-33.79030253971729	1.274075714625903	0.4169053616847244	-0.31335559160711374	0.2035569157925175	0.18078196963039644	0.31115010214097494	0.9466679662450972	1.539732095043132	5.43981565513931	20.51809204889507	-20.752548402582327	-5949.673594673856
2360	-5983.463897213574	-5949.673594673856	-33.79030253971729	1.274075714625903	0.4169053616847244	-0.31335559160711374	0.2035569157925175	0.18078196963039644	0.31115010214097494	0.9466679662450972	1.539732095043132	5.43981565513931	20.51809204889507	-20.752548402582327	-5949.673594673856
2362	-5982.999259584192	-5949.9467614563455	-33.05249812784676	1.274075714625903	0.4169053616847244	-0.31335559160711374	0.2035569157925175	0.18078196963039644	0.31115010214097494	0.9466679662450972	1.539732095043132	5.079268194733864	19.15816618934775	-20.014743990711803	-5949.9467614563455
2364	-5983.435473336113	-5949.662713046073	-33.772760290040196	1.274075714625903	0.4169053616847244	-0.31335559160711374	0.2035569157925175	0.18078196963039644	0.11552611739287925	0.9466679662450972	1.539732095043132	5.4343539877449345	20.497491535671358	-20.741374914766766	-5949.662713046073
2366	-5982.92298025495	-5949.584765659361	-33.33821459558808	1.274075714625903	0.4169053616847244	-0.31335559160711374	0.2035569157925175	0.18078196963039644	0.11552611739287925	0.9466679662450972	1.539732095043132	5.221997413382138	19.696517382099184	-20.306829220314647	-5949.584765659361
2368	-5983.111901452046	-5949.712261171639	-33.399640280407404	1.274075714625903	0.4169053616847244	-0.31335559160711374	0.2035569157925175	0.18078196963039644	0.11552611739287925	0.9466679662450972	1.539732095043132	5.221997413382138	19.744102310759505	-20.36825490513397	-5949.712261171639
2370	-5983.353942244462	-5949.907270204198	-33.446672040264055	1.274075714625903	0.4169053616847244	-0.31335559160711374	0.2035569157925175	0.18078196963039644	0.11552611739287925	0.9466679662450972	1.539732095043132	5.221997413382138	19.780297300057025	-20.415286664990624	-5949.907270204198
2372	-5983.213949945006	-5949.777477922096	-33.43647202290935	1.274075714625903	0.4169053616847244	-0.31335559160711374	0.2035569157925175	0.18078196963039644	0.11552611739287925	0.9466679662450972	1.539732095043132	5.221997413382138	19.777081326587236	-20.40508664763592	-5949.777477922096
2374	-5985.164099506644	-5950.801408274123	-34.36269123252058	1.274075714625903	0.4169053616847244	-0.31335559160711374	0.2035569157925175	0.18078196963039644	0.11552611739287925	0.9466679662450972	1.539732095043132	5.67040491201911	21.47531877597181	-21.331305857247152	-5950.801408274123
2376	-5985.228725464444	-5950.801527217644	-34.42719824679984	1.274075714625903	0.4169053616847244	-0.31335559160711374	0.2035569157925175	0.18078196963039644	0.11552611739287925	0.9466679662450972	1.539732095043132	5.67040491201911	21.59694753154828	-21.395812871526406	-5950.801527217644
2378	-5985.14769355683	-5950.679450851901	-34.46824270492929	1.274075714625903	0.4169053616847244	-0.31335559160711374	0.2035569157925175	0.18078196963039644	0.11552611739287925	0.9466679662450972	1.539732095043132	5.67040491201911	21.69837260930031	-21.436857329655854	-5950.679450851901
2380	-5985.05501143157	-5950.766690121257	-34.288321310313286	1.274075714625903	0.4169053616847244	-0.31335559160711374	0.2035569157925175	0.18078196963039644	0.11552611739287925	0.9466679662450972	0.8112259770865503	5.67040491201911	21.69519147146012	-21.42362619925973	-5950.766690121257
2382	-5983.537982673278	-5950.312060792299	-33.225921880978945	1.274075714625903	0.4169053616847244	-0.31335559160711374	0.2035569157925175	0.18078196963039644	0.11552611739287925	0.9466679662450972	0.8112259770865503	5.160226970434727	19.743230668144694	-20.361226769925388	-5950.312060792299
2384	-5983.537982673278	-5950.312060792299	-33.225921880978945	1.274075714625903	0.4169053616847244	-0.31335559160711374	0.2035569157925175	0.18078196963039644	0.11552611739287925	0.9466679662450972	0.8112259770865503	5.160226970434727	19.743230668144694	-20.361226769925388	-5950.312060792299
2386	-5983.707209607838	-5950.510158775438	-33.19705083240068	1.274075714625903	0.4169053616847244	-0.31335559160711374	0.2035569157925175	0.18078196963039644	0.11552611739287925	0.9466679662450972	0.8112259770865503	5.160226970434727	19.724103710989855	-20.33235572134712	-5950.510158775438
2388	-5983.715014996866	-5950.479451433762	-33.235563563103604	1.274075714625903	0.4169053616847244	-0.31335559160711374	0.2035569157925175	0.18078196963039644	0.11552611739287925	0.9466679662450972	0.8112259770865503	5.160226970434727	19.7725442052996	-20.370868452050047	-5950.479451433762
2390	-5983.715014996866	-5950.479451433762	-33.235563563103604	1.274075714625903	0.4169053616847244	-0.31335559160711374	0.2035569157925175	0.18078196963039644	0.11552611739287925	0.9466679662450972	0.8112259770865503	5.160226970434727	19.7725442052996	-20.370868452050047	-5950.479451433762
2392	-5983.484046640174	-5950.222381715212	-33.261664924962105	1.274075714625903	0.4169053616847244	-0.31335559160711374	0.2035569157925175	0.18078196963039644	0.11552611739287925	0.9466679662450972	0.8112259770865503	5.160226970434727	19.779309214963664	-20.396969813908544	-5950.222381715212
2394	-5983.881940157635	-5950.222381715212	-33.65955844242286	1.274075714625903	0.4169053616847244	-0.7313990172924782	0.2035569157925175	0.18078196963039644	0.11552611739287925	0.9466679662450972	0.8112259770865503	5.160226970434727	19.779309214963664	-20.273014905264493	-5950.222381715212
2396	-5983.7289372351415	-5950.222381715212	-33.50655551993016	1.274075714625903	0.6936160265498763	-0.7313990172924782	0.2035569157925175	0.18078196963039644	0.11552611739287925	0.9466679662450972	0.8112259770865503	5.160226970434727	19.779309214963664	-20.31891576501178	-5950.222381715212
2398	-5983.7289372351415	-5950.222381715212	-33.50655551993016	1.274075714625903	0.6936160265498763	-0.7313990172924782	0.2035569157925175	0.18078196963039644	0.11552611739287925	0.9466679662450972	0.8112259770865503	5.160226970434727	19.779309214963664	-20.31891576501178	-5950.222381715212
2400	-5984.189523168048	-5950.222381715212	-33.96714145283633	1.274075714625903	0.6936160265498763	-0.7313990172924782	0.5428912565063959	0.18078196963039644	0.20317985772464378	0.9466679662450972	0.8112259770865503	5.160226970434727	19.779309214963664	-20.406543475804245	-5950.222381715212
2402	-5985.3726955659695	-5950.5629172987965	-34.809778267172746	1.274075714625903	0.6936160265498763	-0.7313990172924782	0.5428912565063959	0.18078196963039644	0.20317985772464378	0.9466679662450972	0.8112259770865503	5.559864507024688	21.3111322249607	-21.249180290140668	-5950.5629172987965
2404	-5985.419663524602	-5950.624201547344	-34.79546197725784	1.274075714625903	0.6936160265498763	-0.7313990172924782	0.5428912565063959	0.18078196963039644	0.20317985772464378	0.9466679662450972	0.8112259770865503	5.559864507024688	21.308885226005494	-21.234864000225755	-5950.624201547344
2406	-5985.457861844552	-5950.624312855898	-34.83354898865362	1.274075714625903	0.6936160265498763	-0.7313990172924782	0.5428912565063959	0.18078196963039644	0.20317985772464378	0.9466679662450972	0.8112259770865503	5.700557217003221	21.590270645962555	-21.272951011621537	-5950.624312855898
2408	-5985.4544400329405	-5950.620576055237	-34.833863977703885	1.274075714625903	0.6936160265498763	-0.7313990172924782	0.5428912565063959	0.18078196963039644	0.20317985772464378	0.9466679662450972	0.8112259770865503	5.700557217003221	21.59027064596256	-21.273266000671804	-5950.620576055237
2410	-5985.4544400329405	-5950.620576055237	-34.833863977703885	1.274075714625903	0.6936160265498763	-0.7313990172924782	0.5428912565063959	0.18078196963039644	0.20317985772464378	0.9466679662450972	0.8112259770865503	5.700557217003221	21.59027064596256	-21.273266000671804	-5950.620576055237
2412	-5985.335149938172	-5950.524794708815	-34.81035522935825	1.274075714625903	0.6936160265498763	-0.7313990172924782	0.5428912565063959	0.18078196963039644	0.20317985772464378	0.9466679662450972	0.8112259770865503	5.700557217003221	21.585184060543277	-21.249757252326166	-5950.524794708815
2414	-5985.245908314558	-5949.806395421563	-35.43951289299502	1.274075714625903	0.6936160265498763	-0.7313990172924782	1.0214699238795184	0.18078196963039644	0.20317985772464378	0.9466679662450972	0.8112259770865503	5.700557217003221	21.40053060260459	-21.154548004449424	-5949.806395421563
2416	-5985.245908314558	-5949.806395421563	-35.43951289299502	1.274075714625903	0.6936160265498763	-0.7313990172924782	1.0214699238795184	0.18078196963039644	0.20317985772464378	0.9466679662450972	0.8112259770865503	5.700557217003221	21.40053060260459	-21.154548004449424	-5949.806395421563
2418	-5985.236164137865	-5949.753975241333	-35.48218889653134	1.274075714625903	0.6936160265498763	-0.7313990172924782	1.0214699238795184	0.18078196963039644	0.20317985772464378	0.9466679662450972	0.8112259770865503	5.700557217003221	21.43337963654731	-21.197224007985746	-5949.753975241333
2420	-5985.236164137865	-5949.753975241333	-35.48218889653134	1.274075714625903	0.6936160265498763	-0.7313990172924782	1.0214699238795184	0.18078196963039644	0.20317985772464378	0.9466679662450972	0.8112259770865503	5.700557217003221	21.43337963654731	-21.197224007985746	-5949.753975241333
2422	-5984.316716420353	-5949.753975241333	-34.562741179020435	1.274075714625903	0.6936160265498763	-0.7313990172924782	0.5231810682127903	0.18078196963039644	0.20317985772464378	0.9466679662450972	0.8112259770865503	5.700557217003221	21.43337963654731	-21.027065457464357	-5949.753975241333
2424	-5984.115584894809	-5949.578521647261	-34.537063247548176	1.274075714625903	0.6936160265498763	-0.7313990172924782	0.5231810682127903	0.18078196963039644	0.20317985772464378	0.9466679662450972	0.8112259770865503	5.700557217003221	21.40955173942237	-21.001387525992094	-5949.578521647261
2426	-5984.115837197318	-5949.578654639252	-34.53718255806557	1.274075714625903	0.6936160265498763	-0.7313990172924782	0.5231810682127903	0.18078196963039644	0.20317985772464378	0.9466679662450972	0.8112259770865503	5.700557217003221	21.40955173942237	-21.00150683650948	-5949.578654639252
2428	-5984.118635480784	-5949.578654639252	-34.53998084153241	1.274075714625903	0.6936160265498763	-0.7313990172924782	0.5231810682127903	0.18078196963039644	0.10269079007230003	0.9466679662450972	0.8112259770865503	5.700557217003221	21.40955173942237	-21.00150683650948	-5949.578654639252
2430	-5984.062459342086	-5949.578637376178	-34.48382196590811	1.274075714625903	0.6936160265498763	-0.7313990172924782	0.5231810682127903	0.18078196963039644	0.10269079007230003	0.9466679662450972	0.8112259770865503	5.700557217003221	21.305146557533195	-20.945347960885186	-5949.578637376178
2432	-5985.723948914507	-5949.250230714769	-36.47371819973813	1.274075714625903	0.6936160265498763	-0.7313990172924782	1.4631988276306611	0.18078196963039644	0.10269079007230003	0.9466679662450972	0.8112259770865503	5.700557217003221	21.3051465575332	-21.314099939717767	-5949.250230714769
2434	-5986.00874654539	-5949.351784907078	-36.656961638312396	1.274075714625903	0.6936160265498763	-0.7313990172924782	1.4631988276306611	0.18078196963039644	0.10269079007230003	0.9466679662450972	0.8112259770865503	5.700557217003221	21.535037010137575	-21.497343378292026	-5949.351784907078
2436	-5986.185662535588	-5949.351784907078	-36.83387762850992	1.274075714625903	0.43673831291663856	-0.7313990172924782	1.4631988276306611	0.18078196963039644	0.10269079007230003	0.9466679662450972	0.8112259770865503	5.700557217003221	21.535037010137575	-21.4921591310796	-5949.351784907078
2438	-5986.2922620313875	-5949.504990527174	-36.78727150421264	1.274075714625903	0.43673831291663856	-0.7313990172924782	1.4631988276306611	0.18078196963039644	0.10269079007230003	0.9466679662450972	0.8112259770865503	5.44346951054853	21.041596303176384	-21.445553006782326	-5949.504990527174
2440	-5986.2922620313875	-5949.504990527174	-36.78727150421264	1.274075714625903	0.43673831291663856	-0.7313990172924782	1.4631988276306611	0.18078196963039644	0.10269079007230003	0.9466679662450972	0.8112259770865503	5.44346951054853	21.041596303176384	-21.445553006782326	-5949.504990527174
2442	-5986.2922620313875	-5949.504990527174	-36.78727150421264	1.274075714625903	0.43673831291663856	-0.7313990172924782	1.4631988276306611	0.18078196963039644	0.10269079007230003	0.9466679662450972	0.8112259770865503	5.44346951054853	21.041596303176384	-21.445553006782326	-5949.504990527174
2444	-5986.408066630183	-5949.504990527174	-36.90307610300931	1.274075714625903	0.43673831291663856	-0.7313990172924782	1.4631988276306611	0.08743281191978226	0.10269079007230003	0.9466679662450972	0.8112259770865503	5.44346951054853	21.041596303176384	-21.57680913076435	-5949.504990527174
2446	-5986.364170439631	-5949.5049773019355	-36.859193137696096	1.274075714625903	0.43673831291663856	-0.7313990172924782	1.4631988276306611	0.08743281191978226	0.10269079007230003	0.9466679662450972	0.8112259770865503	5.286917318820697	20.728491919720717	-21.532926165451137	-5949.5049773019355
2448	-5986.364170439631	-5949.5049773019355	-36.859193137696096	1.274075714625903	0.43673831291663856	-0.7313990172924782	1.4631988276306611	0.08743281191978226	0.10269079007230003	0.9466679662450972	0.8112259770865503	5.286917318820697	20.728491919720717	-21.532926165451137	-5949.5049773019355
2450	-5986.364170439631	-5949.5049773019355	-36.859193137696096	1.274075714625903	0.43673831291663856	-0.7313990172924782	1.4631988276306611	0.08743281191978226	0.10269079007230003	0.9466679662450972	0.8112259770865503	5.286917318820697	20.728491919720717	-21.532926165451137	-5949.5049773019355
2452	-5986.334122206666	-5949.504964405336	-36.82915780132967	1.274075714625903	0.43673831291663856	-0.7313990172924782	1.4631988276306611	0.08743281191978226	0.10269079007230003	0.9466679662450972	0.8112259770865503	5.179175144548716	20.513007571176754	-21.502890829084716	-5949.504964405336
2454	-5986.333968742302	-5949.50494025891	-36.82902848339218	1.274075714625903	0.43673831291663856	-0.7313990172924782	1.4631988276306611	0.08743281191978226	0.10269079007230003	0.9466679662450972	0.8112259770865503	5.179175144548716	20.51300757117675	-21.50276151114722	-5949.50494025891
2456	-5986.0664900201255	-5949.413227188087	-36.65326283203865	1.274075714625903	0.43673831291663856	-0.7313990172924782	1.4631988276306611	0.08743281191978226	0.10269079007230003	0.9466679662450972	0.8112259770865503	5.179175144548716	20.30150960976135	-21.32699585979369	-5949.413227188087
2458	-5985.3132168889715	-5949.413227188087	-35.89998970088434	1.274075714625903	0.43673831291663856	-0.3405336148945487	1.4631988276306611	0.08743281191978226	0.10269079007230003	0.9466679662450972	0.8112259770865503	5.179175144548716	20.30150960976135	-21.56461790681267	-5949.413227188087
2460	-5984.106745481262	-5949.413251469535	-34.69349401172667	1.274075714625903	0.43673831291663856	-0.3405336148945487	0.8515504216226403	0.08743281191978226	0.10269079007230003	0.9466679662450972	0.8112259770865503	5.419950346255814	20.783060013175547	-21.27431540470442	-5949.413251469535
2462	-5984.820156942435	-5949.889207604611	-34.93094933782313	1.274075714625903	0.43673831291663856	-0.3405336148945487	0.8515504216226403	0.08743281191978226	0.10269079007230003	0.9466679662450972	0.8112259770865503	5.419950346255814	20.93722705075073	-21.511770730800883	-5949.889207604611
2464	-5984.820156942435	-5949.889207604611	-34.93094933782313	1.274075714625903	0.43673831291663856	-0.3405336148945487	0.8515504216226403	0.08743281191978226	0.10269079007230003	0.9466679662450972	0.8112259770865503	5.419950346255814	20.93722705075073	-21.511770730800883	-5949.889207604611
2466	-5984.8843510140205	-5949.938147003001	-34.94620401101929	1.274075714625903	0.43673831291663856	-0.3405336148945487	0.8515504216226403	0.08743281191978226	0.10269079007230003	0.9466679662450972	0.8112259770865503	5.419950346255814	20.94038070323977	-21.527025403997044	-5949.938147003001
2468	-5983.544779084903	-5949.449575971941	-34.095203112962	1.274075714625903	0.43673831291663856	-0.3405336148945487	0.8515504216226403	0.08743281191978226	0.10269079007230003	0.9466679662450972	0.8112259770865503	5.035701207666405	19.455805618061603	-20.67602450593975	-5949.449575971941
2470	-5983.544779084903	-5949.449575971941	-34.095203112962	1.274075714625903	0.43673831291663856	-0.3405336148945487	0.8515504216226403	0.08743281191978226	0.10269079007230003	0.9466679662450972	0.8112259770865503	5.035701207666405	19.455805618061603	-20.67602450593975	-5949.449575971941
2472	-5983.746737755187	-5949.674601262723	-34.072136492464026	1.274075714625903	0.43673831291663856	-0.3405336148945487	0.8515504216226403	0.08743281191978226	0.27342130039228063	0.9466679662450972	0.8112259770865503	5.035701207666405	19.430584788797407	-20.63577842946829	-5949.674601262723
2474	-5983.891524847956	-5949.829744850316	-34.061779997639796	1.274075714625903	0.43673831291663856	-0.3405336148945487	0.8515504216226403	0.08743281191978226	0.27342130039228063	0.9466679662450972	0.8112259770865503	5.035701207666405	19.428389025227656	-20.62542193464406	-5949.829744850316
2476	-5984.097351701264	-5950.007105366538	-34.0902463347268	1.274075714625903	0.43673831291663856	-0.3405336148945487	0.8515504216226403	0.08743281191978226	0.27342130039228063	0.9466679662450972	0.8112259770865503	5.035701207666405	19.45435529826062	-20.65388827173106	-5950.007105366538
2478	-5984.097351701264	-5950.007105366538	-34.0902463347268	1.274075714625903	0.43673831291663856	-0.3405336148945487	0.8515504216226403	0.08743281191978226	0.27342130039228063	0.9466679662450972	0.8112259770865503	5.035701207666405	19.45435529826062	-20.65388827173106	-5950.007105366538
2480	-5983.352949446988	-5949.310093263053	-34.042856183934816	1.274075714625903	0.43673831291663856	-0.3405336148945487	0.8515504216226403	0.08743281191978226	0.27342130039228063	0.9466679662450972	0.8112259770865503	5.035701207666405	19.453928841315655	-20.606498120939076	-5949.310093263053
2482	-5983.352949446988	-5949.310093263053	-34.042856183934816	1.274075714625903	0.43673831291663856	-0.3405336148945487	0.8515504216226403	0.08743281191978226	0.27342130039228063	0.9466679662450972	0.8112259770865503	5.035701207666405	19.453928841315655	-20.606498120939076	-5949.310093263053
2484	-5983.702273813657	-5949.614932700843	-34.08734111281282	1.274075714625903	0.43673831291663856	-0.3405336148945487	0.8515504216226403	0.08743281191978226	0.27342130039228063	0.9466679662450972	0.8112259770865503	5.035701207666405	19.538861522442595	-20.650983049817086	-5949.614932700843
2486	-5984.208666825523	-5949.248386945567	-34.96027987995589	1.274075714625903	0.43673831291663856	-0.3405336148945487	0.8515504216226403	0.08743281191978226	0.6811979229298046	0.9466679662450972	0.8112259770865503	5.358417436434255	20.79102233280608	-21.36493917235592	-5949.248386945567
2488	-5984.329468419816	-5949.234841101302	-35.09462731851485	1.274075714625903	0.43673831291663856	-0.3405336148945487	0.8515504216226403	0.08743281191978226	0.6811979229298046	0.9466679662450972	0.8112259770865503	5.358417436434255	20.97048931416913	-21.49928661091489	-5949.234841101302
2490	-5983.535345795404	-5949.304957881338	-34.23038791406658	0.6902878029594466	0.43673831291663856	-0.3405336148945487	0.8515504216226403	0.08743281191978226	0.6811979229298046	0.9466679662450972	0.8112259770865503	5.358417436434255	20.987314465153165	-21.5268563345092	-5949.304957881338
2492	-5983.535345795404	-5949.304957881338	-34.23038791406658	0.6902878029594466	0.43673831291663856	-0.3405336148945487	0.8515504216226403	0.08743281191978226	0.6811979229298046	0.9466679662450972	0.8112259770865503	5.358417436434255	20.987314465153165	-21.5268563345092	-5949.304957881338
2494	-5983.4830742781205	-5949.311313794219	-34.17176048390142	0.6902878029594466	0.43673831291663856	-0.3405336148945487	0.8515504216226403	0.08743281191978226	0.6811979229298046	0.9466679662450972	0.8112259770865503	5.358417436434255	20.917438937577366	-21.46822890434405	-5949.311313794219
2496	-5983.4830742781205	-5949.311313794219	-34.17176048390142	0.6902878029594466	0.43673831291663856	-0.3405336148945487	0.8515504216226403	0.08743281191978226	0.6811979229298046	0.9466679662450972	0.8112259770865503	5.358417436434255	20.917438937577366	-21.46822890434405	-5949.311313794219
2498	-5983.4831775939565	-5949.311243452333	-34.171934141623794	0.6902878029594466	0.43673831291663856	-0.3405336148945487	0.8515504216226403	0.08743281191978226	0.6811979229298046	0.9466679662450972	0.8112259770865503	5.358417436434255	20.917438937577366	-21.468402562066416	-5949.311243452333
2500	-5983.467454692205	-5949.268915471869	-34.19853922033573	0.6902878029594466	0.43673831291663856	-0.3405336148945487	0.8515504216226403	0.08743281191978226	0.6811979229298046	0.9466679662450972	0.8112259770865503	5.358417436434255	20.934673640815788	-21.49500764077835	-5949.268915471869
2502	-5984.035092180418	-5949.682437689838	-34.35265449058075	0.6902878029594466	0.43673831291663856	-0.3405336148945487	0.8515504216226403	0.08743281191978226	0.6811979229298046	0.9466679662450972	0.8112259770865503	5.600943212101244	21.493377597947017	-21.649122911023372	-5949.682437689838
2504	-5983.390406136677	-5949.532452700794	-33.85795343588271	0.6902878029594466	0.43673831291663856	-0.3405336148945487	0.8515504216226403	0.08743281191978226	0.6811979229298046	0.6343817694991537	0.8112259770865503	5.355744908878995	20.552439702675162	-21.394827190081216	-5949.532452700794
2506	-5985.241883725858	-5950.291923340024	-34.94996038583375	0.6902878029594466	0.43673831291663856	-0.3405336148945487	0.8515504216226403	0.08743281191978226	0.6811979229298046	0.6343817694991537	0.8112259770865503	5.781560261057089	22.186487720086326	-22.486834140032247	-5950.291923340024
2508	-5985.52723532924	-5950.619427483157	-34.90780784608299	0.6902878029594466	0.43673831291663856	-0.3405336148945487	0.8515504216226403	0.08743281191978226	0.6811979229298046	0.6343817694991537	0.8112259770865503	5.781560261057089	22.122539659529647	-22.444681600281488	-5950.619427483157
2510	-5984.479102873764	-5949.804195783664	-34.67490709009962	0.6902878029594466	0.43673831291663856	-0.3405336148945487	0.8515504216226403	0.08743281191978226	0.6811979229298046	0.6343817694991537	0.8112259770865503	5.781560261057089	21.95052791415831	-22.211780844298122	-5949.804195783664
2512	-5984.479102873764	-5949.804195783664	-34.67490709009962	0.6902878029594466	0.43673831291663856	-0.3405336148945487	0.8515504216226403	0.08743281191978226	0.6811979229298046	0.6343817694991537	0.8112259770865503	5.781560261057089	21.95052791415831	-22.211780844298122	-5949.804195783664
2514	-5983.592087558347	-5949.285469476637	-34.30661808170976	0.6902878029594466	0.43673831291663856	-0.3405336148945487	0.8515504216226403	0.08743281191978226	0.6811979229298046	0.6343817694991537	0.8112259770865503	5.781560261057089	21.754561972331373	-21.843491835908264	-5949.285469476637
2516	-5983.636705302461	-5949.310447224052	-34.326258078409374	0.6902878029594466	0.43673831291663856	-0.3405336148945487	0.8515504216226403	0.08743281191978226	0.6811979229298046	0.6343817694991537	0.8112259770865503	5.781560261057089	21.766899320913133	-21.863131832607877	-5949.310447224052
2518	-5983.636705302461	-5949.310447224052	-34.326258078409374	0.6902878029594466	0.43673831291663856	-0.3405336148945487	0.8515504216226403	0.08743281191978226	0.6811979229298046	0.6343817694991537	0.8112259770865503	5.781560261057089	21.766899320913133	-21.863131832607877	-5949.310447224052
2520	-5983.273336402014	-5949.980690080557	-33.292646321456736	0.6902878029594466	0.43673831291663856	-0.3405336148945487	0.8515504216226403	0.08743281191978226	0.6811979229298046	0.6343817694991537	0.8112259770865503	5.348027093248772	20.175137641174974	-20.82952007565524	-5949.980690080557
2522	-5983.273336402014	-5949.980690080557	-33.292646321456736	0.6902878029594466	0.43673831291663856	-0.3405336148945487	0.8515504216226403	0.08743281191978226	0.6811979229298046	0.6343817694991537	0.8112259770865503	5.348027093248772	20.175137641174974	-20.82952007565524	-5949.980690080557
2524	-5983.759874998689	-5949.980690080557	-33.77918491813199	0.6902878029594466	0.43673831291663856	-0.3405336148945487	0.8515504216226403	0.08743281191978226	0.6811979229298046	0.35703807257127135	0.8112259770865503	5.348027093248772	20.175137641174974	-21.366034305008846	-5949.980690080557
2526	-5983.701983923927	-5949.980725476801	-33.7212584471263	0.6902878029594466	0.43673831291663856	-0.3405336148945487	0.8515504216226403	0.08743281191978226	0.31161979175327414	0.35703807257127135	0.8112259770865503	5.582963693734709	20.645010842146842	-21.459256436566093	-5949.980725476801
2528	-5987.212252955328	-5949.637613029384	-37.57463992594414	0.6902878029594466	0.43673831291663856	-0.3405336148945487	0.8515504216226403	0.08743281191978226	0.31161979175327414	0.35703807257127135	0.8112259770865503	11.902174263469341	34.267649809134575	-25.31263791538393	-5949.637613029384
2530	-5987.278250400836	-5949.57538381137	-37.70286658946641	0.6902878029594466	0.43673831291663856	-0.3405336148945487	0.8515504216226403	0.08743281191978226	0.31161979175327414	0.35703807257127135	0.8112259770865503	11.902174263469341	34.32290311567466	-25.4408645789062	-5949.57538381137
2532	-5987.278250400836	-5949.57538381137	-37.70286658946641	0.6902878029594466	0.43673831291663856	-0.3405336148945487	0.8515504216226403	0.08743281191978226	0.31161979175327414	0.35703807257127135	0.8112259770865503	11.902174263469341	34.32290311567466	-25.4408645789062	-5949.57538381137
2534	-5987.121462303746	-5949.575319125738	-37.54614317800765	0.6902878029594466	0.43673831291663856	-0.3405336148945487	0.8515504216226403	0.08743281191978226	0.31161979175327414	0.35703807257127135	0.8112259770865503	11.902174263469341	34.125413601776316	-25.28414116744744	-5949.575319125738
2536	-5987.457812002292	-5949.821360872307	-37.63645112998398	0.6902878029594466	0.43673831291663856	-0.3405336148945487	0.8515504216226403	0.08743281191978226	0.31161979175327414	0.35703807257127135	0.8112259770865503	11.902174263469341	34.172039181320876	-25.374449119423772	-5949.821360872307
2538	-5987.457812002292	-5949.821360872307	-37.63645112998398	0.6902878029594466	0.43673831291663856	-0.3405336148945487	0.8515504216226403	0.08743281191978226	0.31161979175327414	0.35703807257127135	0.8112259770865503	11.902174263469341	34.172039181320876	-25.374449119423772	-5949.821360872307
2540	-5987.303508874501	-5949.821360872307	-37.48214800219408	0.6902878029594466	0.43673831291663856	-0.3405336148945487	0.6700584852337583	0.06649961664539077	0.31161979175327414	0.35703807257127135	0.8112259770865503	11.902174263469341	34.172039181320876	-25.416729069906644	-5949.821360872307
2542	-5985.532880897503	-5949.821360616803	-35.71152028070022	0.6902878029594466	0.43673831291663856	-0.3405336148945487	0.6700584852337583	0.06649961664539077	0.31161979175327414	0.35703807257127135	0.8112259770865503	7.488485270284214	25.344661194950625	-23.64610134841278	-5949.821360616803
2544	-5985.532570748027	-5949.821053388885	-35.71151735914159	0.6902878029594466	0.43673831291663856	-0.3405336148945487	0.6700584852337583	0.06649961664539077	0.31161979175327414	0.35703807257127135	0.8112259770865503	7.488485270284214	25.344661194950625	-23.64609842685415	-5949.821053388885
2546	-5985.444447680222	-5949.8208952143605	-35.62355246586096	0.6902878029594466	0.43673831291663856	-0.3405336148945487	0.6700584852337583	0.06649961664539077	0.31161979175327414	0.35703807257127135	0.8112259770865503	7.488485270284214	25.23492299882097	-23.55813353357352	-5949.8208952143605
2548	-5985.444447680222	-5949.8208952143605	-35.62355246586096	0.6902878029594466	0.43673831291663856	-0.3405336148945487	0.6700584852337583	0.06649961664539077	0.31161979175327414	0.35703807257127135	0.8112259770865503	7.488485270284214	25.23492299882097	-23.55813353357352	-5949.8208952143605
2550	-5985.444447680222	-5949.8208952143605	-35.62355246586096	0.6902878029594466	0.43673831291663856	-0.3405336148945487	0.6700584852337583	0.06649961664539077	0.31161979175327414	0.35703807257127135	0.8112259770865503	7.488485270284214	25.23492299882097	-23.55813353357352	-5949.8208952143605
2552	-5985.444447680222	-5949.8208952143605	-35.62355246586096	0.6902878029594466	0.43673831291663856	-0.3405336148945487	0.6700584852337583	0.06649961664539077	0.31161979175327414	0.35703807257127135	0.8112259770865503	7.488485270284214	25.23492299882097	-23.55813353357352	-5949.8208952143605
2554	-5985.202870780255	-5949.849529969665	-35.353340810589884	0.6902878029594466	0.43673831291663856	-0.3405336148945487	0.6700584852337583	0.06649961664539077	0.31161979175327414	0.35703807257127135	0.8112259770865503	7.488485270284214	25.01023364522202	-23.28792187830244	-5949.849529969665
2556	-5985.202870780255	-5949.849529969665	-35.353340810589884	0.6902878029594466	0.43673831291663856	-0.3405336148945487	0.6700584852337583	0.06649961664539077	0.31161979175327414	0.35703807257127135	0.8112259770865503	7.488485270284214	25.01023364522202	-23.28792187830244	-5949.849529969665
2558	-5985.202870780255	-5949.849529969665	-35.353340810589884	0.6902878029594466	0.43673831291663856	-0.3405336148945487	0.6700584852337583	0.06649961664539077	0.31161979175327414	0.35703807257127135	0.8112259770865503	7.488485270284214	25.01023364522202	-23.28792187830244	-5949.849529969665
2560	-5985.328652619443	-5949.831378180668	-35.497274438774994	0.6902878029594466	0.43673831291663856	-0.3405336148945487	0.6700584852337583	0.06649961664539077	0.31161979175327414	0.35703807257127135	0.8112259770865503	7.488485270284214	25.129889972354285	-23.431855506487555	-5949.831378180668
2562	-5985.328652619443	-5949.831378180668	-35.497274438774994	0.6902878029594466	0.43673831291663856	-0.3405336148945487	0.6700584852337583	0.06649961664539077	0.31161979175327414	0.35703807257127135	0.8112259770865503	7.488485270284214	25.129889972354285	-23.431855506487555	-5949.831378180668
2564	-5985.328652619443	-5949.831378180668	-35.497274438774994	0.6902878029594466	0.43673831291663856	-0.3405336148945487	0.6700584852337583	0.06649961664539077	0.31161979175327414	0.35703807257127135	0.8112259770865503	7.488485270284214	25.129889972354285	-23.431855506487555	-5949.831378180668
2566	-5985.192968601969	-5949.728466634326	-35.464501967643784	0.6902878029594466	0.43673831291663856	-0.3405336148945487	0.6700584852337583	0.06649961664539077	0.31161979175327414	0.35703807257127135	0.8112259770865503	7.488485270284214	25.11312910186157	-23.399083035356348	-5949.728466634326
2568	-5985.5952573231525	-5949.728466634326	-35.866790688826484	0.6902878029594466	0.43673831291663856	-0.6211593542905187	0.6700584852337583	0.06649961664539077	0.31161979175327414	0.35703807257127135	0.8112259770865503	7.488485270284214	25.11312910186157	-23.343460298132314	-5949.728466634326
2570	-5984.148390981981	-5950.48483806929	-33.66355291269037	0.6902878029594466	0.43673831291663856	-0.6211593542905187	0.6700584852337583	0.06649961664539077	0.31161979175327414	0.35703807257127135	0.8112259770865503	6.530660135123403	21.900999357579046	-21.1402225219962	-5950.48483806929
2572	-5983.4546727311745	-5949.984864639484	-33.46980809169045	0.6902878029594466	0.43673831291663856	-0.6211593542905187	0.3328495251146472	0.06649961664539077	0.31161979175327414	0.35703807257127135	0.8112259770865503	6.622328481483635	22.208415201185463	-21.325032984557204	-5949.984864639484
2574	-5983.201242175279	-5949.984864639484	-33.21637753579476	0.6902878029594466	0.43673831291663856	-0.6211593542905187	0.3328495251146472	0.18138048784452487	0.31161979175327414	0.35703807257127135	0.8112259770865503	6.622328481483635	22.208415201185463	-21.078924899464283	-5949.984864639484
2576	-5982.59798052793	-5949.986476731676	-32.61150379625412	0.6902878029594466	0.43673831291663856	-0.6211593542905187	0.3328495251146472	0.18138048784452487	0.31161979175327414	0.6666079396934812	0.8112259770865503	6.622328481483635	22.208415201185467	-20.40829231785943	-5949.986476731676
2578	-5982.5349555697285	-5950.032015998903	-32.50293957082518	0.6902878029594466	0.43673831291663856	-0.6211593542905187	0.3328495251146472	0.18138048784452487	0.31161979175327414	0.6666079396934812	0.8112259770865503	6.622328481483635	22.094904821783793	-20.29972809243049	-5950.032015998903
2580	-5982.5349555697285	-5950.032015998903	-32.50293957082518	0.6902878029594466	0.43673831291663856	-0.6211593542905187	0.3328495251146472	0.18138048784452487	0.31161979175327414	0.6666079396934812	0.8112259770865503	6.622328481483635	22.094904821783793	-20.29972809243049	-5950.032015998903
2582	-5982.506275911931	-5949.998166439927	-32.50810947200356	0.6902878029594466	0.43673831291663856	-0.6211593542905187	0.3328495251146472	0.18138048784452487	0.31161979175327414	0.6666079396934812	0.8112259770865503	6.622328481483635	22.099192546159223	-20.304897993608876	-5949.998166439927
2584	-5982.564374332284	-5950.040750400391	-32.52362393189366	0.6902878029594466	0.43673831291663856	-0.6211593542905187	0.3328495251146472	0.18138048784452487	0.31161979175327414	0.6666079396934812	0.8112259770865503	6.622328481483635	22.102881365112523	-20.32041245349897	-5950.040750400391
2586	-5982.538388424334	-5950.009755091224	-32.52863333310939	0.6902878029594466	0.43673831291663856	-0.6211593542905187	0.3328495251146472	0.18138048784452487	0.31161979175327414	0.6666079396934812	0.8112259770865503	6.622328481483635	22.107032881828935	-20.325421854714705	-5950.009755091224
2588	-5982.594138186369	-5950.009756019052	-32.584382167317315	0.6902878029594466	0.43673831291663856	-0.6211593542905187	0.3328495251146472	0.18138048784452487	0.31161979175327414	0.6666079396934812	0.8112259770865503	6.79642753119194	22.455230981245542	-20.38117068892263	-5950.009756019052
2590	-5982.736380637991	-5950.009756019052	-32.72662461893931	0.6902878029594466	0.43673831291663856	-0.6211593542905187	0.4495002219537255	0.18138048784452487	0.31161979175327414	0.6666079396934812	0.8112259770865503	6.79642753119194	22.455230981245542	-20.405323647434823	-5950.009756019052
2592	-5982.736380637991	-5950.009756019052	-32.72662461893931	0.6902878029594466	0.43673831291663856	-0.6211593542905187	0.4495002219537255	0.18138048784452487	0.31161979175327414	0.6666079396934812	0.8112259770865503	6.79642753119194	22.455230981245542	-20.405323647434823	-5950.009756019052
2594	-5982.736380637991	-5950.009756019052	-32.72662461893931	0.6902878029594466	0.43673831291663856	-0.6211593542905187	0.4495002219537255	0.18138048784452487	0.31161979175327414	0.6666079396934812	0.8112259770865503	6.79642753119194	22.455230981245542	-20.405323647434823	-5950.009756019052
2596	-5982.798780194639	-5950.009756019052	-32.78902417558773	0.6902878029594466	0.43673831291663856	-0.6211593542905187	0.4495002219537255	0.18138048784452487	0.17405414396207408	0.6666079396934812	1.0698722339276825	6.79642753119194	22.455230981245542	-20.405323647434823	-5950.009756019052
2598	-5985.296685002994	-5950.674823573748	-34.62186142924621	0.6902878029594466	0.43673831291663856	-0.6211593542905187	0.4495002219537255	0.18138048784452487	0.17405414396207408	0.6666079396934812	1.0698722339276825	7.815656596342659	25.82273898095852	-22.2381609010933	-5950.674823573748
2600	-5982.844885448981	-5949.152027342904	-33.69285810607677	0.6902878029594466	0.8884620584116382	-0.6211593542905187	0.4495002219537255	0.18138048784452487	0.17405414396207408	0.6666079396934812	1.0698722339276825	7.251299888124056	23.958118166463994	-21.32166473211233	-5949.152027342904
2602	-5982.844885448981	-5949.152027342904	-33.69285810607677	0.6902878029594466	0.8884620584116382	-0.6211593542905187	0.4495002219537255	0.18138048784452487	0.17405414396207408	0.6666079396934812	1.0698722339276825	7.251299888124056	23.958118166463994	-21.32166473211233	-5949.152027342904
2604	-5983.262531542672	-5949.592482103198	-33.67004943947489	0.6902878029594466	0.8884620584116382	-0.6211593542905187	0.4495002219537255	0.18138048784452487	0.17405414396207408	0.6666079396934812	1.0698722339276825	7.251299888124056	23.95283142768183	-21.29885606551045	-5949.592482103198
2606	-5983.262531542672	-5949.592482103198	-33.67004943947489	0.6902878029594466	0.8884620584116382	-0.6211593542905187	0.4495002219537255	0.18138048784452487	0.17405414396207408	0.6666079396934812	1.0698722339276825	7.251299888124056	23.95283142768183	-21.29885606551045	-5949.592482103198
2608	-5983.262531542672	-5949.592482103198	-33.67004943947489	0.6902878029594466	0.8884620584116382	-0.6211593542905187	0.4495002219537255	0.18138048784452487	0.17405414396207408	0.6666079396934812	1.0698722339276825	7.251299888124056	23.95283142768183	-21.29885606551045	-5949.592482103198
2610	-5983.262531542672	-5949.592482103198	-33.67004943947489	0.6902878029594466	0.8884620584116382	-0.6211593542905187	0.4495002219537255	0.18138048784452487	0.17405414396207408	0.6666079396934812	1.0698722339276825	7.251299888124056	23.95283142768183	-21.29885606551045	-5949.592482103198
2612	-5983.262531542672	-5949.592482103198	-33.67004943947489	0.6902878029594466	0.8884620584116382	-0.6211593542905187	0.4495002219537255	0.18138048784452487	0.17405414396207408	0.6666079396934812	1.0698722339276825	7.251299888124056	23.95283142768183	-21.29885606551045	-5949.592482103198
2614	-5983.262531542672	-5949.592482103198	-33.67004943947489	0.6902878029594466	0.8884620584116382	-0.6211593542905187	0.4495002219537255	0.18138048784452487	0.17405414396207408	0.6666079396934812	1.0698722339276825	7.251299888124056	23.95283142768183	-21.29885606551045	-5949.592482103198
2616	-5983.262531542672	-5949.592482103198	-33.67004943947489	0.6902878029594466	0.8884620584116382	-0.6211593542905187	0.4495002219537255	0.18138048784452487	0.17405414396207408	0.6666079396934812	1.0698722339276825	7.251299888124056	23.95283142768183	-21.29885606551045	-5949.592482103198
2618	-5983.132939113915	-5949.592482103198	-33.54045701071741	0.3019572274912252	0.8884620584116382	-0.6211593542905187	0.4495002219537255	0.18138048784452487	0.17405414396207408	0.6666079396934812	1.0698722339276825	7.251299888124056	23.95283142768183	-21.209565738008695	-5949.592482103198
2620	-5983.132939113915	-5949.592482103198	-33.54045701071741	0.3019572274912252	0.8884620584116382	-0.6211593542905187	0.4495002219537255	0.18138048784452487	0.17405414396207408	0.6666079396934812	1.0698722339276825	7.251299888124056	23.95283142768183	-21.209565738008695	-5949.592482103198
2622	-5982.838487714995	-5949.299153473352	-33.539334241643	0.3019572274912252	0.8884620584116382	-0.6211593542905187	0.4495002219537255	0.18138048784452487	0.17405414396207408	0.6666079396934812	1.0698722339276825	7.251299888124056	23.952831427681826	-21.20844296893428	-5949.299153473352
2624	-5982.878320584149	-5949.299153473352	-33.57916711079737	0.15980757716613095	0.8884620584116382	-0.6211593542905187	0.4495002219537255	0.18138048784452487	0.17405414396207408	0.6666079396934812	1.0698722339276825	7.251299888124056	23.952831427681826	-21.187620972672807	-5949.299153473352
2626	-5982.878320584149	-5949.299153473352	-33.57916711079737	0.15980757716613095	0.8884620584116382	-0.6211593542905187	0.4495002219537255	0.18138048784452487	0.17405414396207408	0.6666079396934812	1.0698722339276825	7.251299888124056	23.952831427681826	-21.187620972672807	-5949.299153473352
2628	-5982.807086103356	-5949.299153473352	-33.507932630003324	0.15980757716613095	0.8884620584116382	-0.6211593542905187	0.4495002219537255	0.18138048784452487	0.17405414396207408	0.6666079396934812	0.5246462215575647	7.251299888124056	23.952831427681826	-21.187620972672807	-5949.299153473352
2630	-5983.415791099143	-5949.46304654926	-33.9527445498829	0.15980757716613095	0.8884620584116382	-0.6211593542905187	0.4495002219537255	0.09510829880124244	0.17405414396207408	0.6666079396934812	0.5246462215575647	7.417568845473038	24.502058789462737	-21.641270153410577	-5949.46304654926
2632	-5983.380004849011	-5949.46304654926	-33.9169582997513	0.459706382912014	0.8884620584116382	-0.6211593542905187	0.4495002219537255	0.09510829880124244	0.17405414396207408	0.6666079396934812	0.5246462215575647	7.417568845473038	24.502058789462737	-21.686141116776817	-5949.46304654926
2634	-5983.804442563602	-5949.431858204432	-34.372584359169664	0.459706382912014	0.8884620584116382	-0.9165814049496694	0.4495002219537255	0.09510829880124244	0.17405414396207408	0.6666079396934812	0.5246462215575647	7.417568845473038	24.423860723004545	-21.554692370376973	-5949.431858204432
2636	-5982.86177262908	-5949.48309542932	-33.3786771997601	0.459706382912014	0.8884620584116382	-0.9165814049496694	0.4495002219537255	0.09510829880124244	0.17405414396207408	0.6666079396934812	0.5246462215575647	4.4297969342492305	18.460033845853044	-20.560785210967406	-5949.48309542932
2638	-5982.86177262908	-5949.48309542932	-33.3786771997601	0.459706382912014	0.8884620584116382	-0.9165814049496694	0.4495002219537255	0.09510829880124244	0.17405414396207408	0.6666079396934812	0.5246462215575647	4.4297969342492305	18.460033845853044	-20.560785210967406	-5949.48309542932
2640	-5982.86177262908	-5949.48309542932	-33.3786771997601	0.459706382912014	0.8884620584116382	-0.9165814049496694	0.4495002219537255	0.09510829880124244	0.17405414396207408	0.6666079396934812	0.5246462215575647	4.4297969342492305	18.460033845853044	-20.560785210967406	-5949.48309542932
2642	-5982.86177262908	-5949.48309542932	-33.3786771997601	0.459706382912014	0.8884620584116382	-0.9165814049496694	0.4495002219537255	0.09510829880124244	0.17405414396207408	0.6666079396934812	0.5246462215575647	4.4297969342492305	18.460033845853044	-20.560785210967406	-5949.48309542932
2644	-5983.235359253019	-5949.858370601626	-33.37698865139292	0.459706382912014	0.8884620584116382	-0.9165814049496694	0.4495002219537255	0.09510829880124244	0.17405414396207408	0.6666079396934812	0.5246462215575647	4.4297969342492305	18.46003384585304	-20.559096662600233	-5949.858370601626
2646	-5983.23256177472	-5949.858370601626	-33.374191173094225	0.459706382912014	0.8884620584116382	-0.9165814049496694	0.4495002219537255	0.09510829880124244	0.06985973704489291	0.6666079396934812	0.5246462215575647	4.4297969342492305	18.46003384585304	-20.559096662600233	-5949.858370601626
2648	-5982.432932000417	-5949.858370601626	-32.57456139879076	0.459706382912014	0.8884620584116382	-0.3632858922243563	0.4495002219537255	0.09510829880124244	0.06985973704489291	0.6666079396934812	0.5246462215575647	4.4297969342492305	18.46003384585304	-20.71631817648306	-5949.858370601626
2650	-5982.215957904823	-5949.711163242919	-32.50479466190423	0.459706382912014	0.8884620584116382	-0.3632858922243563	0.4495002219537255	0.09510829880124244	0.06985973704489291	0.6666079396934812	0.5246462215575647	4.4297969342492305	18.41581068780314	-20.646551439596525	-5949.711163242919
2652	-5982.215957904823	-5949.711163242919	-32.50479466190423	0.459706382912014	0.8884620584116382	-0.3632858922243563	0.4495002219537255	0.09510829880124244	0.06985973704489291	0.6666079396934812	0.5246462215575647	4.4297969342492305	18.41581068780314	-20.646551439596525	-5949.711163242919
2654	-5982.011386097202	-5949.711163242919	-32.30022285428397	0.459706382912014	0.8884620584116382	-0.3632858922243563	0.24980613731565712	0.09510829880124244	0.06985973704489291	0.6666079396934812	0.5246462215575647	4.4297969342492305	18.41581068780314	-20.58434934733388	-5949.711163242919
2656	-5981.916266028616	-5949.711163242919	-32.205102785696695	0.459706382912014	0.8884620584116382	-0.15396276498758496	0.24980613731565712	0.09510829880124244	0.06985973704489291	0.6666079396934812	0.5246462215575647	4.4297969342492305	18.41581068780314	-20.649791587099077	-5949.711163242919
2658	-5982.219716581926	-5949.711163242919	-32.50855333900741	0.459706382912014	0.8884620584116382	-0.15396276498758496	0.574463727707098	0.09510829880124244	0.06985973704489291	0.6666079396934812	0.5246462215575647	4.4297969342492305	18.41581068780314	-20.76945422601364	-5949.711163242919
2660	-5982.279318931681	-5949.711357241206	-32.56796169047411	0.459706382912014	0.8884620584116382	-0.15396276498758496	0.574463727707098	0.09510829880124244	0.06985973704489291	0.6666079396934812	0.5246462215575647	4.608839290698359	18.773895400701402	-20.82886257748033	-5949.711357241206
2662	-5982.3473613634205	-5949.800604117495	-32.54675724592592	0.459706382912014	0.8884620584116382	-0.15396276498758496	0.574463727707098	0.09510829880124244	0.06985973704489291	0.6666079396934812	0.5246462215575647	4.608839290698359	18.790196994996126	-20.807658132932144	-5949.800604117495
2664	-5982.184449092451	-5949.800604117495	-32.383844974956695	0.459706382912014	0.8884620584116382	-0.15396276498758496	0.574463727707098	0.2208107095439324	0.06985973704489291	0.6666079396934812	0.5246462215575647	4.608839290698359	18.790196994996126	-20.613815618374883	-5949.800604117495
2666	-5982.184449092451	-5949.800604117495	-32.383844974956695	0.459706382912014	0.8884620584116382	-0.15396276498758496	0.574463727707098	0.2208107095439324	0.06985973704489291	0.6666079396934812	0.5246462215575647	4.608839290698359	18.790196994996126	-20.613815618374883	-5949.800604117495
2668	-5982.184449092451	-5949.800604117495	-32.383844974956695	0.459706382912014	0.8884620584116382	-0.15396276498758496	0.574463727707098	0.2208107095439324	0.06985973704489291	0.6666079396934812	0.5246462215575647	4.608839290698359	18.790196994996126	-20.613815618374883	-5949.800604117495
2670	-5982.257120596594	-5949.800604117495	-32.456516479099335	0.459706382912014	0.8884620584116382	-0.15396276498758496	0.574463727707098	0.2208107095439324	0.06985973704489291	0.6666079396934812	0.2597957745590217	4.608839290698359	18.790196994996126	-20.613815618374883	-5949.800604117495
2672	-5983.198656994624	-5950.537040313488	-32.66161668113578	0.459706382912014	0.8884620584116382	-0.15396276498758496	0.574463727707098	0.2208107095439324	0.06985973704489291	0.6666079396934812	0.2597957745590217	4.608839290698359	18.955306991705594	-20.818915820411327	-5950.537040313488
2674	-5983.437261466987	-5950.763461642231	-32.67379982475624	0.459706382912014	0.8884620584116382	-0.15396276498758496	0.574463727707098	0.2208107095439324	0.06985973704489291	0.6666079396934812	0.2597957745590217	4.608839290698359	18.958209854648306	-20.831098964031785	-5950.763461642231
2676	-5983.7286126216295	-5950.763461642231	-32.965150979398814	0.459706382912014	0.8884620584116382	-0.4845631456562315	0.574463727707098	0.2208107095439324	0.06985973704489291	0.6666079396934812	0.2597957745590217	4.608839290698359	18.958209854648306	-20.721435282488425	-5950.763461642231
2678	-5983.533628017949	-5950.866014395076	-32.66761362287386	0.459706382912014	0.8884620584116382	-0.4845631456562315	0.574463727707098	0.2208107095439324	0.06985973704489291	0.6666079396934812	0.2597957745590217	4.49250892688474	18.48362650518479	-20.42389792596347	-5950.866014395076
2680	-5983.397756910615	-5950.72407146397	-32.67368544664467	0.459706382912014	0.8884620584116382	-0.4845631456562315	0.574463727707098	0.2208107095439324	0.06985973704489291	0.6666079396934812	0.2597957745590217	4.49250892688474	18.48504102166621	-20.429969749734276	-5950.72407146397
2682	-5983.398313263348	-5950.724549689642	-32.67376357370627	0.459706382912014	0.8884620584116382	-0.4845631456562315	0.574463727707098	0.2208107095439324	0.06985973704489291	0.6666079396934812	0.2597957745590217	4.49250892688474	18.48504102166621	-20.430047876795882	-5950.724549689642
2684	-5983.469285852101	-5950.620414222166	-32.84887162993573	0.459706382912014	0.8884620584116382	-0.4845631456562315	0.574463727707098	0.2208107095439324	0.06985973704489291	0.6666079396934812	0.2597957745590217	4.49250892688474	18.67028240077262	-20.605155933025337	-5950.620414222166
2686	-5983.469285852101	-5950.620414222166	-32.84887162993573	0.459706382912014	0.8884620584116382	-0.4845631456562315	0.574463727707098	0.2208107095439324	0.06985973704489291	0.6666079396934812	0.2597957745590217	4.49250892688474	18.67028240077262	-20.605155933025337	-5950.620414222166
2688	-5984.264574346321	-5950.620414222166	-33.64416012415509	0.459706382912014	1.658100473413838	-0.4845631456562315	0.574463727707098	0.2208107095439324	0.06985973704489291	0.6666079396934812	0.2597957745590217	4.49250892688474	18.67028240077262	-20.774285943806422	-5950.620414222166
2690	-5984.264574346321	-5950.620414222166	-33.64416012415509	0.459706382912014	1.658100473413838	-0.4845631456562315	0.574463727707098	0.2208107095439324	0.06985973704489291	0.6666079396934812	0.2597957745590217	4.49250892688474	18.67028240077262	-20.774285943806422	-5950.620414222166
2692	-5984.272374285677	-5950.612191300915	-33.66018298476198	0.459706382912014	1.658100473413838	-0.4845631456562315	0.574463727707098	0.2208107095439324	0.06985973704489291	0.6666079396934812	0.2597957745590217	4.49250892688474	18.680471125940254	-20.790308804413314	-5950.612191300915
2694	-5984.575415449265	-5950.612191300915	-33.96322414835086	1.1391289722347675	1.658100473413838	-0.4845631456562315	0.574463727707098	0.2208107095439324	0.06985973704489291	0.6666079396934812	0.2597957745590217	4.49250892688474	18.680471125940254	-21.133616028111717	-5950.612191300915
2696	-5984.6418035400875	-5950.612191300915	-34.02961223917244	1.1391289722347675	1.658100473413838	-0.4845631456562315	0.574463727707098	0.2208107095439324	0.06985973704489291	0.6666079396934812	0.12046480887104194	4.49250892688474	18.680471125940254	-21.133616028111717	-5950.612191300915
2698	-5984.1717848508	-5950.612191300915	-33.55959354988457	1.1391289722347675	0.9990749252850764	-0.4845631456562315	0.574463727707098	0.2208107095439324	0.1510502572836449	0.6666079396934812	0.12046480887104194	4.49250892688474	18.680471125940254	-20.79741531800781	-5950.612191300915
2700	-5983.91495385524	-5950.612191300915	-33.30276255432544	1.1391289722347675	0.9990749252850764	-0.2591212013469013	0.574463727707098	0.2208107095439324	0.1510502572836449	0.6666079396934812	0.12046480887104194	4.49250892688474	18.680471125940254	-20.837750187298955	-5950.612191300915
2702	-5984.514304844619	-5952.447520664086	-32.066784180532295	1.1391289722347675	0.9990749252850764	-0.2591212013469013	0.574463727707098	0.2208107095439324	0.1510502572836449	0.6666079396934812	0.12046480887104194	4.058060176931011	16.873973362375615	-19.60177181350581	-5952.447520664086
2704	-5984.514304844619	-5952.447520664086	-32.066784180532295	1.1391289722347675	0.9990749252850764	-0.2591212013469013	0.574463727707098	0.2208107095439324	0.1510502572836449	0.6666079396934812	0.12046480887104194	4.058060176931011	16.873973362375615	-19.60177181350581	-5952.447520664086
2706	-5984.514304844619	-5952.447520664086	-32.066784180532295	1.1391289722347675	0.9990749252850764	-0.2591212013469013	0.574463727707098	0.2208107095439324	0.1510502572836449	0.6666079396934812	0.12046480887104194	4.058060176931011	16.873973362375615	-19.60177181350581	-5952.447520664086
2708	-5984.490173395464	-5952.447520664086	-32.042652731377736	1.1391289722347675	0.9990749252850764	-0.2591212013469013	0.574463727707098	0.2678656667201266	0.1510502572836449	0.6666079396934812	0.12046480887104194	4.058060176931011	16.873973362375615	-19.561753381781063	-5952.447520664086
2710	-5984.490173395464	-5952.447520664086	-32.042652731377736	1.1391289722347675	0.9990749252850764	-0.2591212013469013	0.574463727707098	0.2678656667201266	0.1510502572836449	0.6666079396934812	0.12046480887104194	4.058060176931011	16.873973362375615	-19.561753381781063	-5952.447520664086
2712	-5984.533874002452	-5952.447520664086	-32.08635333836554	1.1391289722347675	0.9990749252850764	-0.2591212013469013	0.574463727707098	0.19107554099552626	0.1510502572836449	0.6666079396934812	0.12046480887104194	4.058060176931011	16.873973362375615	-19.629096973562003	-5952.447520664086
2714	-5984.789040616249	-5952.96454170034	-31.8244989159083	1.1391289722347675	0.9990749252850764	-0.2591212013469013	0.574463727707098	0.19107554099552626	0.1510502572836449	0.6666079396934812	0.12046480887104194	4.058060176931011	16.608011086653793	-19.367242551104766	-5952.96454170034
2716	-5984.789040616249	-5952.96454170034	-31.8244989159083	1.1391289722347675	0.9990749252850764	-0.2591212013469013	0.574463727707098	0.19107554099552626	0.1510502572836449	0.6666079396934812	0.12046480887104194	4.058060176931011	16.608011086653793	-19.367242551104766	-5952.96454170034
2718	-5984.537169454398	-5952.435481366454	-32.101688087944254	1.1391289722347675	0.9990749252850764	-0.2591212013469013	0.574463727707098	0.19107554099552626	0.1510502572836449	0.6666079396934812	0.12046480887104194	4.058060176931011	16.88955916251455	-19.64443172314072	-5952.435481366454
2720	-5986.649168861633	-5952.43819362206	-34.210975239573315	1.1391289722347675	0.9990749252850764	-0.2591212013469013	0.574463727707098	0.19107554099552626	0.1510502572836449	0.6666079396934812	0.12046480887104194	10.427764680068723	29.628968168789978	-21.753718874769785	-5952.43819362206
2722	-5986.649168861633	-5952.43819362206	-34.210975239573315	1.1391289722347675	0.9990749252850764	-0.2591212013469013	0.574463727707098	0.19107554099552626	0.1510502572836449	0.6666079396934812	0.12046480887104194	10.427764680068723	29.628968168789978	-21.753718874769785	-5952.43819362206
2724	-5986.002288290608	-5951.769146924251	-34.23314136635694	1.1391289722347675	0.9990749252850764	-0.2591212013469013	0.574463727707098	0.19107554099552626	0.1510502572836449	0.6666079396934812	0.12046480887104194	10.427764680068723	29.63387490445943	-21.775885001553405	-5951.769146924251
2726	-5986.002288290608	-5951.769146924251	-34.23314136635694	1.1391289722347675	0.9990749252850764	-0.2591212013469013	0.574463727707098	0.19107554099552626	0.1510502572836449	0.6666079396934812	0.12046480887104194	10.427764680068723	29.63387490445943	-21.775885001553405	-5951.769146924251
2728	-5986.10336087884	-5951.769146924251	-34.33421395458957	1.1391289722347675	0.9990749252850764	-0.2591212013469013	0.574463727707098	0.11125214208341759	0.1510502572836449	0.6666079396934812	0.12046480887104194	10.427764680068723	29.63387490445943	-21.889033068091692	-5951.769146924251
2730	-5986.400036522684	-5951.839170901218	-34.560865621466206	1.1391289722347675	0.9990749252850764	-0.2591212013469013	0.574463727707098	0.16872028119097443	0.1510502572836449	0.6666079396934812	0.12046480887104194	10.427764680068723	29.824818851900652	-22.10827581799913	-5951.839170901218
2732	-5986.335444514512	-5951.839170901218	-34.49627361329473	1.1391289722347675	0.9990749252850764	-0.18400281224134368	0.574463727707098	0.16872028119097443	0.06580157153547596	0.6666079396934812	0.12046480887104194	10.427764680068723	29.824818851900652	-22.114983346201182	-5951.839170901218
2734	-5986.3388943679465	-5951.839170901218	-34.49972346672921	1.1391289722347675	0.9990749252850764	-0.18400281224134368	0.574463727707098	0.16872028119097443	0.03646307849066191	0.6666079396934812	0.12046480887104194	10.427764680068723	29.824818851900652	-22.114983346201182	-5951.839170901218
2736	-5986.744322985667	-5952.088116145978	-34.656206839688494	1.1391289722347675	0.9990749252850764	-0.18400281224134368	0.574463727707098	0.16872028119097443	0.03646307849066191	0.6666079396934812	0.12046480887104194	6.451499167723354	23.100713193593773	-22.271466719160465	-5952.088116145978
2738	-5986.797015410855	-5952.131990625416	-34.66502478543953	1.1391289722347675	0.9990749252850764	-0.18400281224134368	0.574463727707098	0.16872028119097443	0.03646307849066191	0.6666079396934812	0.12046480887104194	6.451499167723354	23.107318240086602	-22.280284664911505	-5952.131990625416
2740	-5986.797015410855	-5952.131990625416	-34.66502478543953	1.1391289722347675	0.9990749252850764	-0.18400281224134368	0.574463727707098	0.16872028119097443	0.03646307849066191	0.6666079396934812	0.12046480887104194	6.451499167723354	23.107318240086602	-22.280284664911505	-5952.131990625416
2742	-5984.588686881654	-5951.224405729648	-33.364281152005816	1.1391289722347675	0.9990749252850764	-0.18400281224134368	0.574463727707098	0.16872028119097443	0.013682473798625883	0.6666079396934812	0.12046480887104194	5.86213098129501	20.996379698465695	-20.976268654450337	-5951.224405729648
2744	-5984.588686881654	-5951.224405729648	-33.364281152005816	1.1391289722347675	0.9990749252850764	-0.18400281224134368	0.574463727707098	0.16872028119097443	0.013682473798625883	0.6666079396934812	0.12046480887104194	5.86213098129501	20.996379698465695	-20.976268654450337	-5951.224405729648
2746	-5984.5519511934435	-5951.197748342635	-33.35420285080821	1.1391289722347675	0.9990749252850764	-0.18400281224134368	0.574463727707098	0.16872028119097443	0.013682473798625883	0.6666079396934812	0.12046480887104194	5.86213098129501	20.988764824100492	-20.966190353252728	-5951.197748342635
2748	-5985.603161957202	-5951.197748342635	-34.405413614566854	1.6303435916613074	0.9990749252850764	-0.18400281224134368	0.574463727707098	0.16872028119097443	0.013682473798625883	0.6666079396934812	0.12046480887104194	5.86213098129501	20.988764824100492	-21.147755914727423	-5951.197748342635
2750	-5985.621905306424	-5951.197748342635	-34.42415696378847	1.6303435916613074	0.9990749252850764	-0.18400281224134368	0.574463727707098	0.16872028119097443	0.013682473798625883	0.6666079396934812	0.08716077403661876	5.86213098129501	20.988764824100492	-21.147755914727423	-5951.197748342635
2752	-5985.649494263659	-5951.197748342635	-34.45174592102396	1.6303435916613074	0.9990749252850764	-0.18400281224134368	0.574463727707098	0.16872028119097443	0.013682473798625883	0.6666079396934812	0.04135844368509999	5.86213098129501	20.988764824100492	-21.147755914727423	-5951.197748342635
2754	-5985.633499788131	-5951.186751238685	-34.446748549445935	1.6303435916613074	0.9990749252850764	-0.18400281224134368	0.574463727707098	0.16872028119097443	0.013682473798625883	0.6666079396934812	0.04135844368509999	5.86213098129501	20.98535751139923	-21.142758543149405	-5951.186751238685
2756	-5985.633499788131	-5951.186751238685	-34.446748549445935	1.6303435916613074	0.9990749252850764	-0.18400281224134368	0.574463727707098	0.16872028119097443	0.013682473798625883	0.6666079396934812	0.04135844368509999	5.86213098129501	20.98535751139923	-21.142758543149405	-5951.186751238685
2758	-5985.633499788131	-5951.186751238685	-34.446748549445935	1.6303435916613074	0.9990749252850764	-0.18400281224134368	0.574463727707098	0.16872028119097443	0.013682473798625883	0.6666079396934812	0.04135844368509999	5.86213098129501	20.98535751139923	-21.142758543149405	-5951.186751238685
2760	-5985.633499788131	-5951.186751238685	-34.446748549445935	1.6303435916613074	0.9990749252850764	-0.18400281224134368	0.574463727707098	0.16872028119097443	0.013682473798625883	0.6666079396934812	0.04135844368509999	5.86213098129501	20.98535751139923	-21.142758543149405	-5951.186751238685
2762	-5985.61569521438	-5951.242757822469	-34.372937391911464	1.6303435916613074	0.9990749252850764	-0.18400281224134368	0.574463727707098	0.16872028119097443	0.013682473798625883	0.6666079396934812	0.04135844368509999	5.86213098129501	20.912621348860505	-21.068947385614933	-5951.242757822469
2764	-5985.868684482801	-5951.750452433082	-34.11823204971917	1.6303435916613074	0.9990749252850764	-0.18400281224134368	0.574463727707098	0.16872028119097443	0.013682473798625883	0.6666079396934812	0.04135844368509999	5.86213098129501	20.667106381870497	-20.81424204342264	-5951.750452433082
2766	-5985.868684482801	-5951.750452433082	-34.11823204971917	1.6303435916613074	0.9990749252850764	-0.18400281224134368	0.574463727707098	0.16872028119097443	0.013682473798625883	0.6666079396934812	0.04135844368509999	5.86213098129501	20.667106381870497	-20.81424204342264	-5951.750452433082
2768	-5985.010214275546	-5951.213521321255	-33.79669295429045	1.6303435916613074	0.9990749252850764	-0.18400281224134368	0.574463727707098	0.16872028119097443	0.013682473798625883	0.6666079396934812	0.04135844368509999	5.86213098129501	20.461097130555185	-20.492702947993916	-5951.213521321255
2770	-5985.010214275546	-5951.213521321255	-33.79669295429045	1.6303435916613074	0.9990749252850764	-0.18400281224134368	0.574463727707098	0.16872028119097443	0.013682473798625883	0.6666079396934812	0.04135844368509999	5.86213098129501	20.461097130555185	-20.492702947993916	-5951.213521321255
2772	-5988.646004033691	-5953.387662087043	-35.258341946647676	1.6303435916613074	0.9990749252850764	-0.18400281224134368	0.574463727707098	0.16872028119097443	0.013682473798625883	0.6666079396934812	0.04135844368509999	10.031378634196292	28.799592436357752	-21.954351940351145	-5953.387662087043
2774	-5989.527686286984	-5953.387662087043	-36.140024199941095	1.6303435916613074	0.9990749252850764	-0.18400281224134368	0.574463727707098	0.16872028119097443	0.013682473798625883	1.3314549164977143	0.04135844368509999	10.031378634196292	28.799592436357752	-21.535125180490386	-5953.387662087043
2776	-5989.58915554447	-5953.387662087043	-36.201493457426	1.6303435916613074	0.9990749252850764	-0.30002819014981263	0.574463727707098	0.16872028119097443	0.013682473798625883	1.3314549164977143	0.04135844368509999	10.031378634196292	28.799592436357752	-21.473782186901516	-5953.387662087043
2778	-5989.608333662	-5953.387662087043	-36.2206715749575	1.6303435916613074	2.1139284392062474	-0.30002819014981263	0.574463727707098	0.16872028119097443	0.013682473798625883	1.3314549164977143	0.04135844368509999	10.031378634196292	28.799592436357752	-21.5752832166197	-5953.387662087043
2780	-5990.01275125683	-5952.873558171662	-37.13919308516806	1.6303435916613074	2.1139284392062474	-0.30002819014981263	0.574463727707098	0.16872028119097443	0.013682473798625883	1.3314549164977143	0.04135844368509999	10.987502430962373	31.544576617465005	-22.493804726830263	-5952.873558171662
2782	-5990.049614883723	-5952.873558171662	-37.1760567120608	1.6303435916613074	2.1139284392062474	-0.30002819014981263	0.574463727707098	0.07281149624077543	0.013682473798625883	1.3314549164977143	0.04135844368509999	10.987502430962373	31.544576617465005	-22.5525211035862	-5952.873558171662
2784	-5990.049614883723	-5952.873558171662	-37.1760567120608	1.6303435916613074	2.1139284392062474	-0.30002819014981263	0.574463727707098	0.07281149624077543	0.013682473798625883	1.3314549164977143	0.04135844368509999	10.987502430962373	31.544576617465005	-22.5525211035862	-5952.873558171662
2786	-5990.0487905076325	-5952.87293298213	-37.17585752550214	1.6303435916613074	2.1139284392062474	-0.30002819014981263	0.574463727707098	0.07281149624077543	0.013682473798625883	1.3314549164977143	0.04135844368509999	10.987502430962373	31.544576617465005	-22.55232191702754	-5952.87293298213
2788	-5990.0487905076325	-5952.87293298213	-37.17585752550214	1.6303435916613074	2.1139284392062474	-0.30002819014981263	0.574463727707098	0.07281149624077543	0.013682473798625883	1.3314549164977143	0.04135844368509999	10.987502430962373	31.544576617465005	-22.55232191702754	-5952.87293298213
2790	-5990.623875210897	-5953.453025887043	-37.1708493238541	1.6303435916613074	2.1139284392062474	-0.30002819014981263	0.574463727707098	0.07281149624077543	0.013682473798625883	1.3314549164977143	0.04135844368509999	10.987502430962373	31.544576617465005	-22.547313715379495	-5953.453025887043
2792	-5989.942412157232	-5952.771336476509	-37.17107568072342	1.6303435916613074	2.1139284392062474	-0.30002819014981263	0.574463727707098	0.07281149624077543	0.013682473798625883	1.3314549164977143	0.04135844368509999	10.987502430962373	31.544576617465	-22.54754007224882	-5952.771336476509
2794	-5989.942412157232	-5952.771336476509	-37.17107568072342	1.6303435916613074	2.1139284392062474	-0.30002819014981263	0.574463727707098	0.07281149624077543	0.013682473798625883	1.3314549164977143	0.04135844368509999	10.987502430962373	31.544576617465	-22.54754007224882	-5952.771336476509
2796	-5989.550411565195	-5952.269245042741	-37.28116652245313	1.6303435916613074	2.1139284392062474	-0.30002819014981263	0.574463727707098	0.07281149624077543	0.013682473798625883	1.3314549164977143	0.04135844368509999	10.987502430962373	31.70736150478862	-22.657630913978526	-5952.269245042741
2798	-5989.550411565195	-5952.269245042741	-37.28116652245313	1.6303435916613074	2.1139284392062474	-0.30002819014981263	0.574463727707098	0.07281149624077543	0.013682473798625883	1.3314549164977143	0.04135844368509999	10.987502430962373	31.70736150478862	-22.657630913978526	-5952.269245042741
2800	-5989.31905304299	-5952.087211909104	-37.2318411338867	1.6303435916613074	2.1139284392062474	-0.30002819014981263	0.574463727707098	0.07281149624077543	0.013682473798625883	1.3314549164977143	0.04135844368509999	10.781112392231252	31.34712950672411	-22.608305525412096	-5952.087211909104
2802	-5989.473125071766	-5952.087211909104	-37.38591316266238	1.6303435916613074	2.1139284392062474	-0.4511673894259105	0.574463727707098	0.07281149624077543	0.013682473798625883	1.3314549164977143	0.04135844368509999	10.781112392231252	31.34712950672411	-22.562018467972152	-5952.087211909104
2804	-5989.872269058778	-5952.460657957236	-37.41161110154154	1.6303435916613074	2.1139284392062474	-0.4511673894259105	0.574463727707098	0.07281149624077543	0.013682473798625883	1.3314549164977143	0.04135844368509999	10.781112392231252	31.37533555392054	-22.587716406851303	-5952.460657957236
2806	-5990.723505643155	-5952.993733687125	-37.72977195602945	1.6303435916613074	2.1139284392062474	-0.4511673894259105	0.574463727707098	0.07281149624077543	0.013682473798625883	1.3314549164977143	0.04135844368509999	11.100199420119974	32.303946833228416	-22.905877261339217	-5952.993733687125
2808	-5990.723505643155	-5952.993733687125	-37.72977195602945	1.6303435916613074	2.1139284392062474	-0.4511673894259105	0.574463727707098	0.07281149624077543	0.013682473798625883	1.3314549164977143	0.04135844368509999	11.100199420119974	32.303946833228416	-22.905877261339217	-5952.993733687125
2810	-5990.723505643155	-5952.993733687125	-37.72977195602945	1.6303435916613074	2.1139284392062474	-0.4511673894259105	0.574463727707098	0.07281149624077543	0.013682473798625883	1.3314549164977143	0.04135844368509999	11.100199420119974	32.303946833228416	-22.905877261339217	-5952.993733687125
2812	-5990.723505643155	-5952.993733687125	-37.72977195602945	1.6303435916613074	2.1139284392062474	-0.4511673894259105	0.574463727707098	0.07281149624077543	0.013682473798625883	1.3314549164977143	0.04135844368509999	11.100199420119974	32.303946833228416	-22.905877261339217	-5952.993733687125
2814	-5990.723505643155	-5952.993733687125	-37.72977195602945	1.6303435916613074	2.1139284392062474	-0.4511673894259105	0.574463727707098	0.07281149624077543	0.013682473798625883	1.3314549164977143	0.04135844368509999	11.100199420119974	32.303946833228416	-22.905877261339217	-5952.993733687125
2816	-5990.665789354533	-5952.99338277055	-37.672406583983204	1.6303435916613074	2.1139284392062474	-0.4511673894259105	0.574463727707098	0.07281149624077543	0.013682473798625883	1.3314549164977143	0.04135844368509999	11.100199420119974	32.171235907636984	-22.848511889292975	-5952.99338277055
2818	-5990.665789354533	-5952.99338277055	-37.672406583983204	1.6303435916613074	2.1139284392062474	-0.4511673894259105	0.574463727707098	0.07281149624077543	0.013682473798625883	1.3314549164977143	0.04135844368509999	11.100199420119974	32.171235907636984	-22.848511889292975	-5952.99338277055
2820	-5990.7223041796005	-5953.049905418655	-37.672398760945356	1.6303435916613074	2.1139284392062474	-0.4511673894259105	0.574463727707098	0.07281149624077543	0.013682473798625883	1.3314549164977143	0.04135844368509999	11.100199420119974	32.171235907636984	-22.84850406625512	-5953.049905418655
2822	-5991.079827817872	-5953.467321567744	-37.612506250128256	1.6303435916613074	2.1139284392062474	-0.4511673894259105	0.574463727707098	0.07281149624077543	0.013682473798625883	1.3314549164977143	0.04135844368509999	11.100199420119974	32.12436672475195	-22.788611555438024	-5953.467321567744
2824	-5991.170495050009	-5953.467586740116	-37.70290830989322	1.6303435916613074	2.1139284392062474	-0.4511673894259105	0.574463727707098	0.07281149624077543	0.036794962142321135	1.3314549164977143	0.04135844368509999	11.100199420119974	32.335568657579614	-22.880113140486234	-5953.467586740116
2826	-5992.253863373494	-5953.467586740116	-38.78627663337845	1.6303435916613074	2.1139284392062474	-1.0213541891637525	0.574463727707098	0.10232912246117991	0.036794962142321135	1.3314549164977143	0.04135844368509999	11.100199420119974	32.335568657579614	-22.792233827684182	-5953.467586740116
2828	-5990.439850266546	-5952.16206813434	-38.27778213220565	1.6303435916613074	2.1139284392062474	-1.0213541891637525	0.574463727707098	0.10232912246117991	0.036794962142321135	1.3314549164977143	0.04135844368509999	10.5355225448318	30.75819796589489	-22.283739326511387	-5952.16206813434
2830	-5988.013399541842	-5949.759909944517	-38.25348959732456	1.6303435916613074	2.1139284392062474	-1.0213541891637525	0.574463727707098	0.10232912246117991	0.036794962142321135	1.3314549164977143	0.04135844368509999	10.5355225448318	30.758197965894887	-22.259446791630296	-5949.759909944517
2832	-5988.013399541842	-5949.759909944517	-38.25348959732456	1.6303435916613074	2.1139284392062474	-1.0213541891637525	0.574463727707098	0.10232912246117991	0.036794962142321135	1.3314549164977143	0.04135844368509999	10.5355225448318	30.758197965894887	-22.259446791630296	-5949.759909944517
2834	-5986.870499541887	-5949.759909944517	-37.11058959736996	1.6303435916613074	2.1139284392062474	-0.3646295447954857	0.574463727707098	0.10232912246117991	0.036794962142321135	1.3314549164977143	0.04135844368509999	10.5355225448318	30.758197965894887	-22.404020953741192	-5949.759909944517
2836	-5987.06057727181	-5950.652976659834	-36.40760061197625	1.6303435916613074	2.1139284392062474	-0.3646295447954857	0.574463727707098	0.10232912246117991	0.036794962142321135	1.3314549164977143	0.04135844368509999	9.840201973765161	28.728226724922322	-21.701031968347486	-5950.652976659834
2838	-5987.06057727181	-5950.652976659834	-36.40760061197625	1.6303435916613074	2.1139284392062474	-0.3646295447954857	0.574463727707098	0.10232912246117991	0.036794962142321135	1.3314549164977143	0.04135844368509999	9.840201973765161	28.728226724922322	-21.701031968347486	-5950.652976659834
2840	-5986.6301134592995	-5950.179002837626	-36.45111062167286	1.6303435916613074	2.1139284392062474	-0.3646295447954857	0.574463727707098	0.10232912246117991	0.036794962142321135	1.3314549164977143	0.04135844368509999	9.840201973765161	28.762775939474736	-21.744541978044094	-5950.179002837626
2842	-5986.562490161093	-5950.180285989829	-36.38220417126398	1.6303435916613074	2.1139284392062474	-0.3646295447954857	0.574463727707098	0.10232912246117991	0.036794962142321135	1.3314549164977143	0.04135844368509999	9.840201973765161	28.60271673192375	-21.675635527635208	-5950.180285989829
2844	-5986.562490161093	-5950.180285989829	-36.38220417126398	1.6303435916613074	2.1139284392062474	-0.3646295447954857	0.574463727707098	0.10232912246117991	0.036794962142321135	1.3314549164977143	0.04135844368509999	9.840201973765161	28.60271673192375	-21.675635527635208	-5950.180285989829
2846	-5987.122384636868	-5950.180285989829	-36.94209864703952	1.6303435916613074	2.1139284392062474	-0.7735967740415745	0.574463727707098	0.10232912246117991	0.036794962142321135	1.3314549164977143	0.04135844368509999	9.840201973765161	28.60271673192375	-21.535095900518236	-5950.180285989829
2848	-5987.124157915999	-5950.180285989829	-36.94387192616945	1.6303435916613074	2.1139284392062474	-0.7735967740415745	0.574463727707098	0.10232912246117991	0.013778095202521089	1.3314549164977143	0.04135844368509999	9.840201973765161	28.60271673192375	-21.535095900518236	-5950.180285989829
2850	-5990.583704185223	-5953.639832259053	-36.94387192616945	1.6303435916613074	2.1139284392062474	-0.7735967740415745	0.574463727707098	0.10232912246117991	0.013778095202521089	1.3314549164977143	0.04135844368509999	9.840201973765161	28.60271673192375	-21.535095900518236	-5953.639832259053
2852	-5990.535317903009	-5953.639832258762	-36.89548564424694	1.6303435916613074	2.1139284392062474	-0.7735967740415745	0.574463727707098	0.10232912246117991	0.013778095202521089	1.3314549164977143	0.04135844368509999	9.62779468935191	28.177902163097244	-21.48670961859572	-5953.639832258762
2854	-5990.699471978478	-5953.870769609267	-36.82870236921087	1.6303435916613074	2.1139284392062474	-0.7735967740415745	0.574463727707098	0.10232912246117991	0.013778095202521089	1.3314549164977143	0.10404978486952801	9.62779468935191	28.181249871074	-21.49883911956783	-5953.870769609267
2856	-5990.767387982061	-5953.870769609267	-36.896618372794535	1.6303435916613074	2.1139284392062474	-0.7735967740415745	0.574463727707098	0.33956656392289847	0.013778095202521089	1.3314549164977143	0.10404978486952801	9.62779468935191	28.181249871074	-21.465189601174824	-5953.870769609267
2858	-5990.737358026278	-5953.870922277255	-36.86643574902372	1.6303435916613074	2.1139284392062474	-0.7735967740415745	0.574463727707098	0.33956656392289847	0.013778095202521089	1.3314549164977143	0.052967814660668674	9.62779468935191	27.97903118426576	-21.371004021195766	-5953.870922277255
2860	-5991.283565140136	-5954.389573819228	-36.893991320907496	1.6303435916613074	2.1139284392062474	-0.7735967740415745	0.574463727707098	0.33956656392289847	0.013778095202521089	1.3314549164977143	0.052967814660668674	9.62779468935191	28.103096266124652	-21.39855959307954	-5954.389573819228
2862	-5990.199833900356	-5953.277650913445	-36.92218298691138	1.6303435916613074	2.1139284392062474	-0.7735967740415745	0.574463727707098	0.33956656392289847	0.013778095202521089	1.3314549164977143	0.052967814660668674	9.62779468935191	28.103096266124652	-21.42675125908342	-5953.277650913445
2864	-5990.722245486671	-5953.277650913445	-37.444594573226595	1.6303435916613074	2.1139284392062474	-0.7735967740415745	0.574463727707098	0.33956656392289847	0.013778095202521089	0.7248317264048633	0.052967814660668674	9.62779468935191	28.103096266124652	-23.164422503759816	-5953.277650913445
2866	-5990.722245486671	-5953.277650913445	-37.444594573226595	1.6303435916613074	2.1139284392062474	-0.7735967740415745	0.574463727707098	0.33956656392289847	0.013778095202521089	0.7248317264048633	0.052967814660668674	9.62779468935191	28.103096266124652	-23.164422503759816	-5953.277650913445
2868	-5991.508899886365	-5952.863198106386	-38.645701779978275	1.6303435916613074	2.1139284392062474	-0.7735967740415745	0.574463727707098	0.33956656392289847	0.013778095202521089	0.7248317264048633	0.052967814660668674	10.34560233048908	30.178842494611104	-24.3655297105115	-5952.863198106386
2870	-5991.385557510238	-5952.661389230675	-38.72416827956327	1.6303435916613074	2.1139284392062474	-0.7735967740415745	0.574463727707098	0.33956656392289847	0.02766212461690546	0.7248317264048633	0.052967814660668674	10.34560233048908	30.216138689171835	-24.44842308364269	-5952.661389230675
2872	-5991.385557510238	-5952.661389230675	-38.72416827956327	1.6303435916613074	2.1139284392062474	-0.7735967740415745	0.574463727707098	0.33956656392289847	0.02766212461690546	0.7248317264048633	0.052967814660668674	10.34560233048908	30.216138689171835	-24.44842308364269	-5952.661389230675
2874	-5990.794497924713	-5953.12168296804	-37.672814956673484	1.6303435916613074	2.1139284392062474	-0.7735967740415745	0.574463727707098	0.33956656392289847	0.02766212461690546	0.7248317264048633	0.052967814660668674	9.625379787048155	28.337621794129454	-23.3970697607529	-5953.12168296804
2876	-5990.794497924713	-5953.12168296804	-37.672814956673484	1.6303435916613074	2.1139284392062474	-0.7735967740415745	0.574463727707098	0.33956656392289847	0.02766212461690546	0.7248317264048633	0.052967814660668674	9.625379787048155	28.337621794129454	-23.3970697607529	-5953.12168296804
2878	-5986.946728781605	-5950.6541937908605	-36.292534990744464	1.6303435916613074	0.9205277311571504	-0.7735967740415745	0.574463727707098	0.33956656392289847	0.02766212461690546	0.7248317264048633	0.052967814660668674	9.625379787048155	28.337621794129454	-21.881797669299782	-5950.6541937908605
2880	-5986.9779662517585	-5950.654193791002	-36.32377246075578	1.6303435916613074	0.9205277311571504	-0.7735967740415745	0.574463727707098	0.33956656392289847	0.02766212461690546	0.7248317264048633	0.052967814660668674	9.714158369937731	28.515178959908603	-21.9130351393111	-5950.654193791002
2882	-5987.279834917656	-5950.654193791002	-36.62564112665418	1.6303435916613074	0.9205277311571504	-0.7735967740415745	0.574463727707098	0.33956656392289847	0.02766212461690546	1.242576259470434	0.052967814660668674	9.714158369937731	28.515178959908603	-21.223712872682007	-5950.654193791002
2884	-5987.279834917656	-5950.654193791002	-36.62564112665418	1.6303435916613074	0.9205277311571504	-0.7735967740415745	0.574463727707098	0.33956656392289847	0.02766212461690546	1.242576259470434	0.052967814660668674	9.714158369937731	28.515178959908603	-21.223712872682007	-5950.654193791002
2886	-5987.279834917656	-5950.654193791002	-36.62564112665418	1.6303435916613074	0.9205277311571504	-0.7735967740415745	0.574463727707098	0.33956656392289847	0.02766212461690546	1.242576259470434	0.052967814660668674	9.714158369937731	28.515178959908603	-21.223712872682007	-5950.654193791002
2888	-5987.025699272185	-5950.419603721244	-36.606095550940786	1.6303435916613074	0.9205277311571504	-0.7735967740415745	0.574463727707098	0.33956656392289847	0.02766212461690546	1.242576259470434	0.052967814660668674	9.714158369937731	28.509077082243287	-21.204167296968613	-5950.419603721244
2890	-5987.025699272185	-5950.419603721244	-36.606095550940786	1.6303435916613074	0.9205277311571504	-0.7735967740415745	0.574463727707098	0.33956656392289847	0.02766212461690546	1.242576259470434	0.052967814660668674	9.714158369937731	28.509077082243287	-21.204167296968613	-5950.419603721244
2892	-5986.980498540344	-5950.382792988133	-36.597705552211465	1.6303435916613074	0.9205277311571504	-0.7735967740415745	0.574463727707098	0.33956656392289847	0.02766212461690546	1.242576259470434	0.052967814660668674	9.714158369937731	28.49935439481827	-21.195777298239292	-5950.382792988133
2894	-5986.980498540344	-5950.382792988133	-36.597705552211465	1.6303435916613074	0.9205277311571504	-0.7735967740415745	0.574463727707098	0.33956656392289847	0.02766212461690546	1.242576259470434	0.052967814660668674	9.714158369937731	28.49935439481827	-21.195777298239292	-5950.382792988133
2896	-5987.12196525328	-5949.589973411311	-37.531991841968924	1.6303435916613074	0.9205277311571504	-0.7735967740415745	0.574463727707098	0.33956656392289847	0.02766212461690546	1.242576259470434	0.052967814660668674	10.658709130417474	31.270473192933956	-22.13006358799675	-5949.589973411311
2898	-5987.1265309468945	-5949.589973411311	-37.53655753558347	1.6303435916613074	0.9205277311571504	-0.7735967740415745	0.574463727707098	0.33956656392289847	0.013352268577219427	1.242576259470434	0.052967814660668674	10.658709130417474	31.270473192933956	-22.13006358799675	-5949.589973411311
2900	-5987.270100449888	-5949.589973411311	-37.68012703857704	1.6303435916613074	0.9205277311571504	-0.7735967740415745	0.574463727707098	0.5646546928243923	0.013352268577219427	1.242576259470434	0.052967814660668674	10.658709130417474	31.270473192933956	-22.073109057346755	-5949.589973411311
2902	-5987.270100449888	-5949.589973411311	-37.68012703857704	1.6303435916613074	0.9205277311571504	-0.7735967740415745	0.574463727707098	0.5646546928243923	0.013352268577219427	1.242576259470434	0.052967814660668674	10.658709130417474	31.270473192933956	-22.073109057346755	-5949.589973411311
2904	-5987.157223550574	-5949.5484123290635	-37.60881122151061	1.6303435916613074	0.9205277311571504	-0.7735967740415745	0.574463727707098	0.5646546928243923	0.013352268577219427	1.242576259470434	0.052967814660668674	10.658709130417474	31.15806795549367	-22.001793240280325	-5949.5484123290635
2906	-5987.157223550574	-5949.5484123290635	-37.60881122151061	1.6303435916613074	0.9205277311571504	-0.7735967740415745	0.574463727707098	0.5646546928243923	0.013352268577219427	1.242576259470434	0.052967814660668674	10.658709130417474	31.15806795549367	-22.001793240280325	-5949.5484123290635
2908	-5986.026896715014	-5949.548353331121	-36.478543383893054	1.6303435916613074	0.9205277311571504	-0.7735967740415745	0.574463727707098	0.5646546928243923	0.013352268577219427	1.242576259470434	0.052967814660668674	5.3542033506840205	20.549056396026764	-20.87152540266277	-5949.548353331121
2910	-5986.264119477547	-5949.695329296513	-36.56879018103387	1.6303435916613074	0.9205277311571504	-0.7735967740415745	0.574463727707098	0.5646546928243923	0.013352268577219427	1.242576259470434	0.052967814660668674	5.3542033506840205	20.64194221755605	-20.961772199803583	-5949.695329296513
2912	-5986.221044687694	-5950.711770939138	-35.50927374855636	1.6303435916613074	0.9205277311571504	-0.7735967740415745	0.574463727707098	0.5646546928243923	0.013352268577219427	1.242576259470434	0.052967814660668674	4.726408240903946	18.22161756199567	-19.902255767326075	-5950.711770939138
2914	-5985.4267037381705	-5950.711770939138	-34.714932799033186	1.6303435916613074	0.9205277311571504	-0.28518002644070406	0.574463727707098	0.24954413122790556	0.013352268577219427	1.242576259470434	0.052967814660668674	4.726408240903946	18.22161756199567	-20.157972052479447	-5950.711770939138
2916	-5985.342517140251	-5950.62479624617	-34.71772089408074	1.6303435916613074	0.9205277311571504	-0.28518002644070406	0.574463727707098	0.24954413122790556	0.013352268577219427	1.242576259470434	0.052967814660668674	4.726408240903946	18.2222668693163	-20.160760147527	-5950.62479624617
2918	-5985.342517140251	-5950.62479624617	-34.71772089408074	1.6303435916613074	0.9205277311571504	-0.28518002644070406	0.574463727707098	0.24954413122790556	0.013352268577219427	1.242576259470434	0.052967814660668674	4.726408240903946	18.2222668693163	-20.160760147527	-5950.62479624617
2920	-5986.160457062096	-5950.625100686261	-35.53535637583415	1.6303435916613074	0.9205277311571504	-0.28518002644070406	0.574463727707098	0.24954413122790556	0.028073828354142877	1.242576259470434	0.052967814660668674	8.61114047745058	25.991731342409565	-20.981764379744114	-5950.625100686261
2922	-5986.889357351095	-5951.284327219859	-35.60503013123586	1.6303435916613074	0.9205277311571504	-0.28518002644070406	0.574463727707098	0.24954413122790556	0.028073828354142877	1.242576259470434	0.052967814660668674	8.61114047745058	26.051851991110702	-21.051438135145823	-5951.284327219859
2924	-5986.889357351095	-5951.284327219859	-35.60503013123586	1.6303435916613074	0.9205277311571504	-0.28518002644070406	0.574463727707098	0.24954413122790556	0.028073828354142877	1.242576259470434	0.052967814660668674	8.61114047745058	26.051851991110702	-21.051438135145823	-5951.284327219859
2926	-5988.032110562176	-5951.284327219859	-36.74778334231743	1.6303435916613074	0.9205277311571504	-0.28518002644070406	1.2434700467682167	0.24954413122790556	0.028073828354142877	1.242576259470434	0.052967814660668674	8.61114047745058	26.051851991110702	-21.395299515089242	-5951.284327219859
2928	-5989.007408457156	-5950.989628434602	-38.01778002255357	1.6303435916613074	0.9205277311571504	-0.28518002644070406	1.2434700467682167	0.24954413122790556	0.028073828354142877	1.242576259470434	0.052967814660668674	9.787319205437335	29.627439710836413	-22.665296195325382	-5950.989628434602
2930	-5989.048917132239	-5950.989259904103	-38.05965722813562	1.6303435916613074	0.9205277311571504	-0.28518002644070406	1.2434700467682167	0.24954413122790556	0.028073828354142877	1.242576259470434	0.01821934989404383	9.787319205437335	29.62743971083642	-22.66523260587506	-5950.989259904103
2932	-5987.752129617056	-5950.308951109485	-37.44317850757119	1.6303435916613074	0.9205277311571504	-0.28518002644070406	1.2434700467682167	0.24954413122790556	0.028073828354142877	1.242576259470434	0.01821934989404383	9.206280844056973	27.86856389815052	-22.048753885310628	-5950.308951109485
2934	-5986.65686489414	-5950.308951109485	-36.347913784655454	1.6303435916613074	0.9205277311571504	-0.28518002644070406	0.6061585538498614	0.24954413122790556	0.028073828354142877	1.242576259470434	0.01821934989404383	9.206280844056973	27.86856389815052	-21.72463245319851	-5950.308951109485
2936	-5986.65686489414	-5950.308951109485	-36.347913784655454	1.6303435916613074	0.9205277311571504	-0.28518002644070406	0.6061585538498614	0.24954413122790556	0.028073828354142877	1.242576259470434	0.01821934989404383	9.206280844056973	27.86856389815052	-21.72463245319851	-5950.308951109485
2938	-5986.65686489414	-5950.308951109485	-36.347913784655454	1.6303435916613074	0.9205277311571504	-0.28518002644070406	0.6061585538498614	0.24954413122790556	0.028073828354142877	1.242576259470434	0.01821934989404383	9.206280844056973	27.86856389815052	-21.72463245319851	-5950.308951109485
2940	-5986.65686489414	-5950.308951109485	-36.347913784655454	1.6303435916613074	0.9205277311571504	-0.28518002644070406	0.6061585538498614	0.24954413122790556	0.028073828354142877	1.242576259470434	0.01821934989404383	9.206280844056973	27.86856389815052	-21.72463245319851	-5950.308951109485
2942	-5987.478515959769	-5950.308951109485	-37.16956485028362	1.6303435916613074	0.9205277311571504	-0.28518002644070406	1.1053411300106106	0.24954413122790556	0.028073828354142877	1.242576259470434	0.01821934989404383	9.206280844056973	27.86856389815052	-21.97675120791453	-5950.308951109485
2944	-5987.478515959769	-5950.308951109485	-37.16956485028362	1.6303435916613074	0.9205277311571504	-0.28518002644070406	1.1053411300106106	0.24954413122790556	0.028073828354142877	1.242576259470434	0.01821934989404383	9.206280844056973	27.86856389815052	-21.97675120791453	-5950.308951109485
2946	-5987.447657403993	-5950.297588610941	-37.15006879305156	1.6303435916613074	0.9205277311571504	-0.28518002644070406	1.1053411300106106	0.24954413122790556	0.028073828354142877	1.242576259470434	0.01821934989404383	9.206280844056973	27.83786293890521	-21.957255150682467	-5950.297588610941
2948	-5987.447657403993	-5950.297588610941	-37.15006879305156	1.6303435916613074	0.9205277311571504	-0.28518002644070406	1.1053411300106106	0.24954413122790556	0.028073828354142877	1.242576259470434	0.01821934989404383	9.206280844056973	27.83786293890521	-21.957255150682467	-5950.297588610941
2950	-5987.447493470205	-5950.297424234125	-37.150069236080036	1.6303435916613074	0.9205277311571504	-0.28518002644070406	1.1053411300106106	0.24954413122790556	0.028073828354142877	1.242576259470434	0.01821934989404383	9.206280844056973	27.837862938905218	-21.957255593710943	-5950.297424234125
2952	-5987.38128702143	-5950.272583669442	-37.10870335198757	1.6303435916613074	0.9205277311571504	-0.28518002644070406	1.1053411300106106	0.24954413122790556	0.028073828354142877	1.242576259470434	0.01821934989404383	9.206280844056973	27.782230102973614	-21.91588970961848	-5950.272583669442
2954	-5987.38128702143	-5950.272583669442	-37.10870335198757	1.6303435916613074	0.9205277311571504	-0.28518002644070406	1.1053411300106106	0.24954413122790556	0.028073828354142877	1.242576259470434	0.01821934989404383	9.206280844056973	27.782230102973614	-21.91588970961848	-5950.272583669442
2956	-5987.3646498846965	-5950.147907983779	-37.216741900917434	1.6303435916613074	0.9205277311571504	-0.28518002644070406	1.1053411300106106	0.24954413122790556	0.028073828354142877	1.242576259470434	0.01821934989404383	9.206280844056973	27.86760914975072	-22.02392825854834	-5950.147907983779
2958	-5987.452051886898	-5950.148237587848	-37.303814299049826	1.6303435916613074	0.9205277311571504	-0.28518002644070406	1.1053411300106106	0.24954413122790556	0.028073828354142877	1.242576259470434	0.01821934989404383	9.206280844056973	28.07381362487652	-22.11100065668073	-5950.148237587848
2960	-5986.324133052299	-5950.148237587848	-36.17589546445109	0.6486133256818347	0.9205277311571504	-0.4545869243830621	1.1053411300106106	0.24954413122790556	0.028073828354142877	1.242576259470434	0.01821934989404383	9.206280844056973	28.07381362487652	-22.004118832008118	-5950.148237587848
2962	-5986.324133052299	-5950.148237587848	-36.17589546445109	0.6486133256818347	0.9205277311571504	-0.4545869243830621	1.1053411300106106	0.24954413122790556	0.028073828354142877	1.242576259470434	0.01821934989404383	9.206280844056973	28.07381362487652	-22.004118832008118	-5950.148237587848
2964	-5987.654431426006	-5950.925133652897	-36.72929777310968	0.6486133256818347	0.9205277311571504	-0.4545869243830621	1.1053411300106106	0.24954413122790556	0.028073828354142877	1.242576259470434	0.01821934989404383	9.702578985129506	29.587234923971177	-22.557521140666708	-5950.925133652897
2966	-5988.835329673212	-5951.956409393985	-36.878920279226634	0.6486133256818347	0.9205277311571504	-0.4545869243830621	1.1053411300106106	0.24954413122790556	0.028073828354142877	1.242576259470434	0.01821934989404383	9.702578985129506	29.732119510629836	-22.70714364678366	-5951.956409393985
2968	-5988.112488727986	-5951.956407477993	-36.156081249992866	0.6486133256818347	0.9205277311571504	-0.4545869243830621	1.1053411300106106	0.24954413122790556	0.028073828354142877	1.242576259470434	0.01821934989404383	6.39988404806218	23.126729636495185	-21.984304617549892	-5951.956407477993
2970	-5988.112488727986	-5951.956407477993	-36.156081249992866	0.6486133256818347	0.9205277311571504	-0.4545869243830621	1.1053411300106106	0.24954413122790556	0.028073828354142877	1.242576259470434	0.01821934989404383	6.39988404806218	23.126729636495185	-21.984304617549892	-5951.956407477993
2972	-5988.105295807436	-5951.956407477993	-36.148888329443515	0.6486133256818347	0.9205277311571504	-0.4545869243830621	1.1053411300106106	0.24954413122790556	0.028073828354142877	1.242576259470434	0.024108368662984676	6.39988404806218	23.126729636495185	-21.984304617549892	-5951.956407477993
2974	-5988.498871356815	-5952.372267124169	-36.12660423264512	0.6486133256818347	0.9205277311571504	-0.4545869243830621	1.1053411300106106	0.24954413122790556	0.028073828354142877	1.242576259470434	0.024108368662984676	6.39988404806218	23.12192741999102	-21.9620205207515	-5952.372267124169
2976	-5987.310422040554	-5952.372267124169	-34.938154916384946	0.6486133256818347	0.9205277311571504	-0.4545869243830621	0.43114974540496037	0.24954413122790556	0.028073828354142877	1.242576259470434	0.024108368662984676	6.39988404806218	23.12192741999102	-21.597994247829945	-5952.372267124169
2978	-5987.017276936256	-5952.372267124169	-34.64500981208701	0.6486133256818347	0.9205277311571504	-0.4545869243830621	0.19447741341584868	0.24954413122790556	0.028073828354142877	1.242576259470434	0.024108368662984676	6.39988404806218	23.12192741999102	-21.48647161033443	-5952.372267124169
2980	-5986.895466092659	-5952.372267124169	-34.523198968489915	0.6486133256818347	0.9205277311571504	-0.4545869243830621	0.19447741341584868	0.24954413122790556	0.028073828354142877	0.43305909737858406	0.024108368662984676	6.39988404806218	23.12192741999102	-22.701600207331794	-5952.372267124169
2982	-5986.918875518963	-5952.417533960298	-34.501341558665374	0.6486133256818347	0.9205277311571504	-0.4545869243830621	0.19447741341584868	0.24954413122790556	0.028073828354142877	0.43305909737858406	0.024108368662984676	6.39988404806218	23.11758161305266	-22.679742797507252	-5952.417533960298
2984	-5986.918875518963	-5952.417533960298	-34.501341558665374	0.6486133256818347	0.9205277311571504	-0.4545869243830621	0.19447741341584868	0.24954413122790556	0.028073828354142877	0.43305909737858406	0.024108368662984676	6.39988404806218	23.11758161305266	-22.679742797507252	-5952.417533960298
2986	-5986.907350138916	-5952.41772555608	-34.48962458283624	0.6486133256818347	0.9205277311571504	-0.4545869243830621	0.19447741341584868	0.24954413122790556	0.08938660284279226	0.43305909737858406	0.024108368662984676	6.39988404806218	23.11758161305266	-22.679725152256406	-5952.41772555608
2988	-5986.870721006418	-5952.41772555608	-34.45299545033751	0.6486133256818347	0.9205277311571504	-0.4545869243830621	0.11713837271486478	0.24954413122790556	0.08938660284279226	0.43305909737858406	0.024108368662984676	6.39988404806218	23.11758161305266	-22.690303369387983	-5952.41772555608
2990	-5986.870721006418	-5952.41772555608	-34.45299545033751	0.6486133256818347	0.9205277311571504	-0.4545869243830621	0.11713837271486478	0.24954413122790556	0.08938660284279226	0.43305909737858406	0.024108368662984676	6.39988404806218	23.11758161305266	-22.690303369387983	-5952.41772555608
2992	-5986.670110349025	-5952.41772555608	-34.25238479294533	0.6486133256818347	0.9205277311571504	-0.23801789506193755	0.11713837271486478	0.24954413122790556	0.08938660284279226	0.43305909737858406	0.024108368662984676	6.39988404806218	23.11758161305266	-22.665058009121253	-5952.41772555608
2994	-5986.670110349025	-5952.41772555608	-34.25238479294533	0.6486133256818347	0.9205277311571504	-0.23801789506193755	0.11713837271486478	0.24954413122790556	0.08938660284279226	0.43305909737858406	0.024108368662984676	6.39988404806218	23.11758161305266	-22.665058009121253	-5952.41772555608
2996	-5986.765667406353	-5952.41772555608	-34.34794185027327	0.6486133256818347	0.9205277311571504	-0.23801789506193755	0.11713837271486478	0.24954413122790556	0.08938660284279226	1.2051176029801638	0.024108368662984676	6.39988404806218	23.11758161305266	-21.51445988234133	-5952.41772555608
2998	-5986.562030873825	-5952.076748005358	-34.485282868467024	0.6486133256818347	0.9205277311571504	-0.23801789506193755	0.11713837271486478	0.24954413122790556	0.08938660284279226	1.2051176029801638	0.024108368662984676	6.39988404806218	23.39960054336828	-21.651800900535086	-5952.076748005358
3000	-5984.646787936252	-5951.154712309095	-33.49207562715688	0.6486133256818347	0.9205277311571504	-0.23801789506193755	0.11713837271486478	0.24954413122790556	0.08938660284279226	1.2051176029801638	0.024108368662984676	5.785356316290112	21.1527311722517	-20.65859365922494	-5951.154712309095
3002	-5984.646787936252	-5951.154712309095	-33.49207562715688	0.6486133256818347	0.9205277311571504	-0.23801789506193755	0.11713837271486478	0.24954413122790556	0.08938660284279226	1.2051176029801638	0.024108368662984676	5.785356316290112	21.1527311722517	-20.65859365922494	-5951.154712309095
3004	-5985.333130233665	-5951.720515639246	-33.612614594419405	0.6486133256818347	0.9205277311571504	-0.23801789506193755	0.27488131626047285	0.24954413122790556	0.08938660284279226	1.2051176029801638	0.024108368662984676	5.785356316290112	21.148788329652234	-20.71066781327046	-5951.720515639246
3006	-5985.25710836454	-5951.675103001737	-33.58200536280343	0.6486133256818347	0.9205277311571504	-0.23801789506193755	0.27488131626047285	0.24954413122790556	0.08938660284279226	1.2051176029801638	0.024108368662984676	5.785356316290112	21.142557732406143	-20.680058581654485	-5951.675103001737
3008	-5985.5442358417495	-5952.052676739685	-33.491559102064315	0.6486133256818347	0.9205277311571504	-0.23801789506193755	0.27488131626047285	0.24954413122790556	0.08938660284279226	1.2051176029801638	0.024108368662984676	5.785356316290112	21.07089449916905	-20.589612320915375	-5952.052676739685
3010	-5985.440506829938	-5952.052579415198	-33.38792741474069	0.6486133256818347	0.9205277311571504	-0.23801789506193755	0.27488131626047285	0.24954413122790556	0.08938660284279226	1.2051176029801638	0.024108368662984676	6.007218187821735	21.165061482403186	-20.485980633591748	-5952.052579415198
3012	-5985.484111089588	-5951.706330006596	-33.777781082991794	0.6486133256818347	0.9205277311571504	-0.23801789506193755	0.27488131626047285	0.24954413122790556	0.08938660284279226	0.5823638730527642	0.024108368662984676	6.624431647178885	23.339672160194752	-21.973981481711157	-5951.706330006596
3014	-5987.314697837553	-5953.512459632871	-33.80223820468187	0.6486133256818347	0.9205277311571504	-0.23801789506193755	0.27488131626047285	0.24954413122790556	0.08938660284279226	0.5823638730527642	0.024108368662984676	6.624431647178885	23.35401117207179	-21.998438603401233	-5953.512459632871
3016	-5987.314469043432	-5953.512227942503	-33.80224110092915	0.6486133256818347	0.9205277311571504	-0.23801789506193755	0.27488131626047285	0.24954413122790556	0.08938660284279226	0.5823638730527642	0.024108368662984676	6.624431647178885	23.354011172071786	-21.998441499648514	-5953.512227942503
3018	-5987.171468703309	-5953.512227942503	-33.65924076080598	0.6486133256818347	0.30590172770268825	-0.23801789506193755	0.27488131626047285	0.24954413122790556	0.08938660284279226	0.5823638730527642	0.024108368662984676	6.624431647178885	23.354011172071786	-21.833684261783127	-5953.512227942503
3020	-5985.377471455143	-5951.711756431828	-33.66571502331482	0.6486133256818347	0.30590172770268825	-0.23801789506193755	0.27488131626047285	0.24954413122790556	0.08938660284279226	0.5823638730527642	0.024108368662984676	6.624431647178885	23.354011172071786	-21.840158524291965	-5951.711756431828
3022	-5985.377471455143	-5951.711756431828	-33.66571502331482	0.6486133256818347	0.30590172770268825	-0.23801789506193755	0.27488131626047285	0.24954413122790556	0.08938660284279226	0.5823638730527642	0.024108368662984676	6.624431647178885	23.354011172071786	-21.840158524291965	-5951.711756431828
3024	-5985.351579216602	-5951.704316565571	-33.6472626510305	0.6486133256818347	0.30590172770268825	-0.23801789506193755	0.27488131626047285	0.24954413122790556	0.08938660284279226	0.5823638730527642	0.024108368662984676	6.624431647178885	23.33513221881487	-21.821706152007653	-5951.704316565571
3026	-5985.653893077235	-5951.988519780974	-33.665373296261535	0.6486133256818347	0.30590172770268825	-0.23801789506193755	0.27488131626047285	0.24954413122790556	0.08938660284279226	0.5823638730527642	0.024108368662984676	6.624431647178885	23.339746876590436	-21.839816797238683	-5951.988519780974
3028	-5984.368881882463	-5951.77723873642	-32.59164314604315	0.6486133256818347	0.30590172770268825	-0.23801789506193755	0.27488131626047285	0.24954413122790556	0.08938660284279226	0.5823638730527642	0.024108368662984676	6.111699513794757	21.533246508551148	-20.766086647020295	-5951.77723873642
3030	-5984.376706594478	-5951.777255516069	-32.599451078408265	0.6486133256818347	0.30590172770268825	-0.23801789506193755	0.27488131626047285	0.24954413122790556	0.08938660284279226	0.5823638730527642	0.010343757141846467	6.111699513794757	21.533246508551144	-20.766115676972788	-5951.777255516069
3032	-5984.791381726903	-5951.821518115492	-32.96986361141124	0.6486133256818347	0.30590172770268825	-0.23801789506193755	0.51735754752018	0.24954413122790556	0.08938660284279226	0.5823638730527642	0.010343757141846467	6.111699513794757	21.68462506769618	-20.982764980835277	-5951.821518115492
3034	-5984.791381726903	-5951.821518115492	-32.96986361141124	0.6486133256818347	0.30590172770268825	-0.23801789506193755	0.51735754752018	0.24954413122790556	0.08938660284279226	0.5823638730527642	0.010343757141846467	6.111699513794757	21.68462506769618	-20.982764980835277	-5951.821518115492
3036	-5984.802261755127	-5951.939842636821	-32.86241911830635	0.6486133256818347	0.30590172770268825	-0.23801789506193755	0.51735754752018	0.24954413122790556	0.08938660284279226	0.5823638730527642	0.010343757141846467	6.0611860750384	21.505400781908033	-20.87532048773038	-5951.939842636821
3038	-5984.796014020666	-5951.939842636821	-32.85617138384524	0.6486133256818347	0.30590172770268825	-0.23801789506193755	0.51735754752018	0.24954413122790556	0.08938660284279226	0.5823638730527642	0.02137230084821835	6.0611860750384	21.505400781908033	-20.87532048773038	-5951.939842636821
3040	-5987.37507482987	-5952.843818829196	-34.53125600067436	0.6486133256818347	0.30590172770268825	-0.23801789506193755	0.51735754752018	0.24954413122790556	0.08938660284279226	0.5823638730527642	0.02137230084821835	6.812115757961621	24.210432421571056	-22.5504051045595	-5952.843818829196
3042	-5987.37170983174	-5952.843818829196	-34.52789100254431	0.6486133256818347	0.6717521316337844	-0.23801789506193755	0.51735754752018	0.24954413122790556	0.08938660284279226	0.5823638730527642	0.02137230084821835	6.812115757961621	24.210432421571056	-22.605498023953714	-5952.843818829196
3044	-5987.6599603645445	-5953.146093654656	-34.513866709888404	0.6486133256818347	0.6717521316337844	-0.23801789506193755	0.51735754752018	0.24954413122790556	0.08938660284279226	0.5823638730527642	0.02137230084821835	6.812115757961621	24.20712508973461	-22.591473731297807	-5953.146093654656
3046	-5987.6599603645445	-5953.146093654656	-34.513866709888404	0.6486133256818347	0.6717521316337844	-0.23801789506193755	0.51735754752018	0.24954413122790556	0.08938660284279226	0.5823638730527642	0.02137230084821835	6.812115757961621	24.20712508973461	-22.591473731297807	-5953.146093654656
3048	-5987.6599603645445	-5953.146093654656	-34.513866709888404	0.6486133256818347	0.6717521316337844	-0.23801789506193755	0.51735754752018	0.24954413122790556	0.08938660284279226	0.5823638730527642	0.02137230084821835	6.812115757961621	24.20712508973461	-22.591473731297807	-5953.146093654656
3050	-5985.674886968436	-5952.015105592132	-33.65978137630381	0.6486133256818347	0.6717521316337844	-0.23801789506193755	0.51735754752018	0.24954413122790556	0.08938660284279226	0.5823638730527642	0.02137230084821835	6.415729762138355	22.798551641243474	-21.73738839771322	-5952.015105592132
3052	-5986.05989696198	-5952.605083786178	-33.45481317580183	0.6486133256818347	0.6717521316337844	-0.23801789506193755	0.51735754752018	0.24954413122790556	0.08938660284279226	0.5823638730527642	0.02137230084821835	6.415729762138355	22.690671019695696	-21.532420197211238	-5952.605083786178
3054	-5986.05989696198	-5952.605083786178	-33.45481317580183	0.6486133256818347	0.6717521316337844	-0.23801789506193755	0.51735754752018	0.24954413122790556	0.08938660284279226	0.5823638730527642	0.02137230084821835	6.415729762138355	22.690671019695696	-21.532420197211238	-5952.605083786178
3056	-5986.05989696198	-5952.605083786178	-33.45481317580183	0.6486133256818347	0.6717521316337844	-0.23801789506193755	0.51735754752018	0.24954413122790556	0.08938660284279226	0.5823638730527642	0.02137230084821835	6.415729762138355	22.690671019695696	-21.532420197211238	-5952.605083786178
3058	-5985.579155984775	-5952.106657878219	-33.472498106555996	0.6486133256818347	0.6717521316337844	-0.23801789506193755	0.51735754752018	0.24954413122790556	0.08938660284279226	0.5823638730527642	0.02137230084821835	6.415729762138355	22.69481332474552	-21.550105127965402	-5952.106657878219
3060	-5985.40269147495	-5952.106657878219	-33.296033596731135	0.6486133256818347	0.6717521316337844	-0.23801789506193755	0.31352448624390855	0.24954413122790556	0.08938660284279226	0.5823638730527642	0.02137230084821835	6.415729762138355	22.69481332474552	-21.506837148580345	-5952.106657878219
3062	-5985.635781023258	-5952.269077217923	-33.36670380533411	0.6486133256818347	0.6717521316337844	-0.23801789506193755	0.31352448624390855	0.24954413122790556	0.08938660284279226	0.5823638730527642	0.02137230084821835	6.415729762138355	22.760499186355265	-21.57750735718332	-5952.269077217923
3064	-5985.635781023258	-5952.269077217923	-33.36670380533411	0.6486133256818347	0.6717521316337844	-0.23801789506193755	0.31352448624390855	0.24954413122790556	0.08938660284279226	0.5823638730527642	0.02137230084821835	6.415729762138355	22.760499186355265	-21.57750735718332	-5952.269077217923
3066	-5985.478855896519	-5952.137232239556	-33.34162365696274	0.6486133256818347	0.6717521316337844	-0.23801789506193755	0.31352448624390855	0.24954413122790556	0.08938660284279226	0.5823638730527642	0.02137230084821835	6.415729762138355	22.744843094299355	-21.552427208811945	-5952.137232239556
3068	-5985.665494093946	-5952.296239697972	-33.36925439597417	0.6486133256818347	0.6717521316337844	-0.23801789506193755	0.31352448624390855	0.24954413122790556	0.08938660284279226	0.5823638730527642	0.02137230084821835	6.415729762138355	22.76605084684535	-21.580057947823377	-5952.296239697972
3070	-5985.246531082468	-5951.927463642631	-33.31906743983784	0.6486133256818347	0.6717521316337844	-0.23801789506193755	0.31352448624390855	0.24954413122790556	0.08938660284279226	0.5823638730527642	0.02137230084821835	6.415729762138355	22.73766304643272	-21.529870991687044	-5951.927463642631
3072	-5984.85000103592	-5951.7076492413	-33.14235179462093	0.6486133256818347	0.6717521316337844	-0.23801789506193755	0.31352448624390855	0.24954413122790556	0.08938660284279226	0.5823638730527642	0.02137230084821835	6.415729762138355	22.570484139677053	-21.35315534647014	-5951.7076492413
3074	-5984.337828790612	-5951.49862330685	-32.839205483761674	0.6486133256818347	0.6717521316337844	-0.23801789506193755	0.31352448624390855	0.24954413122790556	0.08938660284279226	0.5823638730527642	0.02137230084821835	6.415729762138355	22.377610799144623	-21.05000903561088	-5951.49862330685
3076	-5984.247403288288	-5951.498621131195	-32.74878215709309	0.6486133256818347	0.6717521316337844	-0.23801789506193755	0.31352448624390855	0.24954413122790556	0.08938660284279226	0.5823638730527642	0.02137230084821835	6.142239981459012	21.830631237785937	-20.959585708942296	-5951.498621131195
3078	-5985.099684980832	-5951.498621131195	-33.60106384963665	0.6486133256818347	0.6717521316337844	-0.23801789506193755	1.0225875267520412	0.24954413122790556	0.08938660284279226	0.5823638730527642	0.02137230084821835	6.142239981459012	21.830631237785937	-21.169403885920726	-5951.498621131195
3080	-5985.181869359599	-5951.0569520194185	-34.12491734018064	0.6486133256818347	0.6717521316337844	-0.23801789506193755	1.0225875267520412	0.24954413122790556	0.08938660284279226	0.5823638730527642	0.02137230084821835	6.3888373796613855	22.70708296884883	-21.693257376464707	-5951.0569520194185
3082	-5985.169445041671	-5951.0569520194185	-34.1124930222524	0.6486133256818347	0.6717521316337844	-0.23801789506193755	1.0225875267520412	0.24954413122790556	0.08938660284279226	0.5823638730527642	0.04397469390067963	6.3888373796613855	22.70708296884883	-21.693257376464707	-5951.0569520194185
3084	-5986.467591061154	-5953.682627221811	-32.784963839343135	0.6486133256818347	0.6717521316337844	-0.23801789506193755	1.0225875267520412	0.24954413122790556	0.08938660284279226	0.5823638730527642	0.04397469390067963	5.763587137550534	20.484830580785005	-20.365728193555444	-5953.682627221811
3086	-5986.467591061154	-5953.682627221811	-32.784963839343135	0.6486133256818347	0.6717521316337844	-0.23801789506193755	1.0225875267520412	0.24954413122790556	0.08938660284279226	0.5823638730527642	0.04397469390067963	5.763587137550534	20.484830580785005	-20.365728193555444	-5953.682627221811
3088	-5986.410105124654	-5953.682414967798	-32.727690156856475	0.6486133256818347	0.6717521316337844	-0.23801789506193755	1.0225875267520412	0.24954413122790556	0.08938660284279226	0.5823638730527642	0.04397469390067963	5.763587137550534	20.39691984164499	-20.308454511068785	-5953.682414967798
3090	-5986.45151370493	-5953.7403088333895	-32.71120487154069	0.6486133256818347	0.6717521316337844	-0.23801789506193755	1.0225875267520412	0.24954413122790556	0.08938660284279226	0.5823638730527642	0.04397469390067963	5.763587137550534	20.393194216866323	-20.291969225752993	-5953.7403088333895
3092	-5986.428826850696	-5953.7403088333895	-32.68851801730694	0.6486133256818347	0.6717521316337844	-0.23801789506193755	1.0225875267520412	0.24954413122790556	0.08938660284279226	0.5823638730527642	0.08790538160928077	5.763587137550534	20.393194216866323	-20.291969225752993	-5953.7403088333895
3094	-5985.529460708794	-5952.791289169708	-32.73817153908648	0.6486133256818347	0.6717521316337844	-0.23801789506193755	1.0225875267520412	0.5799839858533395	0.08938660284279226	0.5823638730527642	0.08790538160928077	5.763587137550534	20.50270305072659	-20.097050493165327	-5952.791289169708
3096	-5985.530108297131	-5952.792080931929	-32.73802736520189	0.6486133256818347	0.6717521316337844	-0.23801789506193755	1.0225875267520412	0.5799839858533395	0.08938660284279226	0.5823638730527642	0.08790538160928077	5.763587137550534	20.50270305072659	-20.09690631928074	-5952.792080931929
3098	-5984.986581163908	-5952.792080931929	-32.19450023197928	0.6486133256818347	0.6717521316337844	-0.23801789506193755	0.595872968197099	0.5799839858533395	0.08938660284279226	0.5823638730527642	0.08790538160928077	5.763587137550534	20.50270305072659	-20.000255214898083	-5952.792080931929
3100	-5985.351043625045	-5951.499717251227	-33.851326373818225	0.6486133256818347	0.6717521316337844	-0.23801789506193755	0.595872968197099	0.5799839858533395	0.08938660284279226	0.5823638730527642	0.08790538160928077	6.649534891580996	23.654268783289524	-21.65708135673702	-5951.499717251227
3102	-5986.253258750036	-5951.499708518028	-34.75355023200858	0.6486133256818347	0.6717521316337844	-0.23801789506193755	1.2831969530458935	0.5799839858533395	0.08938660284279226	0.5823638730527642	0.08790538160928077	6.649534891580996	23.552738970733756	-21.749944893788964	-5951.499708518028
3104	-5986.442978456518	-5951.660831422324	-34.782147034194466	0.6486133256818347	0.6717521316337844	-0.23801789506193755	1.2831969530458935	0.5799839858533395	0.08938660284279226	0.5823638730527642	0.08790538160928077	6.649534891580996	23.573277113215035	-21.77854169597485	-5951.660831422324
3106	-5986.4722521016	-5951.653760031783	-34.81849206981671	0.6486133256818347	0.6717521316337844	-0.23801789506193755	1.2831969530458935	0.5799839858533395	0.08938660284279226	0.5823638730527642	0.08790538160928077	6.649534891580996	23.598823786378716	-21.814886731597095	-5951.653760031783
3108	-5985.366567284662	-5950.430584556086	-34.935982728576434	0.6486133256818347	1.2612267617163675	-0.23801789506193755	1.2831969530458935	0.5799839858533395	0.08938660284279226	0.5823638730527642	0.08790538160928077	6.649534891580996	23.431513497125184	-21.744997481522237	-5950.430584556086
3110	-5985.366567284662	-5950.430584556086	-34.935982728576434	0.6486133256818347	1.2612267617163675	-0.23801789506193755	1.2831969530458935	0.5799839858533395	0.08938660284279226	0.5823638730527642	0.08790538160928077	6.649534891580996	23.431513497125184	-21.744997481522237	-5950.430584556086
3112	-5985.366567284662	-5950.430584556086	-34.935982728576434	0.6486133256818347	1.2612267617163675	-0.23801789506193755	1.2831969530458935	0.5799839858533395	0.08938660284279226	0.5823638730527642	0.08790538160928077	6.649534891580996	23.431513497125184	-21.744997481522237	-5950.430584556086
3114	-5985.366567284662	-5950.430584556086	-34.935982728576434	0.6486133256818347	1.2612267617163675	-0.23801789506193755	1.2831969530458935	0.5799839858533395	0.08938660284279226	0.5823638730527642	0.08790538160928077	6.649534891580996	23.431513497125184	-21.744997481522237	-5950.430584556086
3116	-5984.569368722189	-5950.430584556086	-34.13878416610319	0.6486133256818347	1.2612267617163675	-0.23801789506193755	0.6632082870711818	0.5799839858533395	0.08938660284279226	0.5823638730527642	0.08790538160928077	6.649534891580996	23.431513497125184	-21.69874191041975	-5950.430584556086
3118	-5984.799065851998	-5950.725129817064	-34.07393603493398	0.6486133256818347	1.2612267617163675	-0.23801789506193755	0.6632082870711818	0.5799839858533395	0.07042924575242296	0.5823638730527642	0.08790538160928077	6.649534891580996	23.389301208323946	-21.624413658779275	-5950.725129817064
3120	-5984.799065851998	-5950.725129817064	-34.07393603493398	0.6486133256818347	1.2612267617163675	-0.23801789506193755	0.6632082870711818	0.5799839858533395	0.07042924575242296	0.5823638730527642	0.08790538160928077	6.649534891580996	23.389301208323946	-21.624413658779275	-5950.725129817064
3122	-5984.766954030212	-5950.725129817064	-34.041824213148494	0.3023126310466932	1.2612267617163675	-0.23801789506193755	0.6632082870711818	0.5799839858533395	0.07042924575242296	0.5823638730527642	0.08790538160928077	6.649534891580996	23.389301208323946	-21.484844452680658	-5950.725129817064
3124	-5984.506891304542	-5950.964989681483	-33.54190162305905	0.3023126310466932	1.2612267617163675	-0.6573589236507091	0.6632082870711818	0.5799839858533395	0.07042924575242296	0.5823638730527642	0.08790538160928077	6.055385433230669	21.29941960446726	-20.331343181188675	-5950.964989681483
3126	-5984.814860029261	-5951.285777748447	-33.52908228081365	0.3023126310466932	1.2612267617163675	-0.6573589236507091	0.6632082870711818	0.5799839858533395	0.07042924575242296	0.5823638730527642	0.08790538160928077	6.055385433230669	21.297081889697658	-20.31852383894328	-5951.285777748447
3128	-5984.1180855837365	-5950.524719718805	-33.59336586493184	0.3023126310466932	1.2612267617163675	-0.6573589236507091	0.6632082870711818	0.5799839858533395	0.07042924575242296	0.5823638730527642	0.08790538160928077	6.055385433230669	21.335938849874356	-20.382807423061475	-5950.524719718805
3130	-5983.70305846778	-5950.524719718805	-33.178338748974525	0.3023126310466932	0.8465137015616798	-0.6573589236507091	0.6632082870711818	0.5799839858533395	0.07042924575242296	0.5823638730527642	0.08790538160928077	6.055385433230669	21.335938849874356	-20.279461059528316	-5950.524719718805
3132	-5983.748672086883	-5950.645178983145	-33.103493103737485	0.3023126310466932	0.8465137015616798	-0.6573589236507091	0.6632082870711818	0.5799839858533395	0.07042924575242296	0.5823638730527642	0.08790538160928077	6.055385433230669	21.19224450272132	-20.20461541429128	-5950.645178983145
3134	-5983.665772460577	-5950.645077411423	-33.02069504915343	0.3023126310466932	0.8465137015616798	-0.6573589236507091	0.6632082870711818	0.5799839858533395	0.07042924575242296	0.5823638730527642	0.08790538160928077	6.055385433230669	21.050809044671375	-20.121817359707222	-5950.645077411423
3136	-5983.66430825993	-5950.643611751579	-33.02069650835177	0.3023126310466932	0.8465137015616798	-0.6573589236507091	0.6632082870711818	0.5799839858533395	0.07042924575242296	0.5823638730527642	0.08790538160928077	6.055385433230669	21.050809044671375	-20.121818818905563	-5950.643611751579
3138	-5983.66430825993	-5950.643611751579	-33.02069650835177	0.3023126310466932	0.8465137015616798	-0.6573589236507091	0.6632082870711818	0.5799839858533395	0.07042924575242296	0.5823638730527642	0.08790538160928077	6.055385433230669	21.050809044671375	-20.121818818905563	-5950.643611751579
3140	-5983.664368720361	-5950.64375394666	-33.02061477370212	0.3023126310466932	0.8465137015616798	-0.6573589236507091	0.6632082870711818	0.5799839858533395	0.07042924575242296	0.5823638730527642	0.08790538160928077	6.055340020658888	21.050651173403338	-20.121737084255912	-5950.64375394666
3142	-5983.471841229525	-5950.610857526179	-32.860983703346086	0.3023126310466932	0.8465137015616798	-0.6573589236507091	0.6632082870711818	0.5799839858533395	0.07042924575242296	0.5823638730527642	0.08790538160928077	6.055340020658888	20.869687269832955	-19.96210601389988	-5950.610857526179
3144	-5985.132402059584	-5950.610862119819	-34.52153993976454	0.3023126310466932	0.8465137015616798	-0.6573589236507091	0.6632082870711818	0.5799839858533395	0.07042924575242296	1.0072595005837217	0.08790538160928077	10.225210030709771	29.209427289934723	-20.9845888417214	-5950.610862119819
3146	-5986.398155876369	-5950.910460170041	-35.487695706328005	0.3023126310466932	0.8465137015616798	-0.6573589236507091	0.6632082870711818	0.5799839858533395	0.07042924575242296	1.0072595005837217	0.08790538160928077	11.275435530494551	32.20541570612198	-21.95074460828487	-5950.910460170041
3148	-5985.5754565432335	-5950.223658125286	-35.35179841794678	0.3023126310466932	0.8465137015616798	-0.6573589236507091	0.6632082870711818	0.5799839858533395	0.07042924575242296	1.0072595005837217	0.08790538160928077	11.275435530494551	32.07616601464943	-21.81484731990365	-5950.223658125286
3150	-5988.1156727697935	-5950.223117385585	-37.89255538420801	0.3023126310466932	0.8465137015616798	-0.6573589236507091	0.6632082870711818	0.5799839858533395	0.07042924575242296	1.0072595005837217	0.08790538160928077	22.722323837241923	54.96994262814419	-24.355604286164873	-5950.223117385585
3152	-5987.811660186642	-5949.936041895249	-37.87561829139285	0.3023126310466932	0.8465137015616798	-0.6573589236507091	0.6632082870711818	0.5799839858533395	0.07042924575242296	1.0072595005837217	0.08790538160928077	22.722323837241923	54.96504517710844	-24.338667193349714	-5949.936041895249
3154	-5987.790895610829	-5949.936041895249	-37.854853715579765	0.3023126310466932	0.8465137015616798	-0.6573589236507091	0.6632082870711818	0.5799839858533395	0.11295413505882189	1.0072595005837217	0.08790538160928077	22.722323837241923	54.96504517710844	-24.338667193349714	-5949.936041895249
3156	-5987.790768845547	-5949.935984867272	-37.85478397827485	0.3023126310466932	0.8465137015616798	-0.6573589236507091	0.6632082870711818	0.5799839858533395	0.11295413505882189	1.0072595005837217	0.08790538160928077	22.722323837241923	54.96504517710844	-24.338597456044802	-5949.935984867272
3158	-5988.068734862673	-5950.18109702904	-37.88763783363369	0.3023126310466932	0.8465137015616798	-0.6573589236507091	0.6632082870711818	0.5799839858533395	0.11295413505882189	1.0072595005837217	0.08790538160928077	22.722323837241923	54.97475892955726	-24.371451311403636	-5950.18109702904
3160	-5988.068734862673	-5950.18109702904	-37.88763783363369	0.3023126310466932	0.8465137015616798	-0.6573589236507091	0.6632082870711818	0.5799839858533395	0.11295413505882189	1.0072595005837217	0.08790538160928077	22.722323837241923	54.97475892955726	-24.371451311403636	-5950.18109702904
3162	-5988.02886772076	-5950.099747955105	-37.92911976565489	0.3023126310466932	0.8465137015616798	-0.6573589236507091	0.6632082870711818	0.5799839858533395	0.11295413505882189	1.0072595005837217	0.08790538160928077	22.722323837241923	55.078824433176194	-24.412933243424835	-5950.099747955105
3164	-5987.68609445865	-5949.775051683055	-37.911042775595135	0.3023126310466932	0.8465137015616798	-0.6573589236507091	0.6632082870711818	0.5799839858533395	0.11295413505882189	1.0072595005837217	0.08790538160928077	22.722323837241923	55.07358929652234	-24.394856253365084	-5949.775051683055
3166	-5985.242138536248	-5949.647620327874	-35.594518208373444	0.3023126310466932	0.8465137015616798	-0.6573589236507091	0.6632082870711818	0.5799839858533395	0.11295413505882189	1.0072595005837217	0.08790538160928077	12.351725600722968	34.31559931303213	-22.07833168614339	-5949.647620327874
3168	-5985.242138536248	-5949.647620327874	-35.594518208373444	0.3023126310466932	0.8465137015616798	-0.6573589236507091	0.6632082870711818	0.5799839858533395	0.11295413505882189	1.0072595005837217	0.08790538160928077	12.351725600722968	34.31559931303213	-22.07833168614339	-5949.647620327874
3170	-5985.242138536248	-5949.647620327874	-35.594518208373444	0.3023126310466932	0.8465137015616798	-0.6573589236507091	0.6632082870711818	0.5799839858533395	0.11295413505882189	1.0072595005837217	0.08790538160928077	12.351725600722968	34.31559931303213	-22.07833168614339	-5949.647620327874
3172	-5985.242138536248	-5949.647620327874	-35.594518208373444	0.3023126310466932	0.8465137015616798	-0.6573589236507091	0.6632082870711818	0.5799839858533395	0.11295413505882189	1.0072595005837217	0.08790538160928077	12.351725600722968	34.31559931303213	-22.07833168614339	-5949.647620327874
3174	-5985.242138536248	-5949.647620327874	-35.594518208373444	0.3023126310466932	0.8465137015616798	-0.6573589236507091	0.6632082870711818	0.5799839858533395	0.11295413505882189	1.0072595005837217	0.08790538160928077	12.351725600722968	34.31559931303213	-22.07833168614339	-5949.647620327874
3176	-5986.186597485079	-5949.647620327874	-36.538977157204506	0.3023126310466932	0.8465137015616798	-0.6573589236507091	0.6632082870711818	1.1671628268726346	0.11295413505882189	1.0072595005837217	0.08790538160928077	12.351725600722968	34.31559931303213	-22.06322727249964	-5949.647620327874
3178	-5986.186597485079	-5949.647620327874	-36.538977157204506	0.3023126310466932	0.8465137015616798	-0.6573589236507091	0.6632082870711818	1.1671628268726346	0.11295413505882189	1.0072595005837217	0.08790538160928077	12.351725600722968	34.31559931303213	-22.06322727249964	-5949.647620327874
3180	-5990.655015175709	-5953.179172349435	-37.47584282627397	0.3023126310466932	0.8465137015616798	-0.6573589236507091	0.6632082870711818	1.1671628268726346	0.11295413505882189	1.0072595005837217	0.08790538160928077	13.699948562524149	38.06575880663232	-23.000092941569097	-5953.179172349435
3182	-5990.527278507339	-5953.148642459143	-37.37863604819607	0.3023126310466932	0.8465137015616798	-0.6573589236507091	0.6632082870711818	1.1671628268726346	0.11295413505882189	1.0072595005837217	0.08790538160928077	13.699948562524149	37.968700968351506	-22.902886163491203	-5953.148642459143
3184	-5986.7644397639015	-5950.364349550454	-36.40009021344722	0.3023126310466932	0.8465137015616798	-0.6573589236507091	0.6632082870711818	1.1671628268726346	0.11295413505882189	1.0072595005837217	0.08790538160928077	12.183819395138464	33.902499221712446	-21.92434032874235	-5950.364349550454
3186	-5986.960262385649	-5950.445152119692	-36.51511026595767	0.4918472472141967	0.8465137015616798	-0.6573589236507091	0.6632082870711818	1.1671628268726346	0.11295413505882189	1.0072595005837217	0.08790538160928077	12.183819395138464	34.08842938305248	-22.049283243057012	-5950.445152119692
3188	-5986.884236934398	-5950.364061716293	-36.520175218105464	0.4918472472141967	0.8465137015616798	-0.6573589236507091	0.6632082870711818	1.1671628268726346	0.11295413505882189	1.0072595005837217	0.08790538160928077	12.183819395138464	34.09090932019859	-22.05434819520481	-5950.364061716293
3190	-5986.397106091728	-5950.468707071424	-35.92839902030407	0.4918472472141967	0.8465137015616798	-0.6573589236507091	0.6632082870711818	1.1671628268726346	0.11295413505882189	0.5805203758825837	0.08790538160928077	12.183819395138464	34.093522854719055	-22.102627126500263	-5950.468707071424
3192	-5986.49473890155	-5950.468883938966	-36.02585496258349	0.4918472472141967	0.8465137015616798	-0.6573589236507091	0.6632082870711818	1.1671628268726346	0.11295413505882189	0.5805203758825837	0.08790538160928077	12.183819395138464	34.29952661201175	-22.20008306877968	-5950.468883938966
3194	-5986.49473890155	-5950.468883938966	-36.02585496258349	0.4918472472141967	0.8465137015616798	-0.6573589236507091	0.6632082870711818	1.1671628268726346	0.11295413505882189	0.5805203758825837	0.08790538160928077	12.183819395138464	34.29952661201175	-22.20008306877968	-5950.468883938966
3196	-5986.4784990823055	-5950.468883938966	-36.00961514333923	0.4918472472141967	0.8465137015616798	-0.6573589236507091	0.6632082870711818	1.1671628268726346	0.11295413505882189	0.5805203758825837	0.12205566176121697	12.183819395138464	34.29952661201175	-22.20008306877968	-5950.468883938966
3198	-5986.4784990823055	-5950.468883938966	-36.00961514333923	0.4918472472141967	0.8465137015616798	-0.6573589236507091	0.6632082870711818	1.1671628268726346	0.11295413505882189	0.5805203758825837	0.12205566176121697	12.183819395138464	34.29952661201175	-22.20008306877968	-5950.468883938966
3200	-5986.4784990823055	-5950.468883938966	-36.00961514333923	0.4918472472141967	0.8465137015616798	-0.6573589236507091	0.6632082870711818	1.1671628268726346	0.11295413505882189	0.5805203758825837	0.12205566176121697	12.183819395138464	34.29952661201175	-22.20008306877968	-5950.468883938966
3202	-5986.521728196389	-5950.48624078935	-36.03548740703935	0.4918472472141967	0.8465137015616798	-0.6573589236507091	0.6632082870711818	1.1671628268726346	0.11295413505882189	0.5805203758825837	0.12205566176121697	12.183819395138464	34.335816177397916	-22.225955332479792	-5950.48624078935
3204	-5986.521728196389	-5950.48624078935	-36.03548740703935	0.4918472472141967	0.8465137015616798	-0.6573589236507091	0.6632082870711818	1.1671628268726346	0.11295413505882189	0.5805203758825837	0.12205566176121697	12.183819395138464	34.335816177397916	-22.225955332479792	-5950.48624078935
3206	-5986.776107732629	-5950.712167047819	-36.06394068480992	0.4918472472141967	0.8465137015616798	-0.6573589236507091	0.6632082870711818	1.1671628268726346	0.11295413505882189	0.5805203758825837	0.12205566176121697	12.183819395138464	34.365804760684725	-22.25440861025037	-5950.712167047819
3208	-5987.298748302657	-5952.0411364460715	-35.25761185658615	0.4918472472141967	0.8465137015616798	-0.6573589236507091	0.6632082870711818	1.1671628268726346	0.11295413505882189	0.5805203758825837	0.12205566176121697	11.270343572812195	31.789245576280166	-21.448079782026593	-5952.0411364460715
3210	-5987.36392882597	-5952.067455477741	-35.29647334822961	0.4918472472141967	0.8465137015616798	-0.6573589236507091	0.6632082870711818	1.1671628268726346	0.11295413505882189	0.5805203758825837	0.12205566176121697	11.270343572812195	31.84290776174239	-21.48694127367006	-5952.067455477741
3212	-5987.36392882597	-5952.067455477741	-35.29647334822961	0.4918472472141967	0.8465137015616798	-0.6573589236507091	0.6632082870711818	1.1671628268726346	0.11295413505882189	0.5805203758825837	0.12205566176121697	11.270343572812195	31.84290776174239	-21.48694127367006	-5952.067455477741
3214	-5987.430888459485	-5952.095212973228	-35.33567548625711	0.4918472472141967	0.8465137015616798	-0.6573589236507091	0.6632082870711818	1.1671628268726346	0.11295413505882189	0.5805203758825837	0.12205566176121697	11.270343572812195	31.898048509413762	-21.526143411697554	-5952.095212973228
3216	-5987.430888459485	-5952.095212973228	-35.33567548625711	0.4918472472141967	0.8465137015616798	-0.6573589236507091	0.6632082870711818	1.1671628268726346	0.11295413505882189	0.5805203758825837	0.12205566176121697	11.270343572812195	31.898048509413762	-21.526143411697554	-5952.095212973228
3218	-5988.954066799936	-5951.941949299786	-37.012117500150865	0.4918472472141967	0.8465137015616798	-0.6573589236507091	0.6632082870711818	1.1671628268726346	0.0596002169621171	0.5805203758825837	0.12205566176121697	13.083637627457334	37.03014952685149	-23.144915941103307	-5951.941949299786
3220	-5988.887920410086	-5951.94190122881	-36.946019181276085	0.4918472472141967	0.8465137015616798	-0.6573589236507091	0.6632082870711818	1.1671628268726346	0.0596002169621171	0.5805203758825837	0.12205566176121697	13.083637627457334	36.891165350232946	-23.07881762222852	-5951.94190122881
3222	-5989.124419025761	-5952.003403490638	-37.12101553512234	0.4918472472141967	0.8465137015616798	-0.6573589236507091	0.6632082870711818	1.1671628268726346	0.0596002169621171	0.5805203758825837	0.12205566176121697	13.083637627457334	37.13795385623746	-23.253813976074778	-5952.003403490638
3224	-5989.127850085634	-5952.007004131819	-37.12084595381593	0.4918472472141967	0.8465137015616798	-0.6573589236507091	0.6632082870711818	1.1671628268726346	0.0596002169621171	0.5805203758825837	0.12205566176121697	13.083637627457334	37.13795385623746	-23.253644394768372	-5952.007004131819
3226	-5989.213969349012	-5952.090415112449	-37.123554236562846	0.4918472472141967	0.8465137015616798	-0.6573589236507091	0.6632082870711818	1.1671628268726346	0.0596002169621171	0.5805203758825837	0.12205566176121697	13.083637627457334	37.13795385623746	-23.256352677515284	-5952.090415112449
3228	-5988.561692327688	-5952.090415112449	-36.47127721523965	0.4918472472141967	0.8465137015616798	-0.265288801689651	0.6632082870711818	1.1671628268726346	0.0596002169621171	0.5805203758825837	0.12205566176121697	13.083637627457334	37.13795385623746	-23.225842416390964	-5952.090415112449
3230	-5990.15576897978	-5952.090415112449	-38.06535386733154	0.4918472472141967	1.7230399825350875	-0.265288801689651	0.6632082870711818	1.1671628268726346	0.0596002169621171	1.1240752274551007	0.12205566176121697	13.083637627457334	37.13795385623746	-23.264698176597907	-5952.090415112449
3232	-5990.12129826399	-5952.093033775387	-38.02826448860252	0.4918472472141967	1.7230399825350875	-0.265288801689651	0.6632082870711818	1.1671628268726346	0.0596002169621171	1.1240752274551007	0.12205566176121697	13.083637627457334	37.070280954532635	-23.22760879786889	-5952.093033775387
3234	-5988.325710230559	-5951.029927906864	-37.29578232369437	0.4918472472141967	1.7230399825350875	-0.265288801689651	0.6632082870711818	1.1671628268726346	0.0596002169621171	1.1240752274551007	0.12205566176121697	12.275576437702552	34.56564587474279	-22.495126632960737	-5951.029927906864
3236	-5988.325710230559	-5951.029927906864	-37.29578232369437	0.4918472472141967	1.7230399825350875	-0.265288801689651	0.6632082870711818	1.1671628268726346	0.0596002169621171	1.1240752274551007	0.12205566176121697	12.275576437702552	34.56564587474279	-22.495126632960737	-5951.029927906864
3238	-5989.218766357818	-5951.399761350589	-37.81900500722904	0.4918472472141967	1.7230399825350875	-0.265288801689651	0.6632082870711818	1.1671628268726346	0.0596002169621171	1.1240752274551007	0.12205566176121697	13.001550653330705	36.609848668717106	-23.01834931649541	-5951.399761350589
3240	-5989.218766357818	-5951.399761350589	-37.81900500722904	0.4918472472141967	1.7230399825350875	-0.265288801689651	0.6632082870711818	1.1671628268726346	0.0596002169621171	1.1240752274551007	0.12205566176121697	13.001550653330705	36.609848668717106	-23.01834931649541	-5951.399761350589
3242	-5989.123713156838	-5951.399239470124	-37.72447368671412	0.4918472472141967	1.7230399825350875	-0.265288801689651	0.6632082870711818	1.1671628268726346	0.0596002169621171	1.1240752274551007	0.12205566176121697	13.001550653330705	36.3538059086067	-22.923817995980496	-5951.399239470124
3244	-5989.123713156838	-5951.399239470124	-37.72447368671412	0.4918472472141967	1.7230399825350875	-0.265288801689651	0.6632082870711818	1.1671628268726346	0.0596002169621171	1.1240752274551007	0.12205566176121697	13.001550653330705	36.3538059086067	-22.923817995980496	-5951.399239470124
3246	-5995.100714498904	-5957.538580425588	-37.56213407331627	0.4918472472141967	1.7230399825350875	-0.265288801689651	0.6632082870711818	1.1671628268726346	0.0596002169621171	1.1240752274551007	0.12205566176121697	13.001550653330705	36.18723026839358	-22.761478382582645	-5957.538580425588
3248	-5994.305670004929	-5957.538580425588	-36.767089579341004	0.4918472472141967	0.8979271180676746	-0.265288801689651	0.6632082870711818	1.1671628268726346	0.0596002169621171	1.1240752274551007	0.12205566176121697	13.001550653330705	36.18723026839358	-22.64190123360466	-5957.538580425588
3250	-5994.336325716196	-5957.538580425588	-36.79774529060829	0.4918472472141967	0.8979271180676746	-0.265288801689651	0.6632082870711818	1.1671628268726346	0.03225914928305278	1.1240752274551007	0.12205566176121697	13.001550653330705	36.18723026839358	-22.64190123360466	-5957.538580425588
3252	-5995.499217593601	-5958.064182343943	-37.435035249658284	0.4918472472141967	0.8979271180676746	-0.265288801689651	0.6632082870711818	1.1671628268726346	0.03225914928305278	1.1240752274551007	0.12205566176121697	14.007330645397175	38.986618829244094	-23.279191192654658	-5958.064182343943
3254	-5995.453729188532	-5957.989095396197	-37.46463379233478	0.4918472472141967	0.8979271180676746	-0.265288801689651	0.6632082870711818	1.1671628268726346	0.03225914928305278	1.1240752274551007	0.12205566176121697	14.007330645397175	39.033009300231086	-23.308789735331153	-5957.989095396197
3256	-5994.830587773914	-5957.989095396197	-36.841492377717074	0.4918472472141967	0.8979271180676746	-0.265288801689651	0.6632082870711818	1.1671628268726346	0.03225914928305278	0.6906232606559723	0.12205566176121697	14.007330645397175	39.033009300231086	-23.41932768288323	-5957.989095396197
3258	-5994.750890894104	-5957.98882437235	-36.76206652175413	0.4918472472141967	0.8979271180676746	-0.265288801689651	0.6632082870711818	1.1671628268726346	0.03225914928305278	0.6906232606559723	0.12205566176121697	14.007330645397175	38.852070145977976	-23.339901826920283	-5957.98882437235
3260	-5994.750890894104	-5957.98882437235	-36.76206652175413	0.4918472472141967	0.8979271180676746	-0.265288801689651	0.6632082870711818	1.1671628268726346	0.03225914928305278	0.6906232606559723	0.12205566176121697	14.007330645397175	38.852070145977976	-23.339901826920283	-5957.98882437235
3262	-5994.499079255873	-5957.98882437235	-36.5102548835228	0.4918472472141967	0.34790215352024373	-0.265288801689651	0.6632082870711818	1.1671628268726346	0.03225914928305278	0.6906232606559723	0.12205566176121697	14.007330645397175	38.852070145977976	-23.16018052444586	-5957.98882437235
3264	-5994.421599268326	-5957.915029407772	-36.50656986055411	0.4918472472141967	0.34790215352024373	-0.265288801689651	0.6632082870711818	1.1671628268726346	0.03225914928305278	0.6906232606559723	0.12205566176121697	14.007330645397175	38.852070145977976	-23.156495501477167	-5957.915029407772
3266	-5992.75744501743	-5957.9150252878535	-34.842419729576264	0.4918472472141967	0.34790215352024373	-0.265288801689651	0.6632082870711818	1.1671628268726346	0.03225914928305278	0.6906232606559723	0.12205566176121697	6.0018855427836435	22.84117994075091	-21.49234537049933	-5957.9150252878535
3268	-5991.880255973079	-5957.934151724548	-33.94610424853062	0.4918472472141967	0.34790215352024373	-0.265288801689651	0.6632082870711818	1.1671628268726346	0.03225914928305278	0.6906232606559723	0.12205566176121697	5.392366829909474	20.5215544665942	-20.596029889453682	-5957.934151724548
3270	-5992.98206134417	-5959.225443463804	-33.75661788036524	0.4918472472141967	0.34790215352024373	-0.265288801689651	0.6632082870711818	1.1671628268726346	0.03225914928305278	0.6906232606559723	0.12205566176121697	5.392366829909474	20.325644356577918	-20.406543521288302	-5959.225443463804
3272	-5992.853476097549	-5959.086877422105	-33.766598675443596	0.4918472472141967	0.34790215352024373	-0.265288801689651	0.6632082870711818	1.1671628268726346	0.03225914928305278	0.6906232606559723	0.12205566176121697	5.392366829909474	20.330562116386567	-20.416524316366658	-5959.086877422105
3274	-5993.051751403948	-5959.3116302301905	-33.74012117375783	0.4918472472141967	0.34790215352024373	-0.265288801689651	0.6632082870711818	1.1671628268726346	0.07853622436762488	0.6906232606559723	0.12205566176121697	5.392366829909474	20.361711843314644	-20.441496053543265	-5959.3116302301905
3276	-5993.022805733706	-5959.276218146616	-33.74658758709005	0.4918472472141967	0.34790215352024373	-0.265288801689651	0.6632082870711818	1.1671628268726346	0.07853622436762488	0.6906232606559723	0.12205566176121697	5.392366829909474	20.364902025589938	-20.44796246687549	-5959.276218146616
3278	-5992.533038234519	-5957.764060593254	-34.76897764126535	0.4918472472141967	0.34790215352024373	-0.265288801689651	0.6632082870711818	1.1671628268726346	0.07853622436762488	0.6906232606559723	0.12205566176121697	6.10467714200636	23.055024967006005	-21.470352521050796	-5957.764060593254
3280	-5992.533934609993	-5957.764318115506	-34.7696164944861	0.4918472472141967	0.34790215352024373	-0.265288801689651	0.6632082870711818	1.1671628268726346	0.07853622436762488	0.6906232606559723	0.12205566176121697	6.10467714200636	23.055024967006005	-21.47099137427154	-5957.764318115506
3282	-5992.607449395412	-5957.764309220572	-34.8431401748403	0.4918472472141967	0.34790215352024373	-0.265288801689651	0.6632082870711818	1.1671628268726346	0.07853622436762488	0.6906232606559723	0.12205566176121697	6.10467714200636	23.233501600805425	-21.544515054625737	-5957.764309220572
3284	-5992.185551924704	-5958.109846480654	-34.07570544405037	0.4918472472141967	0.34790215352024373	-0.265288801689651	0.6632082870711818	1.1671628268726346	0.07853622436762488	0.6906232606559723	0.12205566176121697	5.575123998379856	21.2181003725409	-20.77708032383581	-5958.109846480654
3286	-5992.185551924704	-5958.109846480654	-34.07570544405037	0.4918472472141967	0.34790215352024373	-0.265288801689651	0.6632082870711818	1.1671628268726346	0.07853622436762488	0.6906232606559723	0.12205566176121697	5.575123998379856	21.2181003725409	-20.77708032383581	-5958.109846480654
3288	-5992.185551924704	-5958.109846480654	-34.07570544405037	0.4918472472141967	0.34790215352024373	-0.265288801689651	0.6632082870711818	1.1671628268726346	0.07853622436762488	0.6906232606559723	0.12205566176121697	5.575123998379856	21.2181003725409	-20.77708032383581	-5958.109846480654
3290	-5992.185551924704	-5958.109846480654	-34.07570544405037	0.4918472472141967	0.34790215352024373	-0.265288801689651	0.6632082870711818	1.1671628268726346	0.07853622436762488	0.6906232606559723	0.12205566176121697	5.575123998379856	21.2181003725409	-20.77708032383581	-5958.109846480654
3292	-5992.627702473041	-5958.109846480654	-34.517855992386664	0.4918472472141967	0.34790215352024373	-0.598705967422184	0.6632082870711818	1.1671628268726346	0.07853622436762488	0.6906232606559723	0.12205566176121697	5.575123998379856	21.2181003725409	-20.710035157681503	-5958.109846480654
3294	-5992.627702473041	-5958.109846480654	-34.517855992386664	0.4918472472141967	0.34790215352024373	-0.598705967422184	0.6632082870711818	1.1671628268726346	0.07853622436762488	0.6906232606559723	0.12205566176121697	5.575123998379856	21.2181003725409	-20.710035157681503	-5958.109846480654
3296	-5992.45467683414	-5957.50207207258	-34.95260476156038	0.4918472472141967	0.34790215352024373	-0.598705967422184	0.6632082870711818	1.1671628268726346	0.07853622436762488	0.5500632207755807	0.12205566176121697	5.9918095598036345	22.803944215412848	-21.302018719479513	-5957.50207207258
3298	-5992.7803888887665	-5957.53220080063	-35.248188088136644	0.4918472472141967	0.7927693490825084	-0.598705967422184	0.6632082870711818	1.1671628268726346	0.07853622436762488	0.5500632207755807	0.12205566176121697	5.9918095598036345	23.027529921322284	-21.56268508535864	-5957.53220080063
3300	-5992.841425607544	-5957.539194683913	-35.30223092363107	0.4918472472141967	0.7927693490825084	-0.598705967422184	0.6632082870711818	1.1671628268726346	0.07853622436762488	0.5500632207755807	0.12205566176121697	5.9918095598036345	23.103834090347014	-21.616727920853066	-5957.539194683913
3302	-5992.7369748693545	-5957.539186505553	-35.19778836380231	0.4918472472141967	0.7927693490825084	-0.598705967422184	0.6632082870711818	1.1671628268726346	0.07853622436762488	0.5500632207755807	0.27426597022623783	5.780989308934789	22.682193588609323	-21.56584853460573	-5957.539186505553
3304	-5992.7369748693545	-5957.539186505553	-35.19778836380231	0.4918472472141967	0.7927693490825084	-0.598705967422184	0.6632082870711818	1.1671628268726346	0.07853622436762488	0.5500632207755807	0.27426597022623783	5.780989308934789	22.682193588609323	-21.56584853460573	-5957.539186505553
3306	-5992.687900765275	-5957.5336767091885	-35.154224056086925	0.4918472472141967	0.7927693490825084	-0.598705967422184	0.6632082870711818	1.1671628268726346	0.07853622436762488	0.5500632207755807	0.27426597022623783	5.780989308934789	22.620893832994852	-21.522284226890346	-5957.5336767091885
3308	-5992.687900765275	-5957.5336767091885	-35.154224056086925	0.4918472472141967	0.7927693490825084	-0.598705967422184	0.6632082870711818	1.1671628268726346	0.07853622436762488	0.5500632207755807	0.27426597022623783	5.780989308934789	22.620893832994852	-21.522284226890346	-5957.5336767091885
3310	-5992.4314196232135	-5957.850454957905	-34.5809646653088	0.4918472472141967	0.7927693490825084	-0.598705967422184	0.6632082870711818	1.1671628268726346	0.07853622436762488	0.5500632207755807	0.27426597022623783	5.4492128148610455	21.322659145529514	-20.949024836112216	-5957.850454957905
3312	-5992.4314196232135	-5957.850454957905	-34.5809646653088	0.4918472472141967	0.7927693490825084	-0.598705967422184	0.6632082870711818	1.1671628268726346	0.07853622436762488	0.5500632207755807	0.27426597022623783	5.4492128148610455	21.322659145529514	-20.949024836112216	-5957.850454957905
3314	-5993.1014171861525	-5958.480984526764	-34.620432659388584	0.4918472472141967	0.7927693490825084	-0.598705967422184	0.6632082870711818	1.1671628268726346	0.07853622436762488	0.5500632207755807	0.27426597022623783	5.4492128148610455	21.327552163975998	-20.988492830192005	-5958.480984526764
3316	-5994.209168294359	-5958.480984526764	-35.728183767595866	0.4918472472141967	0.7927693490825084	-0.598705967422184	1.314843321322263	1.1671628268726346	0.07853622436762488	0.5500632207755807	0.27426597022623783	5.4492128148610455	21.327552163975998	-21.06162229101887	-5958.480984526764
3318	-5994.209168294359	-5958.480984526764	-35.728183767595866	0.4918472472141967	0.7927693490825084	-0.598705967422184	1.314843321322263	1.1671628268726346	0.07853622436762488	0.5500632207755807	0.27426597022623783	5.4492128148610455	21.327552163975998	-21.06162229101887	-5958.480984526764
3320	-5994.2143804948455	-5958.468586609733	-35.7457938851124	0.4918472472141967	0.7927693490825084	-0.598705967422184	1.314843321322263	1.1671628268726346	0.07853622436762488	0.5500632207755807	0.27426597022623783	5.4492128148610455	21.407257834754336	-21.079232408535404	-5958.468586609733
3322	-5992.408948501031	-5956.8633177919055	-35.545630709125035	0.4918472472141967	0.7927693490825084	-0.598705967422184	1.314843321322263	1.1671628268726346	0.07853622436762488	0.5500632207755807	0.27426597022623783	5.4492128148610455	21.183791056746934	-20.879069232548037	-5956.8633177919055
3324	-5992.107983807533	-5956.576756841244	-35.53122696628871	0.4918472472141967	0.7927693490825084	-0.598705967422184	1.314843321322263	1.1671628268726346	0.07853622436762488	0.5500632207755807	0.27426597022623783	5.4492128148610455	21.18197380730743	-20.86466548971172	-5956.576756841244
3326	-5993.767672701649	-5956.576756841244	-37.19091586040521	0.4918472472141967	0.7927693490825084	-1.162455471471145	1.314843321322263	1.1671628268726346	0.07853622436762488	0.5500632207755807	0.27426597022623783	5.4492128148610455	21.18197380730743	-20.790258225804436	-5956.576756841244
3328	-5993.767672701649	-5956.576756841244	-37.19091586040521	0.4918472472141967	0.7927693490825084	-1.162455471471145	1.314843321322263	1.1671628268726346	0.07853622436762488	0.5500632207755807	0.27426597022623783	5.4492128148610455	21.18197380730743	-20.790258225804436	-5956.576756841244
3330	-5990.535606410152	-5953.506409824205	-37.02919658594728	0.4918472472141967	0.7927693490825084	-1.162455471471145	1.314843321322263	1.1671628268726346	0.07853622436762488	0.5500632207755807	0.27426597022623783	5.4492128148610455	21.006833829137065	-20.628538951346506	-5953.506409824205
3332	-5990.959237176967	-5953.910349045808	-37.048888131158385	0.4918472472141967	0.7927693490825084	-1.162455471471145	1.314843321322263	1.1671628268726346	0.07853622436762488	0.5500632207755807	0.27426597022623783	5.4492128148610455	21.016742069258186	-20.64823049655761	-5953.910349045808
3334	-5989.6443034045	-5952.567983946353	-37.07631945814691	0.4918472472141967	0.7927693490825084	-1.162455471471145	1.314843321322263	1.1671628268726346	0.07853622436762488	0.5500632207755807	0.27426597022623783	5.4492128148610455	21.03656422952446	-20.67566182354614	-5952.567983946353
3336	-5989.6443034045	-5952.567983946353	-37.07631945814691	0.4918472472141967	0.7927693490825084	-1.162455471471145	1.314843321322263	1.1671628268726346	0.07853622436762488	0.5500632207755807	0.27426597022623783	5.4492128148610455	21.03656422952446	-20.67566182354614	-5952.567983946353
3338	-5989.6443034045	-5952.567983946353	-37.07631945814691	0.4918472472141967	0.7927693490825084	-1.162455471471145	1.314843321322263	1.1671628268726346	0.07853622436762488	0.5500632207755807	0.27426597022623783	5.4492128148610455	21.03656422952446	-20.67566182354614	-5952.567983946353
3340	-5989.6443034045	-5952.567983946353	-37.07631945814691	0.4918472472141967	0.7927693490825084	-1.162455471471145	1.314843321322263	1.1671628268726346	0.07853622436762488	0.5500632207755807	0.27426597022623783	5.4492128148610455	21.03656422952446	-20.67566182354614	-5952.567983946353
3342	-5988.883858373117	-5952.567983946353	-36.315874426763784	0.4918472472141967	0.7927693490825084	-1.162455471471145	1.314843321322263	0.44829246880395074	0.07853622436762488	0.5500632207755807	0.27426597022623783	5.4492128148610455	21.03656422952446	-21.020062355277467	-5952.567983946353
3344	-5988.883858373117	-5952.567983946353	-36.315874426763784	0.4918472472141967	0.7927693490825084	-1.162455471471145	1.314843321322263	0.44829246880395074	0.07853622436762488	0.5500632207755807	0.27426597022623783	5.4492128148610455	21.03656422952446	-21.020062355277467	-5952.567983946353
3346	-5987.183239036346	-5952.567983946353	-34.61525508999314	0.4918472472141967	0.7927693490825084	-1.162455471471145	0.5063545298820503	0.44829246880395074	0.07853622436762488	0.5500632207755807	0.27426597022623783	5.4492128148610455	21.03656422952446	-20.995484262586437	-5952.567983946353
3348	-5987.183239036346	-5952.567983946353	-34.61525508999314	0.4918472472141967	0.7927693490825084	-1.162455471471145	0.5063545298820503	0.44829246880395074	0.07853622436762488	0.5500632207755807	0.27426597022623783	5.4492128148610455	21.03656422952446	-20.995484262586437	-5952.567983946353
3350	-5987.1812540313085	-5952.5677125112425	-34.613541520065645	0.4918472472141967	0.7927693490825084	-1.162455471471145	0.5063545298820503	0.44829246880395074	0.07853622436762488	0.5500632207755807	0.27426597022623783	5.4492128148610455	21.03656422952446	-20.99377069265894	-5952.5677125112425
3352	-5987.183239036346	-5952.567983946353	-34.61525508999314	0.4918472472141967	0.7927693490825084	-1.162455471471145	0.5063545298820503	0.44829246880395074	0.07853622436762488	0.5500632207755807	0.27426597022623783	5.4492128148610455	21.03656422952446	-20.995484262586437	-5952.567983946353
3354	-5986.811976513437	-5952.214450101441	-34.59752641199604	0.4918472472141967	0.7927693490825084	-1.162455471471145	0.5063545298820503	0.44829246880395074	0.07853622436762488	0.5500632207755807	0.27426597022623783	5.4492128148610455	21.031126476902024	-20.977755584589335	-5952.214450101441
3356	-5986.811976513437	-5952.214450101441	-34.59752641199604	0.4918472472141967	0.7927693490825084	-1.162455471471145	0.5063545298820503	0.44829246880395074	0.07853622436762488	0.5500632207755807	0.27426597022623783	5.4492128148610455	21.031126476902024	-20.977755584589335	-5952.214450101441
3358	-5986.811976513437	-5952.214450101441	-34.59752641199604	0.4918472472141967	0.7927693490825084	-1.162455471471145	0.5063545298820503	0.44829246880395074	0.07853622436762488	0.5500632207755807	0.27426597022623783	5.4492128148610455	21.031126476902024	-20.977755584589335	-5952.214450101441
3360	-5986.862289325894	-5952.2144655278	-34.64782379809454	0.4918472472141967	0.7927693490825084	-1.162455471471145	0.5063545298820503	0.44829246880395074	0.07853622436762488	0.5500632207755807	0.27426597022623783	5.590193154768352	21.313087156716637	-21.02805297068784	-5952.2144655278
3362	-5986.687901518369	-5951.918755354254	-34.76914616411416	0.4918472472141967	0.7927693490825084	-1.162455471471145	0.5063545298820503	0.44829246880395074	0.07853622436762488	0.5500632207755807	0.27426597022623783	5.590193154768352	21.518160365621917	-21.14937533670746	-5951.918755354254
3364	-5986.684071356029	-5951.808279684489	-34.875791671539645	0.4918472472141967	0.7927693490825084	-1.162455471471145	0.5063545298820503	0.44829246880395074	0.07853622436762488	0.5500632207755807	0.27426597022623783	5.590193154768352	21.60453576121094	-21.256020844132944	-5951.808279684489
3366	-5986.64308401021	-5951.808279684489	-34.83480432572096	0.4918472472141967	0.7927693490825084	-1.162455471471145	0.5063545298820503	0.44829246880395074	0.21431599848635943	0.5500632207755807	0.27426597022623783	5.590193154768352	21.60453576121094	-21.256020844132944	-5951.808279684489
3368	-5986.64308401021	-5951.808279684489	-34.83480432572096	0.4918472472141967	0.7927693490825084	-1.162455471471145	0.5063545298820503	0.44829246880395074	0.21431599848635943	0.5500632207755807	0.27426597022623783	5.590193154768352	21.60453576121094	-21.256020844132944	-5951.808279684489
3370	-5986.6941476503835	-5951.814144660262	-34.88000299012171	0.4918472472141967	0.7927693490825084	-1.162455471471145	0.5063545298820503	0.44829246880395074	0.21431599848635943	0.5500632207755807	0.27426597022623783	5.590193154768352	21.650577335140028	-21.30121950853369	-5951.814144660262
3372	-5986.720368876371	-5951.814143123484	-34.90622575288652	0.4918472472141967	0.7927693490825084	-1.162455471471145	0.5063545298820503	0.44829246880395074	0.21431599848635943	0.5500632207755807	0.27426597022623783	5.590193154768352	21.691334566025567	-21.327442271298505	-5951.814143123484
3374	-5986.582651824692	-5951.797028867894	-34.7856229567974	0.4918472472141967	0.7927693490825084	-1.162455471471145	0.5063545298820503	0.44829246880395074	0.21431599848635943	0.5500632207755807	0.27426597022623783	5.590193154768352	21.568848236363557	-21.206839475209378	-5951.797028867894
3376	-5986.582651824692	-5951.797028867894	-34.7856229567974	0.4918472472141967	0.7927693490825084	-1.162455471471145	0.5063545298820503	0.44829246880395074	0.21431599848635943	0.5500632207755807	0.27426597022623783	5.590193154768352	21.568848236363557	-21.206839475209378	-5951.797028867894
3378	-5985.874613514625	-5951.881737414551	-33.99287610007347	0.4918472472141967	0.7927693490825084	-1.162455471471145	0.5063545298820503	0.44829246880395074	0.21431599848635943	0.5500632207755807	0.27426597022623783	5.215527616997541	20.170629306830637	-20.41409261848545	-5951.881737414551
3380	-5986.497720660599	-5950.972671202512	-35.5250494580865	0.4918472472141967	0.7927693490825084	-1.162455471471145	0.5063545298820503	0.44829246880395074	0.21431599848635943	0.5500632207755807	0.27426597022623783	5.86759190931535	22.692434978360183	-21.946265976498484	-5950.972671202512
3382	-5986.692510125767	-5951.127399048264	-35.565111077502294	0.4918472472141967	0.7927693490825084	-1.162455471471145	0.5063545298820503	0.44829246880395074	0.21431599848635943	0.5500632207755807	0.27426597022623783	5.86759190931535	22.724518613258816	-21.986327595914275	-5951.127399048264
3384	-5986.692510125767	-5951.127399048264	-35.565111077502294	0.4918472472141967	0.7927693490825084	-1.162455471471145	0.5063545298820503	0.44829246880395074	0.21431599848635943	0.5500632207755807	0.27426597022623783	5.86759190931535	22.724518613258816	-21.986327595914275	-5951.127399048264
3386	-5986.692510125767	-5951.127399048264	-35.565111077502294	0.4918472472141967	0.7927693490825084	-1.162455471471145	0.5063545298820503	0.44829246880395074	0.21431599848635943	0.5500632207755807	0.27426597022623783	5.86759190931535	22.724518613258816	-21.986327595914275	-5951.127399048264
3388	-5987.547912941452	-5951.127402934188	-36.42051000726437	0.4918472472141967	0.7927693490825084	-1.162455471471145	0.5063545298820503	0.44829246880395074	0.21431599848635943	1.3670509243653537	0.27426597022623783	5.86759190931535	22.565914420240013	-21.499539767906146	-5951.127402934188
3390	-5986.489232315596	-5950.753018187907	-35.736214127688726	0.4918472472141967	0.7927693490825084	-1.162455471471145	0.5063545298820503	0.44829246880395074	0.21431599848635943	1.3670509243653537	0.27426597022623783	5.428665448336561	20.78113092425029	-20.8152438883305	-5950.753018187907
3392	-5987.223224155092	-5950.753018187907	-36.47020596718466	0.4918472472141967	1.7536517983807922	-1.162455471471145	0.5063545298820503	0.44829246880395074	0.21431599848635943	1.3670509243653537	0.27426597022623783	5.428665448336561	20.78113092425029	-20.798437420850494	-5950.753018187907
3394	-5987.340220549547	-5950.821055380836	-36.519165168711126	0.4918472472141967	1.7536517983807922	-1.162455471471145	0.5063545298820503	0.44829246880395074	0.21431599848635943	1.3670509243653537	0.27426597022623783	5.428665448336561	20.85972238261018	-20.847396622376955	-5950.821055380836
3396	-5986.393635491164	-5950.821055380836	-35.572580110328495	0.4918472472141967	1.7536517983807922	-1.162455471471145	0.5063545298820503	0.44829246880395074	0.21431599848635943	1.0271748101386151	0.27426597022623783	5.428665448336561	20.85972238261018	-20.621335250994075	-5950.821055380836
3398	-5986.393635491164	-5950.821055380836	-35.572580110328495	0.4918472472141967	1.7536517983807922	-1.162455471471145	0.5063545298820503	0.44829246880395074	0.21431599848635943	1.0271748101386151	0.27426597022623783	5.428665448336561	20.85972238261018	-20.621335250994075	-5950.821055380836
3400	-5986.465372038847	-5950.909460032895	-35.555912005951704	0.4918472472141967	1.7536517983807922	-1.162455471471145	0.5063545298820503	0.44829246880395074	0.21431599848635943	1.0271748101386151	0.27426597022623783	5.428665448336561	20.855186385792102	-20.604667146617285	-5950.909460032895
3402	-5986.85030142598	-5950.769650616083	-36.08065080989807	0.4918472472141967	1.7536517983807922	-1.162455471471145	0.5063545298820503	0.44829246880395074	0.21431599848635943	1.0271748101386151	0.27426597022623783	5.784164779116944	21.916585558356754	-21.129405950563648	-5950.769650616083
3404	-5986.993264620926	-5950.865322274134	-36.127942346792395	0.4918472472141967	1.7536517983807922	-1.162455471471145	0.5063545298820503	0.44829246880395074	0.21431599848635943	1.0271748101386151	0.27426597022623783	5.784164779116944	22.021138416250313	-21.17669748745798	-5950.865322274134
3406	-5987.148418456724	-5950.997318125919	-36.15110033080525	0.4918472472141967	1.7536517983807922	-1.162455471471145	0.5063545298820503	0.44829246880395074	0.21431599848635943	1.0271748101386151	0.27426597022623783	5.784164779116944	22.043645921314774	-21.19985547147083	-5950.997318125919
3408	-5987.020608298833	-5950.883604443311	-36.13700385552275	0.4918472472141967	1.7536517983807922	-1.162455471471145	0.5063545298820503	0.2602294469092594	0.21431599848635943	1.0271748101386151	0.27426597022623783	5.784164779116944	22.040325062708856	-21.27870085442025	-5950.883604443311
3410	-5987.214065057297	-5950.883607677518	-36.330457379779915	0.21542110124358546	1.7536517983807922	-1.162455471471145	0.5063545298820503	0.2602294469092594	0.21431599848635943	1.0271748101386151	0.27426597022623783	5.784164779116944	21.992538112322492	-21.18290663440776	-5950.883607677518
3412	-5988.142820369893	-5951.883535501814	-36.25928486808003	0.21542110124358546	1.7536517983807922	-1.162455471471145	0.5063545298820503	0.2602294469092594	0.21431599848635943	1.0271748101386151	0.27426597022623783	5.784164779116944	21.94147761111911	-21.11173412270788	-5951.883535501814
3414	-5988.142820369893	-5951.883535501814	-36.25928486808003	0.21542110124358546	1.7536517983807922	-1.162455471471145	0.5063545298820503	0.2602294469092594	0.21431599848635943	1.0271748101386151	0.27426597022623783	5.784164779116944	21.94147761111911	-21.11173412270788	-5951.883535501814
3416	-5988.142820369893	-5951.883535501814	-36.25928486808003	0.21542110124358546	1.7536517983807922	-1.162455471471145	0.5063545298820503	0.2602294469092594	0.21431599848635943	1.0271748101386151	0.27426597022623783	5.784164779116944	21.94147761111911	-21.11173412270788	-5951.883535501814
3418	-5988.196363314166	-5951.892110432374	-36.30425288179223	0.21542110124358546	1.7536517983807922	-1.162455471471145	0.5063545298820503	0.2602294469092594	0.21431599848635943	1.0271748101386151	0.27426597022623783	5.784164779116944	22.00040257167382	-21.15670213642008	-5951.892110432374
3420	-5986.878041880332	-5950.315656124214	-36.56238575611786	0.21542110124358546	1.7536517983807922	-1.162455471471145	0.5063545298820503	0.2602294469092594	0.21431599848635943	1.0271748101386151	0.27426597022623783	5.784164779116944	22.18704118306674	-21.414835010745715	-5950.315656124214
3422	-5986.878041880332	-5950.315656124214	-36.56238575611786	0.21542110124358546	1.7536517983807922	-1.162455471471145	0.5063545298820503	0.2602294469092594	0.21431599848635943	1.0271748101386151	0.27426597022623783	5.784164779116944	22.18704118306674	-21.414835010745715	-5950.315656124214
3424	-5985.8317093049145	-5949.701000219839	-36.130709085075466	0.21542110124358546	1.7536517983807922	-1.162455471471145	0.5063545298820503	0.2602294469092594	0.21431599848635943	1.0271748101386151	0.27426597022623783	5.56362867663274	21.341103389967238	-20.983158339703316	-5949.701000219839
3426	-5985.8317093049145	-5949.701000219839	-36.130709085075466	0.21542110124358546	1.7536517983807922	-1.162455471471145	0.5063545298820503	0.2602294469092594	0.21431599848635943	1.0271748101386151	0.27426597022623783	5.56362867663274	21.341103389967238	-20.983158339703316	-5949.701000219839
3428	-5985.8317093049145	-5949.701000219839	-36.130709085075466	0.21542110124358546	1.7536517983807922	-1.162455471471145	0.5063545298820503	0.2602294469092594	0.21431599848635943	1.0271748101386151	0.27426597022623783	5.56362867663274	21.341103389967238	-20.983158339703316	-5949.701000219839
3430	-5985.766507057201	-5949.7010180760835	-36.06548898111721	0.21542110124358546	1.7536517983807922	-1.162455471471145	0.5063545298820503	0.2602294469092594	0.21431599848635943	1.0271748101386151	0.27426597022623783	5.56362867663274	21.212837109359864	-20.91793823574506	-5949.7010180760835
3432	-5985.717315444638	-5949.868256121273	-35.84905932336548	0.49804934311886906	1.7536517983807922	-1.162455471471145	0.5063545298820503	0.2602294469092594	0.21431599848635943	1.0271748101386151	0.27426597022623783	5.56362867663274	21.215664510654964	-20.995493205310986	-5949.868256121273
3434	-5985.717315444638	-5949.868256121273	-35.84905932336548	0.49804934311886906	1.7536517983807922	-1.162455471471145	0.5063545298820503	0.2602294469092594	0.21431599848635943	1.0271748101386151	0.27426597022623783	5.56362867663274	21.215664510654964	-20.995493205310986	-5949.868256121273
3436	-5985.6694963691325	-5949.868256121273	-35.80124024785951	0.7296260116944472	1.7536517983807922	-1.162455471471145	0.5063545298820503	0.2602294469092594	0.21431599848635943	1.0271748101386151	0.27426597022623783	5.56362867663274	21.215664510654964	-21.069478002355602	-5949.868256121273
3438	-5985.321319466356	-5949.868256121273	-35.45306334508317	0.7296260116944472	1.7536517983807922	-1.162455471471145	0.2944211380273503	0.2602294469092594	0.21431599848635943	1.0271748101386151	0.27426597022623783	5.56362867663274	21.215664510654964	-21.052519782235574	-5949.868256121273
3440	-5985.750965130952	-5950.1091232795525	-35.64184185139927	0.7296260116944472	1.7536517983807922	-1.162455471471145	0.2944211380273503	0.5578008517711028	0.21431599848635943	1.0271748101386151	0.27426597022623783	5.56362867663274	21.29213556003256	-21.06165017610776	-5950.1091232795525
3442	-5985.750965130952	-5950.1091232795525	-35.64184185139927	0.7296260116944472	1.7536517983807922	-1.162455471471145	0.2944211380273503	0.5578008517711028	0.21431599848635943	1.0271748101386151	0.27426597022623783	5.56362867663274	21.29213556003256	-21.06165017610776	-5950.1091232795525
3444	-5988.318318244056	-5951.927248338867	-36.391069905189255	0.7296260116944472	1.7536517983807922	-1.162455471471145	0.2944211380273503	0.5578008517711028	0.21431599848635943	1.0271748101386151	0.27426597022623783	5.936552934564482	22.719325316037786	-21.810878229897742	-5951.927248338867
3446	-5987.664986055448	-5951.379816504166	-36.28516955128182	0.7296260116944472	1.7536517983807922	-1.162455471471145	0.2944211380273503	0.5578008517711028	0.21431599848635943	1.0271748101386151	0.27426597022623783	5.936552934564482	22.633697352456505	-21.704977875990306	-5951.379816504166
3448	-5987.4586038132875	-5951.379816504166	-36.078787309121054	0.7296260116944472	1.7536517983807922	-1.162455471471145	0.13430318370484043	0.5578008517711028	0.21431599848635943	1.0271748101386151	0.27426597022623783	5.936552934564482	22.633697352456505	-21.71904885659454	-5951.379816504166
3450	-5987.4586038132875	-5951.379816504166	-36.078787309121054	0.7296260116944472	1.7536517983807922	-1.162455471471145	0.13430318370484043	0.5578008517711028	0.21431599848635943	1.0271748101386151	0.27426597022623783	5.936552934564482	22.633697352456505	-21.71904885659454	-5951.379816504166
3452	-5985.138878340278	-5949.846491496003	-35.29238684427512	0.7296260116944472	1.7536517983807922	-1.162455471471145	0.13430318370484043	0.5578008517711028	0.21431599848635943	1.0271748101386151	0.27426597022623783	5.547166349417591	21.149122344288436	-20.932648391748607	-5949.846491496003
3454	-5986.5691557461805	-5950.290545300496	-36.2786104456849	1.5478375931376143	1.7536517983807922	-1.162455471471145	0.13430318370484043	0.5578008517711028	0.21431599848635943	1.0271748101386151	0.27426597022623783	5.547166349417591	21.124863257497378	-21.490283106623288	-5950.290545300496
3456	-5987.1079394162225	-5951.9205392228005	-35.18740019342232	1.5478375931376143	1.7536517983807922	-1.162455471471145	0.13430318370484043	0.5578008517711028	0.21431599848635943	1.0271748101386151	0.27426597022623783	5.077448282883611	19.336070692055706	-20.39907285436071	-5951.9205392228005
3458	-5987.1079394162225	-5951.9205392228005	-35.18740019342232	1.5478375931376143	1.7536517983807922	-1.162455471471145	0.13430318370484043	0.5578008517711028	0.21431599848635943	1.0271748101386151	0.27426597022623783	5.077448282883611	19.336070692055706	-20.39907285436071	-5951.9205392228005
3460	-5987.0934555148615	-5951.920578388923	-35.1728771259388	1.5478375931376143	1.7536517983807922	-1.162455471471145	0.13430318370484043	0.5578008517711028	0.12112502184807579	1.0271748101386151	0.27426597022623783	5.077448282883611	19.25882457673285	-20.34819781887573	-5951.920578388923
3462	-5987.0934555148615	-5951.920578388923	-35.1728771259388	1.5478375931376143	1.7536517983807922	-1.162455471471145	0.13430318370484043	0.5578008517711028	0.12112502184807579	1.0271748101386151	0.27426597022623783	5.077448282883611	19.25882457673285	-20.34819781887573	-5951.920578388923
3464	-5987.0934555148615	-5951.920578388923	-35.1728771259388	1.5478375931376143	1.7536517983807922	-1.162455471471145	0.13430318370484043	0.5578008517711028	0.12112502184807579	1.0271748101386151	0.27426597022623783	5.077448282883611	19.25882457673285	-20.34819781887573	-5951.920578388923
3466	-5986.157552708518	-5950.936836353534	-35.220716354984155	1.5478375931376143	1.7536517983807922	-1.162455471471145	0.13430318370484043	0.5578008517711028	0.12112502184807579	1.0271748101386151	0.27426597022623783	5.077448282883611	19.288851689520193	-20.396037047921087	-5950.936836353534
3468	-5986.157552708518	-5950.936836353534	-35.220716354984155	1.5478375931376143	1.7536517983807922	-1.162455471471145	0.13430318370484043	0.5578008517711028	0.12112502184807579	1.0271748101386151	0.27426597022623783	5.077448282883611	19.288851689520193	-20.396037047921087	-5950.936836353534
3470	-5985.926317629042	-5950.631454268357	-35.29486336068555	1.5478375931376143	1.7536517983807922	-1.162455471471145	0.13430318370484043	0.5578008517711028	0.12112502184807579	1.0271748101386151	0.27426597022623783	5.077448282883611	19.340778385697064	-20.47018405362248	-5950.631454268357
3472	-5986.165062068867	-5950.63132374434	-35.53373832452718	1.5478375931376143	1.7536517983807922	-1.162455471471145	0.13430318370484043	0.5578008517711028	0.12112502184807579	1.0271748101386151	0.27426597022623783	5.077448282883611	19.70402524653409	-20.709059017464106	-5950.63132374434
3474	-5986.165062068867	-5950.63132374434	-35.53373832452718	1.5478375931376143	1.7536517983807922	-1.162455471471145	0.13430318370484043	0.5578008517711028	0.12112502184807579	1.0271748101386151	0.27426597022623783	5.077448282883611	19.70402524653409	-20.709059017464106	-5950.63132374434
3476	-5987.407416299745	-5950.439443639851	-36.96797265989418	1.5478375931376143	1.7536517983807922	-1.162455471471145	0.13430318370484043	0.5578008517711028	0.12112502184807579	1.0271748101386151	0.27426597022623783	5.7260458182810865	22.043924493042944	-22.143293352831108	-5950.439443639851
3478	-5987.259571770081	-5950.417536052108	-36.84203571797282	1.5478375931376143	1.7536517983807922	-1.162455471471145	0.13430318370484043	0.5578008517711028	0.12112502184807579	1.0271748101386151	0.27426597022623783	5.7260458182810865	21.91282032609382	-22.01735641090975	-5950.417536052108
3480	-5987.259571770081	-5950.417536052108	-36.84203571797282	1.5478375931376143	1.7536517983807922	-1.162455471471145	0.13430318370484043	0.5578008517711028	0.12112502184807579	1.0271748101386151	0.27426597022623783	5.7260458182810865	21.91282032609382	-22.01735641090975	-5950.417536052108
3482	-5985.406722452361	-5951.130736198902	-34.27598625345836	0.7887098424967732	1.7536517983807922	-1.162455471471145	0.13430318370484043	0.5578008517711028	0.12112502184807579	1.0271748101386151	0.27426597022623783	4.998986810702339	19.130461626015546	-19.893799200361975	-5951.130736198902
3484	-5984.031996904036	-5949.654156076958	-34.377840827077556	0.7887098424967732	0.7924554268544164	-1.162455471471145	0.13430318370484043	0.5578008517711028	0.12112502184807579	1.0271748101386151	0.27426597022623783	5.4209042972049355	20.74508406662744	-20.461203248392714	-5949.654156076958
3486	-5984.275741434948	-5949.842120040666	-34.43362139428264	0.7887098424967732	0.7924554268544164	-1.162455471471145	0.13430318370484043	0.5578008517711028	0.12112502184807579	1.0271748101386151	0.27426597022623783	5.4209042972049355	20.82602283321776	-20.5169838155978	-5949.842120040666
3488	-5984.275741434948	-5949.842120040666	-34.43362139428264	0.7887098424967732	0.7924554268544164	-1.162455471471145	0.13430318370484043	0.5578008517711028	0.12112502184807579	1.0271748101386151	0.27426597022623783	5.4209042972049355	20.82602283321776	-20.5169838155978	-5949.842120040666
3490	-5983.988026784445	-5949.54522644031	-34.44280034413459	0.7887098424967732	0.7924554268544164	-1.162455471471145	0.13430318370484043	0.5578008517711028	0.12112502184807579	1.0271748101386151	0.27426597022623783	5.4209042972049355	20.828723470556625	-20.52616276544975	-5949.54522644031
3492	-5984.1480239876955	-5950.369937470645	-33.77808651705035	0.7887098424967732	0.7924554268544164	-1.162455471471145	0.13430318370484043	0.5578008517711028	0.12112502184807579	1.0271748101386151	0.27426597022623783	5.049251746145188	19.40072404670741	-19.861448938365506	-5950.369937470645
3494	-5984.09560702704	-5950.369937470645	-33.72566955639602	0.7887098424967732	0.7924554268544164	-1.162455471471145	0.09855363379809529	0.5578008517711028	0.12112502184807579	1.0271748101386151	0.27426597022623783	5.049251746145188	19.40072404670741	-19.854751500812135	-5950.369937470645
3496	-5984.09560702704	-5950.369937470645	-33.72566955639602	0.7887098424967732	0.7924554268544164	-1.162455471471145	0.09855363379809529	0.5578008517711028	0.12112502184807579	1.0271748101386151	0.27426597022623783	5.049251746145188	19.40072404670741	-19.854751500812135	-5950.369937470645
3498	-5983.564578251573	-5949.802955208852	-33.76162304272149	0.7887098424967732	0.7924554268544164	-1.162455471471145	0.09855363379809529	0.5578008517711028	0.12112502184807579	1.0271748101386151	0.27426597022623783	5.049251746145188	19.423943688685068	-19.890704987137603	-5949.802955208852
3500	-5983.564578251573	-5949.802955208852	-33.76162304272149	0.7887098424967732	0.7924554268544164	-1.162455471471145	0.09855363379809529	0.5578008517711028	0.12112502184807579	1.0271748101386151	0.27426597022623783	5.049251746145188	19.423943688685068	-19.890704987137603	-5949.802955208852
3502	-5983.729129736817	-5949.879233514969	-33.8498962218479	0.7887098424967732	0.7924554268544164	-1.162455471471145	0.09855363379809529	0.5578008517711028	0.12112502184807579	1.0271748101386151	0.27426597022623783	5.049251746145188	19.50744075627041	-19.978978166264014	-5949.879233514969
3504	-5983.82196671828	-5949.529195602797	-34.29277111548325	0.7887098424967732	0.7924554268544164	-1.162455471471145	0.09855363379809529	0.5578008517711028	0.12112502184807579	1.0271748101386151	0.27426597022623783	5.298190462579949	20.465789997699506	-20.421853059899362	-5949.529195602797
3506	-5984.086408224261	-5949.812074503714	-34.27433372054638	0.7887098424967732	0.7924554268544164	-1.162455471471145	0.09855363379809529	0.5578008517711028	0.12112502184807579	1.0271748101386151	0.27426597022623783	5.298190462579949	20.450376195143193	-20.40341566496249	-5949.812074503714
3508	-5984.192770758191	-5949.844695185888	-34.348075572303394	0.7887098424967732	0.7924554268544164	-1.162455471471145	0.09855363379809529	0.5578008517711028	0.174297902538084	1.0271748101386151	0.27426597022623783	5.298190462579949	20.581178393878805	-20.498963150903776	-5949.844695185888
3510	-5985.151117019282	-5951.631776918422	-33.51934010086045	0.7887098424967732	0.7924554268544164	-1.162455471471145	0.09855363379809529	0.5578008517711028	0.174297902538084	1.0271748101386151	0.27426597022623783	4.84518982460834	18.821466845476934	-19.67022767946083	-5951.631776918422
3512	-5984.914243541288	-5951.553025162453	-33.361218378834984	0.7887098424967732	0.7924554268544164	-1.162455471471145	0.09855363379809529	0.5578008517711028	0.174297902538084	1.0271748101386151	0.27426597022623783	4.84518982460834	18.609978371387093	-19.512105957435367	-5951.553025162453
3514	-5984.914243541288	-5951.553025162453	-33.361218378834984	0.7887098424967732	0.7924554268544164	-1.162455471471145	0.09855363379809529	0.5578008517711028	0.174297902538084	1.0271748101386151	0.27426597022623783	4.84518982460834	18.609978371387093	-19.512105957435367	-5951.553025162453
3516	-5984.977515887341	-5951.551911842827	-33.42560404451366	0.7887098424967732	0.7924554268544164	-1.162455471471145	0.09855363379809529	0.5578008517711028	0.174297902538084	1.0271748101386151	0.27426597022623783	4.84518982460834	18.752745114276784	-19.576491623114045	-5951.551911842827
3518	-5985.123807025751	-5951.602282790933	-33.52152423481825	0.7887098424967732	0.7924554268544164	-1.162455471471145	0.09855363379809529	0.5578008517711028	0.174297902538084	1.0271748101386151	0.27426597022623783	4.84518982460834	18.881059328771023	-19.672411813418634	-5951.602282790933
3520	-5985.321179449937	-5951.8129169808235	-33.508262469113156	0.7887098424967732	0.7924554268544164	-1.162455471471145	0.09855363379809529	0.5578008517711028	0.27087592241873526	1.0271748101386151	0.27426597022623783	4.84518982460834	18.88105932877102	-19.69152434620682	-5951.8129169808235
3522	-5985.371114280845	-5951.812961133199	-33.55815314764682	0.7887098424967732	0.7924554268544164	-1.162455471471145	0.09855363379809529	0.5578008517711028	0.27087592241873526	1.0271748101386151	0.27426597022623783	5.026729650550125	19.244138980654593	-19.74141502474048	-5951.812961133199
3524	-5984.209732957575	-5950.036767616133	-34.17296534144187	0.7887098424967732	0.7924554268544164	-1.162455471471145	0.09855363379809529	0.5578008517711028	0.27087592241873526	1.0271748101386151	0.27426597022623783	5.3969356925197545	20.604299325293	-20.356227218535537	-5950.036767616133
3526	-5984.626223065387	-5949.965953928683	-34.66026913670443	0.7887098424967732	0.7924554268544164	-1.162455471471145	0.09855363379809529	0.9296915221747909	0.27087592241873526	1.0271748101386151	0.27426597022623783	5.3969356925197545	20.584829677761043	-20.391082706015503	-5949.965953928683
3528	-5984.720594515867	-5949.966418340083	-34.75417617578423	0.7887098424967732	0.7924554268544164	-1.162455471471145	0.09855363379809529	0.9296915221747909	0.27087592241873526	1.0271748101386151	0.27426597022623783	5.3969356925197545	20.79853882456934	-20.484989745095305	-5949.966418340083
3530	-5986.161682591507	-5950.678021869152	-35.48366072235499	0.7887098424967732	0.7924554268544164	-1.162455471471145	0.09855363379809529	0.9296915221747909	0.27087592241873526	1.0271748101386151	0.27426597022623783	5.845159749221445	22.525890413793775	-21.214474291666065	-5950.678021869152
3532	-5986.161682591507	-5950.678021869152	-35.48366072235499	0.7887098424967732	0.7924554268544164	-1.162455471471145	0.09855363379809529	0.9296915221747909	0.27087592241873526	1.0271748101386151	0.27426597022623783	5.845159749221445	22.525890413793775	-21.214474291666065	-5950.678021869152
3534	-5986.161682591507	-5950.678021869152	-35.48366072235499	0.7887098424967732	0.7924554268544164	-1.162455471471145	0.09855363379809529	0.9296915221747909	0.27087592241873526	1.0271748101386151	0.27426597022623783	5.845159749221445	22.525890413793775	-21.214474291666065	-5950.678021869152
3536	-5986.161682591507	-5950.678021869152	-35.48366072235499	0.7887098424967732	0.7924554268544164	-1.162455471471145	0.09855363379809529	0.9296915221747909	0.27087592241873526	1.0271748101386151	0.27426597022623783	5.845159749221445	22.525890413793775	-21.214474291666065	-5950.678021869152
3538	-5986.161682591507	-5950.678021869152	-35.48366072235499	0.7887098424967732	0.7924554268544164	-1.162455471471145	0.09855363379809529	0.9296915221747909	0.27087592241873526	1.0271748101386151	0.27426597022623783	5.845159749221445	22.525890413793775	-21.214474291666065	-5950.678021869152
3540	-5986.161682591507	-5950.678021869152	-35.48366072235499	0.7887098424967732	0.7924554268544164	-1.162455471471145	0.09855363379809529	0.9296915221747909	0.27087592241873526	1.0271748101386151	0.27426597022623783	5.845159749221445	22.525890413793775	-21.214474291666065	-5950.678021869152
3542	-5986.161682591507	-5950.678021869152	-35.48366072235499	0.7887098424967732	0.7924554268544164	-1.162455471471145	0.09855363379809529	0.9296915221747909	0.27087592241873526	1.0271748101386151	0.27426597022623783	5.845159749221445	22.525890413793775	-21.214474291666065	-5950.678021869152
3544	-5986.161682591507	-5950.678021869152	-35.48366072235499	0.7887098424967732	0.7924554268544164	-1.162455471471145	0.09855363379809529	0.9296915221747909	0.27087592241873526	1.0271748101386151	0.27426597022623783	5.845159749221445	22.525890413793775	-21.214474291666065	-5950.678021869152
3546	-5986.038168980398	-5950.56880655601	-35.469362424387974	0.7887098424967732	0.7924554268544164	-1.162455471471145	0.09855363379809529	0.9296915221747909	0.27087592241873526	1.0271748101386151	0.27426597022623783	5.845159749221445	22.525890413793775	-21.200175993699048	-5950.56880655601
3548	-5985.983103144594	-5950.56880655601	-35.41429658858424	0.7887098424967732	0.7924554268544164	-1.162455471471145	0.09855363379809529	0.9296915221747909	0.27087592241873526	0.345519002677225	0.27426597022623783	5.845159749221445	22.525890413793775	-21.893859875873805	-5950.56880655601
3550	-5985.60425101931	-5950.56880655601	-35.035444463300315	0.4400715064831865	0.7924554268544164	-1.162455471471145	0.09855363379809529	0.9296915221747909	0.27087592241873526	0.345519002677225	0.27426597022623783	5.845159749221445	22.525890413793775	-21.66712769403932	-5950.56880655601
3552	-5985.541744193857	-5950.516440609379	-35.02530358447808	0.4400715064831865	0.7924554268544164	-1.162455471471145	0.09855363379809529	0.9296915221747909	0.27087592241873526	0.345519002677225	0.27426597022623783	5.845159749221445	22.52163438982185	-21.65698681521708	-5950.516440609379
3554	-5985.541744193857	-5950.516440609379	-35.02530358447808	0.4400715064831865	0.7924554268544164	-1.162455471471145	0.09855363379809529	0.9296915221747909	0.27087592241873526	0.345519002677225	0.27426597022623783	5.845159749221445	22.52163438982185	-21.65698681521708	-5950.516440609379
3556	-5985.174182487157	-5950.121222473059	-35.05296001409822	0.4400715064831865	0.7924554268544164	-1.162455471471145	0.09855363379809529	0.9296915221747909	0.27087592241873526	0.345519002677225	0.27426597022623783	5.845159749221445	22.539189762999314	-21.68464324483722	-5950.121222473059
3558	-5983.874914928258	-5950.4296040658155	-33.44531086244239	0.4400715064831865	0.7924554268544164	-1.162455471471145	0.09855363379809529	0.9296915221747909	0.27087592241873526	0.345519002677225	0.27426597022623783	5.036479464981489	19.600830204270974	-20.076994093181394	-5950.4296040658155
3560	-5983.668227025807	-5950.183068666129	-33.485158359678096	0.4400715064831865	0.7924554268544164	-1.162455471471145	0.09855363379809529	0.9296915221747909	0.27087592241873526	0.345519002677225	0.27426597022623783	5.036479464981489	19.649084623740023	-20.1168415904171	-5950.183068666129
3562	-5983.59705420891	-5949.195397283658	-34.40165692525211	0.4400715064831865	0.7924554268544164	-1.162455471471145	0.09855363379809529	0.9296915221747909	0.27087592241873526	0.345519002677225	0.27426597022623783	5.442967725161346	21.234938845595806	-21.033340155991116	-5949.195397283658
3564	-5983.472759195943	-5949.195397283658	-34.27736191228425	0.4400715064831865	0.7924554268544164	-1.162455471471145	0.09855363379809529	0.9296915221747909	0.4990548208287386	0.345519002677225	0.27426597022623783	5.442967725161346	21.234938845595806	-21.033340155991116	-5949.195397283658
3566	-5983.472759195943	-5949.195397283658	-34.27736191228425	0.4400715064831865	0.7924554268544164	-1.162455471471145	0.09855363379809529	0.9296915221747909	0.4990548208287386	0.345519002677225	0.27426597022623783	5.442967725161346	21.234938845595806	-21.033340155991116	-5949.195397283658
3568	-5983.428841379551	-5949.195397283658	-34.233444095892764	0.4400715064831865	0.7924554268544164	-1.162455471471145	0.06117160845144553	0.9296915221747909	0.4990548208287386	0.345519002677225	0.27426597022623783	5.442967725161346	21.234938845595806	-21.03586270602565	-5949.195397283658
3570	-5983.428841379551	-5949.195397283658	-34.233444095892764	0.4400715064831865	0.7924554268544164	-1.162455471471145	0.06117160845144553	0.9296915221747909	0.4990548208287386	0.345519002677225	0.27426597022623783	5.442967725161346	21.234938845595806	-21.03586270602565	-5949.195397283658
3572	-5982.127577260925	-5949.195417619271	-32.93215964165421	0.4400715064831865	0.7924554268544164	-0.3706161358575338	0.06117160845144553	0.9296915221747909	0.4990548208287386	0.345519002677225	0.27426597022623783	5.442967725161346	21.234938845595813	-20.99696274057694	-5949.195417619271
3574	-5982.127577260925	-5949.195417619271	-32.93215964165421	0.4400715064831865	0.7924554268544164	-0.3706161358575338	0.06117160845144553	0.9296915221747909	0.4990548208287386	0.345519002677225	0.27426597022623783	5.442967725161346	21.234938845595813	-20.99696274057694	-5949.195417619271
3576	-5982.127577260925	-5949.195417619271	-32.93215964165421	0.4400715064831865	0.7924554268544164	-0.3706161358575338	0.06117160845144553	0.9296915221747909	0.4990548208287386	0.345519002677225	0.27426597022623783	5.442967725161346	21.234938845595813	-20.99696274057694	-5949.195417619271
3578	-5982.127577260925	-5949.195417619271	-32.93215964165421	0.4400715064831865	0.7924554268544164	-0.3706161358575338	0.06117160845144553	0.9296915221747909	0.4990548208287386	0.345519002677225	0.27426597022623783	5.442967725161346	21.234938845595813	-20.99696274057694	-5949.195417619271
3580	-5981.893572302954	-5948.707795029694	-33.18577727326008	0.4400715064831865	0.7924554268544164	-0.3706161358575338	0.06117160845144553	0.9296915221747909	0.4990548208287386	0.345519002677225	0.27426597022623783	5.442967725161346	21.382603463443782	-21.25058037218281	-5948.707795029694
3582	-5981.813138277967	-5948.707795029694	-33.10534324827222	0.4400715064831865	0.7924554268544164	-0.2256619731113664	0.06117160845144553	0.9296915221747909	0.4990548208287386	0.345519002677225	0.13498228578233423	5.442967725161346	21.382603463443782	-21.245822063267607	-5948.707795029694
3584	-5981.778671127202	-5948.707795029694	-33.07087609750771	0.4400715064831865	0.7924554268544164	-0.2256619731113664	0.06117160845144553	0.9296915221747909	1.2710325056754221	0.345519002677225	0.13498228578233423	5.442967725161346	21.382603463443782	-21.245822063267607	-5948.707795029694
3586	-5981.927544803656	-5948.869524158255	-33.05802064540059	0.4400715064831865	0.7924554268544164	-0.2256619731113664	0.06117160845144553	0.9296915221747909	1.2710325056754221	0.345519002677225	0.13498228578233423	5.442967725161346	21.37716878034883	-21.232966611160496	-5948.869524158255
3588	-5981.890094508175	-5948.869515211281	-33.020579296893814	0.4400715064831865	0.7924554268544164	-0.2256619731113664	0.06117160845144553	0.9296915221747909	1.2710325056754221	0.345519002677225	0.13498228578233423	5.326545427342871	21.144324184711877	-21.195525262653717	-5948.869515211281
3590	-5981.890079245033	-5948.869490504623	-33.020588740409494	0.4400715064831865	0.7924554268544164	-0.2256619731113664	0.06117160845144553	0.9296915221747909	1.2710325056754221	0.345519002677225	0.13498228578233423	5.326545427342871	21.14432418471188	-21.195534706169397	-5948.869490504623
3592	-5981.890079245033	-5948.869490504623	-33.020588740409494	0.4400715064831865	0.7924554268544164	-0.2256619731113664	0.06117160845144553	0.9296915221747909	1.2710325056754221	0.345519002677225	0.13498228578233423	5.326545427342871	21.14432418471188	-21.195534706169397	-5948.869490504623
3594	-5981.890079245033	-5948.869490504623	-33.020588740409494	0.4400715064831865	0.7924554268544164	-0.2256619731113664	0.06117160845144553	0.9296915221747909	1.2710325056754221	0.345519002677225	0.13498228578233423	5.326545427342871	21.14432418471188	-21.195534706169397	-5948.869490504623
3596	-5981.881576661446	-5948.869490504623	-33.012086156822576	0.4400715064831865	0.7924554268544164	-0.2256619731113664	0.026418811727465366	0.9296915221747909	1.2710325056754221	0.345519002677225	0.13498228578233423	5.326545427342871	21.14432418471188	-21.196396513296072	-5948.869490504623
3598	-5981.881576661446	-5948.869490504623	-33.012086156822576	0.4400715064831865	0.7924554268544164	-0.2256619731113664	0.026418811727465366	0.9296915221747909	1.2710325056754221	0.345519002677225	0.13498228578233423	5.326545427342871	21.14432418471188	-21.196396513296072	-5948.869490504623
3600	-5982.07726959424	-5949.056732368717	-33.02053722552188	0.4400715064831865	0.7924554268544164	-0.2256619731113664	0.026418811727465366	0.9296915221747909	1.2710325056754221	0.345519002677225	0.13498228578233423	5.326545427342871	21.1480665279442	-21.204847581995374	-5949.056732368717
3602	-5981.705942971639	-5948.683377459647	-33.02256551199234	0.4400715064831865	0.7924554268544164	-0.2256619731113664	0.026418811727465366	0.9296915221747909	1.2710325056754221	0.345519002677225	0.13498228578233423	5.326545427342871	21.148726313054812	-21.206875868465843	-5948.683377459647
3604	-5982.200034568396	-5948.683377459647	-33.516657108749285	0.4400715064831865	0.7924554268544164	-0.2256619731113664	0.026418811727465366	0.5371090283715377	1.2710325056754221	0.345519002677225	0.13498228578233423	5.326545427342871	21.148726313054812	-21.777822572485192	-5948.683377459647
3606	-5982.200034568396	-5948.683377459647	-33.516657108749285	0.4400715064831865	0.7924554268544164	-0.2256619731113664	0.026418811727465366	0.5371090283715377	1.2710325056754221	0.345519002677225	0.13498228578233423	5.326545427342871	21.148726313054812	-21.777822572485192	-5948.683377459647
3608	-5981.668307930245	-5948.64031327026	-33.02799465998519	0.4400715064831865	0.7924554268544164	-0.2256619731113664	0.026418811727465366	0.9193389255338281	1.2710325056754221	0.345519002677225	0.13498228578233423	5.326545427342871	21.148726313054812	-21.218288796011866	-5948.64031327026
3610	-5981.09180647774	-5948.22998539835	-32.861821079389436	0.4400715064831865	0.7924554268544164	-0.2256619731113664	0.026418811727465366	0.9193389255338281	1.2710325056754221	0.345519002677225	0.13498228578233423	5.326545427342871	21.051398507261215	-21.052115215416112	-5948.22998539835
3612	-5981.117618354006	-5948.22998539835	-32.88763295565516	0.4400715064831865	0.7924554268544164	-0.2256619731113664	0.026418811727465366	0.9193389255338281	1.2710325056754221	0.6489728947753508	0.13498228578233423	5.326545427342871	21.051398507261215	-20.817105554724748	-5948.22998539835
3614	-5981.118090501693	-5948.229974577887	-32.888115923804904	0.4400715064831865	0.7924554268544164	-0.2256619731113664	0.026418811727465366	0.9193389255338281	1.2710325056754221	0.6489728947753508	0.13498228578233423	5.326545427342871	21.05139850726121	-20.817588522874495	-5948.229974577887
3616	-5981.938845253759	-5948.504938535543	-33.43390671821503	0.9736245134696241	0.7924554268544164	-0.2256619731113664	0.026418811727465366	0.9193389255338281	1.2710325056754221	0.6489728947753508	0.13498228578233423	5.326545427342871	21.056692205443632	-21.031914530774934	-5948.504938535543
3618	-5981.902177301646	-5948.5049089406575	-33.397268360988484	0.9736245134696241	0.7924554268544164	-0.2256619731113664	0.026418811727465366	0.9193389255338281	1.2710325056754221	0.6489728947753508	0.13498228578233423	5.326545427342871	20.987399774619757	-20.995276173548387	-5948.5049089406575
3620	-5983.270946689841	-5948.76172686584	-34.509219824001924	0.9736245134696241	1.981277258432965	-0.2256619731113664	0.026418811727465366	0.9193389255338281	1.2710325056754221	0.6489728947753508	0.13498228578233423	5.326545427342871	20.91470661847049	-21.615956728318245	-5948.76172686584
3622	-5983.462396065426	-5948.8094637929435	-34.65293227248296	0.9736245134696241	1.981277258432965	-0.2256619731113664	0.026418811727465366	0.9193389255338281	1.2710325056754221	0.6489728947753508	0.13498228578233423	5.326545427342871	21.069067241822065	-21.75966917679928	-5948.8094637929435
3624	-5983.462396065426	-5948.8094637929435	-34.65293227248296	0.9736245134696241	1.981277258432965	-0.2256619731113664	0.026418811727465366	0.9193389255338281	1.2710325056754221	0.6489728947753508	0.13498228578233423	5.326545427342871	21.069067241822065	-21.75966917679928	-5948.8094637929435
3626	-5983.462396065426	-5948.8094637929435	-34.65293227248296	0.9736245134696241	1.981277258432965	-0.2256619731113664	0.026418811727465366	0.9193389255338281	1.2710325056754221	0.6489728947753508	0.13498228578233423	5.326545427342871	21.069067241822065	-21.75966917679928	-5948.8094637929435
3628	-5983.462396065426	-5948.8094637929435	-34.65293227248296	0.9736245134696241	1.981277258432965	-0.2256619731113664	0.026418811727465366	0.9193389255338281	1.2710325056754221	0.6489728947753508	0.13498228578233423	5.326545427342871	21.069067241822065	-21.75966917679928	-5948.8094637929435
3630	-5983.525592614782	-5948.809476244254	-34.71611637052783	0.9736245134696241	1.981277258432965	-0.2256619731113664	0.026418811727465366	0.9193389255338281	1.2710325056754221	0.6489728947753508	0.13498228578233423	5.521676524714019	21.45932943656436	-21.822853274844146	-5948.809476244254
3632	-5983.481410142691	-5948.775825341705	-34.705584800985434	0.9736245134696241	1.981277258432965	-0.2256619731113664	0.026418811727465366	0.9193389255338281	1.2710325056754221	0.6489728947753508	0.13498228578233423	5.521676524714019	21.451218947144838	-21.81232170530176	-5948.775825341705
3634	-5984.027946565173	-5948.806132765714	-35.221813799458445	0.9736245134696241	1.981277258432965	-0.2256619731113664	0.026418811727465366	0.9193389255338281	1.2710325056754221	0.6489728947753508	0.13498228578233423	7.102691514853248	24.62059347149632	-22.328550703774763	-5948.806132765714
3636	-5984.681046762616	-5948.806132765714	-35.874913996901284	0.9736245134696241	1.981277258432965	-0.2256619731113664	0.026418811727465366	0.3912021876728056	1.2710325056754221	0.6489728947753508	0.13498228578233423	7.102691514853248	24.62059347149632	-23.002516848316574	-5948.806132765714
3638	-5984.681046762616	-5948.806132765714	-35.874913996901284	0.9736245134696241	1.981277258432965	-0.2256619731113664	0.026418811727465366	0.3912021876728056	1.2710325056754221	0.6489728947753508	0.13498228578233423	7.102691514853248	24.62059347149632	-23.002516848316574	-5948.806132765714
3640	-5984.695678037464	-5948.806141181728	-35.889536855735955	0.9736245134696241	1.981277258432965	-0.2256619731113664	0.026418811727465366	0.3912021876728056	1.2710325056754221	0.6489728947753508	0.13498228578233423	7.102691514853248	24.639668570921327	-23.017139707151237	-5948.806141181728
3642	-5983.492111208857	-5948.804901407389	-34.68720980146842	0.9736245134696241	1.981277258432965	-0.2256619731113664	0.026418811727465366	0.3912021876728056	1.2710325056754221	0.6489728947753508	0.13498228578233423	7.102691514853248	23.06817329204877	-21.814812652883706	-5948.804901407389
3644	-5983.762033599749	-5948.804901407389	-34.9571321923606	0.9736245134696241	1.981277258432965	-0.2256619731113664	0.026418811727465366	0.21512127233085337	1.2710325056754221	0.6489728947753508	0.13498228578233423	7.102691514853248	23.06817329204877	-21.967692466577933	-5948.804901407389
3646	-5982.963156315401	-5948.553213393193	-34.40994292220809	0.9736245134696241	1.981277258432965	-0.2256619731113664	0.026418811727465366	0.602902778918252	1.2710325056754221	0.6489728947753508	0.13498228578233423	7.102691514853248	23.064956828412065	-21.596171497379682	-5948.553213393193
3648	-5982.963156315401	-5948.553213393193	-34.40994292220809	0.9736245134696241	1.981277258432965	-0.2256619731113664	0.026418811727465366	0.602902778918252	1.2710325056754221	0.6489728947753508	0.13498228578233423	7.102691514853248	23.064956828412065	-21.596171497379682	-5948.553213393193
3650	-5982.963156315401	-5948.553213393193	-34.40994292220809	0.9736245134696241	1.981277258432965	-0.2256619731113664	0.026418811727465366	0.602902778918252	1.2710325056754221	0.6489728947753508	0.13498228578233423	7.102691514853248	23.064956828412065	-21.596171497379682	-5948.553213393193
3652	-5983.335013274427	-5948.553213393193	-34.78179988123442	0.9736245134696241	1.981277258432965	-0.5597096596158675	0.026418811727465366	0.602902778918252	1.2710325056754221	0.6489728947753508	0.13498228578233423	7.102691514853248	23.064956828412065	-21.69685173650946	-5948.553213393193
3654	-5983.270985417541	-5948.553018691997	-34.71796672554428	0.9736245134696241	1.981277258432965	-0.5597096596158675	0.026418811727465366	0.602902778918252	1.2710325056754221	0.6489728947753508	0.13498228578233423	7.102691514853248	22.983203457062203	-21.633018580819318	-5948.553018691997
3656	-5983.270985417541	-5948.553018691997	-34.71796672554428	0.9736245134696241	1.981277258432965	-0.5597096596158675	0.026418811727465366	0.602902778918252	1.2710325056754221	0.6489728947753508	0.13498228578233423	7.102691514853248	22.983203457062203	-21.633018580819318	-5948.553018691997
3658	-5981.790136234119	-5948.543702270579	-33.24643396353996	0.9736245134696241	1.981277258432965	-0.5597096596158675	0.026418811727465366	0.602902778918252	1.2710325056754221	0.6489728947753508	0.13498228578233423	3.378578162221356	15.534976751798418	-20.161485818814995	-5948.543702270579
3660	-5981.790136234119	-5948.543702270579	-33.24643396353996	0.9736245134696241	1.981277258432965	-0.5597096596158675	0.026418811727465366	0.602902778918252	1.2710325056754221	0.6489728947753508	0.13498228578233423	3.378578162221356	15.534976751798418	-20.161485818814995	-5948.543702270579
3662	-5981.777930394056	-5948.543669031818	-33.23426136223736	0.9736245134696241	1.981277258432965	-0.5597096596158675	0.026418811727465366	0.602902778918252	1.2710325056754221	0.6489728947753508	0.13498228578233423	3.378578162221356	15.517133214434196	-20.149313217512404	-5948.543669031818
3664	-5981.777930394056	-5948.543669031818	-33.23426136223736	0.9736245134696241	1.981277258432965	-0.5597096596158675	0.026418811727465366	0.602902778918252	1.2710325056754221	0.6489728947753508	0.13498228578233423	3.378578162221356	15.517133214434196	-20.149313217512404	-5948.543669031818
3666	-5981.920300685672	-5948.889478726374	-33.03082195929814	0.9736245134696241	1.981277258432965	-0.5597096596158675	0.026418811727465366	0.602902778918252	1.2710325056754221	0.6489728947753508	0.13498228578233423	3.378578162221356	15.46692342734198	-19.945873814573172	-5948.889478726374
3668	-5982.386775132711	-5949.977921667633	-32.40885346507759	0.9736245134696241	1.981277258432965	-0.5597096596158675	0.026418811727465366	0.602902778918252	1.2710325056754221	0.6489728947753508	0.13498228578233423	3.2054062159817724	14.678066522294905	-19.32390532035263	-5949.977921667633
3670	-5982.526306195427	-5950.116523080755	-32.40978311467315	0.9736245134696241	1.981277258432965	-0.5597096596158675	0.026418811727465366	0.602902778918252	1.2710325056754221	0.6489728947753508	0.13498228578233423	3.2054062159817724	14.678066522294905	-19.32483496994818	-5950.116523080755
3672	-5984.648551876797	-5951.918720677084	-32.729831199713004	0.9736245134696241	1.981277258432965	-0.5597096596158675	0.026418811727465366	0.602902778918252	1.2710325056754221	0.6489728947753508	0.13498228578233423	3.353327018096411	15.19619290175474	-19.644883054988043	-5951.918720677084
3674	-5984.69843038113	-5951.916586876053	-32.78184350507628	0.9736245134696241	1.981277258432965	-0.5597096596158675	0.026418811727465366	0.602902778918252	1.2710325056754221	0.6489728947753508	0.13498228578233423	3.353327018096411	15.244545826264027	-19.69689536035132	-5951.916586876053
3676	-5983.607501777012	-5950.80178811484	-32.80571366217211	0.9736245134696241	1.981277258432965	-0.5597096596158675	0.026418811727465366	0.602902778918252	1.2710325056754221	0.6489728947753508	0.13498228578233423	3.353327018096411	15.244545826264027	-19.720765517447145	-5950.80178811484
3678	-5983.607501777012	-5950.80178811484	-32.80571366217211	0.9736245134696241	1.981277258432965	-0.5597096596158675	0.026418811727465366	0.602902778918252	1.2710325056754221	0.6489728947753508	0.13498228578233423	3.353327018096411	15.244545826264027	-19.720765517447145	-5950.80178811484
3680	-5983.607501777012	-5950.80178811484	-32.80571366217211	0.9736245134696241	1.981277258432965	-0.5597096596158675	0.026418811727465366	0.602902778918252	1.2710325056754221	0.6489728947753508	0.13498228578233423	3.353327018096411	15.244545826264027	-19.720765517447145	-5950.80178811484
3682	-5983.607501777012	-5950.80178811484	-32.80571366217211	0.9736245134696241	1.981277258432965	-0.5597096596158675	0.026418811727465366	0.602902778918252	1.2710325056754221	0.6489728947753508	0.13498228578233423	3.353327018096411	15.244545826264027	-19.720765517447145	-5950.80178811484
3684	-5983.506836757363	-5950.80178811484	-32.70504864252307	0.5776294418399365	1.981277258432965	-0.5597096596158675	0.026418811727465366	0.602902778918252	1.2710325056754221	0.6489728947753508	0.13498228578233423	3.353327018096411	15.244545826264027	-19.449813389075324	-5950.80178811484
3686	-5983.428126310115	-5950.795262502029	-32.63286380808574	0.5776294418399365	1.981277258432965	-0.5597096596158675	0.026418811727465366	0.602902778918252	1.2710325056754221	0.6489728947753508	0.13498228578233423	3.353327018096411	15.130047692400609	-19.37762855463799	-5950.795262502029
3688	-5983.4450163766005	-5950.796745347444	-32.648271029156305	0.5776294418399365	1.981277258432965	-0.5597096596158675	0.026418811727465366	0.602902778918252	1.2710325056754221	0.6489728947753508	0.13498228578233423	3.353327018096411	15.153305040064154	-19.393035775708558	-5950.796745347444
3690	-5983.430265370724	-5950.784007868568	-32.646257502155876	0.5776294418399365	1.981277258432965	-0.5597096596158675	0.026418811727465366	0.602902778918252	1.2710325056754221	0.6489728947753508	0.13498228578233423	3.353327018096411	15.153305040064154	-19.39102224870813	-5950.784007868568
3692	-5983.403266503439	-5950.9095823600865	-32.49368414335291	0.5776294418399365	1.981277258432965	-0.5597096596158675	0.026418811727465366	0.602902778918252	1.2710325056754221	0.6489728947753508	0.13498228578233423	3.068348415032882	14.586847440761932	-19.238448889905165	-5950.9095823600865
3694	-5983.719165666152	-5950.9095823600865	-32.809583306065356	1.2036028987981304	1.981277258432965	-0.5597096596158675	0.026418811727465366	0.602902778918252	1.2710325056754221	0.6489728947753508	0.13498228578233423	3.068348415032882	14.586847440761932	-19.6795708613566	-5950.9095823600865
3696	-5983.719165666152	-5950.9095823600865	-32.809583306065356	1.2036028987981304	1.981277258432965	-0.5597096596158675	0.026418811727465366	0.602902778918252	1.2710325056754221	0.6489728947753508	0.13498228578233423	3.068348415032882	14.586847440761932	-19.6795708613566	-5950.9095823600865
3698	-5983.732635188534	-5950.92204886139	-32.810586327143746	1.2036028987981304	1.981277258432965	-0.5597096596158675	0.026418811727465366	0.602902778918252	1.2710325056754221	0.6489728947753508	0.13498228578233423	3.068348415032882	14.586847440761932	-19.680573882434988	-5950.92204886139
3700	-5984.006459315837	-5950.92204886139	-33.08441045444684	1.2036028987981304	1.981277258432965	-0.5597096596158675	0.026418811727465366	0.602902778918252	1.2710325056754221	1.0825507929619067	0.13498228578233423	3.068348415032882	14.586847440761932	-19.26217294431065	-5950.92204886139
3702	-5984.007307319776	-5950.922310189882	-33.08499712989382	1.2036028987981304	1.981277258432965	-0.5597096596158675	0.026418811727465366	0.602902778918252	1.2710325056754221	1.0825507929619067	0.13498228578233423	3.068348415032882	14.591142401394208	-19.26275961975763	-5950.922310189882
3704	-5986.762388154144	-5953.545986889157	-33.21640126498723	1.2036028987981304	1.981277258432965	-0.5597096596158675	0.026418811727465366	0.896478686061499	1.2710325056754221	1.0825507929619067	0.13498228578233423	3.068348415032882	14.495327257076013	-19.32712600197806	-5953.545986889157
3706	-5985.946282222681	-5952.763838564286	-33.18244365839461	1.2036028987981304	1.981277258432965	-0.5597096596158675	0.026418811727465366	0.896478686061499	1.2710325056754221	1.0825507929619067	0.13498228578233423	3.068348415032882	14.499175763630205	-19.293168395385436	-5952.763838564286
3708	-5985.931232825411	-5952.288137566418	-33.64309525899286	1.2036028987981304	0.6609419628690847	-0.5597096596158675	0.026418811727465366	0.896478686061499	1.2710325056754221	1.0825507929619067	0.13498228578233423	3.3642692752036174	15.897520404909859	-19.90896825510871	-5952.288137566418
3710	-5986.851272447584	-5953.190809165326	-33.66046328225809	1.2036028987981304	0.6609419628690847	-0.5597096596158675	0.026418811727465366	0.896478686061499	1.2710325056754221	1.0825507929619067	0.13498228578233423	3.3642692752036174	15.901710721535482	-19.92633627837395	-5953.190809165326
3712	-5986.883997750344	-5953.189900807919	-33.69409694242451	1.2036028987981304	0.6609419628690847	-0.5597096596158675	0.026418811727465366	0.896478686061499	1.2710325056754221	1.0825507929619067	0.13498228578233423	3.3642692752036174	15.960273777255946	-19.95996993854036	-5953.189900807919
3714	-5986.883997750344	-5953.189900807919	-33.69409694242451	1.2036028987981304	0.6609419628690847	-0.5597096596158675	0.026418811727465366	0.896478686061499	1.2710325056754221	1.0825507929619067	0.13498228578233423	3.3642692752036174	15.960273777255946	-19.95996993854036	-5953.189900807919
3716	-5987.539541276828	-5953.698723076206	-33.84081820062147	1.2036028987981304	0.6609419628690847	-0.5597096596158675	0.026418811727465366	0.896478686061499	1.2710325056754221	1.0825507929619067	0.13498228578233423	3.3642692752036174	16.12855325060723	-20.10669119673733	-5953.698723076206
3718	-5987.539541276828	-5953.698723076206	-33.84081820062147	1.2036028987981304	0.6609419628690847	-0.5597096596158675	0.026418811727465366	0.896478686061499	1.2710325056754221	1.0825507929619067	0.13498228578233423	3.3642692752036174	16.12855325060723	-20.10669119673733	-5953.698723076206
3720	-5987.539541276828	-5953.698723076206	-33.84081820062147	1.2036028987981304	0.6609419628690847	-0.5597096596158675	0.026418811727465366	0.896478686061499	1.2710325056754221	1.0825507929619067	0.13498228578233423	3.3642692752036174	16.12855325060723	-20.10669119673733	-5953.698723076206
3722	-5987.371923201343	-5953.516106587066	-33.85581661427694	1.2036028987981304	0.6609419628690847	-0.5597096596158675	0.026418811727465366	0.896478686061499	1.2710325056754221	1.0825507929619067	0.13498228578233423	3.414701591140772	16.256863329555525	-20.121689610392796	-5953.516106587066
3724	-5987.368162141572	-5953.516395185349	-33.85176695622248	1.2036028987981304	0.6609419628690847	-0.5597096596158675	0.026418811727465366	0.896478686061499	1.2710325056754221	1.0825507929619067	0.13498228578233423	3.414701591140772	16.256863329555525	-20.117639952338333	-5953.516395185349
3726	-5986.9804709469845	-5953.409278666122	-33.571192280862114	1.2036028987981304	0.6609419628690847	-0.5597096596158675	0.026418811727465366	0.896478686061499	1.2710325056754221	1.0825507929619067	0.13498228578233423	3.414701591140772	15.873001771967003	-19.83706527697797	-5953.409278666122
3728	-5986.857190602016	-5953.409278666122	-33.44791193589349	1.2036028987981304	0.6609419628690847	-0.2524071833990395	0.026418811727465366	0.896478686061499	1.2710325056754221	1.0825507929619067	0.13498228578233423	3.414701591140772	15.873001771967003	-19.971469015107775	-5953.409278666122
3730	-5986.626778714545	-5953.409278666122	-33.21750004842278	1.0471926675783882	0.6609419628690847	-0.2524071833990395	0.026418811727465366	0.896478686061499	1.2710325056754221	1.0825507929619067	0.13498228578233423	3.414701591140772	15.873001771967003	-19.9897264973672	-5953.409278666122
3732	-5986.757842109439	-5953.497701666879	-33.26014044255984	1.0471926675783882	0.6609419628690847	-0.2524071833990395	0.026418811727465366	0.896478686061499	1.2710325056754221	1.0825507929619067	0.13498228578233423	3.414701591140772	15.919881429061716	-20.032366891504264	-5953.497701666879
3734	-5986.277931784668	-5953.077583497347	-33.20034828732039	1.0471926675783882	0.6609419628690847	-0.2524071833990395	0.026418811727465366	0.896478686061499	1.8243095538351415	1.0825507929619067	0.13498228578233423	3.22482769078977	15.034659133824023	-19.612284958561705	-5953.077583497347
3736	-5986.409719916697	-5953.124791064214	-33.28492885248332	1.0471926675783882	0.6609419628690847	-0.5059963710524926	0.026418811727465366	0.896478686061499	1.8243095538351415	1.0825507929619067	0.13498228578233423	3.22482769078977	15.036911926765024	-19.49784305743304	-5953.124791064214
3738	-5986.594579020746	-5953.124791064214	-33.46978795653196	1.0471926675783882	0.6609419628690847	-0.5059963710524926	0.026418811727465366	0.896478686061499	1.8243095538351415	1.1293876108583665	0.13498228578233423	3.22482769078977	15.036911926765024	-19.585424146002207	-5953.124791064214
3740	-5986.594579020746	-5953.124791064214	-33.46978795653196	1.0471926675783882	0.6609419628690847	-0.5059963710524926	0.026418811727465366	0.896478686061499	1.8243095538351415	1.1293876108583665	0.13498228578233423	3.22482769078977	15.036911926765024	-19.585424146002207	-5953.124791064214
3742	-5986.594579020746	-5953.124791064214	-33.46978795653196	1.0471926675783882	0.6609419628690847	-0.5059963710524926	0.026418811727465366	0.896478686061499	1.8243095538351415	1.1293876108583665	0.13498228578233423	3.22482769078977	15.036911926765024	-19.585424146002207	-5953.124791064214
3744	-5987.429905777536	-5953.141635810894	-34.288269966642325	1.0471926675783882	0.6609419628690847	-0.5059963710524926	0.026418811727465366	0.896478686061499	1.8243095538351415	1.1293876108583665	0.13498228578233423	6.464533786195298	21.628202489118866	-20.403906156112573	-5953.141635810894
3746	-5986.965492517479	-5952.686740974296	-34.27875154318271	1.0471926675783882	0.6609419628690847	-0.5059963710524926	0.026418811727465366	0.896478686061499	1.8243095538351415	1.1293876108583665	0.13498228578233423	6.464533786195298	21.62576200043787	-20.39438773265295	-5952.686740974296
3748	-5987.9826829220465	-5952.6867447899085	-35.29593813213837	1.0471926675783882	0.6609419628690847	-0.5059963710524926	0.026418811727465366	0.896478686061499	1.8243095538351415	1.1293876108583665	0.13498228578233423	11.334842633292878	31.366379694633032	-21.41157432160861	-5952.6867447899085
3750	-5987.999050611341	-5952.6867447899085	-35.31230582143206	1.0471926675783882	0.6609419628690847	-0.5059963710524926	0.04882530320411325	0.896478686061499	1.8243095538351415	1.1293876108583665	0.13498228578233423	11.334842633292878	31.366379694633032	-21.415761429217163	-5952.6867447899085
3752	-5985.838203134191	-5950.3672809121	-35.47092222209078	1.0471926675783882	0.6609419628690847	-0.5059963710524926	0.04882530320411325	0.896478686061499	1.8243095538351415	1.1293876108583665	0.13498228578233423	11.334842633292878	31.532727066461252	-21.574377829875882	-5950.3672809121
3754	-5985.44688672268	-5950.368569033799	-35.078317688880915	1.0471926675783882	0.6609419628690847	-0.5059963710524926	0.04882530320411325	0.896478686061499	0.7997766901227571	1.1293876108583665	0.13498228578233423	11.334842633292878	31.609608152216413	-21.607532718253548	-5950.368569033799
3756	-5986.784612284461	-5950.368806597519	-36.415805686941866	1.0471926675783882	0.6609419628690847	-0.5059963710524926	0.04882530320411325	0.896478686061499	2.5342547599983893	1.1293876108583665	0.13498228578233423	11.334842633292878	31.61086862066029	-21.60854112014369	-5950.368806597519
3758	-5986.784612284461	-5950.368806597519	-36.415805686941866	1.0471926675783882	0.6609419628690847	-0.5059963710524926	0.04882530320411325	0.896478686061499	2.5342547599983893	1.1293876108583665	0.13498228578233423	11.334842633292878	31.61086862066029	-21.60854112014369	-5950.368806597519
3760	-5986.670177480507	-5950.766783023808	-35.90339445669872	1.0471926675783882	0.6609419628690847	-0.5059963710524926	0.04882530320411325	0.896478686061499	2.5342547599983893	1.1293876108583665	0.13498228578233423	10.687545699007623	29.805672111963545	-21.096129889900546	-5950.766783023808
3762	-5986.873804993549	-5950.906837061897	-35.96696793165179	1.0471926675783882	0.6609419628690847	-0.5059963710524926	0.04882530320411325	0.896478686061499	2.5342547599983893	1.1293876108583665	0.07298385260790029	10.687545699007623	29.805672111963545	-21.096129889900546	-5950.906837061897
3764	-5986.802683716757	-5950.848317864877	-35.954365851880766	1.0471926675783882	0.6609419628690847	-0.5059963710524926	0.04882530320411325	0.896478686061499	2.5342547599983893	1.1293876108583665	0.07298385260790029	10.687545699007623	29.800775459487653	-21.08352781012952	-5950.848317864877
3766	-5986.802683716757	-5950.848317864877	-35.954365851880766	1.0471926675783882	0.6609419628690847	-0.5059963710524926	0.04882530320411325	0.896478686061499	2.5342547599983893	1.1293876108583665	0.07298385260790029	10.687545699007623	29.800775459487653	-21.08352781012952	-5950.848317864877
3768	-5986.789215854962	-5950.847591919522	-35.941623935440575	1.0471926675783882	0.6609419628690847	-0.5059963710524926	0.04882530320411325	0.896478686061499	2.5342547599983893	1.1293876108583665	0.07298385260790029	10.687545699007623	29.77141113467264	-21.07078589368933	-5950.847591919522
3770	-5985.838295789066	-5950.847582569859	-34.990713219207194	1.0471926675783882	0.6609419628690847	-0.5059963710524926	0.04882530320411325	0.896478686061499	2.5342547599983893	1.1293876108583665	0.07298385260790029	6.119350828512532	20.635021393682454	-20.119875177455956	-5950.847582569859
3772	-5985.841640639972	-5950.849831143077	-34.99180949689569	1.0471926675783882	0.6609419628690847	-0.5059963710524926	0.04882530320411325	0.896478686061499	2.5342547599983893	1.1293876108583665	0.07298385260790029	6.119350828512532	20.63502139368246	-20.12097145514445	-5950.849831143077
3774	-5985.906155660733	-5950.853122749801	-35.05303291093218	1.0471926675783882	0.6609419628690847	-0.5059963710524926	0.04882530320411325	0.896478686061499	2.5342547599983893	1.1293876108583665	0.07298385260790029	6.119350828512532	20.777474234192702	-20.18219486918094	-5950.853122749801
3776	-5985.788966069286	-5950.853122749801	-34.93584331948551	1.0471926675783882	0.6609419628690847	-0.21873378798081786	0.04882530320411325	0.896478686061499	2.5342547599983893	1.1293876108583665	0.07298385260790029	6.119350828512532	20.777474234192702	-20.28721881796579	-5950.853122749801
3778	-5985.721609690682	-5950.720302728572	-35.00130696211026	1.0471926675783882	0.6609419628690847	-0.21873378798081786	0.04882530320411325	0.896478686061499	2.5342547599983893	1.1293876108583665	0.07298385260790029	6.119350828512532	20.841247569391285	-20.35268246059055	-5950.720302728572
3780	-5985.734494773881	-5950.725812215299	-35.00868255858218	1.0471926675783882	0.6609419628690847	-0.21873378798081786	0.04882530320411325	0.896478686061499	2.5342547599983893	1.1293876108583665	0.07298385260790029	6.119350828512532	20.841247569391285	-20.360058057062464	-5950.725812215299
3782	-5985.734494773881	-5950.725812215299	-35.00868255858218	1.0471926675783882	0.6609419628690847	-0.21873378798081786	0.04882530320411325	0.896478686061499	2.5342547599983893	1.1293876108583665	0.07298385260790029	6.119350828512532	20.841247569391285	-20.360058057062464	-5950.725812215299
3784	-5985.734494773881	-5950.725812215299	-35.00868255858218	1.0471926675783882	0.6609419628690847	-0.21873378798081786	0.04882530320411325	0.896478686061499	2.5342547599983893	1.1293876108583665	0.07298385260790029	6.119350828512532	20.841247569391285	-20.360058057062464	-5950.725812215299
3786	-5984.537983985304	-5950.725812215299	-33.81217177000518	1.0471926675783882	0.6609419628690847	-0.21873378798081786	0.04882530320411325	0.896478686061499	2.5342547599983893	0.5467450897071052	0.07298385260790029	6.119350828512532	20.841247569391285	-20.097609955040202	-5950.725812215299
3788	-5984.490418944368	-5950.725812215299	-33.764606729069264	1.0471926675783882	0.6609419628690847	-0.21873378798081786	0.04882530320411325	0.896478686061499	2.5342547599983893	0.5467450897071052	0.18713470622807257	6.119350828512532	20.841247569391285	-20.097609955040202	-5950.725812215299
3790	-5984.43166054958	-5950.725249587035	-33.70641096254399	1.0471926675783882	0.6609419628690847	-0.21873378798081786	0.04882530320411325	0.896478686061499	2.5342547599983893	0.5467450897071052	0.18713470622807257	6.119350828512532	20.73969149677377	-20.039414188514932	-5950.725249587035
3792	-5985.776303339987	-5950.725249587035	-35.051053752951944	1.0471926675783882	2.133766554787552	-0.21873378798081786	0.04882530320411325	0.896478686061499	2.5342547599983893	0.5467450897071052	0.18713470622807257	6.119350828512532	20.73969149677377	-20.86833037618468	-5950.725249587035
3794	-5986.009899605793	-5950.725249587035	-35.2846500187581	1.0471926675783882	2.133766554787552	-0.482794666080017	0.04882530320411325	0.896478686061499	2.5342547599983893	0.5467450897071052	0.18713470622807257	6.119350828512532	20.73969149677377	-20.90378756996242	-5950.725249587035
3796	-5985.993194121161	-5950.7189449881225	-35.274249133038055	1.0471926675783882	2.133766554787552	-0.482794666080017	0.04882530320411325	0.896478686061499	2.5342547599983893	0.5467450897071052	0.18713470622807257	6.119350828512532	20.735825894260195	-20.893386684242376	-5950.7189449881225
3798	-5987.028057525713	-5950.6558175271775	-36.372239998535335	1.0471926675783882	2.133766554787552	-0.482794666080017	0.04882530320411325	0.896478686061499	2.5342547599983893	0.5467450897071052	0.18713470622807257	6.652657650055518	22.542971408488654	-21.991377549739656	-5950.6558175271775
3800	-5985.905908873374	-5950.372775388845	-35.53313348452839	1.0471926675783882	2.133766554787552	-0.482794666080017	0.04882530320411325	0.896478686061499	2.5342547599983893	0.5467450897071052	0.18713470622807257	6.2447011718470495	21.16058384130571	-21.15227103573272	-5950.372775388845
3802	-5985.905908873374	-5950.372775388845	-35.53313348452839	1.0471926675783882	2.133766554787552	-0.482794666080017	0.04882530320411325	0.896478686061499	2.5342547599983893	0.5467450897071052	0.18713470622807257	6.2447011718470495	21.16058384130571	-21.15227103573272	-5950.372775388845
3804	-5985.905908873374	-5950.372775388845	-35.53313348452839	1.0471926675783882	2.133766554787552	-0.482794666080017	0.04882530320411325	0.896478686061499	2.5342547599983893	0.5467450897071052	0.18713470622807257	6.2447011718470495	21.16058384130571	-21.15227103573272	-5950.372775388845
3806	-5986.180169055316	-5950.239231537818	-35.940937517496906	1.0471926675783882	2.133766554787552	-0.764450341349564	0.04882530320411325	0.896478686061499	2.5342547599983893	0.5467450897071052	0.18713470622807257	6.2447011718470495	21.160583841305712	-21.195029510162883	-5950.239231537818
3808	-5986.180169055316	-5950.239231537818	-35.940937517496906	1.0471926675783882	2.133766554787552	-0.764450341349564	0.04882530320411325	0.896478686061499	2.5342547599983893	0.5467450897071052	0.18713470622807257	6.2447011718470495	21.160583841305712	-21.195029510162883	-5950.239231537818
3810	-5984.791892242968	-5950.256561796424	-34.535330446544606	1.0471926675783882	0.9548836129729228	-0.764450341349564	0.04882530320411325	0.896478686061499	2.5342547599983893	0.5467450897071052	0.18713470622807257	6.2447011718470495	21.16203689039533	-20.375483364611924	-5950.256561796424
3812	-5984.848147950016	-5950.310698328973	-34.53744962104377	1.0471926675783882	0.9548836129729228	-0.764450341349564	0.04882530320411325	0.896478686061499	2.5342547599983893	0.5467450897071052	0.18713470622807257	6.2447011718470495	21.16203689039533	-20.37760253911109	-5950.310698328973
3814	-5984.820974897319	-5950.289378640836	-34.53159625648276	1.0471926675783882	0.9548836129729228	-0.764450341349564	0.04882530320411325	0.896478686061499	2.5342547599983893	0.5467450897071052	0.18713470622807257	6.2447011718470495	21.162036890395335	-20.371749174550075	-5950.289378640836
3816	-5984.820974897319	-5950.289378640836	-34.53159625648276	1.0471926675783882	0.9548836129729228	-0.764450341349564	0.04882530320411325	0.896478686061499	2.5342547599983893	0.5467450897071052	0.18713470622807257	6.2447011718470495	21.162036890395335	-20.371749174550075	-5950.289378640836
3818	-5984.848147950016	-5950.310698328973	-34.53744962104377	1.0471926675783882	0.9548836129729228	-0.764450341349564	0.04882530320411325	0.896478686061499	2.5342547599983893	0.5467450897071052	0.18713470622807257	6.2447011718470495	21.16203689039533	-20.37760253911109	-5950.310698328973
3820	-5984.848147950016	-5950.310698328973	-34.53744962104377	1.0471926675783882	0.9548836129729228	-0.764450341349564	0.04882530320411325	0.896478686061499	2.5342547599983893	0.5467450897071052	0.18713470622807257	6.2447011718470495	21.16203689039533	-20.37760253911109	-5950.310698328973
3822	-5985.0007676498735	-5950.310698328973	-34.69006932090065	1.0471926675783882	0.9548836129729228	-0.764450341349564	0.04882530320411325	0.896478686061499	2.5342547599983893	0.27929370489568917	0.18713470622807257	6.2447011718470495	21.16203689039533	-20.701098022165464	-5950.310698328973
3824	-5985.042147902206	-5950.310698328973	-34.7314495732331	1.0471926675783882	0.9548836129729228	-0.764450341349564	0.04882530320411325	0.896478686061499	2.5342547599983893	0.27929370489568917	0.581376120306319	6.2447011718470495	21.16203689039533	-20.701098022165464	-5950.310698328973
3826	-5984.986706104903	-5950.256561796424	-34.73014430847861	1.0471926675783882	0.9548836129729228	-0.764450341349564	0.04882530320411325	0.896478686061499	2.5342547599983893	0.27929370489568917	0.581376120306319	6.2447011718470495	21.16203689039533	-20.699792757410968	-5950.256561796424
3828	-5984.986706104903	-5950.256561796424	-34.73014430847861	1.0471926675783882	0.9548836129729228	-0.764450341349564	0.04882530320411325	0.896478686061499	2.5342547599983893	0.27929370489568917	0.581376120306319	6.2447011718470495	21.16203689039533	-20.699792757410968	-5950.256561796424
3830	-5984.971825507161	-5950.256561796424	-34.71526371073734	1.0471926675783882	0.9548836129729228	-0.764450341349564	0.028085809391297772	0.896478686061499	2.5342547599983893	0.27929370489568917	0.581376120306319	6.2447011718470495	21.16203689039533	-20.70156402156623	-5950.256561796424
3832	-5983.546470502818	-5950.2602891661345	-33.286181336683384	1.0471926675783882	0.9548836129729228	-0.764450341349564	0.028085809391297772	0.896478686061499	0.6800284316506816	0.27929370489568917	0.581376120306319	6.2447011718470495	21.101856260930887	-20.59021152537509	-5950.2602891661345
3834	-5983.487431842444	-5950.212032717932	-33.275399124512155	1.0471926675783882	0.9548836129729228	-0.764450341349564	0.028085809391297772	0.896478686061499	0.6800284316506816	0.27929370489568917	0.581376120306319	6.2447011718470495	21.098562136006553	-20.57942931320386	-5950.212032717932
3836	-5983.465678952912	-5950.188756826633	-33.2769221262791	1.0471926675783882	0.9548836129729228	-0.764450341349564	0.028085809391297772	0.896478686061499	0.6800284316506816	0.27929370489568917	0.581376120306319	6.2447011718470495	21.099558659167506	-20.58095231497081	-5950.188756826633
3838	-5983.466770739546	-5950.195445087914	-33.271325651632054	1.0471926675783882	0.9548836129729228	-0.764450341349564	0.028085809391297772	0.896478686061499	0.6800284316506816	0.27929370489568917	0.581376120306319	6.2447011718470495	21.09736400202497	-20.575355840323763	-5950.195445087914
3840	-5983.479421435584	-5950.216617841127	-33.262803594457004	1.0471926675783882	0.9548836129729228	-0.764450341349564	0.012708522901144376	0.896478686061499	0.6800284316506816	0.27929370489568917	0.581376120306319	6.2447011718470495	21.09736400202497	-20.578902608122558	-5950.216617841127
3842	-5982.914270219684	-5950.216617841127	-32.69765237855661	0.608353736777714	0.9548836129729228	-0.764450341349564	0.012708522901144376	0.896478686061499	0.6800284316506816	0.27929370489568917	0.581376120306319	6.2447011718470495	21.09736400202497	-20.321229502444574	-5950.216617841127
3844	-5982.759364378284	-5950.227601614674	-32.531762763609194	0.608353736777714	0.9548836129729228	-0.764450341349564	0.012708522901144376	0.896478686061499	0.6800284316506816	0.27929370489568917	0.581376120306319	6.2447011718470495	20.930970076063062	-20.15533988749716	-5950.227601614674
3846	-5982.761399461772	-5950.229764063854	-32.53163539791828	0.608353736777714	0.9548836129729228	-0.764450341349564	0.012708522901144376	0.896478686061499	0.6800284316506816	0.27929370489568917	0.581376120306319	6.2447011718470495	20.930876984791187	-20.155212521806238	-5950.229764063854
3848	-5981.423823225234	-5948.704093893811	-32.71972933142319	0.608353736777714	0.9548836129729228	-0.764450341349564	0.012708522901144376	0.896478686061499	0.6800284316506816	0.27929370489568917	0.581376120306319	6.2447011718470495	21.06847149441708	-20.34330645531115	-5948.704093893811
3850	-5981.587580871863	-5948.76043619878	-32.8271446730832	0.608353736777714	0.9548836129729228	-0.764450341349564	0.012708522901144376	0.896478686061499	0.6800284316506816	0.27929370489568917	0.581376120306319	6.2447011718470495	21.10795779415206	-20.45072179697116	-5948.76043619878
3852	-5981.783486025282	-5948.76043619878	-33.0230498265032	0.608353736777714	0.9548836129729228	-0.764450341349564	0.012708522901144376	0.896478686061499	0.23416379156303832	0.27929370489568917	0.581376120306319	6.2447011718470495	21.10795779415206	-20.45072179697116	-5948.76043619878
3854	-5981.783486025282	-5948.76043619878	-33.0230498265032	0.608353736777714	0.9548836129729228	-0.764450341349564	0.012708522901144376	0.896478686061499	0.23416379156303832	0.27929370489568917	0.581376120306319	6.2447011718470495	21.10795779415206	-20.45072179697116	-5948.76043619878
3856	-5981.833611803706	-5948.760435570867	-33.073176232838655	0.608353736777714	0.9548836129729228	-0.764450341349564	0.012708522901144376	0.896478686061499	0.14988000965431994	0.27929370489568917	0.581376120306319	6.2180399228300995	21.05463529611816	-20.441473921237392	-5948.760435570867
3858	-5981.705406828657	-5948.667026664029	-33.03838016462736	0.608353736777714	0.9548836129729228	-0.764450341349564	0.012708522901144376	0.896478686061499	0.14988000965431994	0.27929370489568917	0.581376120306319	6.2180399228300995	21.03307787396492	-20.406677853026103	-5948.667026664029
3860	-5981.705293604721	-5948.6670099772955	-33.03828362742571	0.608353736777714	0.9548836129729228	-0.764450341349564	0.012708522901144376	0.896478686061499	0.14988000965431994	0.27929370489568917	0.581376120306319	6.217990949670661	21.032912217859625	-20.40658131582445	-5948.6670099772955
3862	-5981.993761769486	-5948.879228122913	-33.11453364657242	0.608353736777714	0.9548836129729228	-0.764450341349564	0.012708522901144376	0.896478686061499	0.14988000965431994	0.27929370489568917	0.581376120306319	6.217990949670661	21.084248027444474	-20.482831334971156	-5948.879228122913
3864	-5981.725396684144	-5948.640287412234	-33.08510927190989	0.608353736777714	0.9548836129729228	-0.764450341349564	0.012708522901144376	0.896478686061499	0.14988000965431994	0.27929370489568917	0.581376120306319	6.421905103679897	21.425502316278042	-20.45340696030863	-5948.640287412234
3866	-5981.725396684144	-5948.640287412234	-33.08510927190989	0.608353736777714	0.9548836129729228	-0.764450341349564	0.012708522901144376	0.896478686061499	0.14988000965431994	0.27929370489568917	0.581376120306319	6.421905103679897	21.425502316278042	-20.45340696030863	-5948.640287412234
3868	-5981.725396684144	-5948.640287412234	-33.08510927190989	0.608353736777714	0.9548836129729228	-0.764450341349564	0.012708522901144376	0.896478686061499	0.14988000965431994	0.27929370489568917	0.581376120306319	6.421905103679897	21.425502316278042	-20.45340696030863	-5948.640287412234
3870	-5981.743624565123	-5948.6584704106335	-33.085154154490105	0.608353736777714	0.9548836129729228	-0.764450341349564	0.012708522901144376	0.896478686061499	0.14988000965431994	0.27929370489568917	0.581376120306319	6.421905103679897	21.425502316278042	-20.453451842888846	-5948.6584704106335
3872	-5981.201342724096	-5948.214925337781	-32.98641738631528	0.608353736777714	0.9548836129729228	-0.764450341349564	0.012708522901144376	0.896478686061499	0.14988000965431994	0.27929370489568917	0.581376120306319	6.421905103679897	21.33724974897357	-20.35471507471402	-5948.214925337781
3874	-5981.201342724096	-5948.214925337781	-32.98641738631528	0.608353736777714	0.9548836129729228	-0.764450341349564	0.012708522901144376	0.896478686061499	0.14988000965431994	0.27929370489568917	0.581376120306319	6.421905103679897	21.33724974897357	-20.35471507471402	-5948.214925337781
3876	-5981.222010833499	-5948.254996234487	-32.96701459901091	0.608353736777714	0.9548836129729228	-0.764450341349564	0.012708522901144376	0.896478686061499	0.14988000965431994	0.27929370489568917	0.581376120306319	6.421905103679897	21.323068567290154	-20.33531228740965	-5948.254996234487
3878	-5981.213884893261	-5948.255793107417	-32.95809178584426	0.608353736777714	0.9548836129729228	-0.764450341349564	0.012708522901144376	0.896478686061499	0.14988000965431994	0.27929370489568917	0.581376120306319	6.421905103679897	21.319368544859167	-20.326389474243	-5948.255793107417
3880	-5981.226014954906	-5948.275104004734	-32.95091095017117	0.608353736777714	0.9548836129729228	-0.764450341349564	0.012708522901144376	0.896478686061499	0.14988000965431994	0.27929370489568917	0.581376120306319	6.421905103679897	21.316544997939193	-20.319208638569908	-5948.275104004734
3882	-5981.226014954906	-5948.275104004734	-32.95091095017117	0.608353736777714	0.9548836129729228	-0.764450341349564	0.012708522901144376	0.896478686061499	0.14988000965431994	0.27929370489568917	0.581376120306319	6.421905103679897	21.316544997939193	-20.319208638569908	-5948.275104004734
3884	-5981.371685174272	-5948.275104004734	-33.09658116953772	0.608353736777714	0.9548836129729228	-0.764450341349564	0.012708522901144376	0.44816679551721267	0.14988000965431994	0.27929370489568917	0.581376120306319	6.421905103679897	21.316544997939193	-21.00050642541192	-5948.275104004734
3886	-5981.371685174272	-5948.275104004734	-33.09658116953772	0.608353736777714	0.9548836129729228	-0.764450341349564	0.012708522901144376	0.44816679551721267	0.14988000965431994	0.27929370489568917	0.581376120306319	6.421905103679897	21.316544997939193	-21.00050642541192	-5948.275104004734
3888	-5981.623720673807	-5948.275104004734	-33.34861666907229	0.608353736777714	0.9548836129729228	-0.764450341349564	0.012708522901144376	0.44816679551721267	0.14988000965431994	0.19662156311883314	0.581376120306319	6.421905103679897	21.316544997939193	-21.243823250413918	-5948.275104004734
3890	-5981.623720673807	-5948.275104004734	-33.34861666907229	0.608353736777714	0.9548836129729228	-0.764450341349564	0.012708522901144376	0.44816679551721267	0.14988000965431994	0.19662156311883314	0.581376120306319	6.421905103679897	21.316544997939193	-21.243823250413918	-5948.275104004734
3892	-5981.623720673807	-5948.275104004734	-33.34861666907229	0.608353736777714	0.9548836129729228	-0.764450341349564	0.012708522901144376	0.44816679551721267	0.14988000965431994	0.19662156311883314	0.581376120306319	6.421905103679897	21.316544997939193	-21.243823250413918	-5948.275104004734
3894	-5983.430246889517	-5949.478363072096	-33.951883817420594	0.608353736777714	0.9548836129729228	-0.764450341349564	0.012708522901144376	0.30674681589779657	0.14988000965431994	0.19662156311883314	0.581376120306319	6.421905103679897	21.504005889611598	-21.932654238392274	-5949.478363072096
3896	-5982.540843116177	-5950.362267628398	-32.17857548777923	0.608353736777714	0.9548836129729228	-0.764450341349564	0.012708522901144376	0.30674681589779657	0.14988000965431994	0.4599270821389285	0.581376120306319	6.019554497499621	20.156718804968822	-20.139552568052522	-5950.362267628398
3898	-5983.951940051688	-5950.115570462048	-33.83636958964037	0.608353736777714	0.9548836129729228	-0.764450341349564	0.012708522901144376	0.30674681589779657	0.14988000965431994	0.4599270821389285	0.581376120306319	6.765213988686497	22.653589411315707	-21.79734666991366	-5950.115570462048
3900	-5983.957445408674	-5950.1170773436825	-33.84036806499167	0.608353736777714	0.9548836129729228	-0.764450341349564	0.012708522901144376	0.30674681589779657	0.35556611408545064	0.4599270821389285	0.581376120306319	6.765213988686497	22.66096699145465	-21.812457080777712	-5950.1170773436825
3902	-5983.957445408674	-5950.1170773436825	-33.84036806499167	0.608353736777714	0.9548836129729228	-0.764450341349564	0.012708522901144376	0.30674681589779657	0.35556611408545064	0.4599270821389285	0.581376120306319	6.765213988686497	22.66096699145465	-21.812457080777712	-5950.1170773436825
3904	-5983.977972210541	-5950.123711654292	-33.854260556249976	0.608353736777714	0.9548836129729228	-0.764450341349564	0.012708522901144376	0.30674681589779657	0.35556611408545064	0.4599270821389285	0.581376120306319	6.765213988686497	22.660966991454647	-21.826349572036015	-5950.123711654292
3906	-5985.273856506735	-5951.591463240235	-33.68239326649991	0.608353736777714	0.9548836129729228	-0.764450341349564	0.012708522901144376	0.4445377564683856	0.35556611408545064	0.4599270821389285	0.581376120306319	6.765213988686497	22.660966991454647	-21.599955863718304	-5951.591463240235
3908	-5986.677133309047	-5951.714910883822	-34.96222242522544	0.608353736777714	0.9548836129729228	-0.764450341349564	0.012708522901144376	0.4445377564683856	0.35556611408545064	0.4599270821389285	2.07603177739749	6.765213988686497	22.651420299289875	-21.581262763861343	-5951.714910883822
3910	-5986.68194771595	-5951.714910883822	-34.96703683212739	0.608353736777714	0.9548836129729228	-0.764450341349564	0.020788312371790282	0.4445377564683856	0.35556611408545064	0.4599270821389285	2.07603177739749	6.765213988686497	22.651420299289875	-21.579765249255956	-5951.714910883822
3912	-5986.829849916579	-5951.840673465343	-34.98917645123641	0.608353736777714	0.9548836129729228	-0.764450341349564	0.020788312371790282	0.4445377564683856	0.35556611408545064	0.4599270821389285	2.07603177739749	6.765213988686497	22.664145565687	-21.601904868364976	-5951.840673465343
3914	-5986.829849916579	-5951.840673465343	-34.98917645123641	0.608353736777714	0.9548836129729228	-0.764450341349564	0.020788312371790282	0.4445377564683856	0.35556611408545064	0.4599270821389285	2.07603177739749	6.765213988686497	22.664145565687	-21.601904868364976	-5951.840673465343
3916	-5986.829849916579	-5951.840673465343	-34.98917645123641	0.608353736777714	0.9548836129729228	-0.764450341349564	0.020788312371790282	0.4445377564683856	0.35556611408545064	0.4599270821389285	2.07603177739749	6.765213988686497	22.664145565687	-21.601904868364976	-5951.840673465343
3918	-5986.900784343109	-5951.840962712511	-35.05982163059758	0.608353736777714	0.9548836129729228	-0.764450341349564	0.020788312371790282	0.4445377564683856	0.35556611408545064	0.4599270821389285	2.07603177739749	6.765213988686497	22.760120627127087	-21.67255004772615	-5951.840962712511
3920	-5986.567098788971	-5951.548485384616	-35.018613404354745	0.608353736777714	0.9548836129729228	-0.764450341349564	0.020788312371790282	0.4445377564683856	0.35556611408545064	0.4599270821389285	2.07603177739749	6.765213988686497	22.72962352218619	-21.63134182148331	-5951.548485384616
3922	-5986.220565587124	-5951.548485384616	-34.67208020250828	0.608353736777714	0.9548836129729228	-0.531530015278307	0.020788312371790282	0.4445377564683856	0.35556611408545064	0.4599270821389285	2.07603177739749	6.765213988686497	22.72962352218619	-21.59151080738067	-5951.548485384616
3924	-5985.643434574649	-5951.055596750738	-34.58783782391105	0.608353736777714	0.9548836129729228	-0.531530015278307	0.020788312371790282	0.4445377564683856	0.35556611408545064	0.4599270821389285	2.07603177739749	6.765213988686497	22.676168048374844	-21.507268428783433	-5951.055596750738
3926	-5984.365401298486	-5950.668629452457	-33.69677184602888	0.608353736777714	0.9548836129729228	-0.531530015278307	0.020788312371790282	0.4445377564683856	0.35556611408545064	0.4599270821389285	2.07603177739749	6.339328151822915	21.248650925887432	-20.616202450901266	-5950.668629452457
3928	-5985.31811083616	-5950.668629452457	-34.649481383702934	0.608353736777714	0.9548836129729228	-1.0715258212425134	0.020788312371790282	0.4445377564683856	0.35556611408545064	0.4599270821389285	2.07603177739749	6.339328151822915	21.248650925887432	-20.69204295863379	-5950.668629452457
3930	-5985.406074829687	-5950.668632291158	-34.73744253852856	0.608353736777714	0.9548836129729228	-1.0715258212425134	0.020788312371790282	0.4445377564683856	0.35556611408545064	0.4599270821389285	2.07603177739749	6.55559441161679	21.68118344547518	-20.78000411345942	-5950.668632291158
3932	-5985.778150569944	-5950.668632291158	-35.10951827878607	0.608353736777714	0.9548836129729228	-1.0715258212425134	0.020788312371790282	0.1423005192103567	0.35556611408545064	0.4599270821389285	2.07603177739749	6.55559441161679	21.68118344547518	-21.221978912891576	-5950.668632291158
3934	-5985.778150569944	-5950.668632291158	-35.10951827878607	0.608353736777714	0.9548836129729228	-1.0715258212425134	0.020788312371790282	0.1423005192103567	0.35556611408545064	0.4599270821389285	2.07603177739749	6.55559441161679	21.68118344547518	-21.221978912891576	-5950.668632291158
3936	-5985.778150569944	-5950.668632291158	-35.10951827878607	0.608353736777714	0.9548836129729228	-1.0715258212425134	0.020788312371790282	0.1423005192103567	0.35556611408545064	0.4599270821389285	2.07603177739749	6.55559441161679	21.68118344547518	-21.221978912891576	-5950.668632291158
3938	-5988.3362509064755	-5950.668632291158	-37.667618615317394	0.608353736777714	0.9548836129729228	-1.8565253400132493	0.020788312371790282	0.1423005192103567	0.35556611408545064	0.4599270821389285	2.07603177739749	6.55559441161679	21.68118344547518	-21.465241681693122	-5950.668632291158
3940	-5988.3362509064755	-5950.668632291158	-37.667618615317394	0.608353736777714	0.9548836129729228	-1.8565253400132493	0.020788312371790282	0.1423005192103567	0.35556611408545064	0.4599270821389285	2.07603177739749	6.55559441161679	21.68118344547518	-21.465241681693122	-5950.668632291158
3942	-5988.349879896833	-5950.690384421197	-37.659495475635225	0.608353736777714	0.9548836129729228	-1.8565253400132493	0.020788312371790282	0.1423005192103567	0.35556611408545064	0.4599270821389285	2.07603177739749	6.55559441161679	21.67887342475524	-21.45711854201095	-5950.690384421197
3944	-5988.282566154834	-5950.635789697186	-37.64677645764846	0.608353736777714	0.9548836129729228	-1.8565253400132493	0.020788312371790282	0.1423005192103567	0.35556611408545064	0.4599270821389285	2.07603177739749	6.55559441161679	21.670480694441345	-21.44439952402418	-5950.635789697186
3946	-5988.282566154834	-5950.635789697186	-37.64677645764846	0.608353736777714	0.9548836129729228	-1.8565253400132493	0.020788312371790282	0.1423005192103567	0.35556611408545064	0.4599270821389285	2.07603177739749	6.55559441161679	21.670480694441345	-21.44439952402418	-5950.635789697186
3948	-5990.301084292884	-5951.369838899344	-38.93124539353976	0.608353736777714	0.9548836129729228	-1.8565253400132493	0.020788312371790282	0.1423005192103567	0.35556611408545064	0.4599270821389285	2.07603177739749	7.144781176218229	23.4848586200911	-22.728868459915486	-5951.369838899344
3950	-5990.124645702806	-5951.379482950943	-38.745162751863006	0.608353736777714	0.9548836129729228	-1.8565253400132493	0.020788312371790282	0.1423005192103567	0.35556611408545064	0.4599270821389285	2.07603177739749	7.144781176218229	23.33363531557638	-22.542785818238734	-5951.379482950943
3952	-5989.069274705385	-5950.78399626774	-38.285278437645815	0.608353736777714	0.9548836129729228	-1.8565253400132493	0.020788312371790282	0.1423005192103567	0.35556611408545064	0.4599270821389285	2.07603177739749	6.947417930636578	22.689080656235745	-22.08290150402154	-5950.78399626774
3954	-5989.069274705385	-5950.78399626774	-38.285278437645815	0.608353736777714	0.9548836129729228	-1.8565253400132493	0.020788312371790282	0.1423005192103567	0.35556611408545064	0.4599270821389285	2.07603177739749	6.947417930636578	22.689080656235745	-22.08290150402154	-5950.78399626774
3956	-5988.50123012362	-5950.199239524689	-38.30199059893111	0.608353736777714	0.9548836129729228	-1.8565253400132493	0.020788312371790282	0.1423005192103567	0.35556611408545064	0.4599270821389285	2.07603177739749	6.947417930636578	22.685606796432445	-22.099613665306833	-5950.199239524689
3958	-5988.50123012362	-5950.199239524689	-38.30199059893111	0.608353736777714	0.9548836129729228	-1.8565253400132493	0.020788312371790282	0.1423005192103567	0.35556611408545064	0.4599270821389285	2.07603177739749	6.947417930636578	22.685606796432445	-22.099613665306833	-5950.199239524689
3960	-5988.711132368415	-5950.185600889501	-38.525531478913926	0.608353736777714	0.9548836129729228	-1.8565253400132493	0.020788312371790282	0.1423005192103567	0.35556611408545064	0.4599270821389285	2.07603177739749	6.947417930636578	22.866450616747912	-22.32315454528965	-5950.185600889501
3962	-5987.757244331134	-5950.782818418259	-36.9744259128743	0.608353736777714	0.9548836129729228	-1.8565253400132493	0.020788312371790282	0.1423005192103567	0.35556611408545064	0.4599270821389285	2.07603177739749	6.292991350143356	20.712497416502718	-20.772048979250027	-5950.782818418259
3964	-5989.920853541611	-5953.937418659634	-35.98343488197644	0.608353736777714	0.9548836129729228	-1.8565253400132493	0.020788312371790282	0.1423005192103567	0.35556611408545064	0.4599270821389285	2.07603177739749	5.871997920783397	19.326856656360228	-19.781057948352167	-5953.937418659634
3966	-5989.920853541611	-5953.937418659634	-35.98343488197644	0.608353736777714	0.9548836129729228	-1.8565253400132493	0.020788312371790282	0.1423005192103567	0.35556611408545064	0.4599270821389285	2.07603177739749	5.871997920783397	19.326856656360228	-19.781057948352167	-5953.937418659634
3968	-5990.241982507733	-5954.308348838059	-35.93363366967414	0.608353736777714	0.9548836129729228	-1.8565253400132493	0.020788312371790282	0.1423005192103567	0.1060091409414658	0.4599270821389285	2.07603177739749	5.871997920783397	19.3127746498559	-19.753339310960254	-5954.308348838059
3970	-5990.23598734008	-5954.281704658633	-35.954282681446614	0.608353736777714	0.9548836129729228	-1.8565253400132493	0.020788312371790282	0.1423005192103567	0.171114933232083	0.4599270821389285	2.07603177739749	5.871997920783397	19.31731039867192	-19.774231719573347	-5954.281704658633
3972	-5990.133362913362	-5954.281704658633	-35.851658254728875	0.608353736777714	0.9548836129729228	-1.8565253400132493	0.020788312371790282	0.2522259973312332	0.171114933232083	0.4599270821389285	2.07603177739749	5.871997920783397	19.31731039867192	-19.64704866774257	-5954.281704658633
3974	-5988.553144693866	-5954.203840393603	-34.34930430026307	0.608353736777714	0.9548836129729228	-1.8565253400132493	0.020788312371790282	0.2522259973312332	0.171114933232083	0.4599270821389285	2.07603177739749	2.8089369518215057	13.220164016150395	-18.14469471327676	-5954.203840393603
3976	-5988.553144693866	-5954.203840393603	-34.34930430026307	0.608353736777714	0.9548836129729228	-1.8565253400132493	0.020788312371790282	0.2522259973312332	0.171114933232083	0.4599270821389285	2.07603177739749	2.8089369518215057	13.220164016150395	-18.14469471327676	-5954.203840393603
3978	-5986.073129753438	-5953.825476679354	-32.24765307408308	0.608353736777714	0.9548836129729228	-1.1559502610749255	0.020788312371790282	0.2522259973312332	0.171114933232083	0.4599270821389285	2.07603177739749	2.8089369518215057	13.234529981113662	-18.16807259270976	-5953.825476679354
3980	-5986.073129753438	-5953.825476679354	-32.24765307408308	0.608353736777714	0.9548836129729228	-1.1559502610749255	0.020788312371790282	0.2522259973312332	0.171114933232083	0.4599270821389285	2.07603177739749	2.8089369518215057	13.234529981113662	-18.16807259270976	-5953.825476679354
3982	-5986.073129753438	-5953.825476679354	-32.24765307408308	0.608353736777714	0.9548836129729228	-1.1559502610749255	0.020788312371790282	0.2522259973312332	0.171114933232083	0.4599270821389285	2.07603177739749	2.8089369518215057	13.234529981113662	-18.16807259270976	-5953.825476679354
3984	-5986.11694536588	-5953.739779975148	-32.377165390732515	0.608353736777714	0.9548836129729228	-1.1559502610749255	0.020788312371790282	0.2522259973312332	0.171114933232083	0.4599270821389285	2.07603177739749	2.8089369518215057	13.315778466656237	-18.297584909359188	-5953.739779975148
3986	-5986.074839305842	-5953.711376599606	-32.363462706235296	0.608353736777714	0.9548836129729228	-1.1559502610749255	0.020788312371790282	0.2522259973312332	0.171114933232083	0.4599270821389285	2.07603177739749	2.8089369518215057	13.315778466656239	-18.28388222486197	-5953.711376599606
3988	-5986.0618825782385	-5953.7083843987675	-32.35349817947085	0.608353736777714	0.9548836129729228	-1.1559502610749255	0.020788312371790282	0.2522259973312332	0.171114933232083	0.4599270821389285	2.07603177739749	2.8089369518215057	13.302006825670219	-18.27391769809752	-5953.7083843987675
3990	-5983.674867390684	-5949.925774355557	-33.74909303512715	0.608353736777714	0.9548836129729228	-1.1559502610749255	0.020788312371790282	0.2522259973312332	0.171114933232083	0.4599270821389285	2.07603177739749	3.1430762708793845	14.884357579378108	-19.66951255375383	-5949.925774355557
3992	-5983.674867390684	-5949.925774355557	-33.74909303512715	0.608353736777714	0.9548836129729228	-1.1559502610749255	0.020788312371790282	0.2522259973312332	0.171114933232083	0.4599270821389285	2.07603177739749	3.1430762708793845	14.884357579378108	-19.66951255375383	-5949.925774355557
3994	-5983.573877432384	-5949.920296307418	-33.653581124965754	0.608353736777714	0.9548836129729228	-1.1559502610749255	0.020788312371790282	0.2522259973312332	0.171114933232083	0.4599270821389285	2.07603177739749	2.980299387728849	14.558803813077038	-19.574000643592434	-5949.920296307418
3996	-5983.573877432384	-5949.920296307418	-33.653581124965754	0.608353736777714	0.9548836129729228	-1.1559502610749255	0.020788312371790282	0.2522259973312332	0.171114933232083	0.4599270821389285	2.07603177739749	2.980299387728849	14.558803813077038	-19.574000643592434	-5949.920296307418
3998	-5987.33696454792	-5950.955336218726	-36.3816283291934	0.608353736777714	0.9548836129729228	-1.894476214492155	0.020788312371790282	0.2522259973312332	0.171114933232083	0.4599270821389285	2.07603177739749	2.980299387728849	14.827113345505484	-20.033876018408424	-5950.955336218726
4000	-5987.33696454792	-5950.955336218726	-36.3816283291934	0.608353736777714	0.9548836129729228	-1.894476214492155	0.020788312371790282	0.2522259973312332	0.171114933232083	0.4599270821389285	2.07603177739749	2.980299387728849	14.827113345505484	-20.033876018408424	-5950.955336218726
4002	-5988.216571660639	-5952.963971993668	-35.252599666971435	0.608353736777714	0.9548836129729228	-1.894476214492155	0.020788312371790282	0.2522259973312332	0.171114933232083	0.4599270821389285	2.07603177739749	2.6956537965188283	13.561654709339992	-18.90484735618646	-5952.963971993668
4004	-5988.529181932989	-5953.048480132639	-35.48070180034913	0.608353736777714	0.9548836129729228	-1.894476214492155	0.020788312371790282	0.2522259973312332	0.171114933232083	0.4599270821389285	2.07603177739749	2.6956537965188283	13.773676348164612	-19.132949489564158	-5953.048480132639
4006	-5989.12156875796	-5953.048480132639	-36.07308862532049	1.0464642586834285	0.9548836129729228	-1.894476214492155	0.020788312371790282	0.2522259973312332	0.171114933232083	0.4599270821389285	2.07603177739749	2.6956537965188283	13.773676348164612	-19.418687696923847	-5953.048480132639
4008	-5989.12156875796	-5953.048480132639	-36.07308862532049	1.0464642586834285	0.9548836129729228	-1.894476214492155	0.020788312371790282	0.2522259973312332	0.171114933232083	0.4599270821389285	2.07603177739749	2.6956537965188283	13.773676348164612	-19.418687696923847	-5953.048480132639
4010	-5989.12156875796	-5953.048480132639	-36.07308862532049	1.0464642586834285	0.9548836129729228	-1.894476214492155	0.020788312371790282	0.2522259973312332	0.171114933232083	0.4599270821389285	2.07603177739749	2.6956537965188283	13.773676348164612	-19.418687696923847	-5953.048480132639
4012	-5989.4705487590045	-5952.097706595093	-37.37284216391193	1.0464642586834285	0.9548836129729228	-1.894476214492155	0.020788312371790282	0.2522259973312332	0.171114933232083	0.4599270821389285	2.07603177739749	2.9408804696241795	15.026683255673365	-20.718441235515293	-5952.097706595093
4014	-5989.09560057753	-5951.7431407455215	-37.35245983200814	1.0464642586834285	0.9548836129729228	-1.894476214492155	0.020788312371790282	0.2522259973312332	0.171114933232083	0.4599270821389285	2.07603177739749	2.9408804696241795	15.022609875174654	-20.6980589036115	-5951.7431407455215
4016	-5989.300048537662	-5953.430187175733	-35.86986136192921	1.0464642586834285	0.9548836129729228	-1.894476214492155	0.020788312371790282	0.2522259973312332	0.171114933232083	0.4599270821389285	2.07603177739749	2.6614568017929483	13.590650227801024	-19.215460433532574	-5953.430187175733
4018	-5988.711375694157	-5951.928389625195	-36.78298606896165	1.0464642586834285	0.9548836129729228	-1.894476214492155	0.020788312371790282	0.2522259973312332	0.171114933232083	0.4599270821389285	2.07603177739749	2.8342665000734915	14.473097827070909	-20.12858514056501	-5951.928389625195
4020	-5990.54229074144	-5952.348140699289	-38.19415004215169	1.0464642586834285	0.9548836129729228	-1.894476214492155	0.020788312371790282	0.2522259973312332	0.171114933232083	0.4599270821389285	2.07603177739749	3.097986192177901	15.822854307230184	-21.539749113755054	-5952.348140699289
4022	-5989.498025375123	-5952.177301333702	-37.32072404142008	0.4441940442956235	0.9548836129729228	-1.894476214492155	0.020788312371790282	0.2522259973312332	0.171114933232083	0.4599270821389285	2.07603177739749	3.097986192177901	15.820189497703815	-20.989004250436988	-5952.177301333702
4024	-5988.97962102483	-5952.171424744936	-36.80819627989304	0.4441940442956235	0.433689642575383	-1.894476214492155	0.020788312371790282	0.2522259973312332	0.171114933232083	0.4599270821389285	2.07603177739749	3.097986192177901	15.65952198422216	-20.606823235460105	-5952.171424744936
4026	-5988.79867110645	-5952.159337778089	-36.639333328360394	0.4441940442956235	0.433689642575383	-1.894476214492155	0.020788312371790282	0.2522259973312332	0.171114933232083	0.4599270821389285	2.07603177739749	3.097986192177901	15.451179829745666	-20.437960283927456	-5952.159337778089
4028	-5987.52978117629	-5951.781789010953	-35.74799216533737	0.4441940442956235	0.433689642575383	-1.894476214492155	0.020788312371790282	0.2522259973312332	0.171114933232083	0.4599270821389285	2.07603177739749	2.8992488212610756	14.458220276495343	-19.546619120904435	-5951.781789010953
4030	-5987.537224769896	-5951.781444679337	-35.75578009055846	0.4441940442956235	0.433689642575383	-1.894476214492155	0.020788312371790282	0.2522259973312332	0.171114933232083	0.4599270821389285	2.07603177739749	2.8992488212610756	14.46639453323952	-19.554407046125526	-5951.781444679337
4032	-5987.563160109274	-5951.816620540338	-35.74653956893584	0.4441940442956235	0.433689642575383	-1.894476214492155	0.020788312371790282	0.2522259973312332	0.171114933232083	0.4599270821389285	2.07603177739749	2.8992488212610756	14.463888092868238	-19.5451665245029	-5951.816620540338
4034	-5987.243457501015	-5951.773043425029	-35.47041407598626	0.4441940442956235	0.433689642575383	-1.894476214492155	0.020788312371790282	0.2522259973312332	0.171114933232083	0.4599270821389285	2.07603177739749	2.8992488212610756	14.196886373722727	-19.269041031553325	-5951.773043425029
4036	-5987.976809859128	-5951.790144058497	-36.18666580062993	0.4441940442956235	0.433689642575383	-1.894476214492155	0.020788312371790282	0.2522259973312332	0.171114933232083	0.4599270821389285	2.07603177739749	4.50529302594035	17.408974783081277	-19.985292756196994	-5951.790144058497
4038	-5988.052183750271	-5951.790264186016	-36.26191956425502	0.4441940442956235	0.433689642575383	-1.894476214492155	0.008224477097175454	0.2522259973312332	0.171114933232083	0.4599270821389285	2.07603177739749	4.736097411538947	17.87058355427847	-20.08453066286651	-5951.790264186016
4040	-5988.234709183176	-5951.790264186016	-36.44444499715935	0.4441940442956235	0.433689642575383	-1.894476214492155	0.008224477097175454	0.12622283253980027	0.171114933232083	0.4599270821389285	2.07603177739749	4.736097411538947	17.87058355427847	-20.293180822915893	-5951.790264186016
4042	-5988.057336306519	-5951.677322516209	-36.38001379031009	0.4441940442956235	0.20403667772561684	-1.894476214492155	0.008224477097175454	0.12622283253980027	0.171114933232083	0.4599270821389285	2.07603177739749	4.736097411538947	17.87058355427847	-20.19996700693546	-5951.677322516209
4044	-5988.057336306519	-5951.677322516209	-36.38001379031009	0.4441940442956235	0.20403667772561684	-1.894476214492155	0.008224477097175454	0.12622283253980027	0.171114933232083	0.4599270821389285	2.07603177739749	4.736097411538947	17.87058355427847	-20.19996700693546	-5951.677322516209
4046	-5986.900753268971	-5950.828777832973	-36.07197543599834	0.4441940442956235	0.20403667772561684	-1.894476214492155	0.008224477097175454	0.12622283253980027	0.171114933232083	0.4599270821389285	2.07603177739749	4.736097411538947	17.67625900223075	-19.89192865262371	-5950.828777832973
4048	-5987.060720309346	-5950.95304905083	-36.107671258516746	0.4441940442956235	0.20403667772561684	-1.894476214492155	0.008224477097175454	0.12622283253980027	0.171114933232083	0.4599270821389285	2.07603177739749	4.736097411538947	17.676259002230747	-19.927624475142117	-5950.95304905083
4050	-5986.940140331105	-5950.95304905083	-35.987091280275294	0.2554752048042506	0.20403667772561684	-1.894476214492155	0.008224477097175454	0.12622283253980027	0.171114933232083	0.4599270821389285	2.07603177739749	4.736097411538947	17.676259002230747	-19.900579700584537	-5950.95304905083
4052	-5987.079678630038	-5951.066401622145	-36.01327700789243	0.2554752048042506	0.20403667772561684	-1.894476214492155	0.008224477097175454	0.12622283253980027	0.2839333342978365	0.4599270821389285	2.07603177739749	4.736097411538947	17.680298864277347	-19.915336777371564	-5951.066401622145
4054	-5987.888599859882	-5950.942253445529	-36.94634641435258	0.2554752048042506	0.20403667772561684	-1.894476214492155	0.008224477097175454	0.12622283253980027	0.2839333342978365	0.4599270821389285	2.07603177739749	7.101456037995871	22.4110161171912	-20.848406183831724	-5950.942253445529
4056	-5986.3250478327245	-5950.9368460484475	-35.38820178427679	0.2554752048042506	0.20403667772561684	-1.894476214492155	0.008224477097175454	0.12622283253980027	0.2839333342978365	0.4599270821389285	2.07603177739749	3.306902535213636	14.821909111626729	-19.29026155375593	-5950.9368460484475
4058	-5986.3250478327245	-5950.9368460484475	-35.38820178427679	0.2554752048042506	0.20403667772561684	-1.894476214492155	0.008224477097175454	0.12622283253980027	0.2839333342978365	0.4599270821389285	2.07603177739749	3.306902535213636	14.821909111626729	-19.29026155375593	-5950.9368460484475
4060	-5987.872935388038	-5951.321731708773	-36.55120367926486	0.2554752048042506	0.20403667772561684	-1.894476214492155	0.008224477097175454	0.12622283253980027	0.2839333342978365	0.4599270821389285	2.07603177739749	3.8250779443082403	16.56105108162421	-20.453263448744003	-5951.321731708773
4062	-5985.158984548429	-5951.321731708773	-33.83725283965545	0.2554752048042506	0.20403667772561684	-0.8969738494131281	0.008224477097175454	0.12622283253980027	0.2839333342978365	0.4599270821389285	2.07603177739749	3.8250779443082403	16.56105108162421	-20.531994585236085	-5951.321731708773
4064	-5984.910336638018	-5951.17945430364	-33.73088233437767	0.2554752048042506	0.20403667772561684	-0.8969738494131281	0.02143142754013598	0.12622283253980027	0.2839333342978365	0.4599270821389285	2.07603177739749	3.8250779443082403	16.501791167590355	-20.413581958749027	-5951.17945430364
4066	-5984.295917749671	-5951.39029605004	-32.90562169963145	0.2554752048042506	0.20403667772561684	-0.8969738494131281	0.02143142754013598	0.12622283253980027	0.2839333342978365	1.0233692605034688	2.07603177739749	3.8250779443082403	16.535733570269866	-19.922293468555072	-5951.39029605004
4068	-5984.2374894563345	-5951.352267229162	-32.88522222717218	0.2554752048042506	0.20403667772561684	-0.8969738494131281	0.02143142754013598	0.12622283253980027	0.2839333342978365	1.0233692605034688	2.07603177739749	3.8250779443082403	16.51554248249149	-19.9018939960958	-5951.352267229162
4070	-5984.286924172762	-5951.390631754806	-32.89629241795594	0.2554752048042506	0.20403667772561684	-0.8969738494131281	0.02143142754013598	0.12622283253980027	0.2839333342978365	1.0233692605034688	2.07603177739749	3.8250779443082403	16.518337487301036	-19.91296418687956	-5951.390631754806
4072	-5984.286924172762	-5951.390631754806	-32.89629241795594	0.2554752048042506	0.20403667772561684	-0.8969738494131281	0.02143142754013598	0.12622283253980027	0.2839333342978365	1.0233692605034688	2.07603177739749	3.8250779443082403	16.518337487301036	-19.91296418687956	-5951.390631754806
4074	-5984.356285721187	-5951.409228976428	-32.94705674476007	0.2554752048042506	0.20403667772561684	-0.8969738494131281	0.02143142754013598	0.12622283253980027	0.2839333342978365	1.0233692605034688	2.07603177739749	3.8250779443082403	16.616604816399747	-19.963728513683687	-5951.409228976428
4076	-5983.589803506248	-5951.456987284537	-32.13281622171153	0.2554752048042506	0.20403667772561684	-0.8969738494131281	0.02143142754013598	0.12622283253980027	0.2839333342978365	1.0233692605034688	2.07603177739749	3.5114968168873584	15.254370177498494	-19.14948799063515	-5951.456987284537
4078	-5983.468388923754	-5951.317390295429	-32.150998628325155	0.2554752048042506	0.20403667772561684	-0.8969738494131281	0.02143142754013598	0.12622283253980027	0.2839333342978365	1.0233692605034688	2.07603177739749	3.5114968168873584	15.273574255389855	-19.167670397248774	-5951.317390295429
4080	-5983.468388923754	-5951.317390295429	-32.150998628325155	0.2554752048042506	0.20403667772561684	-0.8969738494131281	0.02143142754013598	0.12622283253980027	0.2839333342978365	1.0233692605034688	2.07603177739749	3.5114968168873584	15.273574255389855	-19.167670397248774	-5951.317390295429
4082	-5983.2033828305575	-5951.030724562233	-32.17265826832398	0.2554752048042506	0.20403667772561684	-0.8969738494131281	0.02143142754013598	0.12622283253980027	0.2839333342978365	1.0233692605034688	2.07603177739749	3.5114968168873584	15.27811111856858	-19.1893300372476	-5951.030724562233
4084	-5983.257675033235	-5951.030724562233	-32.226950471001444	0.2554752048042506	0.5384996199497735	-0.8969738494131281	0.02143142754013598	0.12622283253980027	0.2839333342978365	1.0233692605034688	2.07603177739749	3.5114968168873584	15.27811111856858	-19.20489379117484	-5951.030724562233
4086	-5983.257675033235	-5951.030724562233	-32.226950471001444	0.2554752048042506	0.5384996199497735	-0.8969738494131281	0.02143142754013598	0.12622283253980027	0.2839333342978365	1.0233692605034688	2.07603177739749	3.5114968168873584	15.27811111856858	-19.20489379117484	-5951.030724562233
4088	-5983.017774652735	-5950.82104492813	-32.196729724605895	0.2554752048042506	0.5384996199497735	-0.8969738494131281	0.02143142754013598	0.2768103096489541	0.2839333342978365	1.0233692605034688	2.07603177739749	3.5114968168873584	15.249450432301137	-19.156738105184814	-5950.82104492813
4090	-5981.844763198016	-5949.7899163045995	-32.05484689341651	0.2554752048042506	0.5384996199497735	-0.8969738494131281	0.012150157681917469	0.2768103096489541	0.2839333342978365	1.0233692605034688	2.07603177739749	3.5114968168873584	15.111140285206625	-19.023336170224955	-5949.7899163045995
4092	-5981.725602794409	-5949.684764996897	-32.04083779751217	0.2554752048042506	0.5384996199497735	-0.8969738494131281	0.012150157681917469	0.2768103096489541	0.2839333342978365	1.0233692605034688	2.07603177739749	3.5114968168873584	15.096303308313319	-19.009327074320613	-5949.684764996897
4094	-5982.333020702334	-5949.53593855584	-32.797082146492954	0.2554752048042506	1.5218552280210809	-0.8969738494131281	0.012150157681917469	0.2768103096489541	0.2839333342978365	1.0233692605034688	2.07603177739749	3.5114968168873584	15.09630330831332	-19.0037636514843	-5949.53593855584
4096	-5982.333020702334	-5949.53593855584	-32.797082146492954	0.2554752048042506	1.5218552280210809	-0.8969738494131281	0.012150157681917469	0.2768103096489541	0.2839333342978365	1.0233692605034688	2.07603177739749	3.5114968168873584	15.09630330831332	-19.0037636514843	-5949.53593855584
4098	-5982.384362933293	-5949.537321948685	-32.847040984608775	0.2554752048042506	1.5218552280210809	-0.8969738494131281	0.012150157681917469	0.2768103096489541	0.2839333342978365	1.0233692605034688	2.07603177739749	3.694844624063504	15.462998922665612	-19.05372248960012	-5949.537321948685
4100	-5982.587880447744	-5949.7160059818725	-32.871874465872146	0.2554752048042506	1.5218552280210809	-0.8969738494131281	0.012150157681917469	0.2768103096489541	0.2839333342978365	1.0233692605034688	2.07603177739749	3.694844624063504	15.487914094984657	-19.07855597086349	-5949.7160059818725
4102	-5982.587880447744	-5949.7160059818725	-32.871874465872146	0.2554752048042506	1.5218552280210809	-0.8969738494131281	0.012150157681917469	0.2768103096489541	0.2839333342978365	1.0233692605034688	2.07603177739749	3.694844624063504	15.487914094984657	-19.07855597086349	-5949.7160059818725
4104	-5982.55540203624	-5949.671757367295	-32.88364466894445	0.2554752048042506	1.5218552280210809	-0.8969738494131281	0.012150157681917469	0.2768103096489541	0.2839333342978365	1.0233692605034688	2.07603177739749	3.694844624063504	15.490997142161742	-19.090326173935797	-5949.671757367295
4106	-5982.154840703686	-5949.64106433078	-32.51377637290655	0.6490073621463217	1.5218552280210809	-0.8969738494131281	0.012150157681917469	0.2768103096489541	0.2839333342978365	1.0233692605034688	2.07603177739749	3.694844624063504	15.259421777165862	-18.963413873092982	-5949.64106433078
4108	-5982.154840703686	-5949.64106433078	-32.51377637290655	0.6490073621463217	1.5218552280210809	-0.8969738494131281	0.012150157681917469	0.2768103096489541	0.2839333342978365	1.0233692605034688	2.07603177739749	3.694844624063504	15.259421777165862	-18.963413873092982	-5949.64106433078
4110	-5982.173135031646	-5949.647804570208	-32.52533046143759	0.6490073621463217	1.5218552280210809	-0.8969738494131281	0.012150157681917469	0.2768103096489541	0.2839333342978365	1.0233692605034688	2.07603177739749	3.694844624063504	15.276309555281182	-18.974967961624024	-5949.647804570208
4112	-5981.931293783484	-5949.43640861642	-32.49488516706458	0.6490073621463217	1.5218552280210809	-0.8969738494131281	0.012150157681917469	0.2768103096489541	0.2839333342978365	1.0233692605034688	2.07603177739749	3.694844624063504	15.246661686755258	-18.94452266725102	-5949.43640861642
4114	-5981.909850888173	-5949.432157962119	-32.477692926054594	0.6490073621463217	1.5218552280210809	-0.8969738494131281	0.012150157681917469	0.2768103096489541	0.2839333342978365	1.0233692605034688	2.07603177739749	3.694844624063504	15.220732942094223	-18.92733042624103	-5949.432157962119
4116	-5981.909850888173	-5949.432157962119	-32.477692926054594	0.6490073621463217	1.5218552280210809	-0.8969738494131281	0.012150157681917469	0.2768103096489541	0.2839333342978365	1.0233692605034688	2.07603177739749	3.694844624063504	15.220732942094223	-18.92733042624103	-5949.432157962119
4118	-5981.909850888173	-5949.432157962119	-32.477692926054594	0.6490073621463217	1.5218552280210809	-0.8969738494131281	0.012150157681917469	0.2768103096489541	0.2839333342978365	1.0233692605034688	2.07603177739749	3.694844624063504	15.220732942094223	-18.92733042624103	-5949.432157962119
4120	-5981.988584150324	-5949.432157962119	-32.55642618820488	0.6490073621463217	1.5218552280210809	-0.8969738494131281	0.012150157681917469	0.2768103096489541	0.6736947535123129	1.0233692605034688	2.07603177739749	3.694844624063504	15.220732942094223	-18.92733042624103	-5949.432157962119
4122	-5983.345588619807	-5949.946058708727	-33.39952991108046	0.6490073621463217	1.5218552280210809	-0.8969738494131281	0.012150157681917469	0.2768103096489541	0.6736947535123129	1.0233692605034688	2.07603177739749	4.03065993200225	16.604107790041528	-19.770434149116607	-5949.946058708727
4124	-5981.97668876183	-5949.298524272466	-32.67816448936365	0.6490073621463217	1.5218552280210809	-0.8969738494131281	0.012150157681917469	0.2768103096489541	0.6736947535123129	1.0233692605034688	2.07603177739749	3.7433670970851263	15.420618912600835	-19.049068727399806	-5949.298524272466
4126	-5982.613667426699	-5949.298524272466	-33.31514315423264	1.4856823174642144	1.5218552280210809	-0.8969738494131281	0.012150157681917469	0.2768103096489541	0.6736947535123129	1.0233692605034688	2.07603177739749	3.7433670970851263	15.420618912600835	-19.173304154867925	-5949.298524272466
4128	-5982.613667426699	-5949.298524272466	-33.31514315423264	1.4856823174642144	1.5218552280210809	-0.8969738494131281	0.012150157681917469	0.2768103096489541	0.6736947535123129	1.0233692605034688	2.07603177739749	3.7433670970851263	15.420618912600835	-19.173304154867925	-5949.298524272466
4130	-5982.620669896045	-5949.2996211568525	-33.32104873919239	1.4856823174642144	1.5218552280210809	-0.8969738494131281	0.012150157681917469	0.2768103096489541	0.6736947535123129	1.0233692605034688	2.07603177739749	3.7433670970851263	15.427500906039981	-19.179209739827666	-5949.2996211568525
4132	-5984.517533544021	-5950.238828960457	-34.278704583564355	1.4856823174642144	1.5218552280210809	-0.8969738494131281	0.012150157681917469	0.2768103096489541	0.6736947535123129	1.0233692605034688	2.07603177739749	4.042092309922625	16.73009394017037	-20.136865584199633	-5950.238828960457
4134	-5984.517533544021	-5950.238828960457	-34.278704583564355	1.4856823174642144	1.5218552280210809	-0.8969738494131281	0.012150157681917469	0.2768103096489541	0.6736947535123129	1.0233692605034688	2.07603177739749	4.042092309922625	16.73009394017037	-20.136865584199633	-5950.238828960457
4136	-5984.517533544021	-5950.238828960457	-34.278704583564355	1.4856823174642144	1.5218552280210809	-0.8969738494131281	0.012150157681917469	0.2768103096489541	0.6736947535123129	1.0233692605034688	2.07603177739749	4.042092309922625	16.73009394017037	-20.136865584199633	-5950.238828960457
4138	-5984.517533544021	-5950.238828960457	-34.278704583564355	1.4856823174642144	1.5218552280210809	-0.8969738494131281	0.012150157681917469	0.2768103096489541	0.6736947535123129	1.0233692605034688	2.07603177739749	4.042092309922625	16.73009394017037	-20.136865584199633	-5950.238828960457
4140	-5982.43502256934	-5949.274976868728	-33.16004570061122	1.4856823174642144	1.5218552280210809	-0.8969738494131281	0.012150157681917469	0.2768103096489541	0.6736947535123129	1.0233692605034688	2.07603177739749	3.648759463461736	15.102101562338888	-19.018206701246502	-5949.274976868728
4142	-5982.43502256934	-5949.274976868728	-33.16004570061122	1.4856823174642144	1.5218552280210809	-0.8969738494131281	0.012150157681917469	0.2768103096489541	0.6736947535123129	1.0233692605034688	2.07603177739749	3.648759463461736	15.102101562338888	-19.018206701246502	-5949.274976868728
4144	-5982.448875863903	-5949.274976868728	-33.1738989951745	1.4856823174642144	1.5218552280210809	-0.8969738494131281	0.024116121185862965	0.2768103096489541	0.6736947535123129	1.0233692605034688	2.07603177739749	3.648759463461736	15.102101562338888	-19.021109858979024	-5949.274976868728
4146	-5982.588895093529	-5949.2968263588045	-33.29206873472404	1.4856823174642144	1.5218552280210809	-0.8969738494131281	0.024116121185862965	0.2768103096489541	0.6736947535123129	1.0233692605034688	2.07603177739749	3.648759463461736	15.245310049029953	-19.13927959852857	-5949.2968263588045
4148	-5982.588895093529	-5949.2968263588045	-33.29206873472404	1.4856823174642144	1.5218552280210809	-0.8969738494131281	0.024116121185862965	0.2768103096489541	0.6736947535123129	1.0233692605034688	2.07603177739749	3.648759463461736	15.245310049029953	-19.13927959852857	-5949.2968263588045
4150	-5982.588895093529	-5949.2968263588045	-33.29206873472404	1.4856823174642144	1.5218552280210809	-0.8969738494131281	0.024116121185862965	0.2768103096489541	0.6736947535123129	1.0233692605034688	2.07603177739749	3.648759463461736	15.245310049029953	-19.13927959852857	-5949.2968263588045
4152	-5983.350730413067	-5949.543927194872	-33.806803218195114	1.4856823174642144	1.5218552280210809	-0.8969738494131281	0.024116121185862965	0.2768103096489541	0.6736947535123129	1.0233692605034688	2.07603177739749	3.648759463461736	15.82162543396639	-19.65401408199964	-5949.543927194872
4154	-5983.196336821622	-5949.471524950809	-33.7248118708132	1.4856823174642144	1.5218552280210809	-0.8969738494131281	0.024116121185862965	0.2768103096489541	0.6736947535123129	1.0233692605034688	2.07603177739749	3.648759463461736	15.821625433966393	-19.57202273461773	-5949.471524950809
4156	-5983.126020975362	-5949.470581091616	-33.655439883745814	1.4856823174642144	1.5218552280210809	-0.8969738494131281	0.024116121185862965	0.2768103096489541	0.43802452353649207	1.0233692605034688	2.07603177739749	3.648759463461736	15.817255222689319	-19.568414367061013	-5949.470581091616
4158	-5983.282319312691	-5949.543903103266	-33.7384162094246	1.4856823174642144	1.5218552280210809	-0.8969738494131281	0.024116121185862965	0.2768103096489541	0.43802452353649207	1.0233692605034688	2.07603177739749	3.648759463461736	15.817255222689319	-19.6513906927398	-5949.543903103266
4160	-5984.8725515060905	-5951.369475148628	-33.50307635746235	1.4856823174642144	1.5218552280210809	-0.8969738494131281	0.024116121185862965	0.2768103096489541	0.43802452353649207	1.0233692605034688	2.07603177739749	3.648759463461736	15.67251900415524	-19.41605084077755	-5951.369475148628
4162	-5984.900400437524	-5951.369475148628	-33.530925288895375	1.4856823174642144	1.5218552280210809	-0.8969738494131281	0.05045846683324577	0.2768103096489541	0.43802452353649207	1.0233692605034688	2.07603177739749	3.648759463461736	15.67251900415524	-19.419289142245624	-5951.369475148628
4164	-5984.762411520926	-5951.3778597263745	-33.38455179455187	1.4856823174642144	1.5218552280210809	-0.8969738494131281	0.05045846683324577	0.2768103096489541	0.43802452353649207	1.0233692605034688	2.07603177739749	3.648759463461736	15.509295904042622	-19.27291564790211	-5951.3778597263745
4166	-5983.072891153403	-5949.469872126085	-33.60301902731864	1.4856823174642144	1.5218552280210809	-0.8969738494131281	0.05045846683324577	0.2768103096489541	0.43802452353649207	1.0233692605034688	2.07603177739749	3.648759463461736	15.675369540168402	-19.49138288066888	-5949.469872126085
4168	-5983.01038927246	-5949.468383447898	-33.5420058245616	1.4856823174642144	1.5218552280210809	-0.8969738494131281	0.05045846683324577	0.2768103096489541	0.43802452353649207	1.0233692605034688	2.07603177739749	3.4737006348734045	15.325251882991736	-19.43036967791184	-5949.468383447898
4170	-5983.01038927246	-5949.468383447898	-33.5420058245616	1.4856823174642144	1.5218552280210809	-0.8969738494131281	0.05045846683324577	0.2768103096489541	0.43802452353649207	1.0233692605034688	2.07603177739749	3.4737006348734045	15.325251882991736	-19.43036967791184	-5949.468383447898
4172	-5983.01038927246	-5949.468383447898	-33.5420058245616	1.4856823174642144	1.5218552280210809	-0.8969738494131281	0.05045846683324577	0.2768103096489541	0.43802452353649207	1.0233692605034688	2.07603177739749	3.4737006348734045	15.325251882991736	-19.43036967791184	-5949.468383447898
4174	-5983.01038927246	-5949.468383447898	-33.5420058245616	1.4856823174642144	1.5218552280210809	-0.8969738494131281	0.05045846683324577	0.2768103096489541	0.43802452353649207	1.0233692605034688	2.07603177739749	3.4737006348734045	15.325251882991736	-19.43036967791184	-5949.468383447898
4176	-5983.01038927246	-5949.468383447898	-33.5420058245616	1.4856823174642144	1.5218552280210809	-0.8969738494131281	0.05045846683324577	0.2768103096489541	0.43802452353649207	1.0233692605034688	2.07603177739749	3.4737006348734045	15.325251882991736	-19.43036967791184	-5949.468383447898
4178	-5982.918559761173	-5949.350109375689	-33.568450385484226	1.4856823174642144	1.5218552280210809	-0.8969738494131281	0.05045846683324577	0.2768103096489541	0.43802452353649207	1.0233692605034688	2.07603177739749	3.4737006348734045	15.344485676567473	-19.456814238834475	-5949.350109375689
4180	-5983.061172175418	-5949.501693855874	-33.55947831954421	1.4856823174642144	1.5218552280210809	-0.8969738494131281	0.05045846683324577	0.2768103096489541	0.43802452353649207	1.0233692605034688	2.07603177739749	3.4737006348734045	15.342365194663284	-19.44784217289446	-5949.501693855874
4182	-5982.355162280352	-5949.501693855874	-32.853468424477924	0.6486655738528831	1.5218552280210809	-0.8969738494131281	0.031475149613292765	0.2768103096489541	0.43802452353649207	1.0233692605034688	2.07603177739749	3.4737006348734045	15.342365194663284	-19.272304117383435	-5949.501693855874
4184	-5982.456632638989	-5949.5714195224045	-32.885213116583614	0.6486655738528831	1.5218552280210809	-0.8969738494131281	0.031475149613292765	0.2768103096489541	0.43802452353649207	1.0233692605034688	2.07603177739749	3.4737006348734045	15.342365194663284	-19.304048809489128	-5949.5714195224045
4186	-5982.456632638989	-5949.5714195224045	-32.885213116583614	0.6486655738528831	1.5218552280210809	-0.8969738494131281	0.031475149613292765	0.2768103096489541	0.43802452353649207	1.0233692605034688	2.07603177739749	3.4737006348734045	15.342365194663284	-19.304048809489128	-5949.5714195224045
4188	-5982.456632638989	-5949.5714195224045	-32.885213116583614	0.6486655738528831	1.5218552280210809	-0.8969738494131281	0.031475149613292765	0.2768103096489541	0.43802452353649207	1.0233692605034688	2.07603177739749	3.4737006348734045	15.342365194663284	-19.304048809489128	-5949.5714195224045
4190	-5982.456632638989	-5949.5714195224045	-32.885213116583614	0.6486655738528831	1.5218552280210809	-0.8969738494131281	0.031475149613292765	0.2768103096489541	0.43802452353649207	1.0233692605034688	2.07603177739749	3.4737006348734045	15.342365194663284	-19.304048809489128	-5949.5714195224045
4192	-5982.456632638989	-5949.5714195224045	-32.885213116583614	0.6486655738528831	1.5218552280210809	-0.8969738494131281	0.031475149613292765	0.2768103096489541	0.43802452353649207	1.0233692605034688	2.07603177739749	3.4737006348734045	15.342365194663284	-19.304048809489128	-5949.5714195224045
4194	-5982.456632638989	-5949.5714195224045	-32.885213116583614	0.6486655738528831	1.5218552280210809	-0.8969738494131281	0.031475149613292765	0.2768103096489541	0.43802452353649207	1.0233692605034688	2.07603177739749	3.4737006348734045	15.342365194663284	-19.304048809489128	-5949.5714195224045
4196	-5982.456632638989	-5949.5714195224045	-32.885213116583614	0.6486655738528831	1.5218552280210809	-0.8969738494131281	0.031475149613292765	0.2768103096489541	0.43802452353649207	1.0233692605034688	2.07603177739749	3.4737006348734045	15.342365194663284	-19.304048809489128	-5949.5714195224045
4198	-5982.456632638989	-5949.5714195224045	-32.885213116583614	0.6486655738528831	1.5218552280210809	-0.8969738494131281	0.031475149613292765	0.2768103096489541	0.43802452353649207	1.0233692605034688	2.07603177739749	3.4737006348734045	15.342365194663284	-19.304048809489128	-5949.5714195224045
4200	-5984.431501246697	-5950.446811061598	-33.98469018509911	0.6486655738528831	1.5218552280210809	-0.8969738494131281	0.031475149613292765	0.2768103096489541	0.43802452353649207	1.0233692605034688	2.07603177739749	3.829511012700074	17.062774992719866	-20.403525878004626	-5950.446811061598
4202	-5985.010846358479	-5951.250176106084	-33.76067025239557	0.6486655738528831	1.5218552280210809	-0.8969738494131281	0.031475149613292765	0.2768103096489541	0.43802452353649207	1.0233692605034688	2.07603177739749	3.829511012700074	16.907541141106037	-20.17950594530108	-5951.250176106084
4204	-5985.010846358479	-5951.250176106084	-33.76067025239557	0.6486655738528831	1.5218552280210809	-0.8969738494131281	0.031475149613292765	0.2768103096489541	0.43802452353649207	1.0233692605034688	2.07603177739749	3.829511012700074	16.907541141106037	-20.17950594530108	-5951.250176106084
4206	-5984.934695813621	-5951.214789130214	-33.71990668340736	0.6486655738528831	1.5218552280210809	-0.8969738494131281	0.031475149613292765	0.2768103096489541	0.43802452353649207	1.0233692605034688	2.07603177739749	3.829511012700074	16.907541141106037	-20.13874237631287	-5951.214789130214
4208	-5985.480218421512	-5951.693152243526	-33.78706617798589	0.6486655738528831	1.5218552280210809	-0.8969738494131281	0.031475149613292765	0.2768103096489541	0.43802452353649207	1.0233692605034688	2.07603177739749	3.829511012700074	16.972093469895523	-20.2059018708914	-5951.693152243526
4210	-5985.480218421512	-5951.693152243526	-33.78706617798589	0.6486655738528831	1.5218552280210809	-0.8969738494131281	0.031475149613292765	0.2768103096489541	0.43802452353649207	1.0233692605034688	2.07603177739749	3.829511012700074	16.972093469895523	-20.2059018708914	-5951.693152243526
4212	-5987.758262892728	-5953.31040613909	-34.447856753637936	0.6486655738528831	1.5218552280210809	-0.8969738494131281	0.031475149613292765	0.2768103096489541	0.43802452353649207	1.0233692605034688	2.07603177739749	4.06907330724413	18.03381483363633	-20.866692446543446	-5953.31040613909
4214	-5987.735719262093	-5953.310822471536	-34.424896790556716	0.6486655738528831	1.5218552280210809	-0.8969738494131281	0.031475149613292765	0.2768103096489541	0.43802452353649207	1.0233692605034688	2.07603177739749	4.06907330724413	18.000436746141443	-20.843732483462226	-5953.310822471536
4216	-5986.389966861333	-5952.127355748971	-34.26261111236222	0.6486655738528831	1.5218552280210809	-0.8969738494131281	0.031475149613292765	0.5829995424293749	0.43802452353649207	1.0233692605034688	2.07603177739749	4.06907330724413	17.836689882569452	-20.55230067912347	-5952.127355748971
4218	-5983.704929273233	-5950.429445754769	-33.27548351846289	0.6486655738528831	1.5218552280210809	-0.8969738494131281	0.031475149613292765	0.5829995424293749	0.43802452353649207	1.0233692605034688	2.07603177739749	3.682769007295968	16.143333809035074	-19.56517308522414	-5950.429445754769
4220	-5983.706514733211	-5950.429445754769	-33.277068978442415	0.6486655738528831	1.5218552280210809	-0.8969738494131281	0.031475149613292765	0.5829995424293749	0.7385266335165729	1.0233692605034688	2.07603177739749	3.682769007295968	16.143333809035074	-19.56517308522414	-5950.429445754769
4222	-5983.706514733211	-5950.429445754769	-33.277068978442415	0.6486655738528831	1.5218552280210809	-0.8969738494131281	0.031475149613292765	0.5829995424293749	0.7385266335165729	1.0233692605034688	2.07603177739749	3.682769007295968	16.143333809035074	-19.56517308522414	-5950.429445754769
4224	-5983.7150917737235	-5950.429445754769	-33.285646018954196	0.6486655738528831	1.5218552280210809	-0.8969738494131281	0.031475149613292765	0.3088051052909149	0.7385266335165729	1.0233692605034688	2.07603177739749	3.682769007295968	16.143333809035074	-19.615778104566203	-5950.429445754769
4226	-5983.623699658294	-5950.429445754769	-33.19425390352413	0.6486655738528831	1.5218552280210809	-0.8969738494131281	0.031475149613292765	0.3088051052909149	0.35212208764723285	1.0233692605034688	2.07603177739749	3.682769007295968	16.143333809035074	-19.615778104566203	-5950.429445754769
4228	-5983.623699658294	-5950.429445754769	-33.19425390352413	0.6486655738528831	1.5218552280210809	-0.8969738494131281	0.031475149613292765	0.3088051052909149	0.35212208764723285	1.0233692605034688	2.07603177739749	3.682769007295968	16.143333809035074	-19.615778104566203	-5950.429445754769
4230	-5984.00554284372	-5950.78923760195	-33.216305241769646	0.6486655738528831	1.5218552280210809	-0.8969738494131281	0.031475149613292765	0.3088051052909149	0.35212208764723285	1.0233692605034688	2.07603177739749	3.682769007295968	16.14941707243724	-19.63782944281172	-5950.78923760195
4232	-5983.527829996783	-5950.275340129917	-33.25248986686587	0.6486655738528831	1.5218552280210809	-0.8969738494131281	0.031475149613292765	0.3088051052909149	0.35212208764723285	1.0233692605034688	2.07603177739749	3.682769007295968	16.174700314608305	-19.674014067907947	-5950.275340129917
4234	-5983.58025970894	-5950.2772657779105	-33.302993931029135	0.6486655738528831	1.5218552280210809	-0.8969738494131281	0.041653367876912886	0.3088051052909149	0.35212208764723285	1.0233692605034688	2.07603177739749	3.811780423116746	16.43272314624986	-19.715016377448976	-5950.2772657779105
4236	-5983.60287965399	-5950.268091880185	-33.334787773805544	0.6486655738528831	1.5218552280210809	-0.8969738494131281	0.041653367876912886	0.3088051052909149	0.35212208764723285	1.0233692605034688	2.07603177739749	3.811780423116746	16.43045389309352	-19.74681022022538	-5950.268091880185
4238	-5983.60287965399	-5950.268091880185	-33.334787773805544	0.6486655738528831	1.5218552280210809	-0.8969738494131281	0.041653367876912886	0.3088051052909149	0.35212208764723285	1.0233692605034688	2.07603177739749	3.811780423116746	16.43045389309352	-19.74681022022538	-5950.268091880185
4240	-5983.60287965399	-5950.268091880185	-33.334787773805544	0.6486655738528831	1.5218552280210809	-0.8969738494131281	0.041653367876912886	0.3088051052909149	0.35212208764723285	1.0233692605034688	2.07603177739749	3.811780423116746	16.43045389309352	-19.74681022022538	-5950.268091880185
4242	-5983.471340637228	-5950.627053644179	-32.84428699304951	0.6486655738528831	1.5218552280210809	-0.8969738494131281	0.041653367876912886	0.3088051052909149	0.35212208764723285	1.0233692605034688	2.07603177739749	3.6392768374182594	15.68688739749387	-19.25630943946934	-5950.627053644179
4244	-5983.471340637228	-5950.627053644179	-32.84428699304951	0.6486655738528831	1.5218552280210809	-0.8969738494131281	0.041653367876912886	0.3088051052909149	0.35212208764723285	1.0233692605034688	2.07603177739749	3.6392768374182594	15.68688739749387	-19.25630943946934	-5950.627053644179
4246	-5983.471340637228	-5950.627053644179	-32.84428699304951	0.6486655738528831	1.5218552280210809	-0.8969738494131281	0.041653367876912886	0.3088051052909149	0.35212208764723285	1.0233692605034688	2.07603177739749	3.6392768374182594	15.68688739749387	-19.25630943946934	-5950.627053644179
4248	-5983.476527847176	-5950.627053644179	-32.849474202997136	0.813026012888198	1.5218552280210809	-0.8969738494131281	0.041653367876912886	0.3088051052909149	0.35212208764723285	1.0233692605034688	2.07603177739749	3.6392768374182594	15.68688739749387	-19.271385171911717	-5950.627053644179
4250	-5983.476527847176	-5950.627053644179	-32.849474202997136	0.813026012888198	1.5218552280210809	-0.8969738494131281	0.041653367876912886	0.3088051052909149	0.35212208764723285	1.0233692605034688	2.07603177739749	3.6392768374182594	15.68688739749387	-19.271385171911717	-5950.627053644179
4252	-5984.205648019115	-5950.565934432177	-33.63971358693828	0.813026012888198	1.5218552280210809	-0.8969738494131281	0.041653367876912886	0.3088051052909149	0.35212208764723285	1.0233692605034688	2.07603177739749	3.9354502710890342	16.96352545271214	-20.06162455585286	-5950.565934432177
4254	-5984.205648019115	-5950.565934432177	-33.63971358693828	0.813026012888198	1.5218552280210809	-0.8969738494131281	0.041653367876912886	0.3088051052909149	0.35212208764723285	1.0233692605034688	2.07603177739749	3.9354502710890342	16.96352545271214	-20.06162455585286	-5950.565934432177
4256	-5984.69215498404	-5951.017355924279	-33.674799059760446	0.813026012888198	1.5218552280210809	-0.8969738494131281	0.041653367876912886	0.13415726861500893	0.35212208764723285	1.0233692605034688	2.07603177739749	3.9354502710890342	16.93445100403547	-20.112575088153125	-5951.017355924279
4258	-5984.615875323717	-5951.014254910282	-33.60162041343494	0.813026012888198	1.5218552280210809	-0.8969738494131281	0.041653367876912886	0.13415726861500893	0.35212208764723285	1.0233692605034688	2.07603177739749	3.692298358531919	16.44814717892124	-20.03939644182762	-5951.014254910282
4260	-5983.485993239167	-5950.143367135963	-33.34262610320433	0.813026012888198	1.5218552280210809	-0.37033828282601444	0.041653367876912886	0.13415726861500893	0.35212208764723285	1.0233692605034688	2.07603177739749	3.692298358531919	16.624443115687527	-20.469749919393617	-5950.143367135963
4262	-5982.248835174058	-5949.778699115196	-32.47013605886127	0.813026012888198	1.5218552280210809	-0.37033828282601444	0.041653367876912886	0.13415726861500893	0.35212208764723285	0.5735652619339627	2.07603177739749	3.2494127071070573	14.630366092671897	-19.381760014065847	-5949.778699115196
4264	-5981.951159233973	-5949.461555772251	-32.48960346172241	0.813026012888198	1.5218552280210809	-0.37033828282601444	0.041653367876912886	0.13415726861500893	0.35212208764723285	0.5735652619339627	2.07603177739749	3.2494127071070573	14.63475482612389	-19.40122741692699	-5949.461555772251
4266	-5981.911142730438	-5949.437522017203	-32.473620713234666	0.813026012888198	1.5218552280210809	-0.37033828282601444	0.041653367876912886	0.13415726861500893	0.35212208764723285	0.5735652619339627	2.07603177739749	3.2494127071070573	14.624111412426915	-19.385244668439245	-5949.437522017203
4268	-5982.029825509642	-5948.858128171049	-33.171697338593276	0.813026012888198	1.5218552280210809	-0.37033828282601444	0.041653367876912886	0.13415726861500893	0.35212208764723285	0.5735652619339627	2.07603177739749	3.426297703883604	15.42018939119189	-20.083321293797855	-5948.858128171049
4270	-5982.029825509642	-5948.858128171049	-33.171697338593276	0.813026012888198	1.5218552280210809	-0.37033828282601444	0.041653367876912886	0.13415726861500893	0.35212208764723285	0.5735652619339627	2.07603177739749	3.426297703883604	15.42018939119189	-20.083321293797855	-5948.858128171049
4272	-5982.5790307935	-5949.750646203175	-32.82838459032491	0.813026012888198	1.5218552280210809	-0.37033828282601444	0.041653367876912886	0.13415726861500893	0.35212208764723285	0.5735652619339627	2.07603177739749	3.426297703883604	15.200192887299306	-19.740008545529484	-5949.750646203175
4274	-5982.486022850503	-5949.6446033383745	-32.84141951212901	0.813026012888198	1.5218552280210809	-0.37033828282601444	0.041653367876912886	0.13415726861500893	0.35212208764723285	0.5735652619339627	2.07603177739749	3.426297703883604	15.203041773218647	-19.753043467333587	-5949.6446033383745
4276	-5982.486022850503	-5949.6446033383745	-32.84141951212901	0.813026012888198	1.5218552280210809	-0.37033828282601444	0.041653367876912886	0.13415726861500893	0.35212208764723285	0.5735652619339627	2.07603177739749	3.426297703883604	15.203041773218647	-19.753043467333587	-5949.6446033383745
4278	-5982.8568749275255	-5949.653531986006	-33.20334294151923	0.813026012888198	1.5218552280210809	-0.5900201598313617	0.041653367876912886	0.13415726861500893	0.35212208764723285	0.5735652619339627	2.07603177739749	3.426297703883604	15.391033592854166	-19.89484306140411	-5949.653531986006
4280	-5982.214545891898	-5949.6335204688585	-32.581025423039236	0.813026012888198	1.5218552280210809	-0.5900201598313617	0.041653367876912886	0.13415726861500893	0.35212208764723285	0.9140943280532069	2.07603177739749	3.426297703883604	15.391033592854166	-19.472883374433486	-5949.6335204688585
4282	-5981.884710386308	-5949.708865236498	-32.17584514980996	0.813026012888198	0.8287602641479861	-0.5900201598313617	0.041653367876912886	0.13415726861500893	0.35212208764723285	0.9140943280532069	2.07603177739749	3.426297703883604	15.331640375456724	-19.318798745985806	-5949.708865236498
4284	-5981.848178314779	-5949.707117921984	-32.14106039279523	0.813026012888198	0.8287602641479861	-0.5900201598313617	0.041653367876912886	0.13415726861500893	0.35212208764723285	0.9140943280532069	2.07603177739749	3.3077733025677047	15.094591572824925	-19.28401398897108	-5949.707117921984
4286	-5981.848178314779	-5949.707117921984	-32.14106039279523	0.813026012888198	0.8287602641479861	-0.5900201598313617	0.041653367876912886	0.13415726861500893	0.35212208764723285	0.9140943280532069	2.07603177739749	3.3077733025677047	15.094591572824925	-19.28401398897108	-5949.707117921984
4288	-5981.887504425224	-5949.746444032428	-32.14106039279523	0.813026012888198	0.8287602641479861	-0.5900201598313617	0.041653367876912886	0.13415726861500893	0.35212208764723285	0.9140943280532069	2.07603177739749	3.3077733025677047	15.094591572824925	-19.28401398897108	-5949.746444032428
4290	-5981.887504425224	-5949.746444032428	-32.14106039279523	0.813026012888198	0.8287602641479861	-0.5900201598313617	0.041653367876912886	0.13415726861500893	0.35212208764723285	0.9140943280532069	2.07603177739749	3.3077733025677047	15.094591572824925	-19.28401398897108	-5949.746444032428
4292	-5981.887504425224	-5949.746444032428	-32.14106039279523	0.813026012888198	0.8287602641479861	-0.5900201598313617	0.041653367876912886	0.13415726861500893	0.35212208764723285	0.9140943280532069	2.07603177739749	3.3077733025677047	15.094591572824925	-19.28401398897108	-5949.746444032428
4294	-5981.887504425224	-5949.746444032428	-32.14106039279523	0.813026012888198	0.8287602641479861	-0.5900201598313617	0.041653367876912886	0.13415726861500893	0.35212208764723285	0.9140943280532069	2.07603177739749	3.3077733025677047	15.094591572824925	-19.28401398897108	-5949.746444032428
4296	-5981.894933185508	-5949.665447172847	-32.229486012661106	0.813026012888198	0.8287602641479861	-0.5900201598313617	0.041653367876912886	0.13415726861500893	0.35212208764723285	0.9140943280532069	2.07603177739749	3.3077733025677047	15.15016305614958	-19.372439608836952	-5949.665447172847
4298	-5982.358512746249	-5949.665447172847	-32.69306557340215	0.813026012888198	0.8287602641479861	-0.5900201598313617	0.041653367876912886	0.13415726861500893	0.35212208764723285	0.55336462546738	2.07603177739749	3.3077733025677047	15.15016305614958	-19.61648887581907	-5949.665447172847
4300	-5982.827158055185	-5950.055343745792	-32.77181430939247	0.813026012888198	0.8287602641479861	-0.5900201598313617	0.041653367876912886	0.13415726861500893	0.35212208764723285	0.55336462546738	2.07603177739749	3.3077733025677047	15.168156261936034	-19.695237611809386	-5950.055343745792
4302	-5984.6775777431085	-5950.827003941933	-33.85057380117499	0.813026012888198	0.8287602641479861	-0.5900201598313617	0.041653367876912886	0.13415726861500893	0.35212208764723285	0.55336462546738	2.07603177739749	3.587906072029317	16.452735715426446	-20.773997103591906	-5950.827003941933
4304	-5984.6775777431085	-5950.827003941933	-33.85057380117499	0.813026012888198	0.8287602641479861	-0.5900201598313617	0.041653367876912886	0.13415726861500893	0.35212208764723285	0.55336462546738	2.07603177739749	3.587906072029317	16.452735715426446	-20.773997103591906	-5950.827003941933
4306	-5982.852007427927	-5949.9952891587845	-32.85671826914263	0.813026012888198	0.8287602641479861	-0.5900201598313617	0.041653367876912886	0.13415726861500893	0.35212208764723285	0.55336462546738	2.07603177739749	3.329777314922632	15.269058067247176	-19.78014157155955	-5949.9952891587845
4308	-5982.852007427927	-5949.9952891587845	-32.85671826914263	0.813026012888198	0.8287602641479861	-0.5900201598313617	0.041653367876912886	0.13415726861500893	0.35212208764723285	0.55336462546738	2.07603177739749	3.329777314922632	15.269058067247176	-19.78014157155955	-5949.9952891587845
4310	-5982.831172517579	-5949.992540278725	-32.838632238854295	0.813026012888198	0.8287602641479861	-0.5900201598313617	0.041653367876912886	0.13415726861500893	0.35212208764723285	0.55336462546738	2.07603177739749	3.329777314922632	15.243789148864801	-19.76205554127121	-5949.992540278725
4312	-5982.838761418155	-5949.993554488817	-32.84520692933778	0.813026012888198	0.8287602641479861	-0.5900201598313617	0.041653367876912886	0.13415726861500893	0.35212208764723285	0.55336462546738	2.07603177739749	3.329777314922632	15.25292204000055	-19.768630231754692	-5949.993554488817
4314	-5982.898637997685	-5949.993554488817	-32.90508350886807	0.813026012888198	0.8287602641479861	-0.5900201598313617	0.0132531631385145	0.13415726861500893	0.5934404599124882	0.55336462546738	2.07603177739749	3.329777314922632	15.25292204000055	-19.764326989248808	-5949.993554488817
4316	-5982.899634314288	-5949.994973643657	-32.904660670631024	0.813026012888198	0.8287602641479861	-0.5900201598313617	0.0132531631385145	0.13415726861500893	0.5934404599124882	0.55336462546738	2.07603177739749	3.329777314922632	15.252618438567564	-19.763904151011765	-5949.994973643657
4318	-5982.376622948834	-5949.484781151175	-32.89184179765838	0.813026012888198	0.8287602641479861	-0.5900201598313617	0.0132531631385145	0.13415726861500893	0.5934404599124882	0.55336462546738	2.07603177739749	3.329777314922632	15.249522905847122	-19.75108527803912	-5949.484781151175
4320	-5982.449954711924	-5949.510509393573	-32.939445318350934	0.813026012888198	0.8287602641479861	-0.5900201598313617	0.0132531631385145	0.13415726861500893	0.5934404599124882	0.55336462546738	2.07603177739749	3.329777314922632	15.29578509992484	-19.798688798731675	-5949.510509393573
4322	-5982.449954711924	-5949.510509393573	-32.939445318350934	0.813026012888198	0.8287602641479861	-0.5900201598313617	0.0132531631385145	0.13415726861500893	0.5934404599124882	0.55336462546738	2.07603177739749	3.329777314922632	15.29578509992484	-19.798688798731675	-5949.510509393573
4324	-5982.385419307294	-5949.513227225191	-32.87219208210275	0.813026012888198	0.8287602641479861	-0.5900201598313617	0.0132531631385145	0.13415726861500893	0.5934404599124882	0.55336462546738	2.07603177739749	3.329777314922632	15.233351219952619	-19.73143556248349	-5949.513227225191
4326	-5982.482390813803	-5949.481015212868	-33.00137560093444	0.813026012888198	0.8287602641479861	-0.5900201598313617	0.0132531631385145	0.13415726861500893	0.5934404599124882	0.55336462546738	2.07603177739749	3.329777314922632	15.433215299921581	-19.86061908131518	-5949.481015212868
4328	-5981.829342318595	-5949.481015212868	-32.34832710572625	0.813026012888198	0.8287602641479861	-0.5900201598313617	0.0132531631385145	0.13415726861500893	0.5934404599124882	0.55336462546738	1.5595546001493876	3.329777314922632	15.433215299921581	-19.86061908131518	-5949.481015212868
4330	-5981.323233409056	-5949.481015212868	-31.842218196187808	0.813026012888198	0.8287602641479861	-0.5900201598313617	0.0132531631385145	0.13415726861500893	0.5934404599124882	0.55336462546738	0.5675225233936572	3.329777314922632	15.433215299921581	-19.86061908131518	-5949.481015212868
4332	-5981.367907880088	-5949.481015212868	-31.886892667219442	0.813026012888198	0.8287602641479861	-0.5900201598313617	0.0132531631385145	0.13415726861500893	0.5934404599124882	0.55336462546738	0.254116587650994	3.329777314922632	15.433215299921581	-19.86061908131518	-5949.481015212868
4334	-5981.343895034662	-5949.471887589578	-31.87200744508386	0.813026012888198	0.8287602641479861	-0.5900201598313617	0.0132531631385145	0.13415726861500893	0.5934404599124882	0.55336462546738	0.254116587650994	3.329777314922632	15.42961840584827	-19.8457338591796	-5949.471887589578
4336	-5981.689334614809	-5949.471887589578	-32.21744702523085	0.813026012888198	0.8287602641479861	-0.5900201598313617	0.0132531631385145	0.13415726861500893	1.0837994170595537	0.55336462546738	0.254116587650994	3.329777314922632	15.42961840584827	-19.8457338591796	-5949.471887589578
4338	-5981.689334614809	-5949.471887589578	-32.21744702523085	0.813026012888198	0.8287602641479861	-0.5900201598313617	0.0132531631385145	0.13415726861500893	1.0837994170595537	0.55336462546738	0.254116587650994	3.329777314922632	15.42961840584827	-19.8457338591796	-5949.471887589578
4340	-5981.689334614809	-5949.471887589578	-32.21744702523085	0.813026012888198	0.8287602641479861	-0.5900201598313617	0.0132531631385145	0.13415726861500893	1.0837994170595537	0.55336462546738	0.254116587650994	3.329777314922632	15.42961840584827	-19.8457338591796	-5949.471887589578
4342	-5981.689334614809	-5949.471887589578	-32.21744702523085	0.813026012888198	0.8287602641479861	-0.5900201598313617	0.0132531631385145	0.13415726861500893	1.0837994170595537	0.55336462546738	0.254116587650994	3.329777314922632	15.42961840584827	-19.8457338591796	-5949.471887589578
4344	-5981.737168925583	-5949.469807257977	-32.267361667606174	0.813026012888198	0.8287602641479861	-0.5900201598313617	0.0132531631385145	0.13415726861500893	1.0837994170595537	0.55336462546738	0.254116587650994	3.329777314922632	15.47621696493722	-19.895648501554927	-5949.469807257977
4346	-5981.920987743722	-5949.464221141228	-32.456766602494525	0.813026012888198	0.8287602641479861	-0.5900201598313617	0.0132531631385145	0.13415726861500893	1.0837994170595537	0.55336462546738	0.254116587650994	3.329777314922632	15.652738183284715	-20.08505343644328	-5949.464221141228
4348	-5981.920987743722	-5949.464221141228	-32.456766602494525	0.813026012888198	0.8287602641479861	-0.5900201598313617	0.0132531631385145	0.13415726861500893	1.0837994170595537	0.55336462546738	0.254116587650994	3.329777314922632	15.652738183284715	-20.08505343644328	-5949.464221141228
4350	-5981.926476391326	-5949.464184928602	-32.46229146272404	0.813026012888198	0.8287602641479861	-0.5900201598313617	0.028752329081749798	0.13415726861500893	1.0837994170595537	0.55336462546738	0.254116587650994	3.329777314922632	15.643042829682539	-20.081107951258485	-5949.464184928602
4352	-5981.926476391326	-5949.464184928602	-32.46229146272404	0.813026012888198	0.8287602641479861	-0.5900201598313617	0.028752329081749798	0.13415726861500893	1.0837994170595537	0.55336462546738	0.254116587650994	3.329777314922632	15.643042829682539	-20.081107951258485	-5949.464184928602
4354	-5981.879179444589	-5949.411983061373	-32.467196383215786	0.813026012888198	0.8287602641479861	-0.5900201598313617	0.028752329081749798	0.13415726861500893	1.0837994170595537	0.55336462546738	0.254116587650994	3.329777314922632	15.644219835209533	-20.08601287175023	-5949.411983061373
4356	-5981.879179444589	-5949.411983061373	-32.467196383215786	0.813026012888198	0.8287602641479861	-0.5900201598313617	0.028752329081749798	0.13415726861500893	1.0837994170595537	0.55336462546738	0.254116587650994	3.329777314922632	15.644219835209533	-20.08601287175023	-5949.411983061373
4358	-5981.856693667772	-5949.411983061373	-32.44471060639888	0.813026012888198	0.4930868817407279	-0.5900201598313617	0.028752329081749798	0.13415726861500893	1.0837994170595537	0.55336462546738	0.254116587650994	3.329777314922632	15.644219835209533	-20.01247035444498	-5949.411983061373
4360	-5981.865825371251	-5949.468801961371	-32.39702340987958	0.813026012888198	0.4930868817407279	-0.5900201598313617	0.028752329081749798	0.13415726861500893	1.0837994170595537	0.55336462546738	0.6237808472939297	3.329777314922632	15.642946023793456	-20.007078629846	-5949.468801961371
4362	-5982.045062024393	-5949.468801961371	-32.576260063021095	0.813026012888198	0.4930868817407279	-0.5900201598313617	0.028752329081749798	0.13415726861500893	1.0837994170595537	0.55336462546738	1.156217634566074	3.329777314922632	15.642946023793456	-20.007078629846	-5949.468801961371
4364	-5981.68934052444	-5949.468801961371	-32.22053856306847	0.3804788245093047	0.4930868817407279	-0.5900201598313617	0.028752329081749798	0.13415726861500893	1.0837994170595537	0.55336462546738	1.156217634566074	3.329777314922632	15.642946023793456	-19.95432094730281	-5949.468801961371
4366	-5981.68934052444	-5949.468801961371	-32.22053856306847	0.3804788245093047	0.4930868817407279	-0.5900201598313617	0.028752329081749798	0.13415726861500893	1.0837994170595537	0.55336462546738	1.156217634566074	3.329777314922632	15.642946023793456	-19.95432094730281	-5949.468801961371
4368	-5981.68934052444	-5949.468801961371	-32.22053856306847	0.3804788245093047	0.4930868817407279	-0.5900201598313617	0.028752329081749798	0.13415726861500893	1.0837994170595537	0.55336462546738	1.156217634566074	3.329777314922632	15.642946023793456	-19.95432094730281	-5949.468801961371
4370	-5982.058314189783	-5949.479243451878	-32.579070737905326	0.3804788245093047	0.4930868817407279	-0.5900201598313617	0.028752329081749798	0.13415726861500893	1.0837994170595537	0.55336462546738	1.156217634566074	4.550928741160588	17.97660228562973	-20.31285312213966	-5949.479243451878
4372	-5982.057628462713	-5949.4781116433	-32.579516819413655	0.3804788245093047	0.4930868817407279	-0.5900201598313617	0.028752329081749798	0.13415726861500893	1.0837994170595537	0.55336462546738	1.156217634566074	4.550928741160588	17.97660228562973	-20.313299203647986	-5949.4781116433
4374	-5983.166917498285	-5949.674050992663	-33.492866505621826	0.3804788245093047	0.4930868817407279	-0.5900201598313617	0.028752329081749798	0.13415726861500893	1.0837994170595537	0.55336462546738	1.156217634566074	4.873256157653903	19.249826302443747	-21.22664888985616	-5949.674050992663
4376	-5983.166917498285	-5949.674050992663	-33.492866505621826	0.3804788245093047	0.4930868817407279	-0.5900201598313617	0.028752329081749798	0.13415726861500893	1.0837994170595537	0.55336462546738	1.156217634566074	4.873256157653903	19.249826302443747	-21.22664888985616	-5949.674050992663
4378	-5983.253553125345	-5950.019371097144	-33.23418202820093	0.3804788245093047	0.4930868817407279	-0.5900201598313617	0.028752329081749798	0.13415726861500893	1.0837994170595537	0.55336462546738	1.156217634566074	4.873256157653903	19.110050182276783	-20.96796441243526	-5950.019371097144
4380	-5983.257286919135	-5950.02994549829	-33.22734142084603	0.3804788245093047	0.4930868817407279	-0.5900201598313617	0.028752329081749798	0.13415726861500893	1.0837994170595537	0.55336462546738	1.156217634566074	4.873256157653903	19.10844087628777	-20.961123805080362	-5950.02994549829
4382	-5983.257286919135	-5950.02994549829	-33.22734142084603	0.3804788245093047	0.4930868817407279	-0.5900201598313617	0.028752329081749798	0.13415726861500893	1.0837994170595537	0.55336462546738	1.156217634566074	4.873256157653903	19.10844087628777	-20.961123805080362	-5950.02994549829
4384	-5982.879471292433	-5950.439209203937	-32.440262088495544	0.3804788245093047	0.4930868817407279	-0.5900201598313617	0.028752329081749798	0.13415726861500893	1.0837994170595537	0.55336462546738	1.156217634566074	4.60544166232274	18.011653579338155	-20.174044472729882	-5950.439209203937
4386	-5982.879471292433	-5950.439209203937	-32.440262088495544	0.3804788245093047	0.4930868817407279	-0.5900201598313617	0.028752329081749798	0.13415726861500893	1.0837994170595537	0.55336462546738	1.156217634566074	4.60544166232274	18.011653579338155	-20.174044472729882	-5950.439209203937
4388	-5983.70059553357	-5950.439209203937	-33.26138632963274	1.0839277961998026	0.4930868817407279	-0.5900201598313617	0.028752329081749798	0.13415726861500893	1.0837994170595537	0.55336462546738	1.156217634566074	4.60544166232274	18.011653579338155	-20.31189484230709	-5950.439209203937
4390	-5983.602506132148	-5950.387596240027	-33.21490989212071	1.0839277961998026	0.9450254059658059	-0.5900201598313617	0.028752329081749798	0.13415726861500893	1.0837994170595537	0.55336462546738	1.156217634566074	4.60544166232274	17.973106919848778	-20.430317960888114	-5950.387596240027
4392	-5983.330253150473	-5950.387596240027	-32.942656910446495	1.0839277961998026	0.9450254059658059	-0.2923257511895166	0.028752329081749798	0.13415726861500893	1.0837994170595537	0.55336462546738	1.156217634566074	4.60544166232274	17.973106919848778	-20.429293831015876	-5950.387596240027
4394	-5983.063236420875	-5950.387596240027	-32.67564018084754	1.0839277961998026	0.9450254059658059	-0.2923257511895166	0.028752329081749798	0.13415726861500893	0.7406115133066081	0.55336462546738	1.156217634566074	4.60544166232274	17.973106919848778	-20.429293831015876	-5950.387596240027
4396	-5983.063236420875	-5950.387596240027	-32.67564018084754	1.0839277961998026	0.9450254059658059	-0.2923257511895166	0.028752329081749798	0.13415726861500893	0.7406115133066081	0.55336462546738	1.156217634566074	4.60544166232274	17.973106919848778	-20.429293831015876	-5950.387596240027
4398	-5983.02854335557	-5950.3534771939485	-32.67506616162132	1.0839277961998026	0.9450254059658059	-0.2923257511895166	0.028752329081749798	0.13415726861500893	0.7406115133066081	0.55336462546738	1.156217634566074	4.60544166232274	17.973106919848778	-20.42871981178966	-5950.3534771939485
4400	-5983.02854335557	-5950.3534771939485	-32.67506616162132	1.0839277961998026	0.9450254059658059	-0.2923257511895166	0.028752329081749798	0.13415726861500893	0.7406115133066081	0.55336462546738	1.156217634566074	4.60544166232274	17.973106919848778	-20.42871981178966	-5950.3534771939485
4402	-5985.834341232344	-5950.338440311317	-35.49590092102666	1.0839277961998026	0.9450254059658059	-0.2923257511895166	0.028752329081749798	0.13415726861500893	0.7406115133066081	0.55336462546738	1.156217634566074	11.94914387485284	32.66051134490898	-23.249554571195002	-5950.338440311317
4404	-5985.846652251069	-5950.333431713834	-35.513220537234275	1.0839277961998026	0.9450254059658059	-0.2923257511895166	0.028752329081749798	0.13415726861500893	0.7406115133066081	0.55336462546738	1.156217634566074	11.94914387485284	32.66051134490898	-23.266874187402614	-5950.333431713834
4406	-5987.0149324369895	-5950.0930814873755	-36.921850949614	1.0839277961998026	0.9450254059658059	-0.2923257511895166	0.028752329081749798	0.13415726861500893	0.7406115133066081	0.55336462546738	1.156217634566074	12.977833000430998	35.47222013410821	-24.67550459978234	-5950.0930814873755
4408	-5987.0149324369895	-5950.0930814873755	-36.921850949614	1.0839277961998026	0.9450254059658059	-0.2923257511895166	0.028752329081749798	0.13415726861500893	0.7406115133066081	0.55336462546738	1.156217634566074	12.977833000430998	35.47222013410821	-24.67550459978234	-5950.0930814873755
4410	-5988.659001264917	-5950.0930814873755	-38.56591977754096	1.0839277961998026	0.9450254059658059	-0.2923257511895166	0.028752329081749798	0.13415726861500893	0.7406115133066081	0.3151148872235396	1.156217634566074	12.977833000430998	35.47222013410821	-26.251019895489772	-5950.0930814873755
4412	-5988.659001264917	-5950.0930814873755	-38.56591977754096	1.0839277961998026	0.9450254059658059	-0.2923257511895166	0.028752329081749798	0.13415726861500893	0.7406115133066081	0.3151148872235396	1.156217634566074	12.977833000430998	35.47222013410821	-26.251019895489772	-5950.0930814873755
4414	-5988.4960321673225	-5949.960463292439	-38.53556887488293	1.0839277961998026	0.9450254059658059	-0.2923257511895166	0.028752329081749798	0.13415726861500893	0.7406115133066081	0.3151148872235396	1.156217634566074	12.977833000430998	35.45829323230511	-26.220668992831733	-5949.960463292439
4416	-5989.264064108825	-5950.342168329627	-38.92189577919689	1.0839277961998026	0.9450254059658059	-0.2923257511895166	0.028752329081749798	0.13415726861500893	0.7406115133066081	0.3151148872235396	1.156217634566074	13.217904900276313	36.11422244801232	-26.606995897145698	-5950.342168329627
4418	-5989.848724622509	-5950.7990261302075	-39.04969849230113	1.0839277961998026	0.9450254059658059	-0.2923257511895166	0.028752329081749798	0.13415726861500893	0.7406115133066081	0.3151148872235396	1.156217634566074	13.217904900276313	36.177334095379415	-26.734798610249946	-5950.7990261302075
4420	-5987.638425333147	-5950.102697565758	-37.53572776738956	1.0839277961998026	0.9450254059658059	-0.2923257511895166	0.028752329081749798	0.13415726861500893	0.7406115133066081	0.3151148872235396	1.156217634566074	12.220478064465725	33.524187063996344	-25.220827885338373	-5950.102697565758
4422	-5988.570067270944	-5950.6446714575195	-37.92539581342396	1.0839277961998026	0.9450254059658059	-0.2923257511895166	0.028752329081749798	0.13415726861500893	0.7406115133066081	0.3151148872235396	1.156217634566074	12.220478064465725	33.89539603279048	-25.610495931372768	-5950.6446714575195
4424	-5988.235185409433	-5950.6446714575195	-37.59051395191372	1.0839277961998026	0.571148744605216	-0.2923257511895166	0.028752329081749798	0.13415726861500893	0.7406115133066081	0.3151148872235396	1.156217634566074	12.220478064465725	33.89539603279048	-25.15378982899177	-5950.6446714575195
4426	-5989.5088757178555	-5950.6446714575195	-38.86420426033631	1.4791034731779047	0.571148744605216	-0.2923257511895166	0.028752329081749798	0.13415726861500893	0.7406115133066081	0.3151148872235396	1.156217634566074	12.220478064465725	33.89539603279048	-25.640336612226537	-5950.6446714575195
4428	-5989.5088757178555	-5950.6446714575195	-38.86420426033631	1.4791034731779047	0.571148744605216	-0.2923257511895166	0.028752329081749798	0.13415726861500893	0.7406115133066081	0.3151148872235396	1.156217634566074	12.220478064465725	33.89539603279048	-25.640336612226537	-5950.6446714575195
4430	-5988.98483821712	-5950.6446714575195	-38.340166759601004	1.4791034731779047	0.571148744605216	-0.2923257511895166	0.028752329081749798	0.2983687462856337	0.7406115133066081	0.3151148872235396	1.156217634566074	12.220478064465725	33.89539603279048	-25.166890286433365	-5950.6446714575195
4432	-5989.59861547333	-5951.229285139637	-38.36933033369273	1.4791034731779047	0.571148744605216	-0.2923257511895166	0.028752329081749798	0.2983687462856337	0.7406115133066081	0.3151148872235396	1.156217634566074	12.220478064465725	33.89539603279048	-25.196053860525087	-5951.229285139637
4434	-5989.368388295977	-5951.222773380181	-38.145614915795406	1.4791034731779047	0.571148744605216	-0.2923257511895166	0.028752329081749798	0.2983687462856337	0.7406115133066081	0.3151148872235396	1.156217634566074	12.220478064465725	33.63280439298712	-24.97233844262777	-5951.222773380181
4436	-5987.121772975192	-5951.22277326864	-35.898999706551976	1.4791034731779047	0.571148744605216	-0.2923257511895166	0.028752329081749798	0.2983687462856337	0.7406115133066081	0.3151148872235396	1.156217634566074	7.251864669351088	23.695577602757847	-22.725723233384336	-5951.22277326864
4438	-5988.270553221242	-5951.545059043967	-36.72549417727487	1.4791034731779047	0.571148744605216	-0.2923257511895166	0.028752329081749798	0.2983687462856337	0.7406115133066081	0.3151148872235396	1.156217634566074	7.606050529570755	24.852885263517834	-23.55221770410723	-5951.545059043967
4440	-5988.270553221242	-5951.545059043967	-36.72549417727487	1.4791034731779047	0.571148744605216	-0.2923257511895166	0.028752329081749798	0.2983687462856337	0.7406115133066081	0.3151148872235396	1.156217634566074	7.606050529570755	24.852885263517834	-23.55221770410723	-5951.545059043967
4442	-5988.270553221242	-5951.545059043967	-36.72549417727487	1.4791034731779047	0.571148744605216	-0.2923257511895166	0.028752329081749798	0.2983687462856337	0.7406115133066081	0.3151148872235396	1.156217634566074	7.606050529570755	24.852885263517834	-23.55221770410723	-5951.545059043967
4444	-5989.066039359127	-5951.54505908905	-37.520980270077715	1.4791034731779047	0.571148744605216	-0.2923257511895166	0.028752329081749798	0.2983687462856337	0.7406115133066081	0.3151148872235396	1.156217634566074	9.365630881926046	28.372045968228413	-24.347703796910075	-5951.54505908905
4446	-5989.05824844792	-5951.541686962325	-37.51656148559521	1.4791034731779047	0.571148744605216	-0.2923257511895166	0.028752329081749798	0.2983687462856337	0.7406115133066081	0.3151148872235396	1.156217634566074	9.365630881926046	28.370900279833286	-24.34328501242757	-5951.541686962325
4448	-5990.017090968549	-5952.528653976178	-37.48843699237136	1.4791034731779047	0.571148744605216	-0.2923257511895166	0.028752329081749798	0.2983687462856337	0.7406115133066081	0.3151148872235396	1.156217634566074	9.365630881926046	28.370900279833286	-24.31516051920372	-5952.528653976178
4450	-5989.897818811866	-5952.528653976178	-37.36916483568768	1.4791034731779047	0.23661427581018046	-0.2923257511895166	0.028752329081749798	0.2983687462856337	0.35585370061274674	0.3151148872235396	1.156217634566074	9.365630881926046	28.370900279833286	-23.93232662680523	-5952.528653976178
4452	-5990.288358933743	-5952.864830589688	-37.42352834405568	1.4791034731779047	0.23661427581018046	-0.2923257511895166	0.028752329081749798	0.2983687462856337	0.35585370061274674	0.3151148872235396	1.156217634566074	9.365630881926046	28.406668263131245	-23.986690135173237	-5952.864830589688
4454	-5991.675377685198	-5953.732292442497	-37.943085242701194	1.4791034731779047	0.23661427581018046	-0.5702812620698627	0.028752329081749798	0.2983687462856337	0.35585370061274674	0.3151148872235396	1.156217634566074	9.365630881926046	28.496803360344487	-24.25848879244035	-5953.732292442497
4456	-5990.223758156331	-5953.573877610319	-36.64988054601265	1.4791034731779047	0.23661427581018046	-0.5702812620698627	0.028752329081749798	0.2983687462856337	0.35585370061274674	0.3151148872235396	1.156217634566074	8.697227654143344	26.471842821699333	-22.96528409575181	-5953.573877610319
4458	-5990.101305806533	-5953.564303933379	-36.537001873153365	1.4791034731779047	0.23661427581018046	-0.5702812620698627	0.028752329081749798	0.2983687462856337	0.35585370061274674	0.3151148872235396	1.156217634566074	8.697227654143344	26.381127864836845	-22.852405422892524	-5953.564303933379
4460	-5988.972196544362	-5952.409281599985	-36.562914944377574	1.4791034731779047	0.23661427581018046	-0.5702812620698627	0.028752329081749798	0.2983687462856337	0.35585370061274674	0.3151148872235396	1.156217634566074	8.697227654143344	26.38112786483684	-22.87831849411673	-5952.409281599985
4462	-5989.111151834552	-5952.419996193126	-36.691155641425766	1.4791034731779047	0.23661427581018046	-0.5702812620698627	0.028752329081749798	0.2983687462856337	0.35585370061274674	0.3151148872235396	1.156217634566074	8.697227654143344	26.48415639483914	-23.006559191164925	-5952.419996193126
4464	-5989.352716119686	-5952.433310680009	-36.919405439677874	1.4791034731779047	0.23661427581018046	-0.5702812620698627	0.028752329081749798	0.2983687462856337	0.35585370061274674	0.3151148872235396	1.156217634566074	8.697227654143344	26.666270100876854	-23.234808989417033	-5952.433310680009
4466	-5991.184179067608	-5953.706408478922	-37.47777058868628	1.4791034731779047	0.23661427581018046	-0.5702812620698627	0.028752329081749798	0.2983687462856337	0.35585370061274674	0.3151148872235396	1.156217634566074	8.697227654143344	26.995531610962423	-23.79317413842544	-5953.706408478922
4468	-5991.184179067608	-5953.706408478922	-37.47777058868628	1.4791034731779047	0.23661427581018046	-0.5702812620698627	0.028752329081749798	0.2983687462856337	0.35585370061274674	0.3151148872235396	1.156217634566074	8.697227654143344	26.995531610962423	-23.79317413842544	-5953.706408478922
4470	-5991.189547228533	-5953.706408478922	-37.48313874961175	1.4791034731779047	0.23661427581018046	-0.5702812620698627	0.07033151455733941	0.2983687462856337	0.35585370061274674	0.3151148872235396	1.156217634566074	8.697227654143344	26.995531610962423	-23.772770556225897	-5953.706408478922
4472	-5991.189547228533	-5953.706408478922	-37.48313874961175	1.4791034731779047	0.23661427581018046	-0.5702812620698627	0.07033151455733941	0.2983687462856337	0.35585370061274674	0.3151148872235396	1.156217634566074	8.697227654143344	26.995531610962423	-23.772770556225897	-5953.706408478922
4474	-5990.90282815873	-5953.689726012769	-37.21310214596116	1.4791034731779047	0.23661427581018046	-0.5702812620698627	0.07033151455733941	0.2983687462856337	0.35585370061274674	0.3151148872235396	1.156217634566074	8.697227654143344	26.7781076377229	-23.502733952575305	-5953.689726012769
4476	-5990.90282815873	-5953.689726012769	-37.21310214596116	1.4791034731779047	0.23661427581018046	-0.5702812620698627	0.07033151455733941	0.2983687462856337	0.35585370061274674	0.3151148872235396	1.156217634566074	8.697227654143344	26.7781076377229	-23.502733952575305	-5953.689726012769
4478	-5990.90282815873	-5953.689726012769	-37.21310214596116	1.4791034731779047	0.23661427581018046	-0.5702812620698627	0.07033151455733941	0.2983687462856337	0.35585370061274674	0.3151148872235396	1.156217634566074	8.697227654143344	26.7781076377229	-23.502733952575305	-5953.689726012769
4480	-5990.838394011745	-5953.68472135661	-37.15367265513527	1.4791034731779047	0.23661427581018046	-0.5702812620698627	0.07033151455733941	0.2983687462856337	0.35585370061274674	0.3151148872235396	1.156217634566074	8.697227654143344	26.73077341073212	-23.443304461749413	-5953.68472135661
4482	-5990.838394011745	-5953.68472135661	-37.15367265513527	1.4791034731779047	0.23661427581018046	-0.5702812620698627	0.07033151455733941	0.2983687462856337	0.35585370061274674	0.3151148872235396	1.156217634566074	8.697227654143344	26.73077341073212	-23.443304461749413	-5953.68472135661
4484	-5990.838394011745	-5953.68472135661	-37.15367265513527	1.4791034731779047	0.23661427581018046	-0.5702812620698627	0.07033151455733941	0.2983687462856337	0.35585370061274674	0.3151148872235396	1.156217634566074	8.697227654143344	26.73077341073212	-23.443304461749413	-5953.68472135661
4486	-5988.3828134215555	-5953.68472135661	-34.698092064945385	0.5361451025833917	0.23661427581018046	-0.5702812620698627	0.07033151455733941	0.2983687462856337	0.35585370061274674	0.3151148872235396	1.156217634566074	8.697227654143344	26.73077341073212	-22.664901972924948	-5953.68472135661
4488	-5988.171774023513	-5953.662025593127	-34.509748430385955	0.5361451025833917	0.23661427581018046	-0.5702812620698627	0.07033151455733941	0.2983687462856337	0.35585370061274674	0.3151148872235396	1.156217634566074	8.697227654143344	26.565990863528963	-22.476558338365518	-5953.662025593127
4490	-5988.171774023513	-5953.662025593127	-34.509748430385955	0.5361451025833917	0.23661427581018046	-0.5702812620698627	0.07033151455733941	0.2983687462856337	0.35585370061274674	0.3151148872235396	1.156217634566074	8.697227654143344	26.565990863528963	-22.476558338365518	-5953.662025593127
4492	-5987.751645845984	-5953.191179005429	-34.560466840555094	0.5361451025833917	0.23661427581018046	-0.5702812620698627	0.07033151455733941	0.2983687462856337	0.35585370061274674	0.3151148872235396	1.156217634566074	8.697227654143344	26.588750491742726	-22.52727674853466	-5953.191179005429
4494	-5987.747402291737	-5953.280347410126	-34.467054881610984	0.5361451025833917	0.23661427581018046	-0.5702812620698627	0.07033151455733941	0.2983687462856337	0.35585370061274674	0.3151148872235396	1.156217634566074	8.697227654143344	26.472553346797774	-22.43386478959055	-5953.280347410126
4496	-5987.049745263483	-5952.695105117247	-34.3546401462351	0.5361451025833917	0.23661427581018046	-0.5702812620698627	0.07033151455733941	0.2983687462856337	0.35585370061274674	0.3151148872235396	1.156217634566074	8.697227654143344	26.409618002197785	-22.321450054214665	-5952.695105117247
4498	-5987.049745263483	-5952.695105117247	-34.3546401462351	0.5361451025833917	0.23661427581018046	-0.5702812620698627	0.07033151455733941	0.2983687462856337	0.35585370061274674	0.3151148872235396	1.156217634566074	8.697227654143344	26.409618002197785	-22.321450054214665	-5952.695105117247
4500	-5986.711320277692	-5952.3929845447665	-34.318335732925306	0.5361451025833917	0.23661427581018046	-0.5702812620698627	0.07033151455733941	0.2983687462856337	0.35585370061274674	0.3151148872235396	1.156217634566074	8.697227654143344	26.384385002829468	-22.28514564090487	-5952.3929845447665
4502	-5987.110213334763	-5952.7639407079105	-34.346272626852596	0.5361451025833917	0.14078549890439507	-0.5702812620698627	0.07033151455733941	0.2983687462856337	0.35585370061274674	0.3151148872235396	1.156217634566074	8.697227654143344	26.415203798231346	-22.279787284815278	-5952.7639407079105
4504	-5987.505675838484	-5952.7639407079105	-34.741735130573716	0.5361451025833917	0.14078549890439507	-0.5702812620698627	0.07033151455733941	0.14353277250086446	0.35585370061274674	0.3151148872235396	1.156217634566074	8.697227654143344	26.415203798231346	-22.688573086255385	-5952.7639407079105
4506	-5989.768219280308	-5955.026484149734	-34.741735130573716	0.5361451025833917	0.14078549890439507	-0.5702812620698627	0.07033151455733941	0.14353277250086446	0.35585370061274674	0.3151148872235396	1.156217634566074	8.697227654143344	26.415203798231346	-22.688573086255385	-5955.026484149734
4508	-5990.032320208937	-5955.044464269046	-34.98785593989052	0.5361451025833917	0.14078549890439507	-0.5702812620698627	0.07033151455733941	0.11325528795589722	0.35585370061274674	0.3151148872235396	1.156217634566074	8.697227654143344	26.542322252018668	-22.931694437183427	-5955.044464269046
4510	-5990.122057305931	-5955.13036603785	-34.991691268081205	0.5361451025833917	0.14078549890439507	-0.5702812620698627	0.07033151455733941	0.11325528795589722	0.35585370061274674	0.3151148872235396	1.156217634566074	8.697227654143344	26.543262769037707	-22.935529765374113	-5955.13036603785
4512	-5990.166731646248	-5955.13036603785	-35.036365608398654	0.5361451025833917	0.36361189645065595	-0.5702812620698627	0.07033151455733941	0.11325528795589722	0.35585370061274674	0.3151148872235396	1.156217634566074	8.697227654143344	26.543262769037707	-23.043474860192948	-5955.13036603785
4514	-5990.618778562793	-5955.499103161512	-35.11967540128124	0.5361451025833917	0.36361189645065595	-0.5702812620698627	0.07033151455733941	0.11325528795589722	0.35585370061274674	0.3151148872235396	1.156217634566074	8.697227654143344	26.62190204353104	-23.126784653075532	-5955.499103161512
4516	-5990.618778562793	-5955.499103161512	-35.11967540128124	0.5361451025833917	0.36361189645065595	-0.5702812620698627	0.07033151455733941	0.11325528795589722	0.35585370061274674	0.3151148872235396	1.156217634566074	8.697227654143344	26.62190204353104	-23.126784653075532	-5955.499103161512
4518	-5990.884964327162	-5955.514836845114	-35.37012748204859	0.5361451025833917	0.36361189645065595	-0.5702812620698627	0.07033151455733941	0.11325528795589722	0.35585370061274674	0.3151148872235396	1.156217634566074	8.697227654143344	26.82577606027552	-23.377236733842885	-5955.514836845114
4520	-5990.884964327162	-5955.514836845114	-35.37012748204859	0.5361451025833917	0.36361189645065595	-0.5702812620698627	0.07033151455733941	0.11325528795589722	0.35585370061274674	0.3151148872235396	1.156217634566074	8.697227654143344	26.82577606027552	-23.377236733842885	-5955.514836845114
4522	-5990.536968671704	-5955.514836845114	-35.02213182659002	0.5361451025833917	0.36361189645065595	-0.5702812620698627	0.07033151455733941	0.11325528795589722	0.35585370061274674	0.3151148872235396	0.4221780492822603	8.697227654143344	26.82577606027552	-23.377236733842885	-5955.514836845114
4524	-5990.881222335816	-5955.514836845114	-35.36638549070292	0.7570205898491991	0.36361189645065595	-0.5702812620698627	0.07033151455733941	0.11325528795589722	0.35585370061274674	0.3151148872235396	0.4221780492822603	8.697227654143344	26.82577606027552	-23.516174750328496	-5955.514836845114
4526	-5990.379391199052	-5954.968709411786	-35.410681787266434	0.7570205898491991	0.36361189645065595	-0.5702812620698627	0.07033151455733941	0.11325528795589722	0.35585370061274674	0.3151148872235396	0.4221780492822603	8.697227654143344	26.840510159506675	-23.560471046892008	-5954.968709411786
4528	-5991.680550914001	-5956.275017640898	-35.405533273102876	0.7570205898491991	0.19392826149156386	-0.5702812620698627	0.07033151455733941	0.11325528795589722	0.35585370061274674	0.3151148872235396	0.4221780492822603	8.697227654143344	26.840510159506675	-23.474171247621612	-5956.275017640898
4530	-5991.0510630342105	-5955.653430557387	-35.39763247682339	0.7570205898491991	0.19392826149156386	-0.5702812620698627	0.07033151455733941	0.11325528795589722	0.7018417089833031	0.3151148872235396	0.4221780492822603	8.697227654143344	26.762125884329556	-23.322480458745012	-5955.653430557387
4532	-5991.163122657567	-5955.770104871307	-35.3930177862607	0.7570205898491991	0.19392826149156386	-0.5702812620698627	0.07033151455733941	0.11325528795589722	0.7018417089833031	0.3151148872235396	0.4221780492822603	8.697227654143344	26.761100580789254	-23.31786576818233	-5955.770104871307
4534	-5989.26327648738	-5955.769755503431	-33.49352098394867	0.7570205898491991	0.19392826149156386	-0.5702812620698627	0.07033151455733941	0.11325528795589722	0.7018417089833031	0.3151148872235396	0.4221780492822603	4.181883407216242	17.73041208693505	-21.4183689658703	-5955.769755503431
4536	-5989.535953160207	-5955.769755503431	-33.7661976567757	0.7570205898491991	0.19392826149156386	-0.5702812620698627	0.07033151455733941	0.11325528795589722	0.7018417089833031	0.3151148872235396	1.0613158429479819	4.181883407216242	17.73041208693505	-21.4183689658703	-5955.769755503431
4538	-5989.4625468433105	-5955.7651951066955	-33.69735173661458	0.7570205898491991	0.19392826149156386	-0.5702812620698627	0.07033151455733941	0.11325528795589722	0.7018417089833031	0.3151148872235396	1.0613158429479819	4.181883407216242	17.64666638057859	-21.349523045709176	-5955.7651951066955
4540	-5989.4625468433105	-5955.7651951066955	-33.69735173661458	0.7570205898491991	0.19392826149156386	-0.5702812620698627	0.07033151455733941	0.11325528795589722	0.7018417089833031	0.3151148872235396	1.0613158429479819	4.181883407216242	17.64666638057859	-21.349523045709176	-5955.7651951066955
4542	-5989.4625468433105	-5955.7651951066955	-33.69735173661458	0.7570205898491991	0.19392826149156386	-0.5702812620698627	0.07033151455733941	0.11325528795589722	0.7018417089833031	0.3151148872235396	1.0613158429479819	4.181883407216242	17.64666638057859	-21.349523045709176	-5955.7651951066955
4544	-5989.432620008973	-5955.764675000287	-33.66794500868539	0.7570205898491991	0.19392826149156386	-0.5702812620698627	0.07033151455733941	0.11325528795589722	0.7018417089833031	0.3151148872235396	1.0613158429479819	4.181883407216242	17.653839706602668	-21.32011631777999	-5955.764675000287
4546	-5988.911199157726	-5955.540033817233	-33.37116534049227	0.7570205898491991	0.19392826149156386	-0.5702812620698627	0.07033151455733941	0.11325528795589722	0.7018417089833031	0.3151148872235396	1.0613158429479819	4.181883407216242	17.502442967855607	-21.023336649586863	-5955.540033817233
4548	-5989.6212673109585	-5955.540033817233	-34.08123349372529	0.7570205898491991	0.19392826149156386	-0.5702812620698627	0.07033151455733941	0.11325528795589722	1.4423791653593157	0.3151148872235396	1.0613158429479819	4.181883407216242	17.502442967855607	-21.023336649586863	-5955.540033817233
4550	-5989.59947117636	-5955.540033817233	-34.0594373591269	0.7570205898491991	0.19392826149156386	-0.5702812620698627	0.03743245691939405	0.11325528795589722	1.4423791653593157	0.3151148872235396	1.0613158429479819	4.181883407216242	17.502442967855607	-21.02207489765361	-5955.540033817233
4552	-5989.640730380233	-5955.564115684926	-34.07661469530705	0.7570205898491991	0.19392826149156386	-0.5702812620698627	0.03743245691939405	0.11325528795589722	1.4423791653593157	0.3151148872235396	1.0613158429479819	4.181883407216242	17.506105186087275	-21.039252233833757	-5955.564115684926
4554	-5990.061444531046	-5955.564115684926	-34.4973288461198	0.7570205898491991	0.19392826149156386	-0.5702812620698627	0.03743245691939405	0.11325528795589722	1.4423791653593157	0.20380883458715054	1.0613158429479819	4.181883407216242	17.506105186087275	-21.399594858661633	-5955.564115684926
4556	-5990.061444531046	-5955.564115684926	-34.4973288461198	0.7570205898491991	0.19392826149156386	-0.5702812620698627	0.03743245691939405	0.11325528795589722	1.4423791653593157	0.20380883458715054	1.0613158429479819	4.181883407216242	17.506105186087275	-21.399594858661633	-5955.564115684926
4558	-5989.797736658542	-5955.355498034899	-34.44223862364286	0.7570205898491991	0.19392826149156386	-0.5702812620698627	0.03743245691939405	0.11325528795589722	1.4423791653593157	0.20380883458715054	1.0613158429479819	4.181883407216242	17.487588234006672	-21.344504636184695	-5955.355498034899
4560	-5992.829759140522	-5955.355874169899	-37.47388497062307	0.7570205898491991	0.19392826149156386	-0.5702812620698627	0.03743245691939405	0.11325528795589722	2.906119212983757	0.20380883458715054	1.0613158429479819	4.181883407216242	17.503791365741584	-21.359391672045838	-5955.355874169899
4562	-5992.829759140522	-5955.355874169899	-37.47388497062307	0.7570205898491991	0.19392826149156386	-0.5702812620698627	0.03743245691939405	0.11325528795589722	2.906119212983757	0.20380883458715054	1.0613158429479819	4.181883407216242	17.503791365741584	-21.359391672045838	-5955.355874169899
4564	-5992.829759140522	-5955.355874169899	-37.47388497062307	0.7570205898491991	0.19392826149156386	-0.5702812620698627	0.03743245691939405	0.11325528795589722	2.906119212983757	0.20380883458715054	1.0613158429479819	4.181883407216242	17.503791365741584	-21.359391672045838	-5955.355874169899
4566	-5992.878801843225	-5955.358176339947	-37.52062550327851	0.7570205898491991	0.19392826149156386	-0.5702812620698627	0.03743245691939405	0.11325528795589722	2.906119212983757	0.20380883458715054	1.0613158429479819	4.181883407216242	17.540199291932208	-21.406132204701276	-5955.358176339947
4568	-5992.099392123329	-5955.358176339947	-36.7412157833822	0.7570205898491991	0.19392826149156386	-0.5702812620698627	0.03743245691939405	0.11325528795589722	2.906119212983757	0.4369376924044088	1.0613158429479819	4.181883407216242	17.540199291932208	-20.724769329066874	-5955.358176339947
4570	-5992.100047977201	-5955.3594011684645	-36.74064680873626	0.7570205898491991	0.19392826149156386	-0.5702812620698627	0.03743245691939405	0.11325528795589722	2.906119212983757	0.4369376924044088	1.0613158429479819	4.181883407216242	17.540199291932208	-20.724200354420933	-5955.3594011684645
4572	-5992.040082889749	-5955.200763559304	-36.83931933044534	0.7570205898491991	0.19392826149156386	-0.5702812620698627	0.03743245691939405	0.11325528795589722	2.906119212983757	0.4369376924044088	1.0613158429479819	4.181883407216242	17.59125566174479	-20.822872876130017	-5955.200763559304
4574	-5992.040082889749	-5955.200763559304	-36.83931933044534	0.7570205898491991	0.19392826149156386	-0.5702812620698627	0.03743245691939405	0.11325528795589722	2.906119212983757	0.4369376924044088	1.0613158429479819	4.181883407216242	17.59125566174479	-20.822872876130017	-5955.200763559304
4576	-5992.040082889749	-5955.200763559304	-36.83931933044534	0.7570205898491991	0.19392826149156386	-0.5702812620698627	0.03743245691939405	0.11325528795589722	2.906119212983757	0.4369376924044088	1.0613158429479819	4.181883407216242	17.59125566174479	-20.822872876130017	-5955.200763559304
4578	-5992.476916255245	-5955.200763559304	-37.27615269594084	0.7570205898491991	0.19392826149156386	-0.5702812620698627	0.03743245691939405	0.02495537667011538	2.906119212983757	0.4369376924044088	1.0613158429479819	4.181883407216242	17.59125566174479	-21.015300162358365	-5955.200763559304
4580	-5992.863623807741	-5955.543415579293	-37.32020822844747	0.7570205898491991	0.19392826149156386	-0.5702812620698627	0.03743245691939405	0.02495537667011538	2.906119212983757	0.4369376924044088	1.0613158429479819	4.181883407216242	17.620375480905697	-21.059355694865	-5955.543415579293
4582	-5994.278065455405	-5955.543415579293	-38.7346498761124	0.7570205898491991	0.19392826149156386	-0.5702812620698627	0.03743245691939405	0.02495537667011538	2.906119212983757	1.641610783349119	1.0613158429479819	4.181883407216242	17.620375480905697	-21.248364562558244	-5955.543415579293
4584	-5992.929689444519	-5954.24006127794	-38.68962816657839	0.7570205898491991	0.19392826149156386	-0.5702812620698627	0.03743245691939405	0.02495537667011538	2.906119212983757	1.641610783349119	1.0613158429479819	4.181883407216242	17.620375480905693	-21.203342853024232	-5954.24006127794
4586	-5993.170615229372	-5954.490688393696	-38.679926835675985	0.7570205898491991	0.19392826149156386	-0.5702812620698627	0.03743245691939405	0.02495537667011538	2.906119212983757	1.641610783349119	1.0613158429479819	4.181883407216242	17.618287485421515	-21.193641522121837	-5954.490688393696
4588	-5993.406548799248	-5954.659148471941	-38.747400327307346	0.7570205898491991	0.19392826149156386	-0.5702812620698627	0.03743245691939405	0.02495537667011538	2.906119212983757	1.641610783349119	1.0613158429479819	4.181883407216242	17.715842529463604	-21.261115013753198	-5954.659148471941
4590	-5993.98967531546	-5955.179475266575	-38.810200048885655	0.7570205898491991	0.19392826149156386	-0.5702812620698627	0.03743245691939405	0.02495537667011538	2.906119212983757	1.641610783349119	1.0613158429479819	4.181883407216242	17.793818297594036	-21.323914735331503	-5955.179475266575
4592	-5992.254868448899	-5955.179475266575	-37.07539318232468	0.7570205898491991	0.19392826149156386	-0.5702812620698627	0.03743245691939405	0.02495537667011538	2.906119212983757	0.6317360196548504	1.0613158429479819	4.181883407216242	17.793818297594036	-20.813107348147206	-5955.179475266575
4594	-5991.619078333403	-5955.132911075209	-36.48616725819336	0.380289308903182	0.19392826149156386	-0.5702812620698627	0.03743245691939405	0.02495537667011538	2.906119212983757	0.6317360196548504	1.0613158429479819	4.129920334269542	17.57271661010971	-20.579282796642108	-5955.132911075209
4596	-5989.391475778313	-5952.754318590535	-36.63715718777802	0.380289308903182	0.19392826149156386	-0.5702812620698627	0.03743245691939405	0.02495537667011538	2.906119212983757	0.6317360196548504	1.0613158429479819	4.129920334269542	17.603259821128702	-20.730272726226765	-5952.754318590535
4598	-5989.391475778313	-5952.754318590535	-36.63715718777802	0.380289308903182	0.19392826149156386	-0.5702812620698627	0.03743245691939405	0.02495537667011538	2.906119212983757	0.6317360196548504	1.0613158429479819	4.129920334269542	17.603259821128702	-20.730272726226765	-5952.754318590535
4600	-5986.320084723793	-5952.753703740147	-33.566380983646084	0.380289308903182	0.19392826149156386	-0.5702812620698627	0.03743245691939405	0.02495537667011538	1.5395954639527658	0.6317360196548504	1.0613158429479819	3.9345226876000226	17.212464527789663	-20.662981750933803	-5952.753703740147
4602	-5986.320084723793	-5952.753703740147	-33.566380983646084	0.380289308903182	0.19392826149156386	-0.5702812620698627	0.03743245691939405	0.02495537667011538	1.5395954639527658	0.6317360196548504	1.0613158429479819	3.9345226876000226	17.212464527789663	-20.662981750933803	-5952.753703740147
4604	-5986.442194233514	-5952.757882251002	-33.684311982511716	0.380289308903182	0.19392826149156386	-0.5702812620698627	0.03743245691939405	0.02495537667011538	1.5395954639527658	0.6317360196548504	1.0613158429479819	3.9345226876000226	17.383784365248147	-20.780912749799434	-5952.757882251002
4606	-5986.442194233514	-5952.757882251002	-33.684311982511716	0.380289308903182	0.19392826149156386	-0.5702812620698627	0.03743245691939405	0.02495537667011538	1.5395954639527658	0.6317360196548504	1.0613158429479819	3.9345226876000226	17.383784365248147	-20.780912749799434	-5952.757882251002
4608	-5986.361948362041	-5952.757882251002	-33.604066111038854	0.1941325120562289	0.19392826149156386	-0.5702812620698627	0.03743245691939405	0.02495537667011538	1.5395954639527658	0.6317360196548504	1.0613158429479819	3.9345226876000226	17.383784365248147	-20.771498340578002	-5952.757882251002
4610	-5985.573974407489	-5952.75841503311	-32.81555937437889	0.1941325120562289	0.19392826149156386	-0.5702812620698627	0.03743245691939405	0.02495537667011538	0.8021763609591599	0.6317360196548504	1.0613158429479819	4.097633935187021	17.710006860422144	-20.828022671710226	-5952.75841503311
4612	-5985.432660282566	-5952.75841503311	-32.67424524945564	0.1941325120562289	0.19392826149156386	-0.3590248307940337	0.03743245691939405	0.02495537667011538	0.8021763609591599	0.6317360196548504	1.0613158429479819	4.097633935187021	17.710006860422144	-20.89093828279096	-5952.75841503311
4614	-5985.450728854751	-5952.758893514328	-32.69183534042313	0.1941325120562289	0.19392826149156386	-0.3590248307940337	0.03743245691939405	0.02495537667011538	0.8021763609591599	0.6317360196548504	1.0613158429479819	4.097633935187021	17.735292411828464	-20.908528373758454	-5952.758893514328
4616	-5985.116481164484	-5952.606252046051	-32.51022911843311	0.1941325120562289	0.19392826149156386	-0.3590248307940337	0.03743245691939405	0.02495537667011538	0.45118830002841265	0.6317360196548504	1.0613158429479819	4.097633935187021	17.751656699467198	-20.938121128500764	-5952.606252046051
4618	-5985.116481164484	-5952.606252046051	-32.51022911843311	0.1941325120562289	0.19392826149156386	-0.3590248307940337	0.03743245691939405	0.02495537667011538	0.45118830002841265	0.6317360196548504	1.0613158429479819	4.097633935187021	17.751656699467198	-20.938121128500764	-5952.606252046051
4620	-5984.8447044622035	-5952.399655900967	-32.44504856123631	0.1941325120562289	0.19392826149156386	-0.3590248307940337	0.03743245691939405	0.02495537667011538	0.45118830002841265	0.6317360196548504	1.0613158429479819	3.8888015042012025	17.335686044123985	-20.872940571303968	-5952.399655900967
4622	-5984.834112777766	-5952.399655900967	-32.434456876798535	0.1941325120562289	0.19392826149156386	-0.3590248307940337	0.02217933031868346	0.02495537667011538	0.45118830002841265	0.6317360196548504	1.0613158429479819	3.8888015042012025	17.335686044123985	-20.86827977113191	-5952.399655900967
4624	-5984.647951252675	-5952.223739757492	-32.42421149518281	0.1941325120562289	0.19392826149156386	-0.3590248307940337	0.02217933031868346	0.02495537667011538	0.45118830002841265	0.6317360196548504	1.0613158429479819	3.8888015042012025	17.333591319269853	-20.85803438951618	-5952.223739757492
4626	-5984.7314292997235	-5952.335728032694	-32.39570126702947	0.1941325120562289	0.19392826149156386	-0.3590248307940337	0.02217933031868346	0.02495537667011538	0.45118830002841265	0.6317360196548504	1.0613158429479819	3.8888015042012025	17.32019201392511	-20.829524161362844	-5952.335728032694
4628	-5984.7314292997235	-5952.335728032694	-32.39570126702947	0.1941325120562289	0.19392826149156386	-0.3590248307940337	0.02217933031868346	0.02495537667011538	0.45118830002841265	0.6317360196548504	1.0613158429479819	3.8888015042012025	17.32019201392511	-20.829524161362844	-5952.335728032694
4630	-5984.7314292997235	-5952.335728032694	-32.39570126702947	0.1941325120562289	0.19392826149156386	-0.3590248307940337	0.02217933031868346	0.02495537667011538	0.45118830002841265	0.6317360196548504	1.0613158429479819	3.8888015042012025	17.32019201392511	-20.829524161362844	-5952.335728032694
4632	-5984.592302655578	-5952.229557961087	-32.36274469449066	0.1941325120562289	0.19392826149156386	-0.3590248307940337	0.02217933031868346	0.02495537667011538	0.45118830002841265	0.6317360196548504	1.0613158429479819	3.8888015042012025	17.29651134740475	-20.79656758882403	-5952.229557961087
4634	-5984.685426936888	-5952.058335298122	-32.62709163876608	0.1941325120562289	0.19392826149156386	-0.3590248307940337	0.02217933031868346	0.02495537667011538	0.45118830002841265	0.6317360196548504	1.0613158429479819	3.8888015042012025	17.4427730966669	-21.060914533099453	-5952.058335298122
4636	-5984.652421011504	-5952.28521377513	-32.36720723637432	0.1941325120562289	0.19392826149156386	-0.3590248307940337	0.02217933031868346	0.02495537667011538	0.45118830002841265	0.6317360196548504	1.0613158429479819	3.8888015042012025	17.26559564265891	-20.80103013070769	-5952.28521377513
4638	-5984.43587390179	-5952.279812659009	-32.156061242780936	0.1941325120562289	0.19392826149156386	-0.3590248307940337	0.02217933031868346	0.02495537667011538	0.45118830002841265	1.0447258198157579	1.0613158429479819	3.8888015042012025	17.112258503957865	-20.335835114940647	-5952.279812659009
4640	-5984.3930899004745	-5952.2396392350865	-32.15345066538761	0.1941325120562289	0.19392826149156386	-0.3590248307940337	0.02217933031868346	0.02495537667011538	0.45118830002841265	1.0447258198157579	1.0613158429479819	3.8888015042012025	17.111780486139477	-20.333224537547324	-5952.2396392350865
4642	-5984.3930899004745	-5952.2396392350865	-32.15345066538761	0.1941325120562289	0.19392826149156386	-0.3590248307940337	0.02217933031868346	0.02495537667011538	0.45118830002841265	1.0447258198157579	1.0613158429479819	3.8888015042012025	17.111780486139477	-20.333224537547324	-5952.2396392350865
4644	-5984.3930899004745	-5952.2396392350865	-32.15345066538761	0.1941325120562289	0.19392826149156386	-0.3590248307940337	0.02217933031868346	0.02495537667011538	0.45118830002841265	1.0447258198157579	1.0613158429479819	3.8888015042012025	17.111780486139477	-20.333224537547324	-5952.2396392350865
4646	-5984.3930899004745	-5952.2396392350865	-32.15345066538761	0.1941325120562289	0.19392826149156386	-0.3590248307940337	0.02217933031868346	0.02495537667011538	0.45118830002841265	1.0447258198157579	1.0613158429479819	3.8888015042012025	17.111780486139477	-20.333224537547324	-5952.2396392350865
4648	-5984.0085497942755	-5951.90754185238	-32.10100794189568	0.1941325120562289	0.19392826149156386	-0.3590248307940337	0.02217933031868346	0.02495537667011538	0.45118830002841265	1.0447258198157579	1.0613158429479819	3.8888015042012025	17.07322759710452	-20.28078181405539	-5951.90754185238
4650	-5984.381323693964	-5952.863522582118	-31.5178011118462	0.1941325120562289	0.19392826149156386	-0.3590248307940337	0.02217933031868346	0.02495537667011538	0.45118830002841265	1.0447258198157579	1.0613158429479819	3.6793295885262616	16.15357106856839	-19.69757498400591	-5952.863522582118
4652	-5983.976637444823	-5951.952490785226	-32.024146659597406	0.1941325120562289	0.19392826149156386	-0.3590248307940337	0.02217933031868346	0.02495537667011538	0.45118830002841265	1.0447258198157579	1.0613158429479819	3.861090103054325	16.95156464817175	-20.20392053175712	-5951.952490785226
4654	-5984.416801869354	-5951.952490785226	-32.464311084127786	0.1941325120562289	0.19392826149156386	-0.3590248307940337	0.02217933031868346	0.02495537667011538	0.45118830002841265	0.45543644576656633	1.0613158429479819	3.861090103054325	16.95156464817175	-20.902692489985412	-5951.952490785226
4656	-5984.434120480429	-5951.96925711513	-32.46486336529899	0.1941325120562289	0.19392826149156386	-0.3590248307940337	0.02217933031868346	0.02495537667011538	0.45118830002841265	0.45543644576656633	1.0613158429479819	3.861090103054325	16.951564648171747	-20.90324477115662	-5951.96925711513
4658	-5984.21265011313	-5951.96925711513	-32.24339299799989	0.1941325120562289	0.19392826149156386	-0.3590248307940337	0.02217933031868346	0.02495537667011538	0.45118830002841265	1.1701640337537362	1.0613158429479819	3.861090103054325	16.951564648171747	-20.278464606621966	-5951.96925711513
4660	-5984.166423019853	-5951.96658078763	-32.19984223222293	0.1941325120562289	0.19392826149156386	-0.3590248307940337	0.02217933031868346	0.02495537667011538	0.45118830002841265	1.1701640337537362	1.0613158429479819	3.698155957542208	16.62569635714751	-20.234913840845003	-5951.96658078763
4662	-5984.163169062896	-5951.96658078763	-32.19658827526596	0.1809660076266036	0.19392826149156386	-0.3590248307940337	0.02217933031868346	0.02495537667011538	0.45118830002841265	1.1701640337537362	1.0613158429479819	3.698155957542208	16.62569635714751	-20.23404526289503	-5951.96658078763
4664	-5984.155219487653	-5951.96658078763	-32.188638700023	0.1809660076266036	0.19392826149156386	-0.3590248307940337	0.012804739517857301	0.02495537667011538	0.45118830002841265	1.1701640337537362	1.0613158429479819	3.698155957542208	16.62569635714751	-20.22962537919773	-5951.96658078763
4666	-5984.155219487653	-5951.96658078763	-32.188638700023	0.1809660076266036	0.19392826149156386	-0.3590248307940337	0.012804739517857301	0.02495537667011538	0.45118830002841265	1.1701640337537362	1.0613158429479819	3.698155957542208	16.62569635714751	-20.22962537919773	-5951.96658078763
4668	-5984.155219487653	-5951.96658078763	-32.188638700023	0.1809660076266036	0.19392826149156386	-0.3590248307940337	0.012804739517857301	0.02495537667011538	0.45118830002841265	1.1701640337537362	1.0613158429479819	3.698155957542208	16.62569635714751	-20.22962537919773	-5951.96658078763
4670	-5984.155219487653	-5951.96658078763	-32.188638700023	0.1809660076266036	0.19392826149156386	-0.3590248307940337	0.012804739517857301	0.02495537667011538	0.45118830002841265	1.1701640337537362	1.0613158429479819	3.698155957542208	16.62569635714751	-20.22962537919773	-5951.96658078763
4672	-5984.155219487653	-5951.96658078763	-32.188638700023	0.1809660076266036	0.19392826149156386	-0.3590248307940337	0.012804739517857301	0.02495537667011538	0.45118830002841265	1.1701640337537362	1.0613158429479819	3.698155957542208	16.62569635714751	-20.22962537919773	-5951.96658078763
4674	-5983.744112870218	-5951.555474170194	-32.188638700023	0.1809660076266036	0.19392826149156386	-0.3590248307940337	0.012804739517857301	0.02495537667011538	0.45118830002841265	1.1701640337537362	1.0613158429479819	3.698155957542208	16.62569635714751	-20.22962537919773	-5951.555474170194
4676	-5983.871068255698	-5951.688585552312	-32.182482703385936	0.1809660076266036	0.19392826149156386	-0.3590248307940337	0.012804739517857301	0.02495537667011538	0.45118830002841265	1.1701640337537362	1.0613158429479819	3.698155957542208	16.624306997427116	-20.22346938256067	-5951.688585552312
4678	-5983.8681356361485	-5951.688585552312	-32.179550083836375	0.1809660076266036	0.09808675706973848	-0.3590248307940337	0.012804739517857301	0.02495537667011538	0.45118830002841265	1.1701640337537362	1.0613158429479819	3.698155957542208	16.624306997427116	-20.2171862879373	-5951.688585552312
4680	-5983.8681356361485	-5951.688585552312	-32.179550083836375	0.1809660076266036	0.09808675706973848	-0.3590248307940337	0.012804739517857301	0.02495537667011538	0.45118830002841265	1.1701640337537362	1.0613158429479819	3.698155957542208	16.624306997427116	-20.2171862879373	-5951.688585552312
4682	-5983.8681356361485	-5951.688585552312	-32.179550083836375	0.1809660076266036	0.09808675706973848	-0.3590248307940337	0.012804739517857301	0.02495537667011538	0.45118830002841265	1.1701640337537362	1.0613158429479819	3.698155957542208	16.624306997427116	-20.2171862879373	-5951.688585552312
4684	-5983.8681356361485	-5951.688585552312	-32.179550083836375	0.1809660076266036	0.09808675706973848	-0.3590248307940337	0.012804739517857301	0.02495537667011538	0.45118830002841265	1.1701640337537362	1.0613158429479819	3.698155957542208	16.624306997427116	-20.2171862879373	-5951.688585552312
4686	-5984.070697435815	-5951.688585552312	-32.382111883502944	0.1809660076266036	0.09808675706973848	-0.3590248307940337	0.012804739517857301	0.02495537667011538	0.7909828593936167	1.1701640337537362	1.0613158429479819	3.698155957542208	16.624306997427116	-20.2171862879373	-5951.688585552312
4688	-5984.070697435815	-5951.688585552312	-32.382111883502944	0.1809660076266036	0.09808675706973848	-0.3590248307940337	0.012804739517857301	0.02495537667011538	0.7909828593936167	1.1701640337537362	1.0613158429479819	3.698155957542208	16.624306997427116	-20.2171862879373	-5951.688585552312
4690	-5984.168708614985	-5951.689146256686	-32.47956235829868	0.1809660076266036	0.09808675706973848	-0.3590248307940337	0.012804739517857301	0.02495537667011538	0.7909828593936167	1.1701640337537362	1.0613158429479819	3.698155957542208	16.756649845631863	-20.314636762733034	-5951.689146256686
4692	-5984.168708614985	-5951.689146256686	-32.47956235829868	0.1809660076266036	0.09808675706973848	-0.3590248307940337	0.012804739517857301	0.02495537667011538	0.7909828593936167	1.1701640337537362	1.0613158429479819	3.698155957542208	16.756649845631863	-20.314636762733034	-5951.689146256686
4694	-5984.168708614985	-5951.689146256686	-32.47956235829868	0.1809660076266036	0.09808675706973848	-0.3590248307940337	0.012804739517857301	0.02495537667011538	0.7909828593936167	1.1701640337537362	1.0613158429479819	3.698155957542208	16.756649845631863	-20.314636762733034	-5951.689146256686
4696	-5984.698817542988	-5951.7478365167935	-32.950981026194384	0.1809660076266036	0.09808675706973848	-0.3590248307940337	0.012804739517857301	0.02495537667011538	0.7909828593936167	1.1701640337537362	1.0613158429479819	3.8709590748100693	17.535397376406994	-20.786055430628736	-5951.7478365167935
4698	-5984.698817542988	-5951.7478365167935	-32.950981026194384	0.1809660076266036	0.09808675706973848	-0.3590248307940337	0.012804739517857301	0.02495537667011538	0.7909828593936167	1.1701640337537362	1.0613158429479819	3.8709590748100693	17.535397376406994	-20.786055430628736	-5951.7478365167935
4700	-5985.24879472998	-5951.7478365167935	-33.50095821318564	0.1809660076266036	0.09808675706973848	-0.3590248307940337	0.012804739517857301	0.04705905655543315	1.362018423442638	1.1701640337537362	1.0613158429479819	3.8709590748100693	17.535397376406994	-20.76407670949208	-5951.7478365167935
4702	-5985.24879472998	-5951.7478365167935	-33.50095821318564	0.1809660076266036	0.09808675706973848	-0.3590248307940337	0.012804739517857301	0.04705905655543315	1.362018423442638	1.1701640337537362	1.0613158429479819	3.8709590748100693	17.535397376406994	-20.76407670949208	-5951.7478365167935
4704	-5985.24879472998	-5951.7478365167935	-33.50095821318564	0.1809660076266036	0.09808675706973848	-0.3590248307940337	0.012804739517857301	0.04705905655543315	1.362018423442638	1.1701640337537362	1.0613158429479819	3.8709590748100693	17.535397376406994	-20.76407670949208	-5951.7478365167935
4706	-5985.279070554949	-5952.773267837851	-32.50580271709848	0.1809660076266036	0.09808675706973848	-0.3590248307940337	0.012804739517857301	0.04705905655543315	1.362018423442638	1.1701640337537362	1.0613158429479819	3.506270008104634	15.883360354076922	-19.76892121340492	-5952.773267837851
4708	-5985.279070554949	-5952.773267837851	-32.50580271709848	0.1809660076266036	0.09808675706973848	-0.3590248307940337	0.012804739517857301	0.04705905655543315	1.362018423442638	1.1701640337537362	1.0613158429479819	3.506270008104634	15.883360354076922	-19.76892121340492	-5952.773267837851
4710	-5985.098506995176	-5952.773267837851	-32.32523915732491	0.1809660076266036	0.09808675706973848	-0.3590248307940337	0.012804739517857301	0.04705905655543315	1.362018423442638	0.5561905054507372	1.0613158429479819	3.506270008104634	15.883360354076922	-19.99667380842997	-5952.773267837851
4712	-5985.098506995176	-5952.773267837851	-32.32523915732491	0.1809660076266036	0.09808675706973848	-0.3590248307940337	0.012804739517857301	0.04705905655543315	1.362018423442638	0.5561905054507372	1.0613158429479819	3.506270008104634	15.883360354076922	-19.99667380842997	-5952.773267837851
4714	-5986.09579994742	-5951.722823233226	-34.37297671419361	0.1809660076266036	0.09808675706973848	-0.3590248307940337	0.012804739517857301	0.04705905655543315	1.362018423442638	0.5561905054507372	1.8772369829741287	3.862265916013975	17.496017473132454	-21.299405270701047	-5951.722823233226
4716	-5986.097289376784	-5951.722823233226	-34.374466143557775	0.1809660076266036	0.1899113741435229	-0.3590248307940337	0.012804739517857301	0.04705905655543315	1.362018423442638	0.5561905054507372	1.8772369829741287	3.862265916013975	17.496017473132454	-21.304289175360584	-5951.722823233226
4718	-5986.147365870062	-5951.775862134325	-34.37150373573653	0.1809660076266036	0.1899113741435229	-0.3590248307940337	0.012804739517857301	0.04705905655543315	1.362018423442638	0.5561905054507372	1.8772369829741287	3.862265916013975	17.49536138294726	-21.301326767539344	-5951.775862134325
4720	-5986.147365870062	-5951.775862134325	-34.37150373573653	0.1809660076266036	0.1899113741435229	-0.3590248307940337	0.012804739517857301	0.04705905655543315	1.362018423442638	0.5561905054507372	1.8772369829741287	3.862265916013975	17.49536138294726	-21.301326767539344	-5951.775862134325
4722	-5986.078575501289	-5952.992602711128	-33.085972790161314	0.1809660076266036	0.1899113741435229	-0.3590248307940337	0.012804739517857301	0.04705905655543315	1.362018423442638	0.5561905054507372	1.8772369829741287	3.6868833493450417	16.207846079463753	-20.015795821964126	-5952.992602711128
4724	-5986.007179737624	-5952.918532375336	-33.088647362288036	0.1809660076266036	0.1899113741435229	-0.3590248307940337	0.012804739517857301	0.04705905655543315	1.362018423442638	0.5561905054507372	1.8772369829741287	3.6868833493450417	16.208611130562144	-20.018470394090844	-5952.918532375336
4726	-5986.158853435833	-5953.075676916554	-33.08317651927991	0.1809660076266036	0.1899113741435229	-0.3590248307940337	0.012804739517857301	0.04705905655543315	1.362018423442638	0.5561905054507372	1.8772369829741287	3.6868833493450417	16.20741328713914	-20.01299955108272	-5953.075676916554
4728	-5986.04508509966	-5952.954397572564	-33.090687527096556	0.1809660076266036	0.1899113741435229	-0.3590248307940337	0.012804739517857301	0.04705905655543315	1.362018423442638	0.5561905054507372	1.8772369829741287	3.6868833493450417	16.20955979778203	-20.020510558899364	-5952.954397572564
4730	-5986.249714779673	-5952.922816438636	-33.3268983410373	0.1809660076266036	0.1899113741435229	-0.6504519794985202	0.012804739517857301	0.04705905655543315	1.362018423442638	0.5561905054507372	1.8772369829741287	3.6868833493450417	16.20955979778203	-19.958800775605656	-5952.922816438636
4732	-5987.391877646365	-5952.378219896568	-35.01365774979678	0.1809660076266036	0.1899113741435229	-0.6504519794985202	0.012804739517857301	0.04705905655543315	1.362018423442638	0.5561905054507372	1.8772369829741287	4.174508464049698	18.353427044655895	-21.645560184365138	-5952.378219896568
4734	-5987.12475001164	-5952.377326186834	-34.74742382480568	0.1809660076266036	0.1899113741435229	-0.281771121059073	0.012804739517857301	0.04705905655543315	1.362018423442638	0.5561905054507372	1.8772369829741287	4.174508464049698	18.327678706165614	-21.727739934702228	-5952.377326186834
4736	-5985.5698849307155	-5952.109389111086	-33.460495819630054	0.1809660076266036	0.1899113741435229	-0.281771121059073	0.012804739517857301	0.04705905655543315	1.362018423442638	0.5561905054507372	1.8772369829741287	3.8072887976164136	16.715444806310135	-20.44081192952661	-5952.109389111086
4738	-5985.5698849307155	-5952.109389111086	-33.460495819630054	0.1809660076266036	0.1899113741435229	-0.281771121059073	0.012804739517857301	0.04705905655543315	1.362018423442638	0.5561905054507372	1.8772369829741287	3.8072887976164136	16.715444806310135	-20.44081192952661	-5952.109389111086
4740	-5985.570478780178	-5952.102274700702	-33.468204079475726	0.1809660076266036	0.1899113741435229	-0.281771121059073	0.025886378545513244	0.04705905655543315	1.362018423442638	0.5561905054507372	1.8772369829741287	3.8072887976164136	16.715444806310135	-20.444581089658122	-5952.102274700702
4742	-5985.570478780178	-5952.102274700702	-33.468204079475726	0.1809660076266036	0.1899113741435229	-0.281771121059073	0.025886378545513244	0.04705905655543315	1.362018423442638	0.5561905054507372	1.8772369829741287	3.8072887976164136	16.715444806310135	-20.444581089658122	-5952.102274700702
4744	-5985.627239762887	-5952.102274700702	-33.524965062185686	0.1809660076266036	0.1899113741435229	-0.281771121059073	0.025886378545513244	0.02857415981779071	1.362018423442638	0.5561905054507372	1.8772369829741287	3.8072887976164136	16.715444806310135	-20.477563374650572	-5952.102274700702
4746	-5985.645350289664	-5952.113025392908	-33.532324896755924	0.1809660076266036	0.1899113741435229	-0.281771121059073	0.025886378545513244	0.02857415981779071	1.362018423442638	0.5561905054507372	1.8772369829741287	3.8072887976164136	16.720702239567277	-20.48492320922081	-5952.113025392908
4748	-5983.346101261832	-5949.41363606764	-33.932465194191124	0.1809660076266036	0.1899113741435229	-0.281771121059073	0.025886378545513244	0.02857415981779071	1.362018423442638	0.5561905054507372	1.8772369829741287	3.920565404489726	17.218186017373412	-20.88506350665601	-5949.41363606764
4750	-5986.167785770755	-5950.913240630647	-35.254545140107815	0.1809660076266036	0.1899113741435229	-0.281771121059073	0.025886378545513244	0.02857415981779071	1.362018423442638	0.5561905054507372	1.8772369829741287	4.293528536023816	18.856150931572277	-22.207143452572705	-5950.913240630647
4752	-5985.591650267176	-5950.905487517411	-34.68616274976584	0.1809660076266036	0.1899113741435229	-0.281771121059073	0.025886378545513244	0.02857415981779071	1.362018423442638	1.4412818547774557	1.8772369829741287	4.293528536023816	18.618399793709454	-21.53234176994012	-5950.905487517411
4754	-5985.559287103765	-5950.875770707276	-34.683516396488514	0.1809660076266036	0.1899113741435229	-0.281771121059073	0.025886378545513244	0.02857415981779071	1.362018423442638	1.4412818547774557	1.8772369829741287	4.293528536023816	18.615467150160494	-21.529695416662793	-5950.875770707276
4756	-5985.559287103765	-5950.875770707276	-34.683516396488514	0.1809660076266036	0.1899113741435229	-0.281771121059073	0.025886378545513244	0.02857415981779071	1.362018423442638	1.4412818547774557	1.8772369829741287	4.293528536023816	18.615467150160494	-21.529695416662793	-5950.875770707276
4758	-5985.560201452212	-5950.881524570283	-34.67867688192887	0.1809660076266036	0.1899113741435229	-0.281771121059073	0.025886378545513244	0.02857415981779071	1.362018423442638	1.4412818547774557	1.8772369829741287	4.293528536023816	18.614615737312256	-21.524855902103155	-5950.881524570283
4760	-5985.652849245128	-5950.934684287352	-34.71816495777573	0.1809660076266036	0.3972763417212819	-0.281771121059073	0.025886378545513244	0.02857415981779071	1.362018423442638	1.4412818547774557	1.8772369829741287	4.293528536023816	18.615440163254608	-21.540988907422992	-5950.934684287352
4762	-5985.68808712522	-5950.967058129389	-34.72102899583014	0.1809660076266036	0.3972763417212819	-0.281771121059073	0.025886378545513244	0.02857415981779071	1.362018423442638	1.4412818547774557	1.8772369829741287	4.293528536023816	18.618645642839645	-21.543852945477404	-5950.967058129389
4764	-5985.68808712522	-5950.967058129389	-34.72102899583014	0.1809660076266036	0.3972763417212819	-0.281771121059073	0.025886378545513244	0.02857415981779071	1.362018423442638	1.4412818547774557	1.8772369829741287	4.293528536023816	18.618645642839645	-21.543852945477404	-5950.967058129389
4766	-5983.082887264261	-5949.498962663969	-33.583924600292484	0.1809660076266036	0.3972763417212819	-0.281771121059073	0.025886378545513244	0.02857415981779071	1.362018423442638	1.2579427089499875	1.8772369829741287	3.992692800127383	17.314088350076023	-20.557451050875848	-5949.498962663969
4768	-5983.071609188694	-5949.498962663969	-33.57264652472539	0.1809660076266036	0.3972763417212819	-0.281771121059073	0.025886378545513244	0.03409708176776515	1.362018423442638	1.2579427089499875	1.8772369829741287	3.992692800127383	17.314088350076023	-20.553349168380073	-5949.498962663969
4770	-5983.071609188694	-5949.498962663969	-33.57264652472539	0.1809660076266036	0.3972763417212819	-0.281771121059073	0.025886378545513244	0.03409708176776515	1.362018423442638	1.2579427089499875	1.8772369829741287	3.992692800127383	17.314088350076023	-20.553349168380073	-5949.498962663969
4772	-5983.02586574431	-5949.343965149613	-33.68190059469753	0.1809660076266036	0.3972763417212819	-0.281771121059073	0.025886378545513244	0.03409708176776515	1.362018423442638	1.2579427089499875	1.8772369829741287	3.992692800127383	17.415962288328856	-20.66260323835221	-5949.343965149613
4774	-5982.9986197004	-5949.340948214018	-33.657671486382604	0.1809660076266036	0.3972763417212819	-0.281771121059073	0.025886378545513244	0.03409708176776515	1.362018423442638	1.2579427089499875	1.8772369829741287	3.992692800127383	17.379858110801038	-20.638374130037285	-5949.340948214018
4776	-5984.349009972428	-5950.30622152395	-34.04278844847801	0.1809660076266036	0.3972763417212819	-0.281771121059073	0.025886378545513244	0.03409708176776515	1.362018423442638	1.2579427089499875	1.8772369829741287	4.16906833714402	18.074683071168096	-21.023491092132687	-5950.30622152395
4778	-5984.396342029775	-5950.30622152395	-34.09012050582515	0.3832876485872957	0.3972763417212819	-0.281771121059073	0.025886378545513244	0.03409708176776515	1.362018423442638	1.2579427089499875	1.8772369829741287	4.16906833714402	18.074683071168096	-21.037040025208476	-5950.30622152395
4780	-5982.866118671969	-5949.267573452222	-33.59854521974757	0.3832876485872957	0.3972763417212819	-0.281771121059073	0.025886378545513244	0.03409708176776515	1.362018423442638	1.2579427089499875	1.8772369829741287	3.9673074161156308	17.19996373129916	-20.545464739130896	-5949.267573452222
4782	-5982.9135372851715	-5949.267573452222	-33.64596383294953	0.3832876485872957	0.3972763417212819	-0.45336049645009824	0.025886378545513244	0.03409708176776515	1.362018423442638	1.2579427089499875	1.8772369829741287	3.9673074161156308	17.19996373129916	-20.462300749728506	-5949.267573452222
4784	-5982.9135372851715	-5949.267573452222	-33.64596383294953	0.3832876485872957	0.3972763417212819	-0.45336049645009824	0.025886378545513244	0.03409708176776515	1.362018423442638	1.2579427089499875	1.8772369829741287	3.9673074161156308	17.19996373129916	-20.462300749728506	-5949.267573452222
4786	-5982.9135372851715	-5949.267573452222	-33.64596383294953	0.3832876485872957	0.3972763417212819	-0.45336049645009824	0.025886378545513244	0.03409708176776515	1.362018423442638	1.2579427089499875	1.8772369829741287	3.9673074161156308	17.19996373129916	-20.462300749728506	-5949.267573452222
4788	-5982.940164880497	-5949.267573452222	-33.672591428275084	0.3832876485872957	0.3972763417212819	-0.45336049645009824	0.025886378545513244	0.020749882384552568	1.362018423442638	1.2579427089499875	1.8772369829741287	3.9673074161156308	17.19996373129916	-20.47148126695886	-5949.267573452222
4790	-5982.940164880497	-5949.267573452222	-33.672591428275084	0.3832876485872957	0.3972763417212819	-0.45336049645009824	0.025886378545513244	0.020749882384552568	1.362018423442638	1.2579427089499875	1.8772369829741287	3.9673074161156308	17.19996373129916	-20.47148126695886	-5949.267573452222
4792	-5982.96350289069	-5949.27073833241	-33.69276455827968	0.3832876485872957	0.3972763417212819	-0.45336049645009824	0.025886378545513244	0.020749882384552568	1.362018423442638	1.2579427089499875	1.8772369829741287	3.9673074161156308	17.22989551849331	-20.49165439696346	-5949.27073833241
4794	-5982.98940535279	-5949.27073833241	-33.718667020380366	0.3832876485872957	0.3972763417212819	-0.45336049645009824	0.05230363965836216	0.020749882384552568	1.362018423442638	1.2579427089499875	1.8772369829741287	3.9673074161156308	17.22989551849331	-20.50454753338752	-5949.27073833241
4796	-5982.275502676696	-5949.268346441369	-33.007156235326875	0.3832876485872957	0.3972763417212819	-0.45336049645009824	0.05230363965836216	0.020749882384552568	0.6476614539854317	1.2579427089499875	1.8772369829741287	3.9673074161156308	17.226735019103135	-20.49602833864653	-5949.268346441369
4798	-5982.275502676696	-5949.268346441369	-33.007156235326875	0.3832876485872957	0.3972763417212819	-0.45336049645009824	0.05230363965836216	0.020749882384552568	0.6476614539854317	1.2579427089499875	1.8772369829741287	3.9673074161156308	17.226735019103135	-20.49602833864653	-5949.268346441369
4800	-5982.137382243633	-5949.302316791973	-32.835065451660284	0.3832876485872957	0.3972763417212819	-0.45336049645009824	0.05230363965836216	0.020749882384552568	0.24358841915556342	1.2579427089499875	1.8772369829741287	3.9673074161156308	17.226735019103135	-20.495618107548356	-5949.302316791973
4802	-5982.137382243633	-5949.302316791973	-32.835065451660284	0.3832876485872957	0.3972763417212819	-0.45336049645009824	0.05230363965836216	0.020749882384552568	0.24358841915556342	1.2579427089499875	1.8772369829741287	3.9673074161156308	17.226735019103135	-20.495618107548356	-5949.302316791973
4804	-5982.165028277478	-5949.302316791973	-32.862711485505564	0.3832876485872957	0.5546212154134155	-0.45336049645009824	0.05230363965836216	0.020749882384552568	0.24358841915556342	1.2579427089499875	1.8772369829741287	3.9673074161156308	17.226735019103135	-20.508684387600756	-5949.302316791973
4806	-5982.097535638127	-5949.295464249174	-32.802071388952804	0.3832876485872957	0.5546212154134155	-0.45336049645009824	0.05230363965836216	0.020749882384552568	0.24358841915556342	1.2579427089499875	1.8772369829741287	3.9673074161156308	17.184179502221014	-20.448044291047992	-5949.295464249174
4808	-5982.097535638127	-5949.295464249174	-32.802071388952804	0.3832876485872957	0.5546212154134155	-0.45336049645009824	0.05230363965836216	0.020749882384552568	0.24358841915556342	1.2579427089499875	1.8772369829741287	3.9673074161156308	17.184179502221014	-20.448044291047992	-5949.295464249174
4810	-5982.13200765144	-5949.293767377544	-32.838240273895806	0.3832876485872957	0.5546212154134155	-0.45336049645009824	0.05230363965836216	0.020749882384552568	0.24358841915556342	1.2579427089499875	1.8772369829741287	4.102073312413641	17.453711294817033	-20.484213175990995	-5949.293767377544
4812	-5982.075595898912	-5949.295803182889	-32.77979271602297	0.3832876485872957	0.5546212154134155	-0.45336049645009824	0.05230363965836216	0.020749882384552568	0.24358841915556342	1.2579427089499875	1.8772369829741287	4.102073312413641	17.367843575605573	-20.42576561811816	-5949.295803182889
4814	-5982.43809432054	-5950.397799172314	-32.04029514822559	0.3832876485872957	0.5546212154134155	-0.45336049645009824	0.05230363965836216	0.020749882384552568	0.24358841915556342	1.2579427089499875	1.8772369829741287	3.785707490594972	16.02837650918654	-19.686268050320777	-5950.397799172314
4816	-5982.4780064579145	-5950.394555969442	-32.08345048847206	0.3832876485872957	0.5546212154134155	-0.45336049645009824	0.05230363965836216	0.020749882384552568	0.24358841915556342	1.2579427089499875	1.8772369829741287	3.785707490594972	16.091806881420133	-19.729423390567252	-5950.394555969442
4818	-5982.655637741876	-5949.554385381957	-33.10125235991805	0.3832876485872957	0.5546212154134155	-0.45336049645009824	0.05230363965836216	0.020749882384552568	0.24358841915556342	1.2579427089499875	1.8772369829741287	4.219832700990691	17.937131451635636	-20.747225262013238	-5949.554385381957
4820	-5982.837634066846	-5949.554385381957	-33.28324868488802	0.3832876485872957	0.962780384571435	-0.45336049645009824	0.05230363965836216	0.020749882384552568	0.24358841915556342	1.2579427089499875	1.8772369829741287	4.219832700990691	17.937131451635636	-20.775993267014705	-5949.554385381957
4822	-5982.130726693864	-5949.3119508195905	-32.81877587427337	0.3832876485872957	0.962780384571435	-0.45336049645009824	0.05230363965836216	0.020749882384552568	0.24358841915556342	1.2579427089499875	1.8772369829741287	4.018981458515815	17.083378378048057	-20.31152045640005	-5949.3119508195905
4824	-5982.177605382147	-5949.310282522981	-32.86732285916643	0.3832876485872957	0.962780384571435	-0.45336049645009824	0.05230363965836216	0.020749882384552568	0.24358841915556342	1.2579427089499875	1.8772369829741287	4.018981458515815	17.156024399983544	-20.360067441293108	-5949.310282522981
4826	-5981.986926697076	-5949.310282522981	-32.676644174095486	0.3832876485872957	0.962780384571435	-0.45336049645009824	0.05230363965836216	0.020749882384552568	0.24358841915556342	1.2579427089499875	1.304504793280441	4.018981458515815	17.156024399983544	-20.360067441293108	-5949.310282522981
4828	-5981.986926697076	-5949.310282522981	-32.676644174095486	0.3832876485872957	0.962780384571435	-0.45336049645009824	0.05230363965836216	0.020749882384552568	0.24358841915556342	1.2579427089499875	1.304504793280441	4.018981458515815	17.156024399983544	-20.360067441293108	-5949.310282522981
4830	-5982.029257570862	-5949.309105918592	-32.720151652270154	0.3832876485872957	0.962780384571435	-0.45336049645009824	0.05230363965836216	0.020749882384552568	0.24358841915556342	1.2579427089499875	1.304504793280441	4.018981458515815	17.221305231075654	-20.40357491946778	-5949.309105918592
4832	-5982.241627697111	-5949.488676078323	-32.752951618787506	0.3832876485872957	0.962780384571435	-0.45336049645009824	0.05230363965836216	0.020749882384552568	0.13472566532129812	1.2579427089499875	1.304504793280441	4.018981458515815	17.26053759553917	-20.454708153172234	-5949.488676078323
4834	-5982.158704901652	-5949.491253585168	-32.667451316483785	0.3832876485872957	0.962780384571435	-0.45336049645009824	0.05230363965836216	0.020749882384552568	0.13472566532129812	1.2579427089499875	1.304504793280441	4.018981458515815	17.1323800277562	-20.36920785086851	-5949.491253585168
4836	-5982.158704901652	-5949.491253585168	-32.667451316483785	0.3832876485872957	0.962780384571435	-0.45336049645009824	0.05230363965836216	0.020749882384552568	0.13472566532129812	1.2579427089499875	1.304504793280441	4.018981458515815	17.1323800277562	-20.36920785086851	-5949.491253585168
4838	-5982.0989480809985	-5949.442095850647	-32.656852230351056	0.3832876485872957	0.962780384571435	-0.45336049645009824	0.05230363965836216	0.020749882384552568	0.13472566532129812	1.2579427089499875	1.304504793280441	4.018981458515815	17.121843386822803	-20.35860876473578	-5949.442095850647
4840	-5982.065333018575	-5949.415019285403	-32.65031373317177	0.3832876485872957	0.962780384571435	-0.45336049645009824	0.05230363965836216	0.020749882384552568	0.13472566532129812	1.2579427089499875	1.304504793280441	4.018981458515815	17.115326408955365	-20.3520702675565	-5949.415019285403
4842	-5983.362356196868	-5950.563167610048	-32.79918858681971	0.3832876485872957	0.962780384571435	-0.45336049645009824	0.05230363965836216	0.020749882384552568	0.13472566532129812	1.2579427089499875	1.304504793280441	4.018981458515815	17.266193413564515	-20.50094512120444	-5950.563167610048
4844	-5983.374030878291	-5950.563965789506	-32.810065088784434	0.3832876485872957	0.962780384571435	-0.45336049645009824	0.05230363965836216	0.020749882384552568	0.13472566532129812	1.2579427089499875	1.304504793280441	4.018981458515815	17.290768926349458	-20.511821623169162	-5950.563965789506
4846	-5983.374030878291	-5950.563965789506	-32.810065088784434	0.3832876485872957	0.962780384571435	-0.45336049645009824	0.05230363965836216	0.020749882384552568	0.13472566532129812	1.2579427089499875	1.304504793280441	4.018981458515815	17.290768926349458	-20.511821623169162	-5950.563965789506
4848	-5983.22673549053	-5950.573364547731	-32.65337094279838	0.3832876485872957	0.962780384571435	-0.45336049645009824	0.05230363965836216	0.020749882384552568	0.13472566532129812	1.2579427089499875	1.304504793280441	4.018981458515815	17.05667027579132	-20.355127477183107	-5950.573364547731
4850	-5982.93026032392	-5950.265576863185	-32.66468346073524	0.3832876485872957	0.962780384571435	-0.45336049645009824	0.05230363965836216	0.020749882384552568	0.13472566532129812	1.2579427089499875	1.304504793280441	4.018981458515815	17.060333292026193	-20.36643999511997	-5950.265576863185
4852	-5982.93026032392	-5950.265576863185	-32.66468346073524	0.3832876485872957	0.962780384571435	-0.45336049645009824	0.05230363965836216	0.020749882384552568	0.13472566532129812	1.2579427089499875	1.304504793280441	4.018981458515815	17.060333292026193	-20.36643999511997	-5950.265576863185
4854	-5982.934673718171	-5950.26694164084	-32.66773207733161	0.3832876485872957	0.962780384571435	-0.45336049645009824	0.05230363965836216	0.020749882384552568	0.13472566532129812	1.2579427089499875	1.304504793280441	4.018981458515815	17.06330067307722	-20.36948861171633	-5950.26694164084
4856	-5982.642978947969	-5949.975246870637	-32.66773207733161	0.3832876485872957	0.962780384571435	-0.45336049645009824	0.05230363965836216	0.020749882384552568	0.13472566532129812	1.2579427089499875	1.304504793280441	4.018981458515815	17.06330067307722	-20.36948861171633	-5949.975246870637
4858	-5982.642978947969	-5949.975246870637	-32.66773207733161	0.3832876485872957	0.962780384571435	-0.45336049645009824	0.05230363965836216	0.020749882384552568	0.13472566532129812	1.2579427089499875	1.304504793280441	4.018981458515815	17.06330067307722	-20.36948861171633	-5949.975246870637
4860	-5982.642978947969	-5949.975246870637	-32.66773207733161	0.3832876485872957	0.962780384571435	-0.45336049645009824	0.05230363965836216	0.020749882384552568	0.13472566532129812	1.2579427089499875	1.304504793280441	4.018981458515815	17.06330067307722	-20.36948861171633	-5949.975246870637
4862	-5982.332017926099	-5949.843574761447	-32.48844316465275	0.3832876485872957	0.962780384571435	-0.45336049645009824	0.05230363965836216	0.05768292371362154	0.13472566532129812	1.2579427089499875	1.304504793280441	4.018981458515815	16.940997503332316	-20.192278765533697	-5949.843574761447
4864	-5982.348875440008	-5949.843574761447	-32.50530067856141	0.3832876485872957	0.962780384571435	-0.45336049645009824	0.05230363965836216	0.026334399337711267	0.13472566532129812	1.2579427089499875	1.304504793280441	4.018981458515815	16.940997503332316	-20.207546647738642	-5949.843574761447
4866	-5982.397821546851	-5949.843574761447	-32.55424678540514	0.20679845851659898	0.962780384571435	-0.45336049645009824	0.05230363965836216	0.026334399337711267	0.13472566532129812	1.2579427089499875	1.304504793280441	4.018981458515815	16.940997503332316	-20.190716243408147	-5949.843574761447
4868	-5982.669618474186	-5950.120342454914	-32.549276019272234	0.20679845851659898	0.962780384571435	-0.45336049645009824	0.05230363965836216	0.026334399337711267	0.13472566532129812	1.2579427089499875	1.304504793280441	4.018981458515815	16.940997503332316	-20.185745477275237	-5950.120342454914
4870	-5982.634072683571	-5950.124274298548	-32.509798385022364	0.20679845851659898	0.962780384571435	-0.45336049645009824	0.05230363965836216	0.026334399337711267	0.13472566532129812	1.2579427089499875	1.304504793280441	4.018981458515815	16.882513457649527	-20.14626784302537	-5950.124274298548
4872	-5982.634072683571	-5950.124274298548	-32.509798385022364	0.20679845851659898	0.962780384571435	-0.45336049645009824	0.05230363965836216	0.026334399337711267	0.13472566532129812	1.2579427089499875	1.304504793280441	4.018981458515815	16.882513457649527	-20.14626784302537	-5950.124274298548
4874	-5982.634072683571	-5950.124274298548	-32.509798385022364	0.20679845851659898	0.962780384571435	-0.45336049645009824	0.05230363965836216	0.026334399337711267	0.13472566532129812	1.2579427089499875	1.304504793280441	4.018981458515815	16.882513457649527	-20.14626784302537	-5950.124274298548
4876	-5982.6241572159915	-5950.119370688153	-32.50478652783866	0.20679845851659898	0.962780384571435	-0.45336049645009824	0.05230363965836216	0.026334399337711267	0.13472566532129812	1.2579427089499875	1.304504793280441	4.018981458515815	16.878114502353053	-20.141255985841664	-5950.119370688153
4878	-5982.348778422765	-5949.8113120651715	-32.53746635759292	0.20679845851659898	0.962780384571435	-0.45336049645009824	0.08018139412187096	0.026334399337711267	0.13472566532129812	1.2579427089499875	1.304504793280441	4.018981458515815	16.878114502353053	-20.159450450371523	-5949.8113120651715
4880	-5982.348778422765	-5949.8113120651715	-32.53746635759292	0.20679845851659898	0.962780384571435	-0.45336049645009824	0.08018139412187096	0.026334399337711267	0.13472566532129812	1.2579427089499875	1.304504793280441	4.018981458515815	16.878114502353053	-20.159450450371523	-5949.8113120651715
4882	-5982.376951110784	-5949.834378377364	-32.542572733419675	0.20679845851659898	0.962780384571435	-0.45336049645009824	0.08018139412187096	0.026334399337711267	0.13472566532129812	1.2579427089499875	1.304504793280441	4.018981458515815	16.88365123191444	-20.16455682619828	-5949.834378377364
4884	-5982.450888495684	-5949.753339327943	-32.69754916774155	0.20679845851659898	0.962780384571435	-0.45336049645009824	0.08018139412187096	0.026334399337711267	0.13472566532129812	1.2579427089499875	1.304504793280441	4.018981458515815	17.097072340862855	-20.319533260520153	-5949.753339327943
4886	-5982.600027792344	-5949.747811520962	-32.852216271381664	0.20679845851659898	0.962780384571435	-0.45336049645009824	0.08018139412187096	0.026334399337711267	0.13472566532129812	1.2579427089499875	1.304504793280441	4.018981458515815	17.326883671480353	-20.47420036416027	-5949.747811520962
4888	-5982.744057292069	-5949.745374376935	-32.998682915134125	0.20679845851659898	0.962780384571435	-0.45336049645009824	0.08018139412187096	0.026334399337711267	0.13472566532129812	1.2579427089499875	1.304504793280441	4.018981458515815	17.544973447100347	-20.620667007912726	-5949.745374376935
4890	-5982.744057292069	-5949.745374376935	-32.998682915134125	0.20679845851659898	0.962780384571435	-0.45336049645009824	0.08018139412187096	0.026334399337711267	0.13472566532129812	1.2579427089499875	1.304504793280441	4.018981458515815	17.544973447100347	-20.620667007912726	-5949.745374376935
4892	-5982.744057292069	-5949.745374376935	-32.998682915134125	0.20679845851659898	0.962780384571435	-0.45336049645009824	0.08018139412187096	0.026334399337711267	0.13472566532129812	1.2579427089499875	1.304504793280441	4.018981458515815	17.544973447100347	-20.620667007912726	-5949.745374376935
4894	-5981.887439482021	-5949.013932287354	-32.87350719466763	0.20679845851659898	0.962780384571435	-0.45336049645009824	0.08018139412187096	0.026334399337711267	0.13472566532129812	1.2579427089499875	1.304504793280441	4.018981458515815	17.42038179408869	-20.495491287446235	-5949.013932287354
4896	-5982.983927112277	-5949.013932287354	-33.96999482492328	0.20679845851659898	1.832357825840714	-0.45336049645009824	0.08018139412187096	0.026334399337711267	0.13472566532129812	1.2579427089499875	1.304504793280441	4.018981458515815	17.42038179408869	-20.556511625615087	-5949.013932287354
4898	-5982.925627447521	-5949.013932287354	-33.91169516016712	0.20679845851659898	1.832357825840714	-0.20615648939362816	0.08018139412187096	0.026334399337711267	0.13472566532129812	1.2579427089499875	1.304504793280441	4.018981458515815	17.42038179408869	-20.6810683643996	-5949.013932287354
4900	-5982.824716422415	-5948.905363093475	-33.9193533289399	0.20679845851659898	1.832357825840714	-0.20615648939362816	0.08018139412187096	0.026334399337711267	0.13472566532129812	1.2579427089499875	1.304504793280441	4.018981458515815	17.421672202398568	-20.68872653317238	-5948.905363093475
4902	-5982.720486741448	-5949.035479385427	-33.68500735602216	0.37491130469482087	1.832357825840714	-0.20615648939362816	0.08018139412187096	0.026334399337711267	0.13472566532129812	1.2579427089499875	1.304504793280441	4.018981458515815	17.393462906786876	-20.664630565630535	-5949.035479385427
4904	-5982.803331838251	-5949.040315404978	-33.76301643327282	0.37491130469482087	1.832357825840714	-0.20615648939362816	0.08018139412187096	0.026334399337711267	0.13472566532129812	1.2579427089499875	1.304504793280441	4.018981458515815	17.57064777438084	-20.74263964288119	-5949.040315404978
4906	-5982.803331838251	-5949.040315404978	-33.76301643327282	0.37491130469482087	1.832357825840714	-0.20615648939362816	0.08018139412187096	0.026334399337711267	0.13472566532129812	1.2579427089499875	1.304504793280441	4.018981458515815	17.57064777438084	-20.74263964288119	-5949.040315404978
4908	-5982.721248276415	-5949.248043455831	-33.47320482058467	0.895600490666333	1.832357825840714	-0.20615648939362816	0.08018139412187096	0.026334399337711267	0.13472566532129812	1.2579427089499875	1.304504793280441	4.018981458515815	17.545793625215605	-20.745375182444764	-5949.248043455831
4910	-5982.721248276415	-5949.248043455831	-33.47320482058467	0.895600490666333	1.832357825840714	-0.20615648939362816	0.08018139412187096	0.026334399337711267	0.13472566532129812	1.2579427089499875	1.304504793280441	4.018981458515815	17.545793625215605	-20.745375182444764	-5949.248043455831
4912	-5982.633295668703	-5949.175172966905	-33.45812270179758	0.895600490666333	1.832357825840714	-0.20615648939362816	0.08018139412187096	0.026334399337711267	0.13472566532129812	1.2579427089499875	1.304504793280441	4.018981458515815	17.528928888209347	-20.730293063657673	-5949.175172966905
4914	-5982.633295668703	-5949.175172966905	-33.45812270179758	0.895600490666333	1.832357825840714	-0.20615648939362816	0.08018139412187096	0.026334399337711267	0.13472566532129812	1.2579427089499875	1.304504793280441	4.018981458515815	17.528928888209347	-20.730293063657673	-5949.175172966905
4916	-5982.633295668703	-5949.175172966905	-33.45812270179758	0.895600490666333	1.832357825840714	-0.20615648939362816	0.08018139412187096	0.026334399337711267	0.13472566532129812	1.2579427089499875	1.304504793280441	4.018981458515815	17.528928888209347	-20.730293063657673	-5949.175172966905
4918	-5982.661844869333	-5949.175172966905	-33.48667190242882	0.895600490666333	1.832357825840714	-0.3026952486743952	0.08018139412187096	0.026334399337711267	0.25511340932809823	1.2579427089499875	1.304504793280441	4.018981458515815	17.528928888209347	-20.68168215209671	-5949.175172966905
4920	-5982.757061730409	-5949.254052135419	-33.5030095949896	0.895600490666333	1.832357825840714	-0.3026952486743952	0.08018139412187096	0.026334399337711267	0.25511340932809823	1.2579427089499875	1.304504793280441	4.018981458515815	17.547072898627267	-20.698019844657495	-5949.254052135419
4922	-5982.692590544271	-5949.252691669643	-33.43989887462754	0.895600490666333	1.832357825840714	-0.3026952486743952	0.08018139412187096	0.05465911209285413	0.25511340932809823	1.2579427089499875	1.304504793280441	3.8480850894835594	17.205280160562754	-20.63984102038833	-5949.252691669643
4924	-5984.50096173114	-5951.056429005377	-33.44453272576259	0.895600490666333	1.832357825840714	-0.3026952486743952	0.08018139412187096	0.05465911209285413	0.25511340932809823	1.2579427089499875	1.304504793280441	3.8480850894835594	17.205280160562754	-20.64447487152339	-5951.056429005377
4926	-5982.692590544271	-5949.252691669643	-33.43989887462754	0.895600490666333	1.832357825840714	-0.3026952486743952	0.08018139412187096	0.05465911209285413	0.25511340932809823	1.2579427089499875	1.304504793280441	3.8480850894835594	17.205280160562754	-20.63984102038833	-5949.252691669643
4928	-5982.561987420059	-5949.11115139185	-33.45083602820886	0.895600490666333	1.832357825840714	-0.3026952486743952	0.08018139412187096	0.05465911209285413	0.25511340932809823	1.2579427089499875	1.304504793280441	3.8480850894835594	17.207163678885653	-20.650778173969655	-5949.11115139185
4930	-5985.568000674714	-5952.386278481549	-33.18172219316496	0.895600490666333	1.832357825840714	-0.3026952486743952	0.08018139412187096	0.05465911209285413	0.25511340932809823	1.2579427089499875	1.304504793280441	3.8480850894835594	16.970913451706405	-20.381664338925752	-5952.386278481549
4932	-5986.030526789107	-5952.38387601228	-33.64665077682734	0.895600490666333	1.832357825840714	-0.3026952486743952	0.08018139412187096	0.05465911209285413	0.25511340932809823	1.2579427089499875	2.226660246082876	3.8480850894835594	16.970913451706405	-20.37847010306233	-5952.38387601228
4934	-5986.055944315359	-5952.384613094699	-33.671331220659866	0.895600490666333	1.832357825840714	-0.3026952486743952	0.08018139412187096	0.05465911209285413	0.25511340932809823	1.2579427089499875	2.226660246082876	3.957114487921704	17.188972248582694	-20.403150546894853	-5952.384613094699
4936	-5986.136234620782	-5952.41189641104	-33.72433820974139	0.895600490666333	1.832357825840714	-0.3026952486743952	0.08018139412187096	0.05465911209285413	0.4315515294452605	1.2579427089499875	2.226660246082876	3.957114487921704	17.189452556956997	-20.405224551487542	-5952.41189641104
4938	-5986.14186873512	-5952.41446642471	-33.72740231040978	0.895600490666333	1.832357825840714	-0.3026952486743952	0.08018139412187096	0.05465911209285413	0.4315515294452605	1.2579427089499875	2.226660246082876	3.957114487921704	17.189452556957	-20.408288652155935	-5952.41446642471
4940	-5986.680310920736	-5952.41446642471	-34.26584449602657	1.6136944620172131	1.832357825840714	-0.3026952486743952	0.08018139412187096	0.05465911209285413	0.4315515294452605	1.2579427089499875	2.226660246082876	3.957114487921704	17.189452556957	-20.4606263680033	-5952.41446642471
4942	-5986.657717970442	-5952.417187566954	-34.24053040348777	1.6136944620172131	1.832357825840714	-0.3026952486743952	0.08018139412187096	0.05465911209285413	0.4315515294452605	1.2579427089499875	2.226660246082876	3.957114487921704	17.171175677903253	-20.435312275464497	-5952.417187566954
4944	-5986.552112819509	-5952.418835641711	-34.133277177797495	1.6136944620172131	1.832357825840714	-0.3026952486743952	0.08018139412187096	0.05465911209285413	0.4315515294452605	1.2579427089499875	2.226660246082876	3.957114487921704	17.006786006077874	-20.328059049774232	-5952.418835641711
4946	-5986.552112819509	-5952.418835641711	-34.133277177797495	1.6136944620172131	1.832357825840714	-0.3026952486743952	0.08018139412187096	0.05465911209285413	0.4315515294452605	1.2579427089499875	2.226660246082876	3.957114487921704	17.006786006077874	-20.328059049774232	-5952.418835641711
4948	-5986.552112819509	-5952.418835641711	-34.133277177797495	1.6136944620172131	1.832357825840714	-0.3026952486743952	0.08018139412187096	0.05465911209285413	0.4315515294452605	1.2579427089499875	2.226660246082876	3.957114487921704	17.006786006077874	-20.328059049774232	-5952.418835641711
4950	-5986.560730788012	-5952.356787272049	-34.20394351596336	1.6136944620172131	1.832357825840714	-0.3026952486743952	0.16483216377584967	0.05465911209285413	0.4315515294452605	1.2579427089499875	2.226660246082876	3.957114487921704	17.005665931170032	-20.362731709043356	-5952.356787272049
4952	-5986.560730788012	-5952.356787272049	-34.20394351596336	1.6136944620172131	1.832357825840714	-0.3026952486743952	0.16483216377584967	0.05465911209285413	0.4315515294452605	1.2579427089499875	2.226660246082876	3.957114487921704	17.005665931170032	-20.362731709043356	-5952.356787272049
4954	-5985.708349433876	-5952.356787272049	-33.35156216182742	0.8116002411171742	1.4420931741577556	-0.3026952486743952	0.16483216377584967	0.05465911209285413	0.4315515294452605	1.2579427089499875	2.226660246082876	3.957114487921704	17.005665931170032	-20.308153951621435	-5952.356787272049
4956	-5987.107209196341	-5952.360022719286	-34.747186477055365	0.8116002411171742	1.4420931741577556	-0.3026952486743952	0.16483216377584967	0.05465911209285413	0.4315515294452605	1.2579427089499875	2.226660246082876	10.341257901296926	29.773952757920476	-21.703778266849383	-5952.360022719286
4958	-5987.107209196341	-5952.360022719286	-34.747186477055365	0.8116002411171742	1.4420931741577556	-0.3026952486743952	0.16483216377584967	0.05465911209285413	0.4315515294452605	1.2579427089499875	2.226660246082876	10.341257901296926	29.773952757920476	-21.703778266849383	-5952.360022719286
4960	-5987.107209196341	-5952.360022719286	-34.747186477055365	0.8116002411171742	1.4420931741577556	-0.3026952486743952	0.16483216377584967	0.05465911209285413	0.4315515294452605	1.2579427089499875	2.226660246082876	10.341257901296926	29.773952757920476	-21.703778266849383	-5952.360022719286
4962	-5987.107209196341	-5952.360022719286	-34.747186477055365	0.8116002411171742	1.4420931741577556	-0.3026952486743952	0.16483216377584967	0.05465911209285413	0.4315515294452605	1.2579427089499875	2.226660246082876	10.341257901296926	29.773952757920476	-21.703778266849383	-5952.360022719286
4964	-5989.102266029652	-5954.137574263353	-34.96469176629975	0.8116002411171742	1.4420931741577556	-0.3026952486743952	0.16483216377584967	0.05465911209285413	0.4315515294452605	1.2579427089499875	2.226660246082876	10.341257901296926	30.0230338668077	-21.92128355609377	-5954.137574263353
4966	-5989.102266029652	-5954.137574263353	-34.96469176629975	0.8116002411171742	1.4420931741577556	-0.3026952486743952	0.16483216377584967	0.05465911209285413	0.4315515294452605	1.2579427089499875	2.226660246082876	10.341257901296926	30.0230338668077	-21.92128355609377	-5954.137574263353
4968	-5989.079534076207	-5954.114838777732	-34.964695298475206	0.8116002411171742	1.4420931741577556	-0.3026952486743952	0.16483216377584967	0.05465911209285413	0.4315515294452605	1.2579427089499875	2.226660246082876	10.341257901296926	30.0230338668077	-21.92128708826923	-5954.114838777732
4970	-5989.079534076207	-5954.114838777732	-34.964695298475206	0.8116002411171742	1.4420931741577556	-0.3026952486743952	0.16483216377584967	0.05465911209285413	0.4315515294452605	1.2579427089499875	2.226660246082876	10.341257901296926	30.0230338668077	-21.92128708826923	-5954.114838777732
4972	-5989.102266029652	-5954.137574263353	-34.96469176629975	0.8116002411171742	1.4420931741577556	-0.3026952486743952	0.16483216377584967	0.05465911209285413	0.4315515294452605	1.2579427089499875	2.226660246082876	10.341257901296926	30.0230338668077	-21.921283556093773	-5954.137574263353
4974	-5985.915253631151	-5950.799961346147	-35.11529228500408	0.8116002411171742	1.4420931741577556	-0.3026952486743952	0.16483216377584967	0.11777186286578352	0.4315515294452605	1.2579427089499875	2.226660246082876	10.341257901296926	30.23093346525805	-22.088237885773562	-5950.799961346147
4976	-5985.88123518156	-5950.800724381492	-35.08051080006824	0.8116002411171742	1.4420931741577556	-0.3026952486743952	0.16483216377584967	0.11777186286578352	0.4315515294452605	1.2579427089499875	2.226660246082876	10.341257901296926	30.177092891660134	-22.053456400837717	-5950.800724381492
4978	-5985.9570130444035	-5950.800724381492	-35.156288662911976	0.8116002411171742	1.4420931741577556	-0.3026952486743952	0.16483216377584967	0.11777186286578352	0.6177852675323062	1.2579427089499875	2.226660246082876	10.341257901296926	30.177092891660134	-22.053456400837717	-5950.800724381492
4980	-5985.912039799368	-5950.800724381394	-35.11131541797501	0.8116002411171742	1.4420931741577556	-0.3026952486743952	0.16483216377584967	0.11777186286578352	0.6177852675323062	1.2579427089499875	2.226660246082876	10.132352543372997	29.759282175812277	-22.008483155900745	-5950.800724381394
4982	-5985.912039799368	-5950.800724381394	-35.11131541797501	0.8116002411171742	1.4420931741577556	-0.3026952486743952	0.16483216377584967	0.11777186286578352	0.6177852675323062	1.2579427089499875	2.226660246082876	10.132352543372997	29.759282175812277	-22.008483155900745	-5950.800724381394
4984	-5985.912039799368	-5950.800724381394	-35.11131541797501	0.8116002411171742	1.4420931741577556	-0.3026952486743952	0.16483216377584967	0.11777186286578352	0.6177852675323062	1.2579427089499875	2.226660246082876	10.132352543372997	29.759282175812277	-22.008483155900745	-5950.800724381394
4986	-5985.786851541269	-5950.800724381394	-34.986127159875586	0.8116002411171742	1.4420931741577556	-0.3026952486743952	0.16483216377584967	0.2466859158458974	0.6177852675323062	1.2579427089499875	2.226660246082876	10.132352543372997	29.759282175812277	-21.915952371116468	-5950.800724381394
4988	-5985.786851541269	-5950.800724381394	-34.986127159875586	0.8116002411171742	1.4420931741577556	-0.3026952486743952	0.16483216377584967	0.2466859158458974	0.6177852675323062	1.2579427089499875	2.226660246082876	10.132352543372997	29.759282175812277	-21.915952371116468	-5950.800724381394
4990	-5986.605646650988	-5951.951339158382	-34.654307492605916	0.8116002411171742	1.4420931741577556	-0.6387363933443675	0.16483216377584967	0.2466859158458974	0.6177852675323062	1.2579427089499875	2.226660246082876	9.564000741612887	28.090001367499625	-21.212382548240615	-5951.951339158382
4992	-5986.8337808853075	-5951.014233364126	-35.81954752118148	0.8116002411171742	1.4420931741577556	-0.6387363933443675	0.16483216377584967	0.2466859158458974	0.6177852675323062	1.2579427089499875	2.226660246082876	10.708183369609168	31.45052929439988	-22.37762257681618	-5951.014233364126
4994	-5986.947522911176	-5951.08699363095	-35.86052928022576	0.8116002411171742	1.4420931741577556	-0.6387363933443675	0.16483216377584967	0.2466859158458974	0.6177852675323062	1.2579427089499875	2.226660246082876	10.951612721931497	31.93386072915457	-22.418604335860458	-5951.08699363095
4996	-5986.947522911176	-5951.08699363095	-35.86052928022576	0.8116002411171742	1.4420931741577556	-0.6387363933443675	0.16483216377584967	0.2466859158458974	0.6177852675323062	1.2579427089499875	2.226660246082876	10.951612721931497	31.93386072915457	-22.418604335860458	-5951.08699363095
4998	-5986.947522911176	-5951.08699363095	-35.86052928022576	0.8116002411171742	1.4420931741577556	-0.6387363933443675	0.16483216377584967	0.2466859158458974	0.6177852675323062	1.2579427089499875	2.226660246082876	10.951612721931497	31.93386072915457	-22.418604335860458	-5951.08699363095
5000	-5986.847717983082	-5951.089024381052	-35.75869360202948	0.8116002411171742	1.4420931741577556	-0.6387363933443675	0.16483216377584967	0.2466859158458974	0.6177852675323062	1.2579427089499875	2.226660246082876	10.951612721931497	31.77222821938742	-22.316768657664184	-5951.089024381052
